PrincipalComponent,coi,c1i,a1i,c2i,a2i
1,0.8275407262941422,1.0059299634771313,47.51099710281778,0.4872976582794373,216.7461234813385
2,0.1262641459497579,0.0376977935554276,33.9727049533411,0.3240173292516757,216.57121353493
