PrincipalComponent,coi,c1i,a1i,c2i,a2i
1,0.7942837215107758,0.9948218619874578,47.35697145469973,0.547212638921602,216.60685814002355
2,0.148590114831817,0.063741715108999,33.930846615989346,0.3344104169208727,216.45351211928684
