PrincipalComponent,coi,c1i,a1i,c2i,a2i
1,0.8644012624952275,1.0068723445572167,48.24449685588984,0.4584841353760359,216.9401453101384
2,0.1102830006144121,0.007769340163348,34.217893157234165,0.3092361292446249,216.84621525624797
