PrincipalComponent,coi,c1i,a1i,c2i,a2i
1,0.934974610894348,1.000457047170269,51.75270581702155,0.4366074009116704,217.69199581691524
2,0.0774810482795406,0.0,35.10555499740016,0.2456487170722215,217.93402503951313
