PrincipalComponent,coi,c1i,a1i,c2i,a2i
1,0.9912036881178296,1.0112715876918663,55.51327878166,0.4137306479396112,218.38636305368456
2,0.0575929414244211,0.0096980716561778,35.95785831498379,0.1869670022579454,218.9937115757737
