PrincipalComponent,coi,c1i,a1i,c2i,a2i
1,1.030610391841997,1.0863104160853163,62.7253339115836,0.3227764253210132,219.96992775585147
2,0.0455258525098708,0.0264791497719234,37.746861987545806,0.138343898348349,221.1338937417614
