PrincipalComponent,coi,c1i,a1i,c2i,a2i
1,1.0412290057663645,1.1121700825048548,65.1755295933372,0.3120132650888484,220.28163040055065
2,0.0405902710775466,0.0428917727862229,38.33227342492835,0.1012315628284163,221.7702415599642
