PrincipalComponent,coi,c1i,a1i,c2i,a2i
1,1.0595947772894054,1.1266350524734157,67.7349642102037,0.327172109668886,220.25054500564693
2,0.0348723887752196,0.0726846465460637,38.9994258556191,0.0585831648686093,222.35252940462104
