PrincipalComponent,coi,c1i,a1i,c2i,a2i
1,1.0674089855469178,1.1389923032227776,68.8654853334415,0.3236416905000162,220.31873517027
2,0.0344120086098335,0.0813430226948809,39.303089735020826,0.0473104849986301,222.636332324996
