PrincipalComponent,coi,c1i,a1i,c2i,a2i
1,1.075701639194559,1.1642516600100803,71.14178212375762,0.3114451050710849,220.466980007066
2,0.03506029049709,0.0951837741031909,39.920431344779814,0.0301577674058772,223.2265092203899
