PrincipalComponent,coi,c1i,a1i,c2i,a2i
1,1.0861177819729195,1.2273726226477644,75.36854298696186,0.2517501337953531,221.00251838421636
2,0.0381023311825455,0.1067838593539755,41.0703779767758,0.0173258447348561,224.3972909297416
