PrincipalComponent,coi,c1i,a1i,c2i,a2i
1,1.0980763114648626,1.262138791643926,79.33034349331207,0.2357479694538971,220.7873344549335
2,0.0429777858164087,0.127668020211812,42.32638726465405,9.233903504806669e-20,225.33836404266583
