PrincipalComponent,coi,c1i,a1i,c2i,a2i
1,1.1088601436344403,1.35600824204524,85.34036905575972,0.1560321878401872,220.97712551361465
2,0.0550870168934982,0.14196146852288,45.04794480421763,6.98623007188124e-18,227.0665671076429
