PrincipalComponent,coi,c1i,a1i,c2i,a2i
1,1.0994232497073797,1.4165952833765432,86.23896482265063,0.1071968786031579,221.30597976240924
2,0.071469883860256,0.1597065873050659,45.64766499809938,0.0,227.40602784813245
