PrincipalComponent,coi,c1i,a1i,c2i,a2i
1,1.082535294656937,1.4759053895694754,87.42167287350219,0.0488825558458647,222.2128775287873
2,0.0790322747365792,0.1792644002595529,46.9755278552223,4.925033845836071e-18,228.09132098974823
