PrincipalComponent,coi,c1i,a1i,c2i,a2i
1,1.0305540136551607,1.4775208411098573,82.29405804700379,0.0053353504194996,224.55041954593705
2,0.0872355828662067,0.2174672371831322,48.37230871361152,1.8176951483179698e-17,227.92926429940636
