PrincipalComponent,coi,c1i,a1i,c2i,a2i
1,0.1311432927403389,1.5312865165887624,27.29559566021211,0.1653168684748127,209.9646012108536
2,0.0128727615581851,0.0127118738154065,28.02948325652241,0.0,209.51946724555617
