PrincipalComponent,coi,c1i,a1i,c2i,a2i
1,0.1301712291550423,1.3680498702088126,25.3479792268027,0.3828973566734672,209.3250079013464
2,0.0182192952329109,0.0362886080873637,27.543520841579554,0.0140807066621845,208.84524196654573
