PrincipalComponent,coi,c1i,a1i,c2i,a2i
1,0.1527683350883019,1.3301073088465674,24.9496489725226,0.452564724480502,209.250474029434
2,0.0288517023193244,0.0297924747537735,27.46744050211494,0.0572280793865831,208.73675476334137
