PrincipalComponent,coi,c1i,a1i,c2i,a2i
1,0.1001438702803668,1.532610627266948,25.932247357925345,0.1584534820137672,209.37473018240505
2,0.0389213871620287,0.0749009792061157,27.672475363428575,0.0174151951721557,209.03335086072397
