PrincipalComponent,coi,c1i,a1i,c2i,a2i
1,0.0772096982841818,1.5575865211416116,27.05503506320439,0.0209365351813716,209.82282584847744
2,0.0365310558345879,0.1335216031887875,28.07525712552656,0.0036254267072724,209.4567663083452
