PrincipalComponent,coi,c1i,a1i,c2i,a2i
1,0.0875493922045054,1.5337056318395856,28.89039557979543,0.0516369057539537,210.50641700846737
2,0.0643321588599877,0.1277566948345008,28.62580184411563,0.0345559337703356,210.1130898285496
