PrincipalComponent,coi,c1i,a1i,c2i,a2i
1,0.0802103898520879,1.3672495960451951,29.82891959318951,0.1628658514653478,210.9511834866934
2,0.0688490222321055,0.2305793114839777,28.941658777088165,0.0858805977639962,210.4689676321356
