PrincipalComponent,coi,c1i,a1i,c2i,a2i
1,0.1064462535221703,1.058765334330535,27.544367899415253,0.4449271022433179,210.1850475755497
2,0.0598236973781479,0.3194742848742889,28.50775026442335,0.1677992731947591,209.6302280338781
