PrincipalComponent,coi,c1i,a1i,c2i,a2i
1,0.1992123517625037,0.609882081512978,21.274131852209575,0.9886053497135648,250.0
2,0.0792129146544915,0.4809507747054765,30.575413968380683,0.1720885397636978,220.99290216553712
