PrincipalComponent,coi,c1i,a1i,c2i,a2i
1,0.1078137493134446,0.7873736280339846,19.390071671156218,0.8114426865654663,250.0
2,0.0656926459676815,0.6546426443868861,33.850569532283636,1.994473694119858e-17,219.5186296892671
