PrincipalComponent,coi,c1i,a1i,c2i,a2i
1,0.919163615660844,1.1943962211403685,72.62844057355551,0.5599398899591621,219.79476771091987
2,0.0352709674831624,0.0683838499059979,40.27250060822106,0.0176311646351577,223.39441039266623
