PrincipalComponent,coi,c1i,a1i,c2i,a2i
1,0.4687863119856135,0.642750701125673,70.01305807930028,0.2087896209677035,229.1351268735851
