PrincipalComponent,coi,c1i,a1i,c2i,a2i
1,0.960468082009126,1.180323158084865,79.08591041147002,0.5547662430412804,220.4879452438913
2,0.0307056591552523,0.0566793557578883,41.74052779274009,0.0,225.16520848683052
