PrincipalComponent,coi,c1i,a1i,c2i,a2i
1,0.9690247035556248,1.225540795080712,77.81067177279009,0.5046761410312178,221.13956694657557
2,0.0208300002024004,0.024066432085482,41.28670717083949,0.0,224.9997075120445
