PrincipalComponent,coi,c1i,a1i,c2i,a2i
1,0.941484358835316,1.273844457953276,70.20131608552381,0.4307370075134845,221.39119285483537
2,0.0004090196485659,0.0006158876857419,40.010706934056856,2.4754835550900797e-19,223.3285903581971
