PrincipalComponent,coi,c1i,a1i,c2i,a2i
1,0.9625449871586992,1.2346852425479509,76.03357869782941,0.4905945961137746,221.39976939847608
2,0.0152570827246684,0.0156235663819396,41.00172052200972,2.351668335125765e-17,224.6636560781731
