PrincipalComponent,coi,c1i,a1i,c2i,a2i
1,0.9501344555201876,1.2706480617701648,72.50727384948037,0.4385567007381337,221.55225724600973
2,0.0047022304711366,0.0035444427555217,40.51805723280581,0.0,223.92046241280175
