PrincipalComponent,coi,c1i,a1i,c2i,a2i
1,0.9564945319662976,1.2594494513270889,74.28735520824489,0.4600237741806691,221.55035588515415
2,0.0093782112796398,0.0082334995320069,40.86152551338093,0.0,224.33465387082825
