PrincipalComponent,coi,c1i,a1i,c2i,a2i
1,0.9168630304777616,1.151385601393129,65.43449594041563,0.4599261435114925,220.03496798712297
2,0.0300424707556483,0.0692289270043564,38.829604162541656,0.0758284872999577,221.75846026791564
