PrincipalComponent,coi,c1i,a1i,c2i,a2i
1,0.9677855524373512,1.178686671583331,78.17142251401765,0.557330875578467,220.53177929865043
2,0.0285449026236014,0.0444558643028248,41.339816976060725,4.375620712535016e-18,224.91873643610504
