PrincipalComponent,coi,c1i,a1i,c2i,a2i
1,0.9700501907746713,1.1905688738062166,78.15004535788471,0.5429979922215932,220.70346612137945
2,0.0272914020115133,0.039013281258362,41.29868287261392,0.0,224.95261754510437
