PrincipalComponent,coi,c1i,a1i,c2i,a2i
1,0.9352018667038016,1.1731835979808478,67.98254533788494,0.3422716647688318,221.1703941159449
2,0.0306497844571005,0.0675340363147852,39.58998214297123,0.0902079026414774,222.71150396699397
