PrincipalComponent,coi,c1i,a1i,c2i,a2i
1,0.9644723845803594,1.2265515240381455,75.94643839610653,0.4362054911304602,221.23028209630868
2,0.0338427167096232,0.0701866849765899,41.209267016859336,0.041878453595354,224.58706219203617
