PrincipalComponent,coi,c1i,a1i,c2i,a2i
1,0.976366031842394,1.291127315350397,80.39678206850624,0.2729467296936156,223.09381407478708
2,0.0338167526377938,0.0708967917080812,42.61476240724483,0.0589392147931977,226.23067394348865
