PrincipalComponent,coi,c1i,a1i,c2i,a2i
1,0.9553064888457924,1.201592671896433,79.43216330630236,0.5316082367055609,220.5608303769104
2,0.0303432545477651,0.0678082414746263,41.89134902850411,9.41900110219991e-19,225.26953316389853
