PrincipalComponent,coi,c1i,a1i,c2i,a2i
1,0.4676624604099606,0.6340976501423794,68.7568790091267,0.2134284905719124,228.69594719752757
