PrincipalComponent,coi,c1i,a1i,c2i,a2i
1,0.972094263498694,1.2623619732577578,79.41765767531872,0.2956744914458902,222.8963345047654
2,0.0354734475461519,0.0808687062764279,42.41909321043577,0.0544599376487154,225.94762339167536
