PrincipalComponent,coi,c1i,a1i,c2i,a2i
1,0.965160316659071,1.1599782275845698,77.00930405542138,0.5671906717924643,220.48136460702187
2,0.030625639822247,0.0455107122580056,41.03100912990702,1.1773040207597601e-17,224.6207313826384
