PrincipalComponent,coi,c1i,a1i,c2i,a2i
1,0.9349214432940788,1.261286312333528,68.93752907959542,0.4353845351728832,221.2248202862714
2,0.0011874082642365,0.0005053919724933,39.71116815001528,5.127763860227881e-19,222.9841712556647
