PrincipalComponent,coi,c1i,a1i,c2i,a2i
1,0.9600959928287068,1.1982502771960588,74.90795839174234,0.458224104380561,221.05254118060304
2,0.0353763322405272,0.080277265967595,41.01095021436568,0.0378991828293746,224.2995193804772
