PrincipalComponent,coi,c1i,a1i,c2i,a2i
1,0.9684898026948544,1.2078044485360602,75.59405866341208,0.2729619804199868,222.6134217689968
2,0.0340251992815354,0.0781651006494969,41.544343226158006,0.0740765393174357,224.9717024616376
