PrincipalComponent,coi,c1i,a1i,c2i,a2i
1,0.9123710084536608,1.1286036588918682,64.55363618264478,0.4767418569442552,219.88632509987872
2,0.0313467515250378,0.0797691050625753,38.65984637130549,0.0706708859694254,221.51185202416065
