PrincipalComponent,coi,c1i,a1i,c2i,a2i
1,0.964435718066649,1.1950240644053458,76.73574092942506,0.5291500826960804,220.85921616166553
2,0.0242505258172939,0.0299408533778463,41.00163623845271,0.0,224.663452366137
