PrincipalComponent,coi,c1i,a1i,c2i,a2i
1,0.9579574549694876,1.2078096065839252,75.09832816479418,0.5115077297276208,221.1009441149667
2,0.0188019655740454,0.0207881993555578,40.72314878537686,0.0,224.35271278845383
