PrincipalComponent,coi,c1i,a1i,c2i,a2i
1,0.9143379619042544,1.1620418851911969,71.27412235393761,0.5867271577738676,219.63284936779223
2,0.0370644280679478,0.07833735443837,40.0432922228215,0.0144636217054847,223.04270751242495
