PrincipalComponent,coi,c1i,a1i,c2i,a2i
1,0.9527206702848576,1.2367430819893686,73.5319269580394,0.4767562255070711,221.29956701669573
2,0.0126807400778369,0.0123107954118393,40.57799706646243,1.582031935502021e-17,224.06065045688752
