PrincipalComponent,coi,c1i,a1i,c2i,a2i
1,0.9468702227123912,1.2515213757204864,71.86938628204302,0.4518506405277931,221.41934256143745
2,0.0076410152926828,0.0068036943228408,40.347704218720544,9.557417328913024e-19,223.73248400652693
