PrincipalComponent,coi,c1i,a1i,c2i,a2i
1,0.9501734481428938,1.1638844736327545,77.89020045292943,0.5642000923125124,220.3451922421995
2,0.0335242204545386,0.074669598262161,41.64196495383569,4.593781466494925e-19,224.8633219428556
