PrincipalComponent,coi,c1i,a1i,c2i,a2i
1,0.963099648311556,1.148242203875384,77.07228592078454,0.5811128809149128,220.3662470738745
2,0.0319608179602792,0.0509391238911628,41.1006240986623,0.0,224.6162525545143
