PrincipalComponent,coi,c1i,a1i,c2i,a2i
1,0.931118584855688,1.1506290074313268,67.24140803184237,0.3582967405893847,221.0160566777161
2,0.0322948874561267,0.0777572839529123,39.450759497395744,0.08511237807241,222.50102365630173
