PrincipalComponent,coi,c1i,a1i,c2i,a2i
1,0.9392295551896862,1.2613731063070532,69.63350123357954,0.4382180300750644,221.2963736050571
2,0.0023095949967243,0.0017098591563,39.86819532002104,5.985587827637112e-19,223.16692955586615
