PrincipalComponent,coi,c1i,a1i,c2i,a2i
1,0.955070285747694,1.1443496457816316,77.60706419320353,0.5855300018388709,220.23531011600977
2,0.0339890527644707,0.0635126890747768,41.43378190655722,2.3877862165469187e-19,224.7516831169964
