PrincipalComponent,coi,c1i,a1i,c2i,a2i
1,0.9704516560170292,1.247774367394055,76.75684311451504,0.4221568821626958,221.32168254585028
2,0.033882619782125,0.0595692372426943,41.33025757657889,0.046368258967938,224.79217604906776
