PrincipalComponent,coi,c1i,a1i,c2i,a2i
1,0.9755516060773428,1.2466097278262471,78.63062254289179,0.4897202794350587,221.3871628470236
2,0.0183221220085789,0.0194148140213874,41.50766089961956,1.0273682946004365e-17,225.26284045582804
