PrincipalComponent,coi,c1i,a1i,c2i,a2i
1,0.974962493946396,1.2055205984025523,79.39529504781727,0.5357012233994768,220.72159002234037
2,0.0263767147856577,0.0387891422823241,41.63798613992424,0.0,225.26360675367803
