PrincipalComponent,coi,c1i,a1i,c2i,a2i
1,0.9690625395806408,1.253425016921112,76.82171616236364,0.4773723220720549,221.5004579461858
2,0.0127538768284028,0.011707129059784,41.31078239081646,0.0,224.89402945888295
