PrincipalComponent,coi,c1i,a1i,c2i,a2i
1,0.9230321446331062,1.169346579114808,66.18482802972555,0.4485359695433821,220.16043314255032
2,0.0302264055184483,0.0586932041809172,38.92596753774732,0.0806360185940485,221.9570156166028
