PrincipalComponent,coi,c1i,a1i,c2i,a2i
1,0.963059965974476,1.2753872407238334,75.04287765649023,0.4487851930628863,221.68429957195707
2,0.0071523510779884,0.0052323822090488,41.06241721380695,2.1879325284588213e-18,224.55115152053983
