PrincipalComponent,coi,c1i,a1i,c2i,a2i
1,0.9418863133202322,1.192596055081815,68.80992699454848,0.3284873909930367,221.33833584375657
2,0.0306132175152246,0.0564777229290338,39.729555487928685,0.0961582841670723,222.9460455827071
