PrincipalComponent,coi,c1i,a1i,c2i,a2i
1,0.9258493266041516,1.2157561925410856,73.58308633122364,0.5453733229201064,219.92241820011492
2,0.0355821499800479,0.0575480887575416,40.431651334651434,0.0217543957168641,223.64115389974248
