PrincipalComponent,coi,c1i,a1i,c2i,a2i
1,0.9666749235603008,1.2033254811289973,79.96170994951144,0.5389308916818168,220.55868865667716
2,0.0285994817686595,0.0507275281263261,41.85164637640806,0.0,225.3729106220619
