PrincipalComponent,coi,c1i,a1i,c2i,a2i
1,0.9787259999480624,1.2580129234421118,77.35011740106904,0.2344050463872145,222.9292338110939
2,0.032394407376956,0.0565704800709424,41.84597322890112,0.0854616293951893,225.4628565372861
