PrincipalComponent,coi,c1i,a1i,c2i,a2i
1,0.961952172286914,1.2280117243076474,80.52962923759534,0.5113484949216525,220.76400971512243
2,0.028484542726586,0.0616535650631238,42.0927276116567,0.0,225.57054342266224
