PrincipalComponent,coi,c1i,a1i,c2i,a2i
1,0.982648001154006,1.3145010331161755,81.22959545254191,0.255747145718478,223.22389307369545
2,0.0333044403757974,0.0603985103725963,42.76058685435163,0.0642857684714197,226.45902511363252
