PrincipalComponent,coi,c1i,a1i,c2i,a2i
1,0.4737356756906306,0.6471848975493097,71.35694071135089,0.207982975084372,229.55910029741685
