PrincipalComponent,coi,c1i,a1i,c2i,a2i
1,0.9767524228582616,1.2187847129766547,79.3985664673054,0.5199167852221049,220.87464608564088
2,0.0250667276661267,0.0335389962016214,41.60468888051357,3.488711215148558e-17,225.29793534332865
