PrincipalComponent,coi,c1i,a1i,c2i,a2i
1,0.956368963167472,1.2830060423125875,73.22771978652848,0.4303133909801195,221.66387563027337
2,0.0028700926075869,0.0017246470746655,40.69539648230637,3.644981127189871e-18,224.12161804055913
