PrincipalComponent,coi,c1i,a1i,c2i,a2i
1,0.991843907305004,1.2968229259916757,81.5770694937718,0.4496682057190122,221.77697182808257
2,0.0114859872418836,0.0099956787345182,42.412924421399616,6.439565103041809e-19,226.11124628116565
