PrincipalComponent,coi,c1i,a1i,c2i,a2i
1,0.984100030805412,1.2738548118428523,84.03285784555996,0.4790544219052335,220.9348144073515
2,0.0229842056865796,0.036370295470974,42.66438181983285,0.0,226.42981259777005
