PrincipalComponent,coi,c1i,a1i,c2i,a2i
1,0.992279396250738,1.2645627823423375,82.88289351339498,0.4879353319917249,221.08425347854288
2,0.0198281480324502,0.0263312460902799,42.3744143037532,0.0,226.18632914233345
