PrincipalComponent,coi,c1i,a1i,c2i,a2i
1,0.9843210897287606,1.2951800574767895,79.57171242488371,0.4454722629874432,221.84425139848597
2,0.0068177555188933,0.0042043560293867,42.03124374112227,0.0,225.66701345083612
