PrincipalComponent,coi,c1i,a1i,c2i,a2i
1,0.9789915155684544,1.2988307165518436,84.52850464631297,0.4517525157005007,220.95040372834617
2,0.0252229704317249,0.0413415396251387,42.8145168439679,0.0052261752046362,226.55149713201104
