PrincipalComponent,coi,c1i,a1i,c2i,a2i
1,0.4846543637497181,0.6609036853361687,76.09113096390537,0.2002751623533773,230.9172345858995
