PrincipalComponent,coi,c1i,a1i,c2i,a2i
1,0.9938941154448562,1.309064476215666,80.24495314228993,0.1955506102599188,223.30296576121808
2,0.0305840478919852,0.0352376732571397,42.45952394494428,0.0946775339766128,226.2520864645451
