PrincipalComponent,coi,c1i,a1i,c2i,a2i
1,0.9980830118691008,1.371735289309722,84.35114662533971,0.2114366675717846,223.54456655662503
2,0.0307370732430619,0.0405085594186686,43.37671093844964,0.0709785601571687,227.27826578537716
