PrincipalComponent,coi,c1i,a1i,c2i,a2i
1,0.9390082253432172,1.2035664633482162,68.53104570527107,0.4284220239941459,220.43684858761108
2,0.0287884715495429,0.0377084397126924,39.40585967856387,0.0883602439684744,222.58841311895745
