PrincipalComponent,coi,c1i,a1i,c2i,a2i
1,0.9570417670929564,1.229851491448955,71.11202026347416,0.3051827348181155,221.62850139615685
2,0.0290779689535174,0.0352188241243856,40.18702610767156,0.1047634396695242,223.57251024377317
