PrincipalComponent,coi,c1i,a1i,c2i,a2i
1,0.9772814289651716,1.3083562703636025,77.59712964649732,0.4235898148777179,221.9363076273936
2,0.0023436298436301,0.0007358140447021,41.660697489691074,0.0,225.23159808989104
