PrincipalComponent,coi,c1i,a1i,c2i,a2i
1,0.994214849092878,1.2750680335662024,82.683508378787,0.4746796096470421,221.28005899801764
2,0.0182412357238447,0.0217630582985515,42.33536786629394,0.0,226.18721538807569
