PrincipalComponent,coi,c1i,a1i,c2i,a2i
1,0.9421579683923108,1.268318759302747,76.80845893745001,0.5064666297594197,220.1378062547368
2,0.0338969052380278,0.0364685102334501,41.03021749608364,0.0269232042885161,224.4504021059993
