PrincipalComponent,coi,c1i,a1i,c2i,a2i
1,0.9861329087178168,1.3024002937154902,79.97299984290096,0.3810000128733556,221.61887077095588
2,0.0321222393150151,0.0391330716837065,41.98386391096556,0.0519209469322166,225.6311428386744
