PrincipalComponent,coi,c1i,a1i,c2i,a2i
1,1.0111498882088883,1.409430359607749,86.86782439972292,0.1938494268673034,223.64802619447795
2,0.028795745793594,0.0288274727631122,43.88204677173716,0.070881474463543,227.89571821224695
