PrincipalComponent,coi,c1i,a1i,c2i,a2i
1,1.0056245828890684,1.3223838201021705,83.70459278354295,0.4401018641030587,221.7817889905008
2,0.0066847954543998,0.0044687832031916,42.85121850009716,0.0,226.6130556577584
