PrincipalComponent,coi,c1i,a1i,c2i,a2i
1,0.9512833118485384,1.2214775906082556,70.13151557901126,0.4326285421940499,220.5431030977804
2,0.0277274364370025,0.025343693694776,39.71598478698623,0.0887894742735581,222.99169258696543
