PrincipalComponent,coi,c1i,a1i,c2i,a2i
1,0.9993141470714572,1.31536575098016,86.84772148723974,0.4556427936099342,220.95008462669745
2,0.0187775499674823,0.0247518117867784,43.166864883506456,0.0009047272671756,227.08451003643216
