PrincipalComponent,coi,c1i,a1i,c2i,a2i
1,1.009187599573608,1.3102436415130605,85.2470851025088,0.4564082456091524,221.314939888866
2,0.0134683054549398,0.0131409157837185,42.94537301545147,8.85385510828197e-19,226.8064018606906
