PrincipalComponent,coi,c1i,a1i,c2i,a2i
1,0.9995255583452164,1.3357759441861865,82.42122785998045,0.3688100434571561,221.68703148436245
2,0.0303698225403471,0.0271843837745823,42.47427319514478,0.050631101690466,226.22318928534136
