PrincipalComponent,coi,c1i,a1i,c2i,a2i
1,0.9972880621197224,1.3144447414836178,81.53710430966767,0.4407007924888668,221.87879834710137
2,0.0028199038822645,0.0006972404300049,42.454082318925096,3.075708839396766e-19,226.1390475649605
