PrincipalComponent,coi,c1i,a1i,c2i,a2i
1,0.4944894783126727,0.6708090671383783,80.1039727396509,0.2027497464494647,231.8399051397484
