PrincipalComponent,coi,c1i,a1i,c2i,a2i
1,0.9936701149016448,1.3408644336251607,87.33703257177353,0.4290665049781452,220.9462310668138
2,0.0220949429793103,0.0282600376747897,43.30415046709128,0.0062990150716288,227.19755851913993
