PrincipalComponent,coi,c1i,a1i,c2i,a2i
1,1.0066903968183607,1.34422519787245,82.6237584222782,0.1792354636194961,223.46153384056623
2,0.0289131423764678,0.0226298412524128,42.94405558263179,0.0966574392804343,226.86299038882208
