PrincipalComponent,coi,c1i,a1i,c2i,a2i
1,1.00713578517254,1.3022263859345404,85.50746676907679,0.4678915210582517,221.24355100823493
2,0.015278125491767,0.0166791135328327,42.90822187078349,4.791842533345545e-19,226.8336238510622
