PrincipalComponent,coi,c1i,a1i,c2i,a2i
1,0.969998897544958,1.251399466184732,72.94551245487165,0.3036568315222379,221.79092845104455
2,0.0277773637554375,0.0224839563856865,40.57262403207738,0.1069147081541041,224.0517936985144
