PrincipalComponent,coi,c1i,a1i,c2i,a2i
1,0.9563105446210468,1.3011711591199997,79.30753049291819,0.4940694190012188,220.161043452612
2,0.0315585555698491,0.0248787013712187,41.48124791580979,0.0252904703273173,225.03622436471335
