PrincipalComponent,coi,c1i,a1i,c2i,a2i
1,0.965538847368022,1.220093330812309,71.51412260597468,0.4555687256422787,220.49408893007708
2,0.0256778433838548,0.0170643780170442,39.938918733704725,0.0850537168095586,223.2970691586707
