PrincipalComponent,coi,c1i,a1i,c2i,a2i
1,0.5049494195293244,0.6686027250590714,83.91046297332599,0.2166157200315631,232.35763007538188
