PrincipalComponent,coi,c1i,a1i,c2i,a2i
1,1.0203718315758168,1.331612032010944,85.85593362655766,0.4438648384273276,221.6398698693782
2,0.0025844477302032,0.0006532733249361,43.27013626367128,0.0,227.07959227667172
