PrincipalComponent,coi,c1i,a1i,c2i,a2i
1,1.020907440033423,1.3563237496092868,84.69985191313557,0.1866100623447269,223.45178118803463
2,0.0262169798423992,0.0145846651367652,43.35066416628959,0.0940801540142878,227.353080644604
