PrincipalComponent,coi,c1i,a1i,c2i,a2i
1,1.014843348637214,1.354411492679023,84.98015046033638,0.3701500603269764,221.6462378277857
2,0.0273920183049491,0.0197059277683426,42.94462520489534,0.0447711036798923,226.8127446130582
