PrincipalComponent,coi,c1i,a1i,c2i,a2i
1,1.0253266902993987,1.427940728947564,89.28494747987182,0.1960331671478482,223.5975191516603
2,0.0262028813287244,0.0213509802962524,44.335882168295136,0.065822180675701,228.4461980264045
