PrincipalComponent,coi,c1i,a1i,c2i,a2i
1,1.023857410139739,1.3235285789527964,88.09037760050921,0.4617512983740939,221.10185643892305
2,0.010026102485724,0.0087301859102401,43.5833644116248,6.459378590904548e-19,227.44390992488985
