PrincipalComponent,coi,c1i,a1i,c2i,a2i
1,1.0105398169918698,1.3712886072395132,90.34587830555486,0.4158029128476649,220.93481522215205
2,0.0175254321070087,0.0188792954088476,43.84792613941827,0.0042344155385756,227.91211326626373
