PrincipalComponent,coi,c1i,a1i,c2i,a2i
1,1.0254884847309518,1.3282783216520444,87.66323723966333,0.4534341848063793,221.2699217256594
2,0.0081410439255572,0.0061627327794254,43.53148171119364,2.903290233470497e-19,227.39243124151537
