PrincipalComponent,coi,c1i,a1i,c2i,a2i
1,0.9843563942367966,1.2540348920206794,74.51649717343703,0.3212154339042901,221.7959099807568
2,0.0252695567233371,0.0141611668677366,40.8717788275453,0.1043633510292064,224.42220646815952
