PrincipalComponent,coi,c1i,a1i,c2i,a2i
1,0.9726579461817638,1.3142421028901154,81.59044437365336,0.5009203059888282,219.95957317818855
2,0.0277670716984399,0.0167121727447841,41.848364309345506,0.0205073357822272,225.50568895348488
