PrincipalComponent,coi,c1i,a1i,c2i,a2i
1,0.5175036435350786,0.6983334423254433,89.49929479920301,0.194238658395043,233.43743760491415
