PrincipalComponent,coi,c1i,a1i,c2i,a2i
1,1.042130202698205,1.37231857862554,90.6509746929768,0.4193840941009136,221.24005748352624
2,0.0039480295025302,0.0016802371698362,44.13020747874858,0.0,228.0837281106208
