PrincipalComponent,coi,c1i,a1i,c2i,a2i
1,0.9900641030146804,1.3544472751650527,84.58689962067798,0.4759526489526069,219.96347982759832
2,0.0242649972550398,0.0112696302066375,42.41687150376941,0.0150352143484505,226.1978504015973
