PrincipalComponent,coi,c1i,a1i,c2i,a2i
1,0.9990499097446472,1.2763798244518818,76.65623827224864,0.3174539060135299,221.93621569512672
2,0.0240336718287643,0.0091897622221292,41.320919126787246,0.0979336954232474,224.9679644441506
