PrincipalComponent,coi,c1i,a1i,c2i,a2i
1,1.0338710954809938,1.3986919967630236,93.35669375876412,0.4001096635388566,220.8297879282384
2,0.0107189859539515,0.0073884496003693,44.59876781259722,2.112841267087025e-19,228.60720207309623
