PrincipalComponent,coi,c1i,a1i,c2i,a2i
1,1.0360233776848686,1.3934940017715232,87.46638567910546,0.1661718074315981,223.5798813878293
2,0.0241911857132362,0.0098719155847801,43.92104081828838,0.0881727128978953,228.0366418486908
