PrincipalComponent,coi,c1i,a1i,c2i,a2i
1,1.0313671981334864,1.3983895520490166,88.1977991581319,0.3421728824600954,221.58686572873393
2,0.0246160038010043,0.0154906976495282,43.54444652276312,0.0371013184896762,227.54254695065123
