PrincipalComponent,coi,c1i,a1i,c2i,a2i
1,0.9796612196988376,1.2344823837908316,73.19118610316858,0.4623928814372487,220.54314083387283
2,0.0243904177955956,0.0121662865652119,40.26963055870804,0.0777519878556841,223.701559514938
