PrincipalComponent,coi,c1i,a1i,c2i,a2i
1,1.0279973361943475,1.4305889927071564,94.10873561039784,0.3689295785967112,220.7279227570599
2,0.0139311123533562,0.01276924861082,44.62602751527981,0.0007732736075723,228.72417278958503
