PrincipalComponent,coi,c1i,a1i,c2i,a2i
1,1.0409985455260058,1.3741944906319454,91.44040422116171,0.4210871693098176,221.08030808524563
2,0.0059459653923841,0.0030979508879014,44.25444624377314,2.312670211942478e-19,228.2225019359524
