PrincipalComponent,coi,c1i,a1i,c2i,a2i
1,1.0400204616081636,1.470242164334741,92.14551373180728,0.17176675603102,223.63023034329868
2,0.0242724957275473,0.01679696039947,44.91235467885896,0.0585347190071954,229.13204479024023
