PrincipalComponent,coi,c1i,a1i,c2i,a2i
1,1.0529854742918088,1.495297286122998,94.40026541079364,0.1700750838461339,223.4437903087772
2,0.0226395379283805,0.0144586681344897,45.27878972170179,0.0451491866970299,229.5918051327375
