PrincipalComponent,coi,c1i,a1i,c2i,a2i
1,0.9932622759618144,1.2431486900042492,74.8648112040664,0.4767341398051554,220.4038549782105
2,0.0231336195141605,0.0095959528277769,40.53719536951608,0.0645657532697729,224.04778656689635
