PrincipalComponent,coi,c1i,a1i,c2i,a2i
1,1.046087316774709,1.4729737324481087,97.07854468132224,0.3405455958570429,220.46137388875664
2,0.0092429666433438,0.0042600179552816,45.24962461215136,7.8540298429142e-19,229.3705184302559
