PrincipalComponent,coi,c1i,a1i,c2i,a2i
1,1.051742480646059,1.4339700378028155,96.04752750131456,0.3772083746754764,220.3878035593237
2,0.0051528118609459,0.0009869065565362,45.026637390810386,1.7132112275084741e-18,229.1112101161713
