PrincipalComponent,coi,c1i,a1i,c2i,a2i
1,1.0126105667344,1.2874210250548932,78.37519696207244,0.3280912268119003,221.91046066893168
2,0.0224385136843301,0.0064425450423797,41.63576167200802,0.0868420312680371,225.36147656194217
