PrincipalComponent,coi,c1i,a1i,c2i,a2i
1,1.048969876361299,1.4116229194751455,89.42419778494055,0.1707206480432365,223.44457577993452
2,0.0227779389899997,0.0065395232624798,44.26256433163397,0.0769637761935141,228.4529618818036
