PrincipalComponent,coi,c1i,a1i,c2i,a2i
1,0.5287439747535959,0.7160778482067769,93.93156346912671,0.1850321428097025,233.6312519175526
