PrincipalComponent,coi,c1i,a1i,c2i,a2i
1,1.006804440754214,1.3766836194553649,86.77649132926005,0.4730918763040248,219.743129615004
2,0.0197315198342791,0.0072972547788406,42.794326874134015,0.0059110162064019,226.64245523799167
