PrincipalComponent,coi,c1i,a1i,c2i,a2i
1,1.0572600175629296,1.3977022884313128,93.64025505264024,0.4083768451760902,220.67389634836812
2,0.0008439000245939,0.0,44.594482857932896,1.3925968837200591e-19,228.61776913688252
