PrincipalComponent,coi,c1i,a1i,c2i,a2i
1,1.045233613858732,1.4229220622483307,90.44007092262368,0.3408551238249651,221.22666706155292
2,0.022585452297809,0.011825918246732,43.82314889955249,0.0242794824510333,227.945487314026
