PrincipalComponent,coi,c1i,a1i,c2i,a2i
1,1.0548394873937166,1.4389561796667032,96.78157415436102,0.3775630693362323,220.16367441267064
2,0.0029164640414458,0.0004373373494379,45.12590839268528,0.0,229.2194194501729
