PrincipalComponent,coi,c1i,a1i,c2i,a2i
1,1.0491519051106932,1.4776121995037532,97.73483749352889,0.3426165877211257,220.22053856593135
2,0.0072695954565774,0.0024660463460939,45.329520762059275,1.8355851704110617e-18,229.45791053994495
