PrincipalComponent,coi,c1i,a1i,c2i,a2i
1,1.054165773987806,1.4939477359877529,94.83575108769796,0.182041903801934,223.18832520836168
2,0.0223168882379359,0.0138662019784738,45.29698957089841,0.0408967943444381,229.61817807413
