PrincipalComponent,coi,c1i,a1i,c2i,a2i
1,1.0494756961960767,1.4131465322857422,89.88629696061655,0.1795986758162595,223.2299476943122
2,0.0231395362121734,0.0050251503242894,44.307410933027086,0.0734450198225668,228.49853644011827
