PrincipalComponent,coi,c1i,a1i,c2i,a2i
1,0.9941771198876428,1.2413896305380454,75.18317395131554,0.4889664808682884,220.29323575661013
2,0.0231775562948689,0.0080545200384572,40.57760376738339,0.0612490504044893,224.09007892325877
