PrincipalComponent,coi,c1i,a1i,c2i,a2i
1,1.013779132705834,1.2856680577185726,78.77643401996755,0.3397286757026764,221.7921131527178
2,0.0225449683102234,0.0050049748482853,41.691091541045544,0.0836591739060073,225.41881458082213
