PrincipalComponent,coi,c1i,a1i,c2i,a2i
1,0.5298614893974551,0.7219851069113407,95.68444269125082,0.1837104067130143,233.6096418854571
