PrincipalComponent,coi,c1i,a1i,c2i,a2i
1,1.0096381233295526,1.376508201257697,87.27696006658627,0.4818023827738182,219.429182357907
2,0.0182101067858407,0.0057313524548943,42.87904385696311,0.0040190696765968,226.67871969818552
