PrincipalComponent,coi,c1i,a1i,c2i,a2i
1,1.0467010405667214,1.4226619401612006,90.930337802637,0.3514931278909265,221.07821236019444
2,0.0219692922118324,0.0110323691309584,43.878906422701185,0.0203239877552318,228.0139731741911
