PrincipalComponent,coi,c1i,a1i,c2i,a2i
1,1.046050315441715,1.4495198813518329,92.5323000518239,0.3425958705588897,220.89061356069212
2,0.020783436128874,0.009868212700901,44.1382288047579,0.0110498054718883,228.33174170211737
