PrincipalComponent,coi,c1i,a1i,c2i,a2i
1,1.0468169708181518,1.43625458477674,91.22373987911986,0.1762735006099695,223.06993312550736
2,0.0238869078026508,0.0027660991194594,44.527129230966494,0.0643542353288407,228.7698751702762
