PrincipalComponent,coi,c1i,a1i,c2i,a2i
1,1.0515742880237944,1.521231903369598,96.21120470291288,0.1742104707559315,223.02771221823397
2,0.0226614319381121,0.011479333249874,45.520060857014464,0.0321949227977985,229.8915382007915
