PrincipalComponent,coi,c1i,a1i,c2i,a2i
1,1.05082727980514,1.506514513708454,99.02234561300548,0.3244899529020309,219.84018228819176
2,0.0027939772003491,9.052800279869954e-05,45.51419023392039,0.0,229.65427725729032
