PrincipalComponent,coi,c1i,a1i,c2i,a2i
1,0.5277737331002045,0.7541675460165499,99.42275532233656,0.1587503850499816,233.66204895744457
