PrincipalComponent,coi,c1i,a1i,c2i,a2i
1,1.0122494539180344,1.404218794308927,88.75716431347563,0.4675499197568754,219.28678164557357
2,0.0138514240886785,0.0025326381599373,43.244675990678,0.0009987611961041,227.01847660771296
