PrincipalComponent,coi,c1i,a1i,c2i,a2i
1,0.9924396476604034,1.2553310118947267,76.25513078029161,0.4948951031748856,220.2393231007632
2,0.0231739733956201,0.0065030590629612,40.76375692351172,0.0516111743423734,224.32770503194075
