PrincipalComponent,coi,c1i,a1i,c2i,a2i
1,1.0113466840641363,1.300123981219132,79.79065087111267,0.3450003250141152,221.6629270245178
2,0.022749079481603,0.0037730128650568,41.86480719069624,0.074416324833482,225.62507319299937
