PrincipalComponent,coi,c1i,a1i,c2i,a2i
1,0.5257790993710204,0.7855632632931102,100.0,0.1340440855151257,233.8295091081421
