PrincipalComponent,coi,c1i,a1i,c2i,a2i
1,0.9914532725166044,1.2851688258646472,76.93279959327063,0.4800638801058063,220.2173178346923
2,0.0225253229578399,0.0062206402980133,40.8754016760738,0.0434961596863088,224.47078227718455
