PrincipalComponent,coi,c1i,a1i,c2i,a2i
1,1.010250429493688,1.3301931799949451,80.43278262304844,0.329619865467436,221.69910971883655
2,0.0216833653045062,0.004792482185975,41.98255306064109,0.0656053740751789,225.77692317417163
