PrincipalComponent,coi,c1i,a1i,c2i,a2i
1,1.0164657461308095,1.4414339091330326,89.44768449655233,0.4389175766303936,219.36364619213728
2,0.0082762662897643,0.000822465942597,43.40071054897484,1.2228742171516923e-19,227.19793757786485
