PrincipalComponent,coi,c1i,a1i,c2i,a2i
1,1.0453475001373953,1.468483155150624,91.67758656062264,0.1592092973838588,223.0386298985692
2,0.0234133520195348,0.0025048569452953,44.58232376321033,0.0562304270776066,228.8541443407216
