PrincipalComponent,coi,c1i,a1i,c2i,a2i
1,1.047139382391713,1.4870214636801922,93.19978365650044,0.3184774832005592,220.9847554035981
2,0.0179886695782226,0.0099127820389113,44.38876913450732,0.0034367143020053,228.5210176561099
