PrincipalComponent,coi,c1i,a1i,c2i,a2i
1,1.049960868855815,1.5526779365961592,96.4949305557638,0.1582987786954549,222.9397887058344
2,0.0223686102789994,0.0104873516862273,45.50785806646475,0.0247575735589369,229.9157467339835
