PrincipalComponent,coi,c1i,a1i,c2i,a2i
1,0.9809333372219224,1.3281232913590224,74.87970300140802,0.3819598499998982,220.78580436501431
2,0.0243979046060307,0.0020488320137251,40.58263220273461,0.0523315326896949,224.16746942811207
