PrincipalComponent,coi,c1i,a1i,c2i,a2i
1,0.9638158423858112,1.2898714072705673,71.6673623275187,0.5237192787017142,219.44517592788964
2,0.0217854487979821,0.005162148046351,39.54936984872526,0.0313749993249236,222.96860878814252
