PrincipalComponent,coi,c1i,a1i,c2i,a2i
1,1.015416114413049,1.4173918110766923,83.47769832839252,0.267073592249593,221.89820870670005
2,0.0252429558593339,0.0,42.583711104062665,0.0426973579440762,226.54275803530052
