PrincipalComponent,coi,c1i,a1i,c2i,a2i
1,1.0178057236634503,1.4663222095925126,86.68506389784947,0.3062004751595188,221.90542493184756
2,0.0280539366566199,0.0021313606056829,43.21153686201952,0.0154975009628973,227.2488651058334
