PrincipalComponent,coi,c1i,a1i,c2i,a2i
1,1.0247486812779214,1.4152085979552418,83.89748536476374,0.4458881480704519,220.14030901639353
2,0.0134297927537706,0.001554172715843,42.37581359415882,0.0,226.0744494935138
