PrincipalComponent,coi,c1i,a1i,c2i,a2i
1,0.4991379937883174,0.7192601525962777,83.15846350365521,0.2410842423167227,229.5015470394311
