PrincipalComponent,coi,c1i,a1i,c2i,a2i
1,1.003370369052846,1.2979312075995482,73.17070121012944,0.4714093407301104,220.3558926605807
2,0.0235403893383911,0.005060436203479,40.01441559774412,0.0176164039469846,223.58234176595823
