PrincipalComponent,coi,c1i,a1i,c2i,a2i
1,0.5392537145928626,0.7341676436879416,86.60375569796122,0.1680634330137615,232.6352388837353
