PrincipalComponent,coi,c1i,a1i,c2i,a2i
1,1.0653485092516342,1.5026999068358944,89.46784923124818,0.2198552209720096,223.08613916722905
2,0.0210519343995594,0.0037751367424588,44.11626927811018,0.0020908769623329,228.26032029578968
