PrincipalComponent,coi,c1i,a1i,c2i,a2i
1,1.019653316314472,1.3577533930331396,77.04846601805099,0.3520781407972989,221.99529244959996
2,0.0198928788591515,0.0016092593911632,41.395503289998786,1.154892853069449e-19,225.047022450789
