PrincipalComponent,coi,c1i,a1i,c2i,a2i
1,1.070902651307874,1.523942711537187,90.78585970811068,0.0476502731179365,224.9583540746272
2,0.0216102692681183,0.0051057591024284,44.696009491482585,0.0079369276311307,229.19427107444093
