PrincipalComponent,coi,c1i,a1i,c2i,a2i
1,0.5480206414642009,0.8002152982944942,93.95881854345308,0.0236459800399628,237.47964494597247
