PrincipalComponent,coi,c1i,a1i,c2i,a2i
1,1.038191547986328,1.4240494876143874,81.70287776328267,0.175536312950029,223.52911321851929
2,0.0209884834075805,0.0015487010010698,42.53889149006167,0.0186960549391939,226.6199347976845
