PrincipalComponent,coi,c1i,a1i,c2i,a2i
1,1.0184556730125716,1.3367500940847252,75.5378758350789,0.3046550735080874,221.98197271621385
2,0.0188778290571316,0.0,41.07251178951965,0.0,224.72938166719703
