PrincipalComponent,coi,c1i,a1i,c2i,a2i
1,0.9820792173314202,1.301097912694796,69.63321724211997,0.3544937616938203,220.9578729207823
2,0.0198819573370722,0.0043423060408577,39.449221987281256,0.0100126985475402,222.98057902311487
