PrincipalComponent,coi,c1i,a1i,c2i,a2i
1,0.4908660165059336,0.6422888420740736,66.5447037650764,0.2379357390328354,226.95660330212272
