PrincipalComponent,coi,c1i,a1i,c2i,a2i
1,0.5452084563164638,0.741380980056025,88.21475163868357,0.0172145209256303,236.0782209439686
