PrincipalComponent,coi,c1i,a1i,c2i,a2i
1,1.0374802659578364,1.3910710970435929,80.03312661186362,0.151924464600385,223.35873729528512
2,0.0197847088187297,0.0036310847663261,42.22621051307723,0.0036475445905794,226.21607285665553
