PrincipalComponent,coi,c1i,a1i,c2i,a2i
1,0.5118039904600264,0.6778836400136978,73.59506747425269,0.1125104565292685,230.75378029681295
