PrincipalComponent,coi,c1i,a1i,c2i,a2i
1,0.6896946191919654,1.3029351494387418,49.09516436340427,0.6229807153775785,216.91572623452987
2,0.0213674946273008,0.0215859878556502,34.41898043346421,4.502951870589947e-19,216.8874370620632
