PrincipalComponent,coi,c1i,a1i,c2i,a2i
1,0.64228960157943,1.086089650124043,41.430174399246106,0.8781965722054815,214.63270026564825
2,0.0480303395183752,0.025565466773375,32.37083558662859,0.0460865120451183,214.386307791964
