PrincipalComponent,coi,c1i,a1i,c2i,a2i
1,0.6361166529162803,1.1102272867445249,38.89263221073229,0.6886035060248711,214.0623020753347
2,0.0470036447241796,0.0496371709462087,31.674507575456538,0.0358961195555226,213.6408785932516
