PrincipalComponent,coi,c1i,a1i,c2i,a2i
1,0.6371170316128844,1.1045677567820138,37.96810430839556,0.5526506708929868,213.7854334537076
2,0.0589816318470828,0.0921054351325356,31.43332555751687,0.0272585411208073,213.36704068841033
