PrincipalComponent,coi,c1i,a1i,c2i,a2i
1,0.6406386235932872,1.028021881624637,41.72888821507861,0.4911801680662059,214.9489497968683
2,0.0889525198647391,0.1821878057974029,32.86755082059201,0.0398597614047155,214.69159462671865
