PrincipalComponent,coi,c1i,a1i,c2i,a2i
1,0.5901981165896758,0.7365163133398641,45.89066430921608,0.6513295678279163,225.7819642754425
2,0.2176823971688466,0.4839586737662857,69.2546225905391,0.0655587963307443,222.64618403314145
