PrincipalComponent,coi,c1i,a1i,c2i,a2i
1,0.6255487846988949,0.7114236389210277,48.35323767955474,0.629600655863088,217.2752856130346
2,0.1913074781566763,0.3956791580020708,39.79226235722591,0.3164413807825723,217.20984603429548
