PrincipalComponent,coi,c1i,a1i,c2i,a2i
1,0.6012951019943594,0.618088917794846,35.92231529138929,0.7915970679793927,221.8097484531961
2,0.2005462534543581,0.6052930954153676,61.76800326668093,0.0978915676685242,219.38157891343673
