PrincipalComponent,coi,c1i,a1i,c2i,a2i
1,0.6011022159029762,0.6868325884281751,35.65719593192287,0.6383901153057377,225.54780185949951
2,0.21695312157547,0.68219210269399,69.4253650492568,0.0111291749770977,221.5423329489544
