PrincipalComponent,coi,c1i,a1i,c2i,a2i
1,0.5682268579419076,0.7061468969561243,34.30461777808922,0.5930341479701303,225.93869552792043
2,0.2093173074744488,0.7183223199038753,70.86001366927971,2.3537248104817248e-18,221.43425288365708
