PrincipalComponent,coi,c1i,a1i,c2i,a2i
1,1.2755253606758157,1.5051947150482934,100.0,0.0274991715396995,216.29744140376312
2,0.0188014596547113,0.0138231949088049,43.85169556942037,2.745586930495194e-17,228.61304738727208
