PrincipalComponent,coi,c1i,a1i,c2i,a2i
1,0.6459742553743247,0.7454750905800578,97.85854605424242,0.0,233.5284496106232
