PrincipalComponent,coi,c1i,a1i,c2i,a2i
1,1.2639690363890796,1.4807919497849953,100.0,0.0780427447201407,214.47666215083504
2,0.0361272297701748,0.0399499147119865,43.6563377210698,0.0,228.09667243497591
