PrincipalComponent,coi,c1i,a1i,c2i,a2i
1,1.2131018730351235,1.3261884187029869,83.37853647776278,0.0711922361916227,221.76385191357215
2,0.0365950816506228,0.0521955450265175,42.17219570790683,0.0964211984133915,226.29458457149056
