PrincipalComponent,coi,c1i,a1i,c2i,a2i
1,1.2378380723284554,1.503591075701642,100.0,0.076005888869815,213.58560541583688
2,0.0381362625268013,0.0625648028319126,43.790634249791026,0.0,227.8733849943275
