PrincipalComponent,coi,c1i,a1i,c2i,a2i
1,1.2674068184723886,1.4952047077350166,100.0,0.0590234012094081,214.9836878118932
2,0.0343807977451923,0.0348237438863665,43.65253477266328,2.0771798417742118e-17,228.223887297392
