PrincipalComponent,coi,c1i,a1i,c2i,a2i
1,1.2267681424595065,1.4615651495946491,92.78342125618845,0.0,220.97585573363136
2,0.0398106320761271,0.0553732001283204,43.89629366859464,0.0660232213531212,228.26860199499828
