PrincipalComponent,coi,c1i,a1i,c2i,a2i
1,1.2129937027470317,1.5784060975660206,98.77621350290494,1.7030880247183622e-18,215.41070015832776
2,0.0465143743761141,0.0541341682015228,43.94492161073629,0.0229326265256965,228.07392220936345
