PrincipalComponent,coi,c1i,a1i,c2i,a2i
1,1.244139312043394,1.3571684468812053,90.04743235758049,0.0248939371853217,221.50166174611712
2,0.0330557437607658,0.0655507546166721,43.44247582612417,0.0736827851124858,227.7957803262246
