PrincipalComponent,coi,c1i,a1i,c2i,a2i
1,1.2937566370258884,1.4958662008982764,97.9628311120358,0.0,219.9323337579539
2,0.0007965354914267,0.000375736302187,44.59693243490071,0.0,229.2703183039904
