PrincipalComponent,coi,c1i,a1i,c2i,a2i
1,1.2007334159220184,1.444632732647215,88.19366936672564,0.0154267677101576,221.62138637699113
2,0.033505057152372,0.0682895260157059,43.24824276084,0.062228359185796,227.38657272088
