PrincipalComponent,coi,c1i,a1i,c2i,a2i
1,1.2711894579865413,1.5140278961092417,100.0,0.0321265925902536,215.91017048850975
2,0.0256796073998306,0.0215306505638774,43.73091606983316,0.0,228.4838868825308
