PrincipalComponent,coi,c1i,a1i,c2i,a2i
1,1.2504368731010298,1.5101459962275072,97.3814717098214,0.0,218.1104812979435
2,0.0418633628828505,0.0591054516921369,44.10185758635489,0.044622733453661,228.4748623232851
