PrincipalComponent,coi,c1i,a1i,c2i,a2i
1,1.251702978340676,1.4740616274831952,100.0,0.0957482153969982,213.69126944788047
2,0.0378800773498563,0.0526391330189201,43.72588124990422,1.6396581129610457e-18,227.9093110066748
