PrincipalComponent,coi,c1i,a1i,c2i,a2i
1,1.2841463811524665,1.5167454141704575,100.0,4.199258848447193e-17,217.77504245281276
2,0.0115923100515586,0.0076241627778901,44.43461190711184,0.0,229.10115144134417
