PrincipalComponent,coi,c1i,a1i,c2i,a2i
1,1.2943900741666554,1.500053079583831,99.6103582817688,5.4148174507691284e-17,218.84218920290695
2,0.0055168361132855,0.0035905158622761,44.62876894850962,0.0,229.33163370874664
