PrincipalComponent,coi,c1i,a1i,c2i,a2i
1,1.2622240692290438,1.474535897255804,100.0,0.0744910605128818,214.84974336233273
2,0.0380478720069544,0.0419093412856703,43.68869774183453,0.0,228.198710776288
