PrincipalComponent,coi,c1i,a1i,c2i,a2i
1,1.2098756018589472,1.3241824137709712,84.29680563953676,0.0640883077829129,221.92767981122208
2,0.0386106975895853,0.0632011353598561,42.4608766703324,0.0920183721246993,226.56597252680737
