PrincipalComponent,coi,c1i,a1i,c2i,a2i
1,1.2658998227296356,1.4935793979561294,100.0,0.0485695073450765,215.65685769649087
2,0.0294866550904527,0.0277715415300194,43.70542676299389,1.622473474370739e-17,228.41848261396808
