PrincipalComponent,coi,c1i,a1i,c2i,a2i
1,1.2915290965339283,1.4931147933160132,98.26603514070482,0.0,220.01759193942505
2,0.0024067784583543,0.0021069185166251,44.6831878560466,4.893493641383328e-18,229.3721661361296
