PrincipalComponent,coi,c1i,a1i,c2i,a2i
1,1.2226144970714734,1.4534145995003518,93.17499166697154,0.0,221.0185170781993
2,0.0427798108619138,0.0620625711898588,44.08353936012724,0.0671633118821426,228.38601989713743
