PrincipalComponent,coi,c1i,a1i,c2i,a2i
1,1.2895222443870795,1.489193465418309,97.89835359128902,0.0,220.31993503400423
2,0.0011285911527629,0.0006210780401195,44.69481635224928,0.0,229.3797039422163
