PrincipalComponent,coi,c1i,a1i,c2i,a2i
1,1.2900425503777175,1.4962469321538985,100.0,0.0,218.79008725504735
2,0.0085388970262083,0.0072522809296434,44.70625934843612,3.4428823459243742e-18,229.41361997277468
