PrincipalComponent,coi,c1i,a1i,c2i,a2i
1,0.6446925538903864,0.7442713139727505,97.82971407847828,3.16446846668584e-17,233.85721526212535
