PrincipalComponent,coi,c1i,a1i,c2i,a2i
1,1.246357777675801,1.5020911486020907,97.91909783921668,2.4950023480429924e-17,218.2903902267508
2,0.0435615993525838,0.0700090100828798,44.378146501871065,0.0417877972622333,228.67033585934144
