PrincipalComponent,coi,c1i,a1i,c2i,a2i
1,1.2587990967312728,1.4591796682109612,100.0,0.094614464579207,214.38658332785656
2,0.0396374243616891,0.047343129243524,43.74703491423393,5.8788925061440495e-18,228.09337538112504
