PrincipalComponent,coi,c1i,a1i,c2i,a2i
1,1.2703602452007403,1.485997622913259,100.0,0.0431963245056877,216.07816628995923
2,0.0225274910586163,0.0194555771852067,43.78035103704911,0.0,228.5573593378446
