PrincipalComponent,coi,c1i,a1i,c2i,a2i
1,1.240839940289649,1.355457385090647,90.97874888827704,0.0174614522910648,221.6210538388912
2,0.0350135200906849,0.0763333064182405,43.750206195463704,0.0698529410968608,228.0578807783722
