PrincipalComponent,coi,c1i,a1i,c2i,a2i
1,1.2088656152255624,1.5699416517067806,99.31087084903804,1.183885085542162e-16,215.57541819838977
2,0.0484456428291087,0.0651930092145712,44.272829861217744,0.0200653846533977,228.27445979326868
