PrincipalComponent,coi,c1i,a1i,c2i,a2i
1,1.2467539180023062,1.4529836058185914,100.0,0.1105880026233305,213.66741849758552
2,0.040868316006802,0.0609409163176859,43.91930735779765,0.0,227.94329601133697
