PrincipalComponent,coi,c1i,a1i,c2i,a2i
1,1.2771197054162038,1.5133991142839387,100.0,2.4152263974789607e-17,217.47302738567492
2,0.0151405810109047,0.0120138169290713,44.27363959479395,1.5122717007369785e-17,228.99491711951364
