PrincipalComponent,coi,c1i,a1i,c2i,a2i
1,1.2329265089544394,1.4822211609351996,100.0,0.0911995092866356,213.60428853717195
2,0.0413390979203201,0.0707531077010522,44.01101850709922,0.0,227.92153828854543
