PrincipalComponent,coi,c1i,a1i,c2i,a2i
1,1.198020968486384,1.4426736731322816,89.09944631906612,0.0076288629567099,221.78034268934292
2,0.0348020542066113,0.0800026124964329,43.6082914584911,0.0579399091826163,227.66122853575916
