PrincipalComponent,coi,c1i,a1i,c2i,a2i
1,1.2764513982297008,1.5403534109235444,100.0,0.0123332477706855,216.33469768928595
2,0.0220995799001499,0.0169374167641622,43.85670582863805,0.0,228.60551771677672
