PrincipalComponent,coi,c1i,a1i,c2i,a2i
1,1.2043795777784303,1.4489150505383213,87.33583592871918,0.0235173346385574,221.5179857407082
2,0.0323117048373748,0.0578098798849762,42.955731731716064,0.0671490732499263,227.14178113721337
