PrincipalComponent,coi,c1i,a1i,c2i,a2i
1,1.2914534850205648,1.5232284724980123,100.0,3.910511665117801e-17,217.9179909692772
2,0.0081963071449795,0.0049806329813895,44.46110217683791,8.746786326115774e-19,229.1327385082066
