PrincipalComponent,coi,c1i,a1i,c2i,a2i
1,0.6485158207734008,0.7506936910296654,97.91273288562486,4.838086802892069e-17,233.15571519507057
