PrincipalComponent,coi,c1i,a1i,c2i,a2i
1,1.2481062489711232,1.360635925077581,89.1062711459848,0.0336190869536987,221.4242641409121
2,0.0321849037869353,0.0544197871593304,43.16191180617791,0.0788898488501329,227.5423161183543
