PrincipalComponent,coi,c1i,a1i,c2i,a2i
1,1.2547553450697375,1.521010033203298,96.78903208504846,1.2302896759064008e-16,218.13568606759384
2,0.0410194185805633,0.0476728241136605,43.91321338007061,0.0498362713541678,228.32514974747025
