PrincipalComponent,coi,c1i,a1i,c2i,a2i
1,1.2728493217858867,1.522103751099,100.0,0.0391108256383408,215.24956206126956
2,0.0307289649082041,0.0296782844264014,43.70419634091666,5.2223261428145173e-20,228.2921905103454
