PrincipalComponent,coi,c1i,a1i,c2i,a2i
1,1.2693951693169807,1.5072910592590674,100.0,0.0589214017203214,214.7326428885144
2,0.0324022496730542,0.0347823074905166,43.671291634596294,1.424626483566306e-18,228.1567175259928
