PrincipalComponent,coi,c1i,a1i,c2i,a2i
1,1.2804418724448994,1.5312385448942625,100.0,0.0073337659302084,216.59978410101957
2,0.0152418481146273,0.0100482366276066,44.089267134981576,0.0,228.72427650090364
