PrincipalComponent,coi,c1i,a1i,c2i,a2i
1,1.21749534660652,1.3316847694477605,82.69717894728734,0.0774034205168096,221.65693047848103
2,0.0353457176294876,0.0421691603630471,41.95594454557792,0.1007800932901711,226.0983294484652
