PrincipalComponent,coi,c1i,a1i,c2i,a2i
1,1.2318160665105424,1.4719869338328997,92.40603074170934,9.276761013300077e-18,220.95078056911365
2,0.0367103227161116,0.0505525198850093,43.76192041354487,0.0650578392182383,228.16171847303937
