PrincipalComponent,coi,c1i,a1i,c2i,a2i
1,1.242955613047411,1.5309729483240069,100.0,0.0565199707810178,213.75739611579053
2,0.0360042414165595,0.0533465157546781,43.65320372355736,0.0034169436270211,227.886561332253
