PrincipalComponent,coi,c1i,a1i,c2i,a2i
1,1.2981578848562774,1.5070152230275744,99.17245381188884,0.0,218.83819932207663
2,0.0030661366007208,0.001845949019491,44.55301845610029,0.0,229.22481570410915
