PrincipalComponent,coi,c1i,a1i,c2i,a2i
1,1.2177196132292083,1.588924538021884,98.18950500457916,0.0,215.53303753266655
2,0.0454239219338964,0.0427605229071765,43.7232856244738,0.0282015916499267,227.94607060344373
