PrincipalComponent,coi,c1i,a1i,c2i,a2i
1,1.2529378890776215,1.5568488826222144,100.0,0.0497011822373608,213.0112765452498
2,0.0305583591405956,0.0344198942748779,43.26954234543456,0.0081318931952949,227.63461280013144
