PrincipalComponent,coi,c1i,a1i,c2i,a2i
1,1.2262524773219126,1.3486758783073,82.75324747566881,0.0798836694687663,221.39841330734603
2,0.031021495027016,0.0257531153261009,41.859684541574815,0.1037059197713157,226.05300425785987
