PrincipalComponent,coi,c1i,a1i,c2i,a2i
1,1.2566773086796668,1.376772143086963,88.97400802562461,0.0375077627895699,221.04363196605303
2,0.0281655311095843,0.0367712158849454,42.986855241348835,0.0828059147861183,227.40988054365656
