PrincipalComponent,coi,c1i,a1i,c2i,a2i
1,1.212320281760767,1.4653992784733838,87.16952618352428,0.0276479246561407,221.12618105237897
2,0.0294964625273879,0.0387964826790745,42.73501882435745,0.0711659630122674,226.98672213168075
