PrincipalComponent,coi,c1i,a1i,c2i,a2i
1,1.2676395776131968,1.5278616196639934,100.0,0.0673493796795403,213.21206201044745
2,0.0266566516941189,0.0327753564219327,43.244329038407066,0.0012198491262701,227.6936838990625
