PrincipalComponent,coi,c1i,a1i,c2i,a2i
1,0.6517085345491292,0.7580472611498166,99.5652556424802,0.0,231.86176723466784
