PrincipalComponent,coi,c1i,a1i,c2i,a2i
1,1.2865369197793952,1.5633674800060973,100.0,0.0029652496255308,216.0348008816323
2,0.0135475298022386,0.0084505649669611,43.998617403502394,3.58972271544773e-18,228.5526049001132
