PrincipalComponent,coi,c1i,a1i,c2i,a2i
1,1.2272000101233542,1.6095773055812637,98.1927829150824,0.0,214.6648810215142
2,0.0407741272928983,0.0249035604608512,43.337520737781674,0.0308545237871451,227.66226201003815
