PrincipalComponent,coi,c1i,a1i,c2i,a2i
1,1.2893393524689067,1.5497180600697944,100.0,0.001217697053174,216.18310188944585
2,0.0075885339178292,0.0036893118111807,44.05743984050985,0.0,228.61886600264543
