PrincipalComponent,coi,c1i,a1i,c2i,a2i
1,1.2801475984306383,1.5320452579262347,100.0,0.0505498227022787,214.23312158340508
2,0.0240384996099069,0.023201329239709,43.39383986141517,2.6218771781116117e-19,227.97986366259735
