PrincipalComponent,coi,c1i,a1i,c2i,a2i
1,1.2409418789365445,1.4918902705491548,92.5243344109208,9.71895632848274e-17,220.57362268234013
2,0.0325247778077568,0.0340000104226607,43.610254966027455,0.0666914500131298,228.0848154138392
