PrincipalComponent,coi,c1i,a1i,c2i,a2i
1,1.2986651808900718,1.5342923632987011,100.0,5.822854246029841e-17,217.38679251278955
2,0.0026452722516645,0.0006806638322266,44.35765975085803,6.616654248682775e-19,228.97783929490075
