PrincipalComponent,coi,c1i,a1i,c2i,a2i
1,1.2641710592964903,1.5412540951495388,96.83216764153552,1.9364668235931882e-17,217.464443280061
2,0.0368016956260755,0.0296251416074565,43.63434843684188,0.0526842059160251,228.13036072698557
