PrincipalComponent,coi,c1i,a1i,c2i,a2i
1,1.2730744704522934,1.5571058585993751,100.0,0.0641204986045683,212.8799690734539
2,0.0213711367042072,0.0209895547525566,43.074795081884986,0.0026998790601251,227.5696999788448
