PrincipalComponent,coi,c1i,a1i,c2i,a2i
1,1.2149687558204454,1.4961539365940455,87.60321812125908,0.024127406030562,220.87891532348863
2,0.0276149208084217,0.0270573534154586,42.7014717433964,0.0706040036435091,227.00677482662584
