PrincipalComponent,coi,c1i,a1i,c2i,a2i
1,1.2857400566255617,1.5579699814777728,100.0,0.0497037807019574,213.94050896507952
2,0.0177318249775939,0.0146600539895512,43.33676702283144,0.0,227.87724065761213
