PrincipalComponent,coi,c1i,a1i,c2i,a2i
1,1.257981747947235,1.584303838072086,100.0,0.0496804202652003,212.49288845905772
2,0.0254381739103633,0.0233436933193649,43.0383709945077,0.0080733639819262,227.46007255247596
