PrincipalComponent,coi,c1i,a1i,c2i,a2i
1,1.2683242686581118,1.5697037877526678,97.14103124573926,0.0,217.01807937046257
2,0.0330090883553454,0.0200392454705797,43.56139206360286,0.0496001290019711,228.070344489366
