PrincipalComponent,coi,c1i,a1i,c2i,a2i
1,1.2605244547350924,1.4083163485526786,89.59009764962693,0.0320411815490699,220.79810315262245
2,0.0251641929771463,0.0268497460708674,43.048413364871976,0.0812093429225025,227.48518548482252
