PrincipalComponent,coi,c1i,a1i,c2i,a2i
1,1.2317405142997684,1.637837376758636,98.44028411246546,3.007891734797168e-17,214.0403523810392
2,0.0366823716225926,0.0148271218449065,43.15161773052042,0.0284456587395906,227.5281715055559
