PrincipalComponent,coi,c1i,a1i,c2i,a2i
1,1.2302318530186012,1.3801364420931106,83.55738675185654,0.0737201256923417,221.233561627126
2,0.0279573049242062,0.0172010382887137,41.9753961444253,0.100847307033933,226.2152053839213
