PrincipalComponent,coi,c1i,a1i,c2i,a2i
1,1.2891938722200085,1.570775254383462,100.0,0.0305094856049912,214.37318285102
2,0.0157498389448638,0.0112520442240803,43.50618990304253,0.0,228.0161698007653
