PrincipalComponent,coi,c1i,a1i,c2i,a2i
1,1.2439450199664188,1.52021375056482,92.8185410563468,0.0,220.16990499107644
2,0.0313969130818562,0.0187482948043238,43.54069670375597,0.0695700595847607,228.02663652612017
