PrincipalComponent,coi,c1i,a1i,c2i,a2i
1,1.29255982858669,1.5689632570611487,100.0,0.002260432728324,215.7474658875433
2,0.0027385387509464,0.0007878391037009,43.96206982314825,3.1483175238412843e-19,228.48303309088033
