PrincipalComponent,coi,c1i,a1i,c2i,a2i
1,1.291135302998327,1.584167645991527,100.0,0.0041480500121052,215.52716619415833
2,0.0074804194300543,0.003885107442433,43.87704764320043,4.740932959404994e-19,228.39262411640755
