PrincipalComponent,coi,c1i,a1i,c2i,a2i
1,0.649106704017056,0.7767330242092968,100.0,2.3704672028771937e-17,230.6582779689479
