PrincipalComponent,coi,c1i,a1i,c2i,a2i
1,0.648084222488777,0.7842765926842504,100.0,0.0111581030696243,228.4972511991746
