PrincipalComponent,coi,c1i,a1i,c2i,a2i
1,1.2763951198371652,1.595365966208338,98.30185515509196,0.0,216.08934214810608
2,0.028513160282928,0.0147193374292002,43.53683648718881,0.0425407640982159,228.06473101862153
