PrincipalComponent,coi,c1i,a1i,c2i,a2i
1,1.2404324795460084,1.6633917686949198,99.45151109312404,0.0,212.8268013089877
2,0.0320948108167487,0.0077063241075215,42.985817994471354,0.0229632029479624,227.40281325776945
