PrincipalComponent,coi,c1i,a1i,c2i,a2i
1,1.2683292607298164,1.4430511470205667,91.28938604018629,0.0183815900451831,220.4361600089724
2,0.0217696514189215,0.0209025991504156,43.2788537525809,0.0763552019588786,227.78832749593937
