PrincipalComponent,coi,c1i,a1i,c2i,a2i
1,1.238585173999571,1.412991606630584,85.34218257568295,0.061382965956959,220.9948956288985
2,0.0245260037925603,0.01176617834906,42.27370757504013,0.0952604720436596,226.56703626519896
