PrincipalComponent,coi,c1i,a1i,c2i,a2i
1,1.2819033252996497,1.561042239821305,100.0,0.0866824663977418,211.73553673523008
2,0.0152333023531606,0.0130530953575976,42.88130405913754,0.00127132962485,227.24200349786705
