PrincipalComponent,coi,c1i,a1i,c2i,a2i
1,1.266198610556592,1.5903732992633834,100.0,0.0711533309761128,211.5566622988681
2,0.0197355706396863,0.0152690116051095,42.74566759119209,0.0053847491331318,227.1722321407684
