PrincipalComponent,coi,c1i,a1i,c2i,a2i
1,1.2946292877398784,1.561555844974872,100.0,0.0705034576529271,212.94175334224465
2,0.0112376144949582,0.007617357524866,43.23961748951562,0.0,227.60935045620025
