PrincipalComponent,coi,c1i,a1i,c2i,a2i
1,1.2978200174424617,1.573438084608083,100.0,0.0515020729839356,213.43844361182263
2,0.0092530905487755,0.0052355010769637,43.35553093187819,0.0,227.7600035875758
