PrincipalComponent,coi,c1i,a1i,c2i,a2i
1,1.2501398951170688,1.5458608256110449,93.7731009777649,8.451216347160778e-18,219.62888510726444
2,0.0299072831676332,0.0071568935771357,43.59031410788839,0.0687491988683768,228.08972076771116
