PrincipalComponent,coi,c1i,a1i,c2i,a2i
1,1.2977945312245656,1.583442673713001,100.0,0.0259496089886835,214.55111719389936
2,0.0025184855351565,0.0008598823544907,43.652544879472465,5.406360314288118e-19,228.10177389351003
