PrincipalComponent,coi,c1i,a1i,c2i,a2i
1,1.2750207519155663,1.6240415285859156,100.0,0.0628583891985894,211.61903198072207
2,0.0149574392358296,0.0104802740098671,42.893252033211446,0.0017993890077566,227.18595091376764
