PrincipalComponent,coi,c1i,a1i,c2i,a2i
1,1.257184361482411,1.5743490884941909,93.98816736530274,0.0,219.42191347980284
2,0.0273128280835062,0.0045797333699844,43.53339512214896,0.060125965704173,228.04992510168665
