PrincipalComponent,coi,c1i,a1i,c2i,a2i
1,1.2457493003865707,1.4515359452699048,86.20897615642247,0.0481793576217556,220.92592381645068
2,0.0222024279211814,0.0095881568302355,42.3969422171424,0.0868721526023287,226.72964886472263
