PrincipalComponent,coi,c1i,a1i,c2i,a2i
1,1.3033443659590611,1.5967067521898268,100.0,0.057281687845547,212.99392739213312
2,0.0065540631016357,0.0025140137013121,43.22619405795749,6.547742805322228e-19,227.60483474563165
