PrincipalComponent,coi,c1i,a1i,c2i,a2i
1,1.2758534241895336,1.4819283406090114,92.03358831899632,0.0046092689665394,220.34947546074625
2,0.0188285639198925,0.01888151884644,43.378638157021825,0.0684768757244123,227.916236569677
