PrincipalComponent,coi,c1i,a1i,c2i,a2i
1,1.2487683891633774,1.6912566421398707,99.34596145855996,0.0,212.89565469224135
2,0.0274633387262263,0.0039075464145565,42.90626466249761,0.0171136141212829,227.36669510540185
