PrincipalComponent,coi,c1i,a1i,c2i,a2i
1,1.2906901554314194,1.5960739089768845,100.0,0.0757158806173816,211.9975444671854
2,0.0106028633182391,0.0073040009141828,43.019283412653365,0.0,227.3146515445132
