PrincipalComponent,coi,c1i,a1i,c2i,a2i
1,1.228982027806774,1.5683366829656886,89.76462137011194,4.3987984589535295e-18,220.53504228275335
2,0.0232981337219087,0.015789314538905,43.00212703961315,0.0592756115891691,227.4014526346639
