PrincipalComponent,coi,c1i,a1i,c2i,a2i
1,0.651316040457491,0.8090318474889849,100.0,0.0050139675153322,228.34192541808451
