PrincipalComponent,coi,c1i,a1i,c2i,a2i
1,1.2842397382531308,1.623760642970248,98.41558130900042,0.0,215.90375030363705
2,0.0246281676641777,0.0127890461346864,43.45689765266604,0.0337399542315806,228.01087803719616
