PrincipalComponent,coi,c1i,a1i,c2i,a2i
1,1.306191948381861,1.6091559028599542,100.0,0.0366301405984783,213.54358738697405
2,0.0046329298541339,0.0010392053244667,43.36787446076852,0.0,227.766392108658
