PrincipalComponent,coi,c1i,a1i,c2i,a2i
1,1.262038473581652,1.71632970046898,99.99632307313492,0.0,211.59495657286175
2,0.0224713894247793,0.0,42.827881183719576,0.0098183363557795,227.1443948011444
