PrincipalComponent,coi,c1i,a1i,c2i,a2i
1,1.2847402734755466,1.512730454818757,92.95397120553017,0.0,219.83734000802923
2,0.0213790272789706,0.0041937642436779,43.39153300919969,0.0697943981240336,227.9632210901771
