PrincipalComponent,coi,c1i,a1i,c2i,a2i
1,0.658333797484572,0.8114270134446563,100.0,0.020866429054353,226.2832454252066
