PrincipalComponent,coi,c1i,a1i,c2i,a2i
1,1.316274396109022,1.6049226124549034,100.0,0.0682523641271807,212.05060769348717
2,0.0006241752968059,0.0002671396369544,42.992841544392334,1.9501022293601225e-18,227.31283850058836
