PrincipalComponent,coi,c1i,a1i,c2i,a2i
1,1.2577676689357349,1.4950061978082665,88.3201107426133,0.025500499699306,220.7077903007112
2,0.0196507878253974,0.0096760619994653,42.717068795700314,0.0744157879949768,227.1388518503411
