PrincipalComponent,coi,c1i,a1i,c2i,a2i
1,1.2892169531159416,1.6351466058888875,100.0,0.0758502856966544,210.55075228265255
2,0.0086528876024742,0.0045133263381033,42.65713205021461,0.0,226.87723906889204
