PrincipalComponent,coi,c1i,a1i,c2i,a2i
1,1.2681198674353873,1.600904138380609,95.0531550038824,4.5692773497959794e-17,218.77934611285596
2,0.0239781285148102,0.0050322149415872,43.541168500053686,0.0465844858140527,228.07980906914244
