PrincipalComponent,coi,c1i,a1i,c2i,a2i
1,1.2360582486739973,1.5963841999980597,90.33367538097691,0.0,220.00191359390612
2,0.0260238978446197,0.0,42.933480286764045,0.0624418745898826,227.360990243888
