PrincipalComponent,coi,c1i,a1i,c2i,a2i
1,1.29550056145573,1.6512334737032488,99.34509652420564,0.0,214.80215864772072
2,0.021946014433111,0.0100292086617848,43.29044608197827,0.0221881829349744,227.88172688854536
