PrincipalComponent,coi,c1i,a1i,c2i,a2i
1,1.2686677962939734,1.6107676294112276,95.83779508981526,0.0,218.50986449779325
2,0.0236548531433106,0.0046985358497277,43.6112643173738,0.0426409129644846,228.1848050842883
