PrincipalComponent,coi,c1i,a1i,c2i,a2i
1,0.6577378101918808,0.8024616739803069,100.0,0.0392244765170158,225.2088792533731
