PrincipalComponent,coi,c1i,a1i,c2i,a2i
1,1.236062819450115,1.6064587581791958,91.08706301001524,5.802378342486946e-17,219.83165639230864
2,0.0259799274196552,3.3861238989124233e-19,43.028915852833094,0.0578754892612816,227.48353595956567
