PrincipalComponent,coi,c1i,a1i,c2i,a2i
1,1.2903243451867412,1.6289755380371544,100.0,0.0928625848768288,210.0464573810409
2,0.0071093906932379,0.0023262055605143,42.541640683032846,4.659075975324727e-19,226.7310155654766
