PrincipalComponent,coi,c1i,a1i,c2i,a2i
1,1.3060523792344545,1.5987183122126902,100.0,0.1046566289203772,210.44050992738735
2,0.0022901571450453,0.0010545265794599,42.62447568714199,0.0,226.8470659148718
