PrincipalComponent,coi,c1i,a1i,c2i,a2i
1,1.2834779778223329,1.523507486667154,93.49728341346832,8.156567279928279e-17,219.5896795200757
2,0.0215265571920961,0.0,43.43633800237518,0.0714660186426211,228.0183532987703
