PrincipalComponent,coi,c1i,a1i,c2i,a2i
1,1.259786814717757,1.7276732348782549,100.0,3.3681955519853133e-18,211.31365288848113
2,0.0203985918841211,4.2477772576685303e-19,42.837376241919806,0.0067722278065418,227.080819698379
