PrincipalComponent,coi,c1i,a1i,c2i,a2i
1,1.29522520507541,1.6620924462191504,100.0,0.0,214.37655613455004
2,0.0216725931320789,0.0094026245433485,43.307468932214015,0.0181021566905214,227.9156381842529
