PrincipalComponent,coi,c1i,a1i,c2i,a2i
1,1.2589239406614636,1.5122693924047663,89.55968619418856,0.0156842478708519,220.6018045603799
2,0.0196559987644486,0.0092445195343274,42.93713534032806,0.0705712063235843,227.39770382558788
