PrincipalComponent,coi,c1i,a1i,c2i,a2i
1,1.2856181066577854,1.6904615692129654,100.0,1.9649688155222777e-17,213.22694632305
2,0.0196491588697996,0.0094556640769571,43.035275666373195,0.0100763130685371,227.56429753813407
