PrincipalComponent,coi,c1i,a1i,c2i,a2i
1,1.2872730513164152,1.6397029138724668,100.0,0.104695892224109,208.98986415089453
2,0.0028656985882184,0.0,42.30387129270268,0.0,226.4275459422968
