PrincipalComponent,coi,c1i,a1i,c2i,a2i
1,1.2630129507095578,1.6367708258923186,96.67544001046258,1.4600875178293062e-17,217.92761760731716
2,0.0223567829233129,0.0049296056832009,43.6212233511654,0.0342482871930789,228.20754817693737
