PrincipalComponent,coi,c1i,a1i,c2i,a2i
1,0.650033747596866,0.8094952747579444,100.0,0.053462760884477,223.03995551078685
