PrincipalComponent,coi,c1i,a1i,c2i,a2i
1,1.2544658081232574,1.7527914101758792,100.0,4.8840734253967906e-17,210.05350413358636
2,0.0147434879301936,0.0,42.56905364146786,0.0023112515753668,226.7318027669358
