PrincipalComponent,coi,c1i,a1i,c2i,a2i
1,1.2537753180859887,1.550941350521129,91.12748241870288,2.0466860741442502e-16,220.2785959932246
2,0.0196065419546903,0.0072014287825109,43.16458692753804,0.0640461518837085,227.66336481693637
