PrincipalComponent,coi,c1i,a1i,c2i,a2i
1,1.2775137149667013,1.5498974594393005,94.43115283148768,0.0,218.9564522796227
2,0.0207108482271432,1.5091123897911297e-17,43.45125239725853,0.0626274830760855,228.0417378248184
