PrincipalComponent,coi,c1i,a1i,c2i,a2i
1,1.277984947612217,1.7169232504902052,100.0,6.526705058830257e-17,212.7208146829819
2,0.0176658812366648,0.009329328380692,43.080455615264064,0.0031110682612089,227.44524672025497
