PrincipalComponent,coi,c1i,a1i,c2i,a2i
1,1.251488107575262,1.6647470555703587,96.49857789710532,4.7723453777862144e-17,217.7453011534485
2,0.022858724685586,0.0043934517238356,43.52832886791315,0.0266705650523954,228.1036992023405
