PrincipalComponent,coi,c1i,a1i,c2i,a2i
1,1.219562089319804,1.6597126424175972,91.98256517683424,0.0,219.0497495722122
2,0.0252338884287658,4.606766068757676e-18,42.98867449425935,0.0416553146852716,227.44620255772276
