PrincipalComponent,coi,c1i,a1i,c2i,a2i
1,1.2512169673282705,1.774894383951601,100.0,3.47134923396539e-17,209.49755738341196
2,0.0089677838584153,1.5577753153953677e-18,42.447746696746485,5.745150845888191e-05,226.568477240174
