PrincipalComponent,coi,c1i,a1i,c2i,a2i
1,1.2417095988623674,1.5793123870724233,90.9310084636075,2.0977318165539784e-17,219.8522405389245
2,0.0213686656062419,0.0,43.01084987543161,0.0647375268690912,227.4739767879421
