PrincipalComponent,coi,c1i,a1i,c2i,a2i
1,1.2659410403406306,1.578082002563025,94.29851313405652,4.279138745412936e-17,218.6977404942424
2,0.0209253508416864,3.1832551812334906e-17,43.36153181590698,0.0546089988298683,227.92891899891197
