PrincipalComponent,coi,c1i,a1i,c2i,a2i
1,0.6390042967327461,0.842431616383623,100.0,0.0398545326822878,222.19014911746547
