PrincipalComponent,coi,c1i,a1i,c2i,a2i
1,1.2089361773611134,1.621986355393772,87.5323801815938,0.0,219.768916033834
2,0.022536424216239,0.0,42.3010639248775,0.0515704308449185,226.64346234317856
