PrincipalComponent,coi,c1i,a1i,c2i,a2i
1,0.6186860146336216,0.8994395673075397,97.08701511351111,0.0,223.263915443048
