PrincipalComponent,coi,c1i,a1i,c2i,a2i
1,1.1922426656195335,1.6973551873699662,88.86177941463785,5.1901117214033915e-17,219.1636285318548
2,0.0240394561820781,5.018501370859578e-20,42.37072664490685,0.0311415483908639,226.72515509588385
