PrincipalComponent,coi,c1i,a1i,c2i,a2i
1,1.2169112062580445,1.7071107343096894,92.7133537243137,0.0,218.3602817170888
2,0.0276135385501712,1.0230586851054906e-16,42.93273930506622,0.0154553327162749,227.38203350047004
