PrincipalComponent,coi,c1i,a1i,c2i,a2i
1,1.2581506896873498,1.7519728545839883,96.5985722076485,0.0,213.7099965210491
2,0.01473272303913,2.8857230712244527e-05,42.7315378458148,0.0,226.9526712860137
