PrincipalComponent,coi,c1i,a1i,c2i,a2i
1,1.2319413694650108,1.620985630336223,90.36741353349466,2.5260494395553653e-16,219.0226116818937
2,0.0218153541514026,0.0,42.624521342119664,0.0412474953405941,227.08255336886367
