PrincipalComponent,coi,c1i,a1i,c2i,a2i
1,1.2282802135424746,1.6594182022691837,88.94362874634224,1.1373228886487595e-17,220.24716366655292
2,0.023696670695411,0.0054177610614778,42.60125007266047,0.0146012353228779,227.0506202295589
