PrincipalComponent,coi,c1i,a1i,c2i,a2i
1,1.2604879330422554,1.6680091050895274,92.90839110287192,0.0,219.45806779542048
2,0.0216575543759886,0.0024329825167177,43.3588672318411,0.0020031155654833,227.75193086538223
