PrincipalComponent,coi,c1i,a1i,c2i,a2i
1,1.2753560213313253,1.5804161185066257,90.77164414251926,0.0,220.06976395102868
2,0.0192479322024976,8.265605845565549e-20,42.902658417587325,0.0297042978845475,227.46039228959384
