PrincipalComponent,coi,c1i,a1i,c2i,a2i
1,0.6538718101605682,0.8526744774483196,95.9276618574682,0.0,229.35327590571276
