PrincipalComponent,coi,c1i,a1i,c2i,a2i
1,1.248241115154304,1.58468976080793,87.81053387385299,0.0,220.6757452049966
2,0.0222004584735644,0.0016435654960473,42.476184561543775,0.0356068053239059,226.94373617936097
