PrincipalComponent,coi,c1i,a1i,c2i,a2i
1,1.2072051843019562,1.6425932522482445,86.42903435478969,0.0,221.78364402120005
2,0.0210977932240961,9.739273043780641e-20,42.76367948423799,0.0009150321672846,226.9904811336574
