PrincipalComponent,coi,c1i,a1i,c2i,a2i
1,0.628895651488792,0.8192556689210542,90.00358984238818,6.6829346443856585e-19,232.8527563616272
