PrincipalComponent,coi,c1i,a1i,c2i,a2i
1,1.25104894504244,1.5595074386084078,88.78481596611213,0.0,221.48396311147425
2,0.0211870444184685,0.0031814796185866,42.98239760061745,0.0094472253155824,227.4423877518448
