PrincipalComponent,coi,c1i,a1i,c2i,a2i
1,1.2254826791783555,1.5685352202016956,85.52441774846305,0.0,221.95426692376995
2,0.0209469268118527,5.421010862427522e-20,42.4280213900383,0.0176507585385642,226.81158400587884
