PrincipalComponent,coi,c1i,a1i,c2i,a2i
1,1.2228583685840186,1.5769255375358833,85.32520656171006,0.0,221.9691592687884
2,0.0187720363048345,1.0405169046252075e-18,42.55155765465047,1.6782549267593904e-19,226.81498895568103
