PrincipalComponent,coi,c1i,a1i,c2i,a2i
1,1.1941896099076077,1.581011717891281,82.3309591688081,0.0,222.06201420614417
2,0.0204193835679241,0.0041955813413273,41.87645811798756,0.006785399649239,226.11339717393713
