PrincipalComponent,coi,c1i,a1i,c2i,a2i
1,0.5983627306748833,0.8253077605841956,82.91607543986157,2.5531493319538385e-17,232.19595404580588
