PrincipalComponent,coi,c1i,a1i,c2i,a2i
1,1.2421854781286128,1.5086331010162122,85.05376423111316,1.840525914120061e-17,222.2334675594459
2,0.0186938961116422,0.0055639900958456,42.49908217413347,0.0016410910987781,226.8444216675105
