PrincipalComponent,coi,c1i,a1i,c2i,a2i
1,0.6436790208767872,0.7509923913332551,87.9603741027682,8.549656397222695e-18,233.11222052012135
