PrincipalComponent,coi,c1i,a1i,c2i,a2i
1,0.6171836394807371,0.7645734739387775,82.01101172415696,7.698484534200493e-18,232.5368147861422
