PrincipalComponent,coi,c1i,a1i,c2i,a2i
1,0.8803280193571079,1.009531236115424,48.94590332148211,0.4555677985453016,217.0918817628719
2,0.101516008593104,0.0001794243511119,34.40470735724395,0.2943665911499103,217.06957763254903
