PrincipalComponent,coi,c1i,a1i,c2i,a2i
1,0.8306284369051307,1.009618352063628,47.78822498707983,0.4839946242000577,216.82108956914547
2,0.1261153509770157,0.0362430771523057,34.04901237805043,0.3216389206966911,216.6572161478382
