PrincipalComponent,coi,c1i,a1i,c2i,a2i
1,1.0058688620076657,1.0354075385626955,58.34704634810632,0.3903477269817647,219.01249366854583
2,0.0497714154359018,0.0161127075688424,36.665212489736135,0.1624447678462414,219.83616816907897
