PrincipalComponent,coi,c1i,a1i,c2i,a2i
1,1.0397181687237416,1.090065050302778,64.47859717524486,0.3515003017027936,219.97728623236569
2,0.0390185486534727,0.0389778573670675,38.11226951005327,0.1056563546514678,221.51421645279365
