PrincipalComponent,coi,c1i,a1i,c2i,a2i
1,1.0520413958226362,1.108066996328879,66.45977107451489,0.3572994034241549,220.0052751464821
2,0.0347540592202573,0.062782364673456,38.59877201357042,0.0645729712303175,221.9704449331359
