PrincipalComponent,coi,c1i,a1i,c2i,a2i
1,1.068156080425273,1.1364580828852138,68.74945318201753,0.3494295030451387,220.0411077243743
2,0.0334187497979223,0.0854967440360692,39.217460237924605,0.0368919387409641,222.5197235793429
