PrincipalComponent,coi,c1i,a1i,c2i,a2i
1,1.0813072105278296,1.2043329266689675,72.86613184785706,0.3052651217360494,220.30151770477704
2,0.0382563338351301,0.1098065841177037,40.409181869448695,0.0112739223443193,223.59281188170283
