PrincipalComponent,coi,c1i,a1i,c2i,a2i
1,1.0899248124761929,1.2085810276420663,73.88927136573488,0.3078569432949981,220.22648440746164
2,0.0377687577301692,0.1212479504247701,40.777485237475574,0.0003484082366641,223.83689726902676
