PrincipalComponent,coi,c1i,a1i,c2i,a2i
1,1.1034822679919496,1.3016525029729595,80.9852158469393,0.2104214761909585,220.72782117873143
2,0.0444081204559717,0.1257000688806529,42.89667459728934,0.0,225.75258448627204
