PrincipalComponent,coi,c1i,a1i,c2i,a2i
1,1.1159717425828903,1.3734234806933256,85.81679797298106,0.1368900005148081,221.103556659944
2,0.0502946151119564,0.1307805130282374,44.54414437780723,5.06998457043539e-18,227.09584537305463
