PrincipalComponent,coi,c1i,a1i,c2i,a2i
1,1.1000265096667246,1.338126250307229,82.81503636349073,0.2096082573242167,220.6966426742324
2,0.0584065860995184,0.1422601676333734,44.550988191827024,3.625216446997267e-17,226.39281552372876
