PrincipalComponent,coi,c1i,a1i,c2i,a2i
1,1.0710980825969971,1.4456716655378592,81.35314678687796,0.0855777669336334,222.66855626246635
2,0.0754929462761418,0.1801789896231586,45.22805957218444,0.0,226.66663027461644
