PrincipalComponent,coi,c1i,a1i,c2i,a2i
1,1.0421338432982843,1.4697372039804657,81.26012896679995,0.0340443686392215,223.73637570625317
2,0.0774574071121712,0.1971280530911187,46.5967457048416,2.6562774981959666e-17,227.18957073912952
