PrincipalComponent,coi,c1i,a1i,c2i,a2i
1,0.9972256710507345,1.3816417879800589,76.79130385435188,0.052681312869712,224.09979200504455
2,0.0715979661671908,0.2370145691381343,45.18999625430024,0.0,226.1274767087897
