PrincipalComponent,coi,c1i,a1i,c2i,a2i
1,1.1419565417688802,1.388703841369837,83.64089670539381,0.0,223.85731451895063
2,0.0417911758279983,0.0781031939842468,43.18972198688567,1.4575405369356794e-18,227.18993538322397
