PrincipalComponent,coi,c1i,a1i,c2i,a2i
1,1.142156951669912,1.3954782973016555,82.36299057454052,1.8447152438244425e-17,223.75664173002815
2,0.0369271965226176,0.0684942218253234,42.699482590767325,0.0030408512319627,226.8194050257136
