PrincipalComponent,coi,c1i,a1i,c2i,a2i
1,1.1429737967530829,1.385800578098985,85.23056672783687,1.7912009439565156e-18,223.8675113960466
2,0.0488979791479972,0.0842610475601367,43.65929875435152,3.181361073063966e-18,227.59468073423403
