PrincipalComponent,coi,c1i,a1i,c2i,a2i
1,1.140953356006213,1.3784961304534449,88.93493278085309,2.3410956443658978e-17,223.54646845265532
2,0.0642798341842967,0.0952881172554646,44.23073737072776,2.5396573880453072e-17,228.3531962364796
