PrincipalComponent,coi,c1i,a1i,c2i,a2i
1,1.1321787433167767,1.3931318857040866,94.0442521030472,0.0,222.7010007953656
2,0.0854289102777825,0.1102116982326733,44.88708707268369,0.0,229.26047062834107
