PrincipalComponent,coi,c1i,a1i,c2i,a2i
1,1.1315501573833606,1.4046657685266173,94.84948575268548,0.0,222.4990319554543
2,0.0911700367268607,0.1182560012372831,45.053064266941746,0.0,229.38041209336117
