PrincipalComponent,coi,c1i,a1i,c2i,a2i
1,1.1322052659353483,1.413649442555706,96.16604706437283,0.0,222.1605017546305
2,0.099630339763744,0.1246240806501718,45.424664528988025,0.0,229.61013505048643
