PrincipalComponent,coi,c1i,a1i,c2i,a2i
1,1.1129059616665555,1.4127329821982844,95.83489308985232,0.0436766958235625,221.14392716621168
2,0.0986676216254772,0.1367256950761421,45.79440451314426,0.0,229.3474664286805
