PrincipalComponent,coi,c1i,a1i,c2i,a2i
1,1.1279281674286457,1.4295881210827803,92.48479127766036,0.0,222.5080727114237
2,0.088692947440468,0.1407377810465055,44.806237983174775,0.0,228.81892522099508
