PrincipalComponent,coi,c1i,a1i,c2i,a2i
1,1.1231698822541645,1.339456829052459,88.45283234373052,3.441760137425978e-17,223.72549351960208
2,0.0872901029418763,0.1279665985290717,44.04154489001803,9.804750460322648e-18,228.25714056542043
