PrincipalComponent,coi,c1i,a1i,c2i,a2i
1,0.81026347173005,1.1911032601055147,52.36683920665474,0.3617567431638638,218.05938283683423
2,0.0366362497950113,0.0820019007203155,35.46961750665757,0.0,218.11045853286717
