PrincipalComponent,coi,c1i,a1i,c2i,a2i
1,0.8126976083792351,1.167395356473106,52.47079144583984,0.3873169135664256,218.0220862184924
2,0.041603102013813,0.0877179512999638,35.45496009827736,0.0,218.115837954194
