PrincipalComponent,coi,c1i,a1i,c2i,a2i
1,0.8156682243683416,1.1048145413681825,52.754121759592046,0.4573659965474794,217.84451502768724
2,0.0544945527419012,0.0989321629520537,35.30867481886553,0.0,218.09302117754856
