PrincipalComponent,coi,c1i,a1i,c2i,a2i
1,0.8198111958350952,1.0591223095740805,53.0404359110564,0.5153483057474559,217.71678959435883
2,0.0633224335733725,0.1073448638945281,35.17395539210245,0.0,218.0851389327433
