PrincipalComponent,coi,c1i,a1i,c2i,a2i
1,0.8248834994398038,1.0077767246463865,53.00290688742139,0.5774312064556656,217.47547309399104
2,0.070428412133548,0.1156225690456146,34.93510363869912,0.0,217.96472685346828
