PrincipalComponent,coi,c1i,a1i,c2i,a2i
1,0.8359317879981844,0.9295080391263664,52.53621862625607,0.6862572885781473,216.85283093651097
2,0.0811407704960632,0.13097857387113,34.3381388876735,1.889215508847813e-16,217.58681626407773
