PrincipalComponent,coi,c1i,a1i,c2i,a2i
1,0.827996477542696,0.9293526123937784,51.9954041409549,0.7096594538731418,216.5738439449169
2,0.0790216375646463,0.1380188347825174,34.18707204438775,0.0,217.37262362115644
