PrincipalComponent,coi,c1i,a1i,c2i,a2i
1,0.8636160536101545,1.0068652434064904,53.99521667466367,0.469208705676858,217.84890854796643
2,0.0809048041241781,0.113159383571046,34.83532347553864,9.430453083338511e-17,218.2658732907628
