PrincipalComponent,coi,c1i,a1i,c2i,a2i
1,0.8273401936361187,1.0210084622675235,50.43016419315104,0.4781454958837479,217.0242984700835
2,0.0773878516944326,0.1172699520672913,34.01394721172399,0.0,217.18857921535985
