PrincipalComponent,coi,c1i,a1i,c2i,a2i
1,0.6620736066632363,1.052410857880916,42.98535258450376,0.6009169407521485,215.2921491267863
2,0.0461075579033538,0.1312053009763004,33.144925702570376,0.0216692736097731,215.0592571224119
