PrincipalComponent,coi,c1i,a1i,c2i,a2i
1,0.6326860621432999,0.779294736782837,37.839484332828576,0.5648317355229033,224.91633837071
2,0.1944291816959102,0.6101963977914103,67.22290102860345,0.0,221.6583546044245
