PrincipalComponent,coi,c1i,a1i,c2i,a2i
1,0.6704543059410897,0.8265805664917387,44.57968758052654,0.6611139321086714,216.0069123262324
2,0.1161496871183537,0.3212768141132077,36.27659863268328,0.1858027728539198,215.85448680983703
