PrincipalComponent,coi,c1i,a1i,c2i,a2i
1,0.6512132548512539,1.1559264375726015,41.32673940072099,0.793380268452378,214.7108826082492
2,0.0173806215372535,0.0067554170104614,32.26046876880437,0.0241509056899254,214.3758785985239
