PrincipalComponent,coi,c1i,a1i,c2i,a2i
1,0.6512928566064021,1.1519330150529197,40.27724340933231,0.6851564329393094,214.3760624003334
2,0.0168631448765077,0.021843558296988,31.97101807123562,0.0140304835456682,214.0543110836821
