PrincipalComponent,coi,c1i,a1i,c2i,a2i
1,0.6523345442730794,1.0091500862013163,42.89138520199363,0.617506934243841,215.33576675560113
2,0.05766932673036,0.1605713939300043,33.3563449793192,0.0425911761712753,215.0782884455973
