PrincipalComponent,coi,c1i,a1i,c2i,a2i
1,0.6454924245679406,0.954375903443934,42.92656856476311,0.6417688119657198,215.39407234322812
2,0.0705708558600659,0.2002773654109488,33.77868787903419,0.0776470165739586,215.1503657020471
