PrincipalComponent,coi,c1i,a1i,c2i,a2i
1,0.6515867195811017,1.161698618613174,40.68967539583347,0.7292576709554944,214.55632090368144
2,0.0162805543646039,0.0105313092839801,32.07852155269705,0.0189451572951815,214.19067293458295
