PrincipalComponent,coi,c1i,a1i,c2i,a2i
1,0.6524603350552596,0.8870938638452687,44.20811756881687,0.6426438236487841,227.02045282212023
2,0.1438908337762939,0.3655574311554254,70.39807993760837,0.0006937540619739,223.2532256961877
