PrincipalComponent,coi,c1i,a1i,c2i,a2i
1,0.6488401564469488,0.7759567053193059,38.27072381799297,0.6375902619538493,224.2859691239531
2,0.18574509075288,0.5746513586244288,66.00989414896571,3.740230540736761e-18,221.36117829846344
