PrincipalComponent,coi,c1i,a1i,c2i,a2i
1,0.6578772134572186,0.7740297720140706,39.3335977692456,0.6694586002398574,224.39630898969537
2,0.1791767730549733,0.5447037989248771,66.78298567301356,2.574795122678902e-18,221.62869934586865
