PrincipalComponent,coi,c1i,a1i,c2i,a2i
1,0.6520511251575559,0.92187216510075,43.87785013682715,0.637055652388592,215.72410263978287
2,0.0830219708578416,0.2310631548065596,34.427479415675585,0.1092748928938699,215.51018514826217
