PrincipalComponent,coi,c1i,a1i,c2i,a2i
1,0.6524733777769767,0.9153791263466664,44.73222640796711,0.6263856042405279,215.9064842538741
2,0.0934553773911114,0.2450960645346538,34.82227669091602,0.130907174732847,215.7717716980019
