PrincipalComponent,coi,c1i,a1i,c2i,a2i
1,0.6592703150640021,0.7954274773253194,40.956821748764064,0.6792326324637505,224.8854765433181
2,0.173742270401675,0.4961100445609014,68.3643725696381,0.0,222.08854556436137
