PrincipalComponent,coi,c1i,a1i,c2i,a2i
1,0.657727360915943,1.1297231307424922,41.22067587102264,0.6238637671552576,214.6336009709179
2,0.0225043692811253,0.0574230336229148,32.31127856029067,0.0072263855299644,214.38631646581825
