PrincipalComponent,coi,c1i,a1i,c2i,a2i
1,0.6590208321228064,1.0891713972442,41.79558615235385,0.612785245601335,214.88748257156823
2,0.0330374357943213,0.0986750423435527,32.60412153971723,0.0069206886536407,214.6210888867584
