PrincipalComponent,coi,c1i,a1i,c2i,a2i
1,0.6487381976336279,0.9419302564979126,43.26190820431494,0.6421455770699726,215.51402159828095
2,0.0741040304564546,0.2138753785709479,34.048711450581344,0.0866941709644148,215.285504061746
