PrincipalComponent,coi,c1i,a1i,c2i,a2i
1,0.6108847536403297,0.6925757022704313,38.60542577612511,0.6413620700419957,227.1638650845223
2,0.2282006624853385,0.7200600270481636,72.30789690155827,6.527965090833242e-18,222.9277475616623
