PrincipalComponent,coi,c1i,a1i,c2i,a2i
1,0.6309730175904438,0.8032396375030794,47.61676686277943,0.6923801158128061,230.0402783610622
2,0.183465996764523,0.4892315358204415,77.28329937427911,3.8440412826327644e-18,225.36923676195565
