PrincipalComponent,coi,c1i,a1i,c2i,a2i
1,0.6353390109687402,0.6859778208544899,40.649539647005625,0.7330894735875372,227.35958877153732
2,0.2165400031237635,0.6645594308004673,73.2985850963311,7.231581649219123e-19,223.3881668242189
