PrincipalComponent,coi,c1i,a1i,c2i,a2i
1,0.6685058670173363,1.1103173216211428,44.82863606029128,0.9345997687499482,215.53926122262033
2,0.0177407029790513,0.0320288587167214,33.275501883593144,0.0006705895420294,215.44312306404305
