PrincipalComponent,coi,c1i,a1i,c2i,a2i
1,0.6490524839521934,0.9590188927581712,47.164381811324496,0.690253427485021,216.6119594960436
2,0.0739578986018925,0.2075404678211684,35.1604894062682,0.0502119405921346,216.55535087798137
