PrincipalComponent,coi,c1i,a1i,c2i,a2i
1,0.6263371381866534,0.6869959114551969,39.11060001722431,0.7072487176970573,226.93743243890563
2,0.2219114410431212,0.6911570124574851,72.0817389086357,0.0,222.87272714253575
