PrincipalComponent,coi,c1i,a1i,c2i,a2i
1,0.6249718561246527,0.8744310227662885,46.34476549559382,0.7137535994947578,228.65929320791452
2,0.1345821661673585,0.3462069686799072,66.45894450917264,0.0,224.14930831667877
