PrincipalComponent,coi,c1i,a1i,c2i,a2i
1,0.6264842765558915,0.8624482985842243,46.49307672695196,0.7122220629494631,228.6229948410525
2,0.1406356358242542,0.3673611290459965,67.84482347280142,3.089279129342726e-18,224.28675518191756
