PrincipalComponent,coi,c1i,a1i,c2i,a2i
1,0.6601088532287097,1.0972412704236942,44.211691362823565,0.8655117224611094,215.46947198043455
2,0.0251954891093049,0.053648311817986,33.20829638061696,0.0019454680366672,215.30920195046403
