PrincipalComponent,coi,c1i,a1i,c2i,a2i
1,0.6400912674938892,0.7479085477541734,46.015452560053106,0.7273618241607208,228.95275189343872
2,0.1963882945820085,0.5538742432197085,77.10121312965688,0.0,224.8331365899057
