PrincipalComponent,coi,c1i,a1i,c2i,a2i
1,0.6271504904214041,0.8429891043537524,47.91805772106742,0.6829652762002107,229.9937638141155
2,0.1664087119360893,0.4361147881353808,74.47365255258823,7.659337026564009e-18,225.29506747794
