PrincipalComponent,coi,c1i,a1i,c2i,a2i
1,0.6378170396113457,0.9151730716843464,47.07928675330922,0.6969329127776955,216.7474381346719
2,0.0874548882884333,0.2374315752821188,35.724835750741796,0.0806900671264536,216.64351197064096
