PrincipalComponent,coi,c1i,a1i,c2i,a2i
1,0.6372514644819789,0.7088158774925228,43.02612546682005,0.7364041146568223,228.11447001686824
2,0.2122950840207996,0.6184632269678452,75.21986624568261,0.0,224.13443343969993
