PrincipalComponent,coi,c1i,a1i,c2i,a2i
1,0.650185232629472,0.9963356053480372,45.81184641543863,0.7133483132720844,216.10223574901795
2,0.0582151770681221,0.1718183632453357,34.27120046273639,0.0252950423789881,216.00751762347232
