PrincipalComponent,coi,c1i,a1i,c2i,a2i
1,0.6283002605479087,0.8461981092059755,47.11140046440403,0.6993421644614766,229.46439874000055
2,0.1531246308124683,0.4039107264588654,71.37435465079668,0.0,224.8648397517541
