PrincipalComponent,coi,c1i,a1i,c2i,a2i
1,0.6540800330116013,1.0429521265641213,45.19388517410643,0.7361674754043093,215.81712531906896
2,0.0435118763724087,0.1246256327971779,33.7305450776766,0.0122786142614393,215.7150782642376
