PrincipalComponent,coi,c1i,a1i,c2i,a2i
1,0.5955002967300665,0.6782700666221538,43.57275992941647,0.7972952394898031,215.81238144857977
2,0.1707329211261481,0.2948480045263698,36.38069249910687,0.38077262607211,215.32293463562257
