PrincipalComponent,coi,c1i,a1i,c2i,a2i
1,0.6101450650542435,0.8206608694328233,41.91436316510155,0.8625574736123627,215.03600517604525
2,0.0972409383675877,0.1862750352977916,33.40083411622855,0.1429778710047108,214.73825646892183
