PrincipalComponent,coi,c1i,a1i,c2i,a2i
1,0.5899144133508514,0.712488581279221,43.64050400634442,0.7994959420851415,215.74393362084703
2,0.1577156548468803,0.2722832313169985,35.756667311732386,0.3365374049077516,215.32092646706607
