PrincipalComponent,coi,c1i,a1i,c2i,a2i
1,0.595225634701966,0.6229875914553655,38.45766135278393,0.8270514281395467,227.99829163924943
2,0.2395883163501926,0.5329820823029121,72.77760615299202,0.1920513506191635,220.90968395853957
