PrincipalComponent,coi,c1i,a1i,c2i,a2i
1,0.5907810984216435,0.7148024008250294,42.76125273515099,0.8202219321084803,215.5077241075343
2,0.1462194403802761,0.2624925000270929,35.29738333439113,0.3043587695582188,215.074382186477
