PrincipalComponent,coi,c1i,a1i,c2i,a2i
1,0.6148966291310943,0.8541823218716268,40.70058919620463,0.8995547351262144,214.62123852756335
2,0.0764001314348021,0.1579018102066764,32.691659723173956,0.1016607215098022,214.28509046723977
