PrincipalComponent,coi,c1i,a1i,c2i,a2i
1,0.5742394851562597,0.6229034243783533,35.081714349689584,0.7318031963760593,232.75482475471185
2,0.2625632110133572,0.7717156772068579,84.86420324624163,3.590482935555957e-19,223.7544769180961
