PrincipalComponent,coi,c1i,a1i,c2i,a2i
1,0.5949027938237772,0.6525372989265664,40.90095874845447,0.8280921329766798,228.5381259281878
2,0.2257716557846847,0.4627144294237628,73.68342345583865,0.2021577358334335,220.8113403901296
