PrincipalComponent,coi,c1i,a1i,c2i,a2i
1,0.5891501128598851,0.7283349232216992,42.07651566156846,0.8399487464562069,215.28522885724237
2,0.1352575587208524,0.2518473646816967,34.8597481355849,0.2674387487021489,214.86737948745127
