PrincipalComponent,coi,c1i,a1i,c2i,a2i
1,0.5879881344680777,0.7377647618621682,41.826626588297216,0.8461027328040142,215.1573903007261
2,0.1298024459509577,0.2414014159973067,34.473343131749715,0.2514295723777418,214.76386033840316
