PrincipalComponent,coi,c1i,a1i,c2i,a2i
1,0.597349430146865,0.7823766698117519,41.80491961356383,0.8548304906313674,215.06608538512097
2,0.1129027668913462,0.2112289750257589,33.807907042811586,0.1861374460867166,214.76319886487244
