PrincipalComponent,coi,c1i,a1i,c2i,a2i
1,0.6353306147700657,0.9456731936306472,39.176931347852914,1.1080245783493072,214.15534265760303
2,0.0307021423094167,0.0504397636723219,31.85228145981096,0.023035188603313,213.6908253191912
