PrincipalComponent,coi,c1i,a1i,c2i,a2i
1,0.5950628086423567,0.6103666607352115,36.58241492086247,0.8164977827933639,229.07102459002533
2,0.246461302206312,0.6148829703330039,75.94161067884698,0.1406310370813832,221.59197932505572
