PrincipalComponent,coi,c1i,a1i,c2i,a2i
1,0.6194717344433793,0.8949834207858003,40.09813254738042,0.9419364812304326,214.37777250308116
2,0.0596965067008331,0.1171594621822657,32.268673409781364,0.0699245727696574,214.0309518472836
