PrincipalComponent,coi,c1i,a1i,c2i,a2i
1,0.6267287095337264,0.924934424484502,38.83756320355127,1.0424622898753526,214.03707424917337
2,0.0396136657859647,0.0734856698549518,31.787788074104384,0.0386090415209045,213.5923334068244
