PrincipalComponent,coi,c1i,a1i,c2i,a2i
1,0.5870130711851537,0.6186608945581826,35.564244305600035,0.7892297899684921,231.28844438394756
2,0.2564827622828788,0.7038964542970019,81.5792012876228,0.0547806655836597,222.81304147404788
