PrincipalComponent,coi,c1i,a1i,c2i,a2i
1,0.6479056941371061,0.9569272287792384,39.70669854942641,1.1948965576600548,214.2881003167292
2,0.0190442356078759,0.0281577050504601,31.91530868141258,0.0071362592766594,213.8263722511311
