PrincipalComponent,coi,c1i,a1i,c2i,a2i
1,0.5682726451326005,0.61811188764355,34.52291254062717,0.7574348417201731,225.4671334081378
2,0.2728812305821225,0.5480437055196598,67.25390788042709,0.2328978986862007,219.5595279113648
