PrincipalComponent,coi,c1i,a1i,c2i,a2i
1,0.5677841681750363,0.7016030286864124,40.52381554308133,0.7810983652002627,214.64451746329223
2,0.1817885113915933,0.2445004739586301,34.02443613041959,0.3628477809287159,214.2009534187524
