PrincipalComponent,coi,c1i,a1i,c2i,a2i
1,0.5690230099018555,0.718665925988053,39.17773322063396,0.8206984824625829,214.296759298511
2,0.1575530115365927,0.2253899379586758,33.34230001047825,0.2914060316940776,213.8242882322461
