PrincipalComponent,coi,c1i,a1i,c2i,a2i
1,0.5732362528244589,0.6415833241370325,38.30776032750224,0.8019328106640138,223.38185287219085
2,0.2426250289086369,0.3687241195447696,61.23641801947235,0.317847151065944,218.01196371686223
