PrincipalComponent,coi,c1i,a1i,c2i,a2i
1,0.6311485191039536,0.9309258501516698,36.84487425965189,1.1085850482765427,213.6025791789517
2,0.0364813506884635,0.0341622720440659,31.186514307658943,0.0223695508080011,212.97234220509432
