PrincipalComponent,coi,c1i,a1i,c2i,a2i
1,0.5682132961282188,0.7287291388781089,38.996317151803176,0.8267548681426877,214.2098228976481
2,0.1517456914489394,0.2155135514208508,33.05097154941222,0.2740592977066511,213.752407503133
