PrincipalComponent,coi,c1i,a1i,c2i,a2i
1,0.6176062086684575,0.912737647302021,36.52988053190146,1.0390885464826762,213.4221919517192
2,0.0503780401176655,0.055414759972568,31.09128596035176,0.040774697024527,212.85555720309233
