PrincipalComponent,coi,c1i,a1i,c2i,a2i
1,0.5744004502804819,0.6174409276510965,36.50131132046421,0.7972579099730829,222.78597200807957
2,0.2560476901910928,0.4275465785925371,60.37062458881693,0.3181238777270174,218.08679408096873
