PrincipalComponent,coi,c1i,a1i,c2i,a2i
1,0.6052558789607073,0.8851575597917447,37.64300802918226,0.9311866176584284,213.6926374311832
2,0.0758300123276909,0.0951168428866016,31.458179280523588,0.0810071753852205,213.2291726012617
