PrincipalComponent,coi,c1i,a1i,c2i,a2i
1,0.5959420031183509,0.8459894426359305,38.23092763427221,0.8830044863681383,213.90209390970568
2,0.0980112174295206,0.1337444022549715,31.785225657484293,0.1181423062664128,213.45991127987912
