PrincipalComponent,coi,c1i,a1i,c2i,a2i
1,0.5712744947428314,0.6692849869692814,40.29639373075792,0.7779062417952985,214.58671375316325
2,0.1960794026860813,0.2644603253240297,34.36571844892803,0.4097204680952861,214.12491762210792
