PrincipalComponent,coi,c1i,a1i,c2i,a2i
1,0.5689072113903433,0.7054273621650688,39.726372335133725,0.8012333487138795,214.44783179307512
2,0.1698844761080191,0.2348759641834195,33.651900444235324,0.329412589698288,213.979678279389
