PrincipalComponent,coi,c1i,a1i,c2i,a2i
1,0.594697772763542,0.8127202926200993,39.20473518678697,0.8440238623508859,214.23450218692625
2,0.1151729998080558,0.1596226171273616,32.32275191273786,0.1643499069734648,213.8224520246173
