PrincipalComponent,coi,c1i,a1i,c2i,a2i
1,0.5798083207603489,0.7742157073147596,39.09154998150425,0.8357321003804077,214.2099649616141
2,0.1330762369324369,0.1849144575688059,32.59524321152912,0.2075800542067449,213.8109896716379
