PrincipalComponent,coi,c1i,a1i,c2i,a2i
1,0.6463219425630605,0.937205309881582,37.16330685869992,1.1987809645100325,213.76321872189533
2,0.0210226824094192,0.0156121215912277,31.203660380684138,0.0062350488303782,213.060751823346
