PrincipalComponent,coi,c1i,a1i,c2i,a2i
1,0.5578345143288301,0.6226157315574167,34.19377450725884,0.7020584132161788,227.1572411306216
2,0.277786786323852,0.6039278485329047,70.82593800776593,0.1886419384113196,220.57121934275247
