PrincipalComponent,coi,c1i,a1i,c2i,a2i
1,0.5744623262117226,0.6096763677955798,35.20904056555301,0.7837241129349961,223.6067390007024
2,0.2638991214389355,0.4860509312584878,62.801889100903615,0.2897576384416879,218.59627607383229
