PrincipalComponent,coi,c1i,a1i,c2i,a2i
1,0.6307704264258343,0.976523417210058,35.46593615239862,0.9690166539902696,213.2074681694098
2,0.0327905080679414,0.0333005200246031,30.760773740002566,0.0207537576118032,212.5407318230837
