PrincipalComponent,coi,c1i,a1i,c2i,a2i
1,0.6199713673540113,0.7949489843269845,40.02403248744671,0.6797070712229726,214.29248670355247
2,0.1291124395189081,0.2105908293865289,32.48646576285283,0.2074500597059351,214.04654152078956
