PrincipalComponent,coi,c1i,a1i,c2i,a2i
1,0.6144393728741957,0.8096047053242638,39.34618343823461,0.6953006409022053,214.15044963778948
2,0.1220558000388299,0.1990423988476531,32.284571425625515,0.1746916134342416,213.8656966190434
