PrincipalComponent,coi,c1i,a1i,c2i,a2i
1,0.6264921411936747,0.7533104348047505,41.28850375381362,0.6571146110031514,214.48645804421687
2,0.1526915394837311,0.2483017498149687,32.8658730218335,0.2818227988029147,214.36685285096945
