PrincipalComponent,coi,c1i,a1i,c2i,a2i
1,0.631881364103276,0.9053876157913532,38.26300084262401,0.7062746035916684,213.90551871921704
2,0.083448970115745,0.1271647110066018,31.653605794825975,0.0710718275600115,213.49024207652872
