PrincipalComponent,coi,c1i,a1i,c2i,a2i
1,0.6227384777190448,0.7908277617396241,40.9712355592017,0.661484700062009,214.50140583176375
2,0.1377236157293735,0.2214042834999545,32.76666884193473,0.2370191458051894,214.31123053924708
