PrincipalComponent,coi,c1i,a1i,c2i,a2i
1,0.6409583570129215,0.6808020506849815,39.739631351204174,0.581829733825453,215.08977011005004
2,0.1851460708318131,0.4154479028332368,35.89199583172218,0.3473055213205354,214.59716496307976
