PrincipalComponent,coi,c1i,a1i,c2i,a2i
1,0.6381730677800019,1.003110017823,35.147332985436044,0.8528869121039703,212.98286364565
2,0.0294617238822326,0.0245283647810167,30.575289459343683,0.0045678800614437,212.40848608189648
