PrincipalComponent,coi,c1i,a1i,c2i,a2i
1,0.6199544215731464,0.8648848787936168,38.53751024505912,0.7019447281958947,214.033353153736
2,0.0999160817484268,0.1565635691722961,31.867255295229352,0.1058582117213186,213.61476829498153
