PrincipalComponent,coi,c1i,a1i,c2i,a2i
1,0.6193398615221513,0.686218870046406,37.68627006120789,0.5291131611046724,219.00851520129828
2,0.2168617543829762,0.465286638424124,47.776968885610856,0.288850339832835,217.23790624874889
