PrincipalComponent,coi,c1i,a1i,c2i,a2i
1,0.6287797001491919,0.9414833073594592,37.035527168870736,0.7361480085930366,213.51422857463376
2,0.0682541585940419,0.0980523815818073,31.197149466523072,0.0376472787728075,213.05726347453725
