PrincipalComponent,coi,c1i,a1i,c2i,a2i
1,0.6354290026794499,0.71180262716412,41.0664479929013,0.6649352449782345,214.3853329936023
2,0.1656220746589344,0.2884494288298856,33.21991961695942,0.3220530831982948,214.32196245044608
