PrincipalComponent,coi,c1i,a1i,c2i,a2i
1,0.6431347581201501,1.0049791062508937,35.3611894347727,0.9047006831751248,213.1368795464507
2,0.0231042064421931,0.0187280188939343,30.644318011237747,0.0061222327165159,212.4933227973136
