PrincipalComponent,coi,c1i,a1i,c2i,a2i
1,0.6112490065471518,0.8202297160129776,38.99904506301645,0.6996693039024445,214.08962053601388
2,0.1180976892149792,0.1879989867860552,32.11992746566955,0.1605582447485836,213.75833741301287
