PrincipalComponent,coi,c1i,a1i,c2i,a2i
1,0.6333044651620106,0.9817274163783768,36.23167058986231,0.7710333976449364,213.2325254717173
2,0.0488276216469565,0.0576090402268734,30.897182845252956,0.0174111526331797,212.76221901182845
