PrincipalComponent,coi,c1i,a1i,c2i,a2i
1,0.6389112523764161,0.6818458276196955,40.07916459308596,0.6506287286977018,214.3662510345153
2,0.1758033909326683,0.3466321567971824,33.85249942807818,0.3420133477108877,214.20107998488032
