PrincipalComponent,coi,c1i,a1i,c2i,a2i
1,0.6437700164862913,0.6711612362485907,39.74095820261248,0.6240292771374797,214.6652702905241
2,0.1795371594276681,0.3884895136246407,34.90244775234804,0.3489840649845621,214.35727168936137
