PrincipalComponent,coi,c1i,a1i,c2i,a2i
1,0.6834634634085974,0.7783896101417159,37.09690431533685,0.5656488544134118,213.4739555192263
2,0.1458489500694994,0.3127503648034042,32.64616952834468,0.276931305601429,213.1071106228552
