PrincipalComponent,coi,c1i,a1i,c2i,a2i
1,0.6628705138954303,1.045968133049695,34.86501215203887,0.6440964920470562,212.69921887185953
2,0.0306731259696483,0.0313240376529267,30.404046243713054,0.0002530513776928,212.28716692963292
