PrincipalComponent,coi,c1i,a1i,c2i,a2i
1,0.681906664990354,0.7913677594685554,37.43400012801486,0.5960337541870347,213.36289118070425
2,0.1414540576922789,0.2696025773469443,32.079873950413386,0.261708102568492,213.09679252978543
