PrincipalComponent,coi,c1i,a1i,c2i,a2i
1,0.6594256548144115,0.9625896154811044,36.97124884105121,0.61767720700519,213.4379207044463
2,0.0749789815056971,0.0954023341542484,31.18414932926367,0.0434109043586012,213.04151448145583
