PrincipalComponent,coi,c1i,a1i,c2i,a2i
1,0.6554531558972174,0.9224061979981868,37.16148398480165,0.6309723923031121,213.48185978434245
2,0.0875436536957967,0.1217027100763817,31.330078656135207,0.0844254577174789,213.1067891343961
