PrincipalComponent,coi,c1i,a1i,c2i,a2i
1,0.6694041054622203,0.995043437449484,36.680018328677846,0.6132217667270502,213.30536488204137
2,0.0595010316255317,0.0740432259428444,31.025759719906898,0.0187322763991793,212.9257508333394
