PrincipalComponent,coi,c1i,a1i,c2i,a2i
1,0.6579578635586333,0.9117401486419988,37.49793556229681,0.6292842355325537,213.5780120290509
2,0.0925302656937301,0.1325597078114501,31.465970042115764,0.0957434701502852,213.22041050970736
