PrincipalComponent,coi,c1i,a1i,c2i,a2i
1,0.6014300795126889,0.954117769783822,35.291591694442886,0.7759890977157272,213.04747726634383
2,0.0786716282914316,0.0974258396533063,30.66964897937649,0.0584948659396708,212.47819534438108
