PrincipalComponent,coi,c1i,a1i,c2i,a2i
1,0.6507765996629878,1.0387793520048787,34.202287720781136,0.6936256789648029,212.55583701779133
2,0.029454563562421,0.0286444596018452,30.244193700025267,0.0159541885817384,212.07605500751765
