PrincipalComponent,coi,c1i,a1i,c2i,a2i
1,0.6359335530142309,1.0109968818606474,34.74348474486968,0.7274852354693391,212.8054333280684
2,0.0444853165724612,0.0533170158699477,30.455555271032765,0.0323645732885452,212.27766649328305
