PrincipalComponent,coi,c1i,a1i,c2i,a2i
1,0.6793609079725422,0.7866571073961224,37.2257586118403,0.5169000274459759,213.76037184431405
2,0.1516687960969999,0.3399554081434738,33.26940684677652,0.2845021360176106,213.28055561616603
