PrincipalComponent,coi,c1i,a1i,c2i,a2i
1,0.6836433070653996,0.8229930657626687,38.45685053243863,0.6146314264119637,213.56094369442332
2,0.129333500787718,0.2096843695960454,31.88256779161617,0.2335157535592853,213.38879722706068
