PrincipalComponent,coi,c1i,a1i,c2i,a2i
1,0.6610160686895851,0.886896187765623,38.94898273495325,0.6084739820134623,213.95257908668736
2,0.1143336465936162,0.15905085180389,31.899118658274343,0.14625337067726,213.6636725278252
