PrincipalComponent,coi,c1i,a1i,c2i,a2i
1,0.6648681150901826,1.0221849160254644,35.47456046496864,0.6290133330056079,212.9366055927741
2,0.0438642250074494,0.0545174918378709,30.629300512024795,0.0011950994830195,212.515571437665
