PrincipalComponent,coi,c1i,a1i,c2i,a2i
1,0.6583690279010839,0.7941547330139442,36.25290452717278,0.4498084217306402,220.0669123100967
2,0.1960213370467901,0.4124346495813218,53.95241022857771,0.1941174119835615,217.37204381106807
