PrincipalComponent,coi,c1i,a1i,c2i,a2i
1,0.6593153192258714,0.8934677888787882,38.07320298212271,0.6216393982839716,213.73470175996593
2,0.103966469087309,0.1469080060143244,31.649858207496933,0.1212727244833236,213.40067975938396
