PrincipalComponent,coi,c1i,a1i,c2i,a2i
1,0.6690630337817357,0.8545548856202259,39.0570884571876,0.6078842637444206,213.8386889979257
2,0.1245407556133396,0.1802588457519932,31.902712667899007,0.1883344383054705,213.64589587869744
