PrincipalComponent,coi,c1i,a1i,c2i,a2i
1,0.6836171737920707,0.901483466865194,40.79543924816285,0.3668028990598105,214.80317625208409
2,0.1539505237796155,0.2768317588602947,33.498805479069674,0.2858166174613709,214.34838952491967
