PrincipalComponent,coi,c1i,a1i,c2i,a2i
1,0.6960978606294579,1.0637259667651826,39.68051075847317,0.5183816793554986,214.17902015234517
2,0.0487840990971136,0.0283408507652067,31.802232366527136,0.0219021665050763,213.911728279765
