PrincipalComponent,coi,c1i,a1i,c2i,a2i
1,0.7068573373832961,0.8935103598866302,40.893549947062674,0.5005085861162349,214.3899056940328
2,0.1395070885581051,0.2237352880669953,32.73264625885497,0.2455361915100708,214.19890012109968
