PrincipalComponent,coi,c1i,a1i,c2i,a2i
1,0.686694659789791,1.0753863379549324,38.21865446757523,0.5309250003700953,213.69607258607311
2,0.0374907214593752,0.0205267482988363,31.352851163752685,0.0129935449996913,213.40988019592797
