PrincipalComponent,coi,c1i,a1i,c2i,a2i
1,0.6904475990838304,1.0409682497580528,40.14094604041614,0.5278353704671083,214.33768173931875
2,0.0605790331315247,0.0415010186777879,31.96789001984713,0.0389003720722515,214.07021021668712
