PrincipalComponent,coi,c1i,a1i,c2i,a2i
1,0.6060419506238112,0.9707550096243952,37.12602894332655,0.6308011881229566,213.5348824797815
2,0.0831662273763944,0.1092362179108509,31.19327707238062,0.056145826399687,213.09397593126744
