PrincipalComponent,coi,c1i,a1i,c2i,a2i
1,0.5807827175423632,0.9201047366174788,37.89238529538177,0.6699073990287119,213.77401725792944
2,0.1083518566543417,0.1484849415094274,31.452496107262345,0.0896817136236019,213.3524281375129
