PrincipalComponent,coi,c1i,a1i,c2i,a2i
1,0.6736514562556868,1.0706357679716687,37.4206755794669,0.5475286756789316,213.45084614857885
2,0.0334218570834482,0.0240044766447133,31.129697766834607,0.0154535033816376,213.1406729457179
