PrincipalComponent,coi,c1i,a1i,c2i,a2i
1,0.7122459591412766,0.907643736147308,41.368454814118145,0.527377049771347,214.4379304494132
2,0.1300836700072274,0.1812887508777335,32.54461063343166,0.2292506100156968,214.3341474765639
