PrincipalComponent,coi,c1i,a1i,c2i,a2i
1,0.6377076212935305,1.0182139053149502,36.47706283965904,0.6002566987665162,213.26621828240937
2,0.0523371385591317,0.0644165579810716,30.94407254669632,0.0355949778899549,212.85455031617713
