PrincipalComponent,coi,c1i,a1i,c2i,a2i
1,0.6880562099640767,1.0024818174095582,41.07407783160084,0.5469655784301202,214.55749974600107
2,0.0807345936708968,0.0689355033964121,32.26737887968769,0.0783937149584988,214.3553069257356
