PrincipalComponent,coi,c1i,a1i,c2i,a2i
1,0.6994351399824505,0.8996556400060395,40.80817925290834,0.4506553038977928,214.53691054594677
2,0.1469180992374109,0.2513196840978155,33.02372483071813,0.2584656494359912,214.23346909053328
