PrincipalComponent,coi,c1i,a1i,c2i,a2i
1,0.6972881685952335,0.9902682525360708,42.69826745882418,0.5292523931732168,215.00091816902903
2,0.0963959960045442,0.0865362016205358,32.727931678894386,0.1212010088998099,214.86359320871455
