PrincipalComponent,coi,c1i,a1i,c2i,a2i
1,0.6968777200238577,0.960587148762254,42.80759324694799,0.53403553211739,214.9605643904112
2,0.1147848786482657,0.104797192299537,32.732121654665264,0.1588465471579749,214.85663826352769
