PrincipalComponent,coi,c1i,a1i,c2i,a2i
1,0.7061864964116229,0.9311384376761648,42.77054617701173,0.5404559984258371,214.84556772159317
2,0.12731731130812,0.1339843687449288,32.72822977488522,0.1991499790016581,214.79105373602275
