PrincipalComponent,coi,c1i,a1i,c2i,a2i
1,0.6919322049468855,0.9903352447494042,41.66648907135604,0.543420783118367,214.72856540719692
2,0.0894462448586378,0.0779713262358543,32.44563547227192,0.0991524274106275,214.54689288423043
