PrincipalComponent,coi,c1i,a1i,c2i,a2i
1,0.6858961766844451,1.0083010286704617,40.71339700902816,0.5478974105023952,214.45776125721807
2,0.0756118039154025,0.0619358953822779,32.15645883173556,0.0688311637958957,214.23815152820464
