PrincipalComponent,coi,c1i,a1i,c2i,a2i
1,0.7490440894235227,0.9992498504931056,45.23223233020594,0.5833220726654137,215.3022823117469
2,0.095935959444412,0.0701776385777663,33.23889577064331,0.1149942079894023,215.52913324327463
