PrincipalComponent,coi,c1i,a1i,c2i,a2i
1,0.742876049704724,1.0177460523386048,44.035275753342525,0.5869379525360289,215.10288669501023
2,0.0720394393827847,0.0526893733006803,32.9567138183295,0.0631768562439718,215.20787350481808
