PrincipalComponent,coi,c1i,a1i,c2i,a2i
1,0.7441533074587526,1.0216484446589933,45.15370369622449,0.5730727392242767,215.3752392682225
2,0.0831443097219404,0.0588467699718182,33.25672012807853,0.0829243783218179,215.54820668049652
