PrincipalComponent,coi,c1i,a1i,c2i,a2i
1,0.7407907315864606,0.9524431154376294,42.26122836835586,0.4944740749517194,214.6742308580611
2,0.135604762402086,0.1949828597650129,33.06233045251939,0.2335826279169218,214.5967661253323
