PrincipalComponent,coi,c1i,a1i,c2i,a2i
1,0.6291014086908003,0.9610564115877012,37.228318051570305,0.6037510670848414,213.4149367242611
2,0.0844745911861327,0.1098377759995283,31.232493671751307,0.0697678081933952,213.0986001680264
