PrincipalComponent,coi,c1i,a1i,c2i,a2i
1,0.5812063675526918,0.8659530403359641,38.75895897428235,0.6644684415266895,213.8575973465818
2,0.1313692409470655,0.1914344871735893,31.84532240286926,0.1322466890581563,213.6218433285587
