PrincipalComponent,coi,c1i,a1i,c2i,a2i
1,0.7536346576688375,0.9743896387371064,45.249545651502295,0.5898956735829227,215.1727531483535
2,0.1139207058268747,0.0944756269407063,33.21818518265736,0.1546403210752596,215.4672242330479
