PrincipalComponent,coi,c1i,a1i,c2i,a2i
1,0.7491416740934208,0.9540995939891316,43.38819288646625,0.5752415844252742,214.7535975064526
2,0.1261159014542448,0.1341465107844216,32.873065273138266,0.193294106526665,214.8843326072943
