PrincipalComponent,coi,c1i,a1i,c2i,a2i
1,0.6933757011696412,1.042534704897189,38.691398112973346,0.5576055823227967,213.7398524859714
2,0.041402913027043,0.0440781316945653,31.494019701019425,0.0330123029999062,213.53694030207993
