PrincipalComponent,coi,c1i,a1i,c2i,a2i
1,0.7405505445351331,1.0291750761063725,43.42058625276835,0.5847192259463276,214.97736628657796
2,0.0619303408970031,0.0441905460416523,32.78638176456761,0.0481624579332926,215.02849505264453
