PrincipalComponent,coi,c1i,a1i,c2i,a2i
1,0.7370958274876355,1.0319567115442436,43.01015698132174,0.5832618109921159,214.888405522432
2,0.05794260839113,0.0396978493963041,32.672462446529444,0.0418103116569827,214.90682596269644
