PrincipalComponent,coi,c1i,a1i,c2i,a2i
1,0.7401772627743728,1.0703040123698244,41.68576974968781,0.5382918026984338,214.572557761814
2,0.0369272079649254,0.0201195333294973,32.28391759816071,0.0158313657282512,214.50682020021125
