PrincipalComponent,coi,c1i,a1i,c2i,a2i
1,0.6035839388600016,0.9124814806891104,37.92847825204122,0.6293026807335899,213.67993033419287
2,0.1088723998882486,0.1562450751005417,31.540294012161784,0.0950935884660015,213.3587376577063
