PrincipalComponent,coi,c1i,a1i,c2i,a2i
1,0.739451154965935,1.0561120891495814,42.23970684112497,0.5555338125588126,214.733898198076
2,0.0443152774278502,0.0256441616883287,32.452172699059865,0.0232298267560056,214.68525116489883
