PrincipalComponent,coi,c1i,a1i,c2i,a2i
1,0.7205707445651298,0.9507280824055708,42.00361559564382,0.4052322907655318,214.8898855461406
2,0.1454773219110738,0.2217337007631823,33.385277491035275,0.2712564699942154,214.59224328786115
