PrincipalComponent,coi,c1i,a1i,c2i,a2i
1,0.7208315685363669,1.0686488374017495,39.80720536377378,0.5466211256164426,214.01766330959944
2,0.0336703125613521,0.0214942220473007,31.754647248217168,0.0187346358449266,213.8872534277014
