PrincipalComponent,coi,c1i,a1i,c2i,a2i
1,0.7532618215310111,0.9470208668583208,42.70259527658282,0.5457140201157444,214.62709494240116
2,0.125614637560603,0.1680108309228274,32.91381127073959,0.2145972042724719,214.69213017631267
