PrincipalComponent,coi,c1i,a1i,c2i,a2i
1,0.8364450667379132,1.0477626769374488,48.86303737812493,0.5108412473921677,216.38748581441777
2,0.1021690795002158,0.1389393894685545,34.63141025891764,0.1833804343698682,216.69411941570965
