PrincipalComponent,coi,c1i,a1i,c2i,a2i
1,0.8444745015885424,1.043036014932819,50.02420987489344,0.5609436006595463,216.42920097631932
2,0.0978681439639876,0.1180110050101921,34.7005385658345,0.1558062308934659,216.975208150152
