PrincipalComponent,coi,c1i,a1i,c2i,a2i
1,0.8279011243708942,1.0880006220555842,51.075713298392714,0.5911117350863739,216.80575381760977
2,0.0449534959529797,0.0311692664488588,34.78733717813802,0.0186624855163121,217.38927678186064
