PrincipalComponent,coi,c1i,a1i,c2i,a2i
1,0.8523318970100562,1.0670392998068157,53.34236521204313,0.608626781577394,216.93437326415236
2,0.0768153377760014,0.0602346172963361,35.28637836011953,0.079588125570812,217.9193169672444
