PrincipalComponent,coi,c1i,a1i,c2i,a2i
1,0.8502316863366733,1.0522700335812774,51.10309606602549,0.593573885491798,216.53014725024536
2,0.0888572360129911,0.0871790766621014,34.80634308011472,0.1244935581727008,217.25681251673385
