PrincipalComponent,coi,c1i,a1i,c2i,a2i
1,0.747943549248432,1.0417707600281632,44.785476488861384,0.518454703567434,215.58625391422655
2,0.0583522078131788,0.0671118759483562,33.28065104055961,0.0514053902956484,215.5563325666419
