PrincipalComponent,coi,c1i,a1i,c2i,a2i
1,0.813860397089079,1.0849775122148837,49.48653773727556,0.584306306612816,216.52373336884605
2,0.0384371270922219,0.0261926330946316,34.387245021479615,0.0127538178581263,216.93429781580727
