PrincipalComponent,coi,c1i,a1i,c2i,a2i
1,0.8215744416090743,1.046881559428939,47.77059145999895,0.4185823436454961,216.45184938163655
2,0.1035082523016214,0.1584240447843755,34.62525319285359,0.2357720234551111,216.44654575141996
