PrincipalComponent,coi,c1i,a1i,c2i,a2i
1,0.6832721500253407,0.9744822560050712,43.25648208108534,0.5208288977092765,215.26564335577956
2,0.1007692922094729,0.1234673827209482,33.0547135169095,0.0869278709676275,215.1168307337898
