PrincipalComponent,coi,c1i,a1i,c2i,a2i
1,0.8347674958562622,1.1009128993505992,52.61002576276083,0.5793457247769723,217.08362466123185
2,0.0510005398324859,0.0350539432715926,35.17049454240061,0.0274548862547135,217.8292359752344
