PrincipalComponent,coi,c1i,a1i,c2i,a2i
1,0.8437624793946578,1.0825250194283318,52.89181560870895,0.5998772729671809,217.03089071141056
2,0.0608768258394882,0.0422757938327134,35.20971572561713,0.0481567092728479,217.86515995865497
