PrincipalComponent,coi,c1i,a1i,c2i,a2i
1,0.621199875638397,0.8725181189714875,41.642341201296,0.5597810908037322,214.8736734652068
2,0.1420290739540562,0.2041454765243509,32.997233219792335,0.1375041931977937,214.65519215120497
