PrincipalComponent,coi,c1i,a1i,c2i,a2i
1,0.8019853107821449,1.0839313007716065,47.954068016098,0.5489620859165413,216.33141006242624
2,0.0357792486633332,0.0296224964534592,34.03530396087934,0.0153377150576988,216.52423874250883
