PrincipalComponent,coi,c1i,a1i,c2i,a2i
1,0.5972268665611112,0.8237940570041375,42.17295647502319,0.5843585412559683,215.1047225809575
2,0.1624588448526031,0.2507835183070947,33.509501287563275,0.1669626030896507,214.852583431096
