PrincipalComponent,coi,c1i,a1i,c2i,a2i
1,0.8190601527414858,1.0907411675998882,50.18868731368171,0.5830371541379942,216.64536898510252
2,0.0414168106122185,0.0267699706550459,34.56186074181193,0.0150630031087746,217.13481700374868
