PrincipalComponent,coi,c1i,a1i,c2i,a2i
1,0.7898150285639304,1.076825731968355,47.281490072384734,0.5192592877713935,216.20821375147565
2,0.0406648735146188,0.0421806014305635,33.88157461821351,0.0251063007171471,216.33285296658863
