PrincipalComponent,coi,c1i,a1i,c2i,a2i
1,0.5754269411657885,0.7869532367269613,42.94664419664005,0.6141970989965939,215.38679550846388
2,0.1835105366832093,0.2768432751137121,34.056714075689506,0.2102431114675589,215.14157371924395
