PrincipalComponent,coi,c1i,a1i,c2i,a2i
1,0.8428559767614047,1.074527648354312,53.725758281595894,0.5225713662227597,217.47162800166112
2,0.0971906255995363,0.0972405495870772,35.84641364159823,0.2373915867901574,218.12286229215735
