PrincipalComponent,coi,c1i,a1i,c2i,a2i
1,0.7084132714636835,0.9237079488091176,48.08024396942295,0.6095984621668517,216.35728868336713
2,0.0973325353362534,0.1150101303793361,34.37289253023382,0.1307570925274507,216.57739263913768
