PrincipalComponent,coi,c1i,a1i,c2i,a2i
1,0.8634383320896065,1.057948495950371,58.48407662675276,0.7465869766593815,217.44699303926737
2,0.0453471811711468,0.027123826384978,36.54512921694041,0.0289874919855249,219.314605396322
