PrincipalComponent,coi,c1i,a1i,c2i,a2i
1,0.6486519450611454,0.8489216032936837,45.698023524410225,0.6077499330620574,215.82871557408507
2,0.1334594207006514,0.1712816824097122,34.160990883941274,0.1813649682169268,215.8815827589348
