PrincipalComponent,coi,c1i,a1i,c2i,a2i
1,0.839094526540938,1.0431055732624468,55.969811243195934,0.7305274288760961,217.3646566469786
2,0.0366619385941301,0.0273647671446494,36.02648908641999,0.0192437030581729,218.71323036508932
