PrincipalComponent,coi,c1i,a1i,c2i,a2i
1,0.7666662504512232,0.9737722120872828,50.919041348936936,0.6326631231376671,216.92191292301857
2,0.0626287463661711,0.0796402359822449,34.9864253993786,0.0775886430952909,217.41359856011783
