PrincipalComponent,coi,c1i,a1i,c2i,a2i
1,0.8769722372240387,1.057296403300456,59.23300778325605,0.7560002487524609,217.2362394889502
2,0.0575229153709647,0.0350978069426323,36.64170848845709,0.0520408771490284,219.4035954022834
