PrincipalComponent,coi,c1i,a1i,c2i,a2i
1,0.863256028092006,1.0692493599421558,54.9761794047786,0.6313796532790966,217.19451194029588
2,0.0892167563547606,0.0849814824953125,35.92469290417079,0.16854476077887,218.341075991106
