PrincipalComponent,coi,c1i,a1i,c2i,a2i
1,0.8519903442860005,1.0674247926590226,58.07029846906501,0.7183737762780673,217.61561842645767
2,0.0372839450019699,0.0275339546047881,36.50842764854098,0.0183859778101566,219.27749026098323
