PrincipalComponent,coi,c1i,a1i,c2i,a2i
1,0.8753542094037817,1.048896535787534,56.906533135612975,0.7431547468179887,216.97969063440755
2,0.0723242771574809,0.0529415079490463,36.12849970223877,0.0937813501528646,218.7473650627582
