PrincipalComponent,coi,c1i,a1i,c2i,a2i
1,0.5696226833032673,0.7002605185000605,43.1361382813695,0.6642876443096524,215.82651211355213
2,0.186902004420992,0.2895633225603357,35.60822560451093,0.2789271072377025,215.45636571989525
