PrincipalComponent,coi,c1i,a1i,c2i,a2i
1,0.7920008512235976,0.9967514739232536,51.57323474693787,0.6799841454968987,216.9064203454694
2,0.0454146386705469,0.0521533435420305,35.04924260394366,0.0477821712492937,217.55283276752675
