PrincipalComponent,coi,c1i,a1i,c2i,a2i
1,0.8763421467348272,1.0549751797305469,55.92570624774344,0.7000583321200765,217.00358429245375
2,0.0772144251940191,0.07100562791982,35.999243031834965,0.1288604605093722,218.51458551306723
