PrincipalComponent,coi,c1i,a1i,c2i,a2i
1,0.8266260290727531,1.0348474297264332,54.76529164388821,0.7216752111806419,217.2148884968096
2,0.0361755119589178,0.0293727269710293,35.74165696091158,0.0227149894030068,218.38761655450023
