PrincipalComponent,coi,c1i,a1i,c2i,a2i
1,0.5507751167157062,0.6644944820325549,43.62578167218073,0.6969895677003942,216.27133384837109
2,0.204996383358388,0.3146739784334069,36.81834332157372,0.3196053423042399,215.82282119330225
