PrincipalComponent,coi,c1i,a1i,c2i,a2i
1,0.817035442103674,1.0216292746431892,53.719711171539274,0.7229096706887147,217.06088161559848
2,0.0364647709862631,0.0331180493951679,35.49457009298641,0.0254839877218093,218.09803286796657
