PrincipalComponent,coi,c1i,a1i,c2i,a2i
1,0.929290006789778,1.1436698472320477,70.3039687930085,0.7569191036394436,215.96125331687648
2,0.0338503441733604,0.0270375088534898,38.54165351798462,0.0307211855118119,221.6346822203396
