PrincipalComponent,coi,c1i,a1i,c2i,a2i
1,0.8985797028560544,1.1017909442170153,67.2084693870675,0.7737448403776839,216.35777026438413
2,0.0334168881876009,0.0296895718576193,38.06296780281007,0.0264070533116912,221.04713696519295
