PrincipalComponent,coi,c1i,a1i,c2i,a2i
1,0.9062323485553474,1.1306491182351484,60.37841426138713,0.6155528483154145,217.2923803985312
2,0.0589002707758367,0.0712977078717468,36.96482319252411,0.1860192983457184,219.60013685486592
