PrincipalComponent,coi,c1i,a1i,c2i,a2i
1,0.8055170447333742,0.97381076226722,57.48453481016933,0.7811144759846879,216.44100860245263
2,0.0576925122487171,0.0676659273142838,36.18437832349277,0.0811893529311371,218.7850346015678
