PrincipalComponent,coi,c1i,a1i,c2i,a2i
1,0.8244731914148931,1.0052375942687364,59.67566067038758,0.7703402650797628,216.61755576485396
2,0.0510740584118832,0.0584019509216249,36.66181484275984,0.0687612346708756,219.3568842775806
