PrincipalComponent,coi,c1i,a1i,c2i,a2i
1,0.8724701738849195,1.0883478471165782,65.68291082957424,0.7472219150109658,216.932404146637
2,0.0364936040175524,0.0398354797968577,37.93135817185496,0.0350110223469708,220.87697306837785
