PrincipalComponent,coi,c1i,a1i,c2i,a2i
1,0.5739655450866182,0.6726873629105283,42.79068030337966,0.6584480481409607,214.80677078725904
2,0.1852372247380294,0.2809599514257533,34.21302784942729,0.3873970453731457,214.6864620831914
