PrincipalComponent,coi,c1i,a1i,c2i,a2i
1,0.9266062889315246,1.1359617617377196,62.839395564852985,0.7064317221912418,216.57911161329
2,0.0533908136565863,0.0605246377571036,37.20380301889693,0.1170210249779447,219.97579139886557
