PrincipalComponent,coi,c1i,a1i,c2i,a2i
1,0.5558058291038824,0.6312777768315102,42.92274427838595,0.6732548659267292,215.24162064256436
2,0.2008512917975055,0.3189077973593646,35.40569441181337,0.427523700958426,214.93688387743612
