PrincipalComponent,coi,c1i,a1i,c2i,a2i
1,0.9346014986020446,1.1246842505187342,66.1932186470228,0.7859309338351768,215.78382073326665
2,0.0414095666940255,0.0333358846269015,37.632266709082224,0.0564121464328775,220.57044921330635
