PrincipalComponent,coi,c1i,a1i,c2i,a2i
1,0.9355915173774698,1.1208737450257125,64.03740837139898,0.7693082838982782,215.9618470570361
2,0.0448421677368388,0.0483928514441657,37.252552310394215,0.0822372308483894,220.092037603783
