PrincipalComponent,coi,c1i,a1i,c2i,a2i
1,0.7235423570199075,0.8854648263672902,52.70540864071763,0.6803506250509834,216.4639095520625
2,0.1084705013265166,0.1362774229215719,35.31944264562227,0.1755049269605987,217.62603761639224
