PrincipalComponent,coi,c1i,a1i,c2i,a2i
1,0.6731944072398883,0.8270517627863412,48.49337728539015,0.6632629225666209,215.64480898033077
2,0.1314071601245718,0.170961098122761,34.326218218653565,0.2381484214281589,216.33420343902785
