PrincipalComponent,coi,c1i,a1i,c2i,a2i
1,0.5362130174534707,0.6067606157683704,43.34139625779021,0.6984001062764598,215.53318083307877
2,0.2192339776166163,0.331822980999051,36.20664345916523,0.4771878979995331,215.09396230113612
