PrincipalComponent,coi,c1i,a1i,c2i,a2i
1,0.8493775941863366,1.0375813860416525,62.02020351895719,0.774071383472326,216.68311266599508
2,0.04260123865918,0.045662585600291,37.11755992131949,0.0497261210746619,219.93262766752432
