PrincipalComponent,coi,c1i,a1i,c2i,a2i
1,0.7545195955337783,0.9196222847085204,54.16863258002068,0.7300443163531632,216.52126079497427
2,0.0884287726318805,0.1040932094766016,35.565647277279396,0.1318529612558354,218.01065374360363
