PrincipalComponent,coi,c1i,a1i,c2i,a2i
1,0.9847464898147812,1.149796148915056,64.45891673220926,0.8417544547872838,214.9405989774678
2,0.0406892819203881,0.0201661641362963,36.93258348435568,0.0614614864790573,219.84142530087075
