PrincipalComponent,coi,c1i,a1i,c2i,a2i
1,0.9380699886106498,1.1340824155831286,71.21302914510945,0.7464435692110294,215.41465106323076
2,0.0423333330438249,0.0350538348980039,38.5992661357047,0.0584273121404132,221.6847820035385
