PrincipalComponent,coi,c1i,a1i,c2i,a2i
1,0.6895664050170123,0.8178275489383494,49.292458043780414,0.6294484618870991,215.39925803112155
2,0.1561923271712431,0.1804642231182184,34.15106087873656,0.3302499716744748,216.3514279765431
