PrincipalComponent,coi,c1i,a1i,c2i,a2i
1,0.8328379510879201,1.0022547850919992,62.33273312201315,0.7228207695417845,216.4199741744806
2,0.0874399811986457,0.0782122039675785,37.04089144746224,0.1508317788891224,219.8888397773287
