PrincipalComponent,coi,c1i,a1i,c2i,a2i
1,0.8122138012687145,0.9676123064000244,59.78006988590687,0.7352774129612614,216.23441732621416
2,0.0953774525223677,0.086450537805242,36.480321533113816,0.1669107285359361,219.22769085273976
