PrincipalComponent,coi,c1i,a1i,c2i,a2i
1,0.5597343255640647,0.5878515162341066,42.09288739440217,0.7010156880591797,214.7465395633208
2,0.2298349701969673,0.3398660805162206,35.54487663881083,0.5542462845532962,214.4003989050387
