PrincipalComponent,coi,c1i,a1i,c2i,a2i
1,0.9570676204939286,1.189232450133216,61.921645576805936,0.6678639636733782,216.8797662734891
2,0.0569231076931848,0.0311337275672644,36.90468805395648,0.1599034775956985,219.80795272224643
