PrincipalComponent,coi,c1i,a1i,c2i,a2i
1,0.5807640691644294,0.6169245492777174,42.21853097793383,0.6638682674871056,214.54990162235669
2,0.2110466334578082,0.3251876813732677,34.627880933016854,0.5120712436928738,214.4298552629657
