PrincipalComponent,coi,c1i,a1i,c2i,a2i
1,0.6412072285872338,0.7513623332048148,46.01598036768576,0.6179081739551742,214.82724418537148
2,0.1783804745665581,0.2264019172848916,33.66912706708395,0.3955408245463819,215.3425803630831
