PrincipalComponent,coi,c1i,a1i,c2i,a2i
1,0.978576118312128,1.21025728782248,75.63342988539989,0.7224270492908952,214.89034370000192
2,0.0368320660319111,0.0211298847616228,39.26492806915377,0.0381781878806021,222.53926708113744
