PrincipalComponent,coi,c1i,a1i,c2i,a2i
1,0.7366776770606794,0.8777140374430424,53.92851738146489,0.6408075184279768,216.18793064826397
2,0.1375057937363837,0.1474565572548288,35.29846015685821,0.268332006704393,217.77151857241572
