PrincipalComponent,coi,c1i,a1i,c2i,a2i
1,0.986265966839142,1.152081608895978,67.72027955412614,0.8388467533624737,214.6267161436068
2,0.0362075040302386,0.0170916178139009,37.5206247952423,0.0408853595428949,220.5411027821769
