PrincipalComponent,coi,c1i,a1i,c2i,a2i
1,0.8999636725689892,1.1135691614803431,69.84538461084273,0.6942706303469163,216.43986615472969
2,0.0572304907324913,0.0524491922495471,38.60245954434162,0.0933788957899409,221.6783847699655
