PrincipalComponent,coi,c1i,a1i,c2i,a2i
1,0.9791160780411652,1.1781391821951066,63.631713232952514,0.7746810374202032,215.7813125262923
2,0.047098257947721,0.0265727882792596,36.95486075273498,0.0900445573565837,219.88265284604805
