PrincipalComponent,coi,c1i,a1i,c2i,a2i
1,0.5984346986635711,0.6610711147096129,42.60285885261699,0.6386384103985021,214.2900278853716
2,0.1978215125659858,0.286956540096867,33.55283256221915,0.4772151226042634,214.37922403550556
