PrincipalComponent,coi,c1i,a1i,c2i,a2i
1,0.865799945332289,1.044393788766184,65.34232239445083,0.7260560462832594,216.40718600520557
2,0.0730663621165351,0.0626898712481984,37.656193381290905,0.1215097789289225,220.60498289497343
