PrincipalComponent,coi,c1i,a1i,c2i,a2i
1,0.7663399888046922,0.9119668526258804,55.88718617234265,0.687514785098983,216.3633371591668
2,0.1195514975674779,0.1197332222575508,35.70234095612277,0.2213492129675336,218.3243901183092
