PrincipalComponent,coi,c1i,a1i,c2i,a2i
1,0.670877000302022,0.7244157876750288,40.02898867950291,0.7179871922550114,213.7436867145553
2,0.1249904377978851,0.274050793086513,33.60548030039934,0.3635658242347115,213.85287736976056
