PrincipalComponent,coi,c1i,a1i,c2i,a2i
1,0.7797875905164962,0.8452043464495633,47.59972801283014,0.8536716753104043,214.45445277976748
2,0.0822711010604043,0.1580897637044505,34.26857754881724,0.2455900337843943,215.8659659440293
