PrincipalComponent,coi,c1i,a1i,c2i,a2i
1,0.9051263250400804,0.9488797045664796,50.533542121719336,1.0710432063213888,213.34642160858127
2,0.0351747516828354,0.0635688155567761,33.956577470857205,0.1028355939090177,216.12499566467437
