PrincipalComponent,coi,c1i,a1i,c2i,a2i
1,0.9289564946223702,1.1232696566137683,49.4260304837696,0.938203022200916,214.90295409440708
2,0.035151226112915,0.0240755443052067,33.88116326815665,0.0985813645257187,216.25636376806133
