PrincipalComponent,coi,c1i,a1i,c2i,a2i
1,0.7316332994950934,0.7930007145816491,44.45613182207757,0.7804886369300761,214.3776405305432
2,0.1016031137259979,0.2053572539110797,33.9662694199392,0.2943875697440976,215.1084129038158
