PrincipalComponent,coi,c1i,a1i,c2i,a2i
1,0.9330984803944358,1.0022618744723668,49.03467405299426,1.1234371236105651,213.33174944973732
2,0.0243319895856545,0.0355859467144933,33.4636957019809,0.0546315057321662,215.7257578924173
