PrincipalComponent,coi,c1i,a1i,c2i,a2i
1,0.8302909146159649,0.9056328287675024,51.9842547313375,0.8834020087391681,214.70735811158
2,0.0664890213386984,0.1274234037765588,34.996022263155865,0.1983310465069178,216.94945158779015
