PrincipalComponent,coi,c1i,a1i,c2i,a2i
1,0.9436395301780076,1.090084221006263,49.29980962187163,1.0481170319246167,214.22711393544887
2,0.0271782389557881,0.0254035946726057,33.65154542032235,0.052337130936643,216.02262287014236
