PrincipalComponent,coi,c1i,a1i,c2i,a2i
1,0.8059356251333892,0.8717804998551113,49.688559626318,0.8716664106195704,214.57655699875448
2,0.0744804031792956,0.1404884763279319,34.58953907246892,0.222500032835802,216.38750054304853
