PrincipalComponent,coi,c1i,a1i,c2i,a2i
1,0.8628053446850776,0.9155073478959028,51.276285974308,0.9735196789767828,213.9808995754317
2,0.0527528591549048,0.0998112496872203,34.480711017681735,0.155862891502745,216.5314345780068
