PrincipalComponent,coi,c1i,a1i,c2i,a2i
1,0.7643609515223767,0.8276686231089094,46.312149683133114,0.8451684794918392,214.313740664074
2,0.0864801927983087,0.1676800182422868,34.044366115213016,0.2587284342093269,215.5300353674967
