PrincipalComponent,coi,c1i,a1i,c2i,a2i
1,0.5749222480171844,0.5443348370451052,33.036984126153136,0.798118009579342,218.2658121158336
2,0.2037032944888581,0.4825607504231912,51.04188448350349,0.3562361713842169,215.96796486101212
