PrincipalComponent,coi,c1i,a1i,c2i,a2i
1,0.6357541439971057,0.667989427719385,38.331024160344704,0.7095956484133319,213.7236402283108
2,0.1422997255111741,0.3265663377852862,34.49580861972102,0.3952840765658669,213.54117328635553
