PrincipalComponent,coi,c1i,a1i,c2i,a2i
1,0.7087165935062482,0.7654894032559959,43.09254217137635,0.7364698897783952,214.2856121718089
2,0.113668266422013,0.2367265984866997,34.01379010275028,0.325137298172677,214.7451100354523
