PrincipalComponent,coi,c1i,a1i,c2i,a2i
1,0.9428818740969004,1.047936662819636,49.03313682185532,1.1056620988891732,213.70007207375937
2,0.0252829664451614,0.0252807881103,33.486399841963774,0.0450678024566403,215.81224708148983
