PrincipalComponent,coi,c1i,a1i,c2i,a2i
1,0.5516460529274289,0.5160337158626952,32.44112997746729,0.8523276277420708,219.6227079131855
2,0.2271747107431032,0.5140470401726974,53.87554506126004,0.3590751302121663,216.41061431944027
