PrincipalComponent,coi,c1i,a1i,c2i,a2i
1,0.6081097480515286,0.586409659498428,37.140455965121966,0.7353576928240525,214.6511552070417
2,0.1633718006893471,0.4030402898090957,37.64638964224785,0.4216504181969134,213.9228579756028
