PrincipalComponent,coi,c1i,a1i,c2i,a2i
1,0.7261639592944413,0.8439309559054745,42.492318231523384,0.611669054537282,214.8227265260076
2,0.1100260874383365,0.2295545251268102,34.11571273168112,0.3245554207604995,214.74295980085412
