PrincipalComponent,coi,c1i,a1i,c2i,a2i
1,0.8162257478995585,0.93867066907634,47.98215771498343,0.7110246442001148,215.426781415984
2,0.0780928106413689,0.1544557667845809,34.66201350962007,0.2578385459938868,216.18407493796897
