PrincipalComponent,coi,c1i,a1i,c2i,a2i
1,0.8462389882392726,0.9544559259806696,47.833824668123654,0.7842223334952426,215.00988651435853
2,0.0680788994196755,0.1262903787443508,34.239842115214515,0.2249769909521875,215.9923021741665
