PrincipalComponent,coi,c1i,a1i,c2i,a2i
1,0.8859704188135283,0.99339646395807,48.13473530517445,0.8592648077579296,214.73104300238188
2,0.056149062319497,0.0925196617969803,33.91908179107754,0.1816176940472348,215.93708734555236
