PrincipalComponent,coi,c1i,a1i,c2i,a2i
1,0.5953289400691937,0.651948364245059,33.930495961029585,0.6217971539540093,221.43667577145104
2,0.204530947982713,0.4910195092801226,57.35455227916203,0.2755629145459188,217.4971416433975
