PrincipalComponent,coi,c1i,a1i,c2i,a2i
1,0.9640188632241206,1.1831973964313107,49.47642372471057,0.879488846423619,215.10136953290635
2,0.0214072436969775,0.0256465302668132,33.84270960349882,0.0453487384562052,216.3199081791105
