PrincipalComponent,coi,c1i,a1i,c2i,a2i
1,0.770391106780236,0.8900353930738658,44.86429443061942,0.6773482440870986,214.96913611962952
2,0.0922404390061244,0.1833570066770183,34.19781027601792,0.2926839575765837,215.34423814688537
