PrincipalComponent,coi,c1i,a1i,c2i,a2i
1,0.6291424725326952,0.7288113520915079,36.170046762953135,0.5791266645161383,221.6662560229749
2,0.1866880453846485,0.4290495364630723,60.544548067403674,0.2427151992760743,217.792931542385
