PrincipalComponent,coi,c1i,a1i,c2i,a2i
1,0.706122360577721,0.8162017091078695,41.572307436634574,0.5766370223330903,214.77924535187145
2,0.1205848773177681,0.2642667369900462,34.36993761603436,0.3406998877390752,214.53230741066233
