PrincipalComponent,coi,c1i,a1i,c2i,a2i
1,0.6726918466972128,0.7779719969147382,39.21891015261477,0.562404053776052,214.3584788196886
2,0.1303717911430963,0.3022918360496096,34.29769109229173,0.3671324256775077,213.86853178877945
