PrincipalComponent,coi,c1i,a1i,c2i,a2i
1,0.5791243987812513,0.613600501110635,33.424799905493195,0.6603284652369552,221.94362081077028
2,0.2189004853817364,0.5348893397627309,57.827038258016145,0.2804942203853164,217.86802255902373
