PrincipalComponent,coi,c1i,a1i,c2i,a2i
1,0.9535417782269702,1.1301874420954563,48.622700986038744,0.9220597395593404,214.71751517776903
2,0.0254815446847809,0.0319641860038146,33.641160645592265,0.0639323219658105,216.0182891565766
