PrincipalComponent,coi,c1i,a1i,c2i,a2i
1,0.9612718069262248,1.2293061068567022,50.68645175429348,0.7932824659905691,215.7385774210092
2,0.0222385485992559,0.0224894191256051,34.235605936164774,0.0474188886669668,216.7994382104522
