PrincipalComponent,coi,c1i,a1i,c2i,a2i
1,0.5555858573691634,0.591003717994425,33.180494975031934,0.7111840908420508,223.24943095126227
2,0.2421708342955055,0.5625195462275531,60.297089094064816,0.285080248220305,218.3306111695134
