PrincipalComponent,coi,c1i,a1i,c2i,a2i
1,0.7566841206062208,0.8762288884851561,43.94917796209663,0.6672033422691716,214.84253658392473
2,0.0955677683092997,0.1924218007359764,34.06616037813249,0.3024502394869136,215.08685512967463
