PrincipalComponent,coi,c1i,a1i,c2i,a2i
1,0.794012316313757,0.9110836571771428,46.30319825911173,0.6968496461992165,215.1731499997156
2,0.0852669897461939,0.1664686294192424,34.377839423305296,0.2762430097278877,215.73223174930803
