PrincipalComponent,coi,c1i,a1i,c2i,a2i
1,0.8495573467702461,1.0262861558456975,48.61893031833872,0.7000989858569455,215.5930489337479
2,0.0605932797876773,0.1074946736168479,34.41015729389239,0.2830112181198475,216.2529327725178
