PrincipalComponent,coi,c1i,a1i,c2i,a2i
1,0.942784142011719,1.290506582407276,52.630525131188115,0.7063315693308483,216.5079725141269
2,0.0161853740560623,0.0271882415853469,34.838827725376866,0.0440374733773678,217.4883453931828
