PrincipalComponent,coi,c1i,a1i,c2i,a2i
1,0.9371094540162248,1.2379569949963405,51.03750711852886,0.7552488307937744,215.9398201730218
2,0.0220032231650074,0.0314416325083553,34.45303297521403,0.0885659015452649,216.9447107964228
