PrincipalComponent,coi,c1i,a1i,c2i,a2i
1,0.8891014692799981,1.1009132778593425,48.93650411229163,0.7534763912179087,215.5264280983612
2,0.0451126718961217,0.0726212245677993,34.15204688364644,0.2071261054655434,216.3233591673778
