PrincipalComponent,coi,c1i,a1i,c2i,a2i
1,0.6005446338835546,0.752436595825435,35.50309907450459,0.5199186423462975,227.41218341176676
2,0.1893191261268208,0.553636327375086,77.13989348216411,0.1200095273271455,220.5659846093046
