PrincipalComponent,coi,c1i,a1i,c2i,a2i
1,0.7420297205015319,0.9137902077667772,44.86310888358009,0.5581184648205829,215.48553265344827
2,0.0866573311797793,0.2022501506955182,34.79594674533433,0.3622988697032914,215.41767247173317
