PrincipalComponent,coi,c1i,a1i,c2i,a2i
1,0.9196621148376798,1.1747680509236782,49.99019235720916,0.772915673170067,215.6630967810876
2,0.0311820252916209,0.0448906360578755,34.23506294969613,0.1385570875352267,216.61371665943992
