PrincipalComponent,coi,c1i,a1i,c2i,a2i
1,0.729764406584862,0.8993910133397959,44.00227317802122,0.5519232148945811,215.34244793644731
2,0.0888355768626069,0.2116466651743992,34.71002266359516,0.368078497829772,215.18397436025552
