PrincipalComponent,coi,c1i,a1i,c2i,a2i
1,0.5272465276070365,0.6154997160815043,32.6817623055679,0.671510017500768,228.0355867503942
2,0.2456791564458956,0.6812639243150986,73.00625827169208,0.1469907062735195,220.66063440587257
