PrincipalComponent,coi,c1i,a1i,c2i,a2i
1,0.6363688010406643,0.8047935188708109,37.2903777826644,0.5038272178702502,227.92681069308753
2,0.1684921713540208,0.5029113859401827,80.27829473941274,0.1197991671930237,220.6164761149849
