PrincipalComponent,coi,c1i,a1i,c2i,a2i
1,0.7641246338531349,0.93750345841971,46.3899384157935,0.5693950269704695,215.7203102087176
2,0.0817859500327345,0.1835146304979864,34.90825953328813,0.3524128203369203,215.8442838019854
