PrincipalComponent,coi,c1i,a1i,c2i,a2i
1,0.7016540859691129,0.8664264185012509,42.535034240167754,0.507797585720369,215.2930319500113
2,0.1011911122481555,0.2491391268297338,34.86727399551032,0.3786614572296597,214.8602789148356
