PrincipalComponent,coi,c1i,a1i,c2i,a2i
1,0.549792818155833,0.6402775252861287,32.77388589640284,0.615527278292291,226.69646816802324
2,0.2227360031885153,0.6447107411067302,70.82902248981546,0.1558150821079949,220.2708826073284
