PrincipalComponent,coi,c1i,a1i,c2i,a2i
1,0.5657334822928468,0.6793147892063476,33.28233606992324,0.5714164882493689,226.57072349194664
2,0.2090994438587815,0.6016189204806835,71.734906097236,0.1543942879989859,220.08512594193377
