PrincipalComponent,coi,c1i,a1i,c2i,a2i
1,0.6729174035382586,0.8439661850713744,40.144085418051326,0.4992176138145092,227.51541347632565
2,0.1528350725159404,0.4416531245492088,80.0351367850609,0.1413424153390015,220.74399174817
