PrincipalComponent,coi,c1i,a1i,c2i,a2i
1,0.7849328598252813,0.9653285008986092,47.95616135564539,0.578147587102467,215.9794415374357
2,0.0754744109072216,0.1711290744423614,35.11535418943435,0.3402680258040672,216.28074316272168
