PrincipalComponent,coi,c1i,a1i,c2i,a2i
1,0.8132276168609579,0.9839732323105612,48.094802245436874,0.6392713352119453,215.76343626234492
2,0.0681186259531098,0.1425100085543861,34.753258828179945,0.3157567680404861,216.22270043598223
