PrincipalComponent,coi,c1i,a1i,c2i,a2i
1,0.844457498348038,0.9576036634362202,37.5596665134322,1.2758188915965962,250.0
2,0.0181104531786159,0.0146257329425896,40.046565109697326,0.0119768893732259,223.51873061616288
