PrincipalComponent,coi,c1i,a1i,c2i,a2i
1,0.8378678761697277,0.9879236688553692,38.31484325289877,1.3234857219079963,250.0
2,0.0202044802137705,0.006304760084589,40.1662698796422,0.0204685796313946,223.6350602815757
