PrincipalComponent,coi,c1i,a1i,c2i,a2i
1,0.8543858171209713,0.9086212420199616,36.9493429862617,1.257394357991105,249.99999999999997
2,0.0218004210779209,0.0266315198776119,40.07862770555596,0.0047501155145088,223.44123136537516
