PrincipalComponent,coi,c1i,a1i,c2i,a2i
1,0.8796240647020281,0.7477943058111348,35.46869647318328,1.239594014840261,214.06351420200085
2,0.0299764421257309,0.0622519394663594,30.984420537173783,0.0,212.80505216356784
