PrincipalComponent,coi,c1i,a1i,c2i,a2i
1,0.8915808283146817,0.6940513143967073,35.75621433296164,1.2116845379558578,214.01075811118173
2,0.045000224933526,0.1028985231985653,31.311657561681027,0.0,212.9213495359348
