PrincipalComponent,coi,c1i,a1i,c2i,a2i
1,0.8953832423752178,0.6825509636633493,38.376167556283185,1.1525882201521618,214.43185374366385
2,0.060713011126795,0.142453291282011,32.54811625980977,0.005578408572058,213.7775772662107
