PrincipalComponent,coi,c1i,a1i,c2i,a2i
1,0.8794549578997868,0.6705744125819597,38.96929601113116,1.1218654857691783,214.5597372695356
2,0.0799044785208262,0.1694531571301695,33.30458581201538,0.024678445157082,214.05157221346312
