PrincipalComponent,coi,c1i,a1i,c2i,a2i
1,0.867801725714655,0.6476539290004192,38.99538098244667,1.0987350456511336,214.6821778324974
2,0.0989326048348736,0.2118492350736281,34.54674104514714,0.056674196577855,214.25587446395147
