PrincipalComponent,coi,c1i,a1i,c2i,a2i
1,0.8688309059258563,0.6441500765037176,39.341863609162935,1.088513894166646,214.78970035946216
2,0.1048081679142431,0.2237090393042665,35.053023259626244,0.0679870529394551,214.4160814148307
