PrincipalComponent,coi,c1i,a1i,c2i,a2i
1,0.8649079779600137,0.6414006445717463,40.16059153121768,1.0640655518202262,214.8206484613187
2,0.1171380326985411,0.2388870350172772,35.574203934121016,0.0954073198235237,214.62259883695856
