PrincipalComponent,coi,c1i,a1i,c2i,a2i
1,0.8605616323065,0.6489195822561887,41.45696982945136,1.0370987204683038,214.78678661036196
2,0.1319848597720619,0.2492028105914672,36.03847855777812,0.1207226614403255,214.88519858274893
