PrincipalComponent,coi,c1i,a1i,c2i,a2i
1,0.8573784787794333,0.6319879677897345,41.834668006430356,1.018960952288872,214.62139717799383
2,0.1464281096124838,0.2768857648986192,37.15087550948584,0.1632218759165778,214.9118655612122
