PrincipalComponent,coi,c1i,a1i,c2i,a2i
1,0.8364720716837462,0.6282547813438335,38.62886331268493,1.022456053061425,220.813244717132
2,0.1932473585532621,0.451056252679225,73.39655297150279,3.661321637970149e-18,220.27906212230857
