PrincipalComponent,coi,c1i,a1i,c2i,a2i
1,0.8264545521893041,0.6573379068380041,41.07546968499761,0.9273793143646274,221.7234535629925
2,0.2076710715903562,0.5341715344995905,73.49321531660486,9.323861086993452e-18,221.38801719133616
