PrincipalComponent,coi,c1i,a1i,c2i,a2i
1,0.8146942723472139,0.6913716609159294,43.35488348079016,0.8399866096147631,223.58431473894709
2,0.2105076018512466,0.5997083511655903,75.58828989754653,3.0607577724671512e-18,222.66619763475444
