PrincipalComponent,coi,c1i,a1i,c2i,a2i
1,0.797820598825056,0.7372611421303141,45.00729011360504,0.7493667594094607,225.51784686268425
2,0.2151019466256614,0.6406245979428439,77.09878333362336,0.0,223.74054408547585
