PrincipalComponent,coi,c1i,a1i,c2i,a2i
1,0.7794317567822987,0.7783065138032639,47.116900737218074,0.6185473283690922,228.7124900959957
2,0.2258892519856933,0.6850635561994333,82.54021901804245,5.884819017836418e-18,225.5443091585784
