PrincipalComponent,coi,c1i,a1i,c2i,a2i
1,0.6126544587259661,0.8046289892870905,36.84670137089827,0.4130865572578602,226.78841751959908
2,0.1850866079374629,0.4590520636664236,70.52482798989698,0.165134413088219,220.517122006197
