PrincipalComponent,coi,c1i,a1i,c2i,a2i
1,0.6371257347571596,0.80110306978402,37.028110722923536,0.5001810670893255,225.82316620530037
2,0.1775526125552522,0.4616684435617744,69.5039640691036,0.1344144584583956,220.3912873867026
