PrincipalComponent,coi,c1i,a1i,c2i,a2i
1,0.643422431586197,0.915009723287152,39.28118213676808,0.7097478011130574,214.09593095661256
2,0.0634792475606418,0.0999843706174047,31.97426343855079,0.1113944206354107,213.77892467709825
