PrincipalComponent,coi,c1i,a1i,c2i,a2i
1,0.6506984159141534,0.9545663000974866,38.75620893062878,0.7174951814914363,213.9149807733077
2,0.0480409916075146,0.0732418050450772,31.7297728494706,0.0668960348341398,213.59282340260097
