PrincipalComponent,coi,c1i,a1i,c2i,a2i
1,0.6594473739751852,1.0109554189891832,38.644197539970115,0.7038600788908583,213.82702236104623
2,0.0270638425908712,0.0414244986199144,31.577516087012672,0.0284163797956495,213.53150016149783
