PrincipalComponent,coi,c1i,a1i,c2i,a2i
1,0.6423489370764799,0.7953115567819798,36.10953001057565,0.564471219701099,224.4655087856117
2,0.1699781860430018,0.43627038602611,66.8194898024653,0.1439868933750339,219.49838203121547
