PrincipalComponent,coi,c1i,a1i,c2i,a2i
1,0.6538620007274684,0.8612823079521694,40.759259972874545,0.6765616858985786,214.40656045068872
2,0.0976504159927634,0.1594965338777473,32.565362696260955,0.2153860015540897,214.2067618975611
