PrincipalComponent,coi,c1i,a1i,c2i,a2i
1,0.6599114113017615,0.7976686234391029,36.4712851588267,0.6099837166483731,223.5003049120701
2,0.1634287728591815,0.3894442778139439,63.4938582281616,0.1640939534288553,218.71439956637963
