PrincipalComponent,coi,c1i,a1i,c2i,a2i
1,0.6658741626386006,0.8184674011246736,40.0533112638157,0.6951608630251929,214.03387357923535
2,0.1102173768338885,0.1874419184847271,32.55186878187001,0.2623212547854907,213.90287859839725
