PrincipalComponent,coi,c1i,a1i,c2i,a2i
1,0.3253034116829007,0.5286082390977944,36.42539464016011,0.3942694223877597,214.5837935522066
