PrincipalComponent,coi,c1i,a1i,c2i,a2i
1,0.6733403516982557,0.7786276435986667,37.54619942379432,0.6720370938542585,213.5718990996661
2,0.1196629947342521,0.2584154997081657,32.615311783168075,0.3006045902018114,213.17790950217147
