PrincipalComponent,coi,c1i,a1i,c2i,a2i
1,0.6425711366964516,0.8957970775227445,39.69372085377729,0.6937790550474172,214.18292769133427
2,0.0774692365758857,0.121630750988178,32.1496366984519,0.1536021344598755,213.89834980483863
