PrincipalComponent,coi,c1i,a1i,c2i,a2i
1,0.6558353646441042,1.052961168535613,37.056297375836614,0.7430658070710114,213.5055402648265
2,0.00560596442606,0.0079561266430913,31.186257739738856,0.0043737299440175,213.05442688614372
