PrincipalComponent,coi,c1i,a1i,c2i,a2i
1,0.6684119180437935,0.7952379843540791,39.46065254568237,0.6931570350480356,213.936948858532
2,0.1142832393319859,0.2205108432197698,32.658531193642155,0.2829869988279578,213.7243167213047
