PrincipalComponent,coi,c1i,a1i,c2i,a2i
1,0.6492863054571039,0.872535585463708,40.715224687787554,0.6764730973709151,214.43294581079647
2,0.0943664300475846,0.1494616065399663,32.53857523989854,0.2042364353760379,214.206503231603
