PrincipalComponent,coi,c1i,a1i,c2i,a2i
1,0.6586907480545862,0.8391679402109229,40.46366687430755,0.6847408048921197,214.1808696409137
2,0.1027090400776652,0.1749466646312031,32.54884930878033,0.2431819645513709,214.05928456067133
