PrincipalComponent,coi,c1i,a1i,c2i,a2i
1,0.6379072742207,0.7478849616947685,39.66628336786549,0.732781715374002,214.1591928154956
2,0.1306534904869907,0.2471745747678567,33.25648558631656,0.3062827696660121,213.86025200583012
