PrincipalComponent,coi,c1i,a1i,c2i,a2i
1,0.6073435791646009,0.7278400968566768,35.978715442534515,0.5585167023608238,225.4825898759965
2,0.2028348707287831,0.5312081547716295,66.97301317606642,0.1453113403151864,220.50938017579657
