PrincipalComponent,coi,c1i,a1i,c2i,a2i
1,0.6337678866362432,0.9587762524367428,38.79295504918933,0.7550181788805935,214.00536895710465
2,0.0473836788721396,0.0852442855245274,31.762988196112342,0.0529338443451424,213.62302277847232
