PrincipalComponent,coi,c1i,a1i,c2i,a2i
1,0.6277379314015652,0.7238788917585739,35.53117743226016,0.6585705235390933,223.5058797535816
2,0.1914804877233229,0.4619491618536002,61.72126207771388,0.1814257939536369,219.00238641550223
