PrincipalComponent,coi,c1i,a1i,c2i,a2i
1,0.6219307420193199,0.8941698678264803,38.69942743966904,0.7646013791371518,214.04354869571367
2,0.0701202886073508,0.1239396218292837,31.95220873687079,0.0988741701804257,213.6369355689699
