PrincipalComponent,coi,c1i,a1i,c2i,a2i
1,0.6239037664789949,0.7912401256248072,40.348583957013346,0.7150316400854663,214.3860725773377
2,0.1191026059211725,0.2181769424188024,33.01302994267557,0.2602192143867101,214.10479446530263
