PrincipalComponent,coi,c1i,a1i,c2i,a2i
1,0.3234707884063978,0.5215698277608154,36.978461484649294,0.4638202807976014,214.9670117829899
