PrincipalComponent,coi,c1i,a1i,c2i,a2i
1,0.618876596143098,0.8031326072297637,40.294456738039145,0.7152283511495744,214.38543650000895
2,0.1160358424247148,0.2073268720781649,32.93107386622159,0.2492836604079505,214.1009618139108
