PrincipalComponent,coi,c1i,a1i,c2i,a2i
1,0.6373686305491467,1.0172606408613865,37.332381618302946,0.8013877948496287,213.48608243416484
2,0.0208096529625564,0.0359128632443146,31.1962796656658,0.0178502239317271,213.09114386644072
