PrincipalComponent,coi,c1i,a1i,c2i,a2i
1,0.5846677733368412,0.733462836046893,35.89220389557387,0.4750023036681507,226.2259390162709
2,0.2090724038935117,0.5253390759473523,67.71653279004404,0.1732160107612519,220.691606593086
