PrincipalComponent,coi,c1i,a1i,c2i,a2i
1,0.6128304709733045,0.8299363565201097,39.44137849152181,0.732346990318746,214.23272203042345
2,0.0994206960620525,0.1767005873252516,32.45303702381233,0.1968738886638837,213.88121384951648
