PrincipalComponent,coi,c1i,a1i,c2i,a2i
1,0.6417979488268035,0.7252218291813233,39.18026262557041,0.7291393416478317,214.1757703114749
2,0.1346017544591884,0.2812289094911918,33.623906947064555,0.3251451297452235,213.7894954866673
