PrincipalComponent,coi,c1i,a1i,c2i,a2i
1,0.6114046709627687,0.7220323159536287,35.10813494840375,0.6178860348669546,224.3631430744391
2,0.197115339885783,0.5069915802748689,64.68249871384756,0.1576495698031636,219.67693395662616
