PrincipalComponent,coi,c1i,a1i,c2i,a2i
1,0.6485643526662956,0.7089190188801908,37.737400357520485,0.7052187315998838,214.0911061297052
2,0.1425748218275129,0.3217132365144231,34.101053063324095,0.3365752027859092,213.50032668865856
