PrincipalComponent,coi,c1i,a1i,c2i,a2i
1,0.6138094385546222,0.851983680357515,39.10940429588444,0.7507215160467411,214.18403016144345
2,0.0857270083463527,0.1529072687384874,32.22275071005478,0.1507774285611371,213.78657482232603
