PrincipalComponent,coi,c1i,a1i,c2i,a2i
1,0.638645485787934,1.0347480112488583,36.511579349383005,0.8565187161290508,213.363774578978
2,0.0085981476512847,0.0124470643625674,30.97110815100091,0.0049900385979618,212.83294338064945
