PrincipalComponent,coi,c1i,a1i,c2i,a2i
1,0.6295529181303896,0.7677897485680057,39.97890226359142,0.7239133892085396,214.22153215088431
2,0.1233532323056837,0.2347361596303273,33.10410517670237,0.2876418773635706,213.95331787024057
