PrincipalComponent,coi,c1i,a1i,c2i,a2i
1,0.6841532925005229,0.8485683873919098,38.79187584008938,0.5286026067761219,214.263340012824
2,0.1069490769622083,0.280668369025774,33.69361405848548,0.3002391124738497,213.75097733811455
