PrincipalComponent,coi,c1i,a1i,c2i,a2i
1,0.7045607344293205,0.8371612237879226,38.9848971898433,0.6601581223928816,213.80183551813016
2,0.1037381284094668,0.2092668541919096,32.46789055147121,0.2605032822293645,213.59013524613653
