PrincipalComponent,coi,c1i,a1i,c2i,a2i
1,0.7031414021236488,0.8563602049935405,41.28798586213112,0.6778617585118196,214.31960567893643
2,0.0970059671528528,0.1725022374943589,32.73767771541485,0.2390000721311264,214.28725676002904
