PrincipalComponent,coi,c1i,a1i,c2i,a2i
1,0.6947978121852272,0.8982565491768365,42.330389953715446,0.6685933006024638,214.6287636185464
2,0.0847951656568706,0.1300602925234342,32.799032024199924,0.197730593458077,214.6290353137316
