PrincipalComponent,coi,c1i,a1i,c2i,a2i
1,0.6709839953523363,0.8648811405585846,38.763085009121504,0.469295477662794,227.01658977994475
2,0.1558521072472081,0.4171997725324364,74.94689462435382,0.1058500061376231,220.8684249874036
