PrincipalComponent,coi,c1i,a1i,c2i,a2i
1,0.6447435621837314,0.8663134873711653,38.54244842709176,0.3787148932507838,228.9027736968807
2,0.1652666881319933,0.4186471522534426,76.48458339666664,0.1379801785012462,220.52471196764276
