PrincipalComponent,coi,c1i,a1i,c2i,a2i
1,0.6790882979977529,0.9641245165042256,40.75718218252084,0.6874206435180137,214.39811165079175
2,0.0442170950097806,0.0626625712742343,32.23058733774225,0.0771201916097533,214.21452355505332
