PrincipalComponent,coi,c1i,a1i,c2i,a2i
1,0.6864075952187015,0.9284433101054262,42.51845658211407,0.6600706367648828,214.81696858101375
2,0.0749520791156591,0.1078277560243515,32.8161815752778,0.1594461069105317,214.7474236792992
