PrincipalComponent,coi,c1i,a1i,c2i,a2i
1,0.689546045884044,1.046667508282948,39.89443047108399,0.6676020175342579,214.204537561858
2,0.012362055206821,0.0160046842036712,31.825775506142197,0.0113802288413429,213.93624830544397
