PrincipalComponent,coi,c1i,a1i,c2i,a2i
1,0.6904014991706757,0.9185761127173268,42.54991570414234,0.6600583603631032,214.79542547330576
2,0.0788745679643362,0.1164538036319184,32.83022176580684,0.1706514776044833,214.74129751087713
