PrincipalComponent,coi,c1i,a1i,c2i,a2i
1,0.6857454975453272,0.9989613721364048,40.265015406959584,0.6870977388884757,214.21749619908545
2,0.0301197040098421,0.0399537666243397,32.02148512490476,0.0406718759334829,214.04312420316435
