PrincipalComponent,coi,c1i,a1i,c2i,a2i
1,0.70278907707274,0.8786072697730088,42.01882709098139,0.6785512702909227,214.5130976920832
2,0.0916236631179209,0.141970118260009,32.78114424069529,0.216646993834824,214.5162859397704
