PrincipalComponent,coi,c1i,a1i,c2i,a2i
1,0.6975600561270375,0.8482832265734228,38.65435128753859,0.5841844597206901,214.0068803866677
2,0.1060375537996091,0.2571489744429632,33.06896304560917,0.2834658777353211,213.59878524674113
