PrincipalComponent,coi,c1i,a1i,c2i,a2i
1,0.3377734624850774,0.5355333839237085,38.166618022669184,0.349013803866078,215.35148022295976
