PrincipalComponent,coi,c1i,a1i,c2i,a2i
1,0.679294802888591,0.9469975994328448,41.30427027646662,0.6761887077306824,214.5227132396887
2,0.0578109781796715,0.0830550614278233,32.42748560360413,0.112843678204726,214.3808140200067
