PrincipalComponent,coi,c1i,a1i,c2i,a2i
1,0.7701533873256619,0.9295226898602093,45.069383321056904,0.6926331912999886,215.18404490075403
2,0.0660980980432334,0.1106052382872894,33.41634816267081,0.170723264349777,215.44266327796987
