PrincipalComponent,coi,c1i,a1i,c2i,a2i
1,0.7402333464943334,1.0110561730097,43.83307175109196,0.6891969492835424,215.12976535702103
2,0.0166772540701486,0.0219147627919924,32.94672839340167,0.0309664115897519,215.1701141069076
