PrincipalComponent,coi,c1i,a1i,c2i,a2i
1,0.7120358372142765,0.935570585288855,41.943190329319535,0.3588517338988566,215.2434201106649
2,0.092737747028032,0.2064691212367339,33.67112118134247,0.3339185512928772,214.71781161519195
