PrincipalComponent,coi,c1i,a1i,c2i,a2i
1,0.7635117628445877,0.9686905320428768,46.2923995259465,0.6802020766349407,215.5037355492399
2,0.052836131270321,0.0737322305490079,33.64172643250479,0.1282273778341362,215.8436768518935
