PrincipalComponent,coi,c1i,a1i,c2i,a2i
1,0.740796133166298,1.0353128862960552,43.04468354844548,0.6781996791877765,215.10298342513175
2,0.0070828487796197,0.0078990684199706,32.80647996712114,0.0097171997500571,214.9771207290856
