PrincipalComponent,coi,c1i,a1i,c2i,a2i
1,0.7718416339649402,0.9493021588920856,45.984120120665466,0.692553003722675,215.3767900534893
2,0.0592826969336332,0.0844447860963557,33.576539789572664,0.1460187052853235,215.7254209403149
