PrincipalComponent,coi,c1i,a1i,c2i,a2i
1,0.7375151995645847,0.93384891924706,42.33788494722664,0.4539327876491452,215.20667520202093
2,0.0850874269169527,0.2119997471580948,33.85737844992164,0.2878822154808466,214.82939129193355
