PrincipalComponent,coi,c1i,a1i,c2i,a2i
1,0.7424046302804013,0.9241234921300991,41.45318900096788,0.531066058440633,214.77554228326105
2,0.08103790364032,0.204398631063422,33.44656827724454,0.263680093821925,214.50863225690352
