PrincipalComponent,coi,c1i,a1i,c2i,a2i
1,0.7578035758256246,0.9859524579691294,46.20666562695601,0.6721459148055836,215.60917289831764
2,0.0465766538384979,0.0620905017312956,33.61826285738198,0.1039622922030341,215.86313820810344
