PrincipalComponent,coi,c1i,a1i,c2i,a2i
1,0.7440575223469457,1.0018184380905353,44.60308591140154,0.6848721401350242,215.25292968197385
2,0.0275548764833048,0.0363359572436381,33.17044290680282,0.0563114375556549,215.38767953694023
