PrincipalComponent,coi,c1i,a1i,c2i,a2i
1,0.754066682520407,0.9947677710407276,46.22169443193811,0.6699484843698827,215.655892808291
2,0.0429206623503923,0.0548203832928507,33.63819949414631,0.0938904395366683,215.88305939682743
