PrincipalComponent,coi,c1i,a1i,c2i,a2i
1,0.7700990386725759,0.908563718217942,42.37631796658528,0.6779469009985997,214.614408973159
2,0.074517172482988,0.1421626879158166,32.91074252472966,0.1976424526427938,214.6427905595025
