PrincipalComponent,coi,c1i,a1i,c2i,a2i
1,0.366552874265926,0.5338950088328406,42.53901504664167,0.3210427350144153,217.45879798083607
