PrincipalComponent,coi,c1i,a1i,c2i,a2i
1,0.8014146316293953,0.9599235527270864,43.54020598550288,0.6533577661420225,214.9574172218909
2,0.0612278026519068,0.135722312303184,33.27943395803453,0.1944749387874056,215.02291045273697
