PrincipalComponent,coi,c1i,a1i,c2i,a2i
1,0.8158229100166955,0.9765552146083948,48.13015150066983,0.7604872997054675,215.5480893764723
2,0.0385555431738082,0.0500233557898109,33.9723371752503,0.0942448348077709,216.28188876588135
