PrincipalComponent,coi,c1i,a1i,c2i,a2i
1,0.8058159963664364,0.9947782009225452,48.37790355508432,0.746827837121348,215.69730059562627
2,0.0333376819957834,0.0403806016298716,34.04494154747942,0.078551271083386,216.396714646701
