PrincipalComponent,coi,c1i,a1i,c2i,a2i
1,0.7514101187415172,0.9755961099141024,43.70399092098308,0.3988384345474732,215.60441580727732
2,0.0770898118568852,0.1549266962529205,33.674031935282805,0.315049064850864,215.24157536708577
