PrincipalComponent,coi,c1i,a1i,c2i,a2i
1,0.3835663882291919,0.5158832961575179,44.40019180100946,0.3592507299615064,218.16809995664065
