PrincipalComponent,coi,c1i,a1i,c2i,a2i
1,0.7832109705263597,0.9631266131254472,43.29027548750941,0.5834548539472356,215.0866308290714
2,0.064390481271196,0.1535064730318405,33.45909740549489,0.2322923638389326,215.00235332377105
