PrincipalComponent,coi,c1i,a1i,c2i,a2i
1,0.7802105353254755,1.0120552821590147,46.08552912347997,0.7466246138080425,215.5162792363446
2,0.0118730748424139,0.0131662195784179,33.44505347771937,0.0216281634520434,215.8026788391649
