PrincipalComponent,coi,c1i,a1i,c2i,a2i
1,0.7713857129301777,1.0128783704343909,45.08045233541669,0.7452506501662302,215.48336030931603
2,0.0049864733842233,0.0046457751139388,33.36391064573864,0.0066253599557631,215.5857475249066
