PrincipalComponent,coi,c1i,a1i,c2i,a2i
1,0.8141080180348909,0.940377692454682,44.40984325300503,0.7455325677528406,214.8351184006328
2,0.055457196739112,0.0993670044032597,33.17916828708584,0.1488015784196857,215.17931898818944
