PrincipalComponent,coi,c1i,a1i,c2i,a2i
1,0.8141358473684146,0.9602184704338024,47.32411316290504,0.7595571306784618,215.41885539557472
2,0.0470642890788146,0.0717409684253476,33.812311243159336,0.1192231640560392,216.047224890111
