PrincipalComponent,coi,c1i,a1i,c2i,a2i
1,0.7773716597228082,0.9746597242945128,44.20576320519478,0.4981228176212627,215.5633585077507
2,0.0692558887910435,0.1604393078672414,33.8532025709105,0.2634836057113949,215.35826894279535
