PrincipalComponent,coi,c1i,a1i,c2i,a2i
1,0.7939727518620854,1.0132451597917052,48.01626131213156,0.7363025951346315,215.79771015825304
2,0.0247107149158566,0.0264870503361539,33.98835755012639,0.0489881202915284,216.35165955028756
