PrincipalComponent,coi,c1i,a1i,c2i,a2i
1,0.7986874859424672,1.0075797806751698,48.15852142287447,0.7377175271953146,215.80997106673505
2,0.028204169704431,0.031439868641644,34.01875021648529,0.0580376533477296,216.3854516292873
