PrincipalComponent,coi,c1i,a1i,c2i,a2i
1,0.8129907004952763,0.9922806775678304,44.8526514602676,0.6288124982614657,215.27389147113576
2,0.0506540448362775,0.1205872838264282,33.64239954249327,0.202210059661349,215.42049198190864
