PrincipalComponent,coi,c1i,a1i,c2i,a2i
1,0.843629715025578,0.994581005314466,49.714772949806616,0.8118225124236198,215.56513077377852
2,0.0247488093814464,0.029508729402909,34.27332924088625,0.0591540155322137,216.66040314991932
