PrincipalComponent,coi,c1i,a1i,c2i,a2i
1,0.3939774708367392,0.5083250395500458,46.380234730201835,0.3869587832525176,218.84201180848723
