PrincipalComponent,coi,c1i,a1i,c2i,a2i
1,0.806418363064218,1.0055548331244877,45.75345787414255,0.5395148880996586,215.78005677990296
2,0.0557007611768977,0.1268673318625578,34.02088720312764,0.2367729235002837,215.78248743144923
