PrincipalComponent,coi,c1i,a1i,c2i,a2i
1,0.7994937009161249,1.0164785602806043,47.21345248241383,0.7873475539832686,215.73364334922255
2,0.0039374182576351,0.0029613141346714,33.86817003983381,0.0048299994414387,216.15858437370383
