PrincipalComponent,coi,c1i,a1i,c2i,a2i
1,0.8323875775478129,1.01054801155106,49.83327646358228,0.7978498340207337,215.7425313913783
2,0.0200913171974756,0.0214789408837434,34.3273592853236,0.0454724166398438,216.7509765688237
