PrincipalComponent,coi,c1i,a1i,c2i,a2i
1,0.8239584611705029,1.0211972867114147,49.46447447701342,0.7859147661793727,215.85899164510536
2,0.0152506276815479,0.0144694029071467,34.23448306297386,0.0292075340033559,216.6951284856996
