PrincipalComponent,coi,c1i,a1i,c2i,a2i
1,0.8430264375057229,0.9814411156610834,48.77954918308855,0.8138651552393991,215.38218318011064
2,0.0318418089347195,0.0472954063533953,34.06534449574326,0.0822982404939467,216.3751348788591
