PrincipalComponent,coi,c1i,a1i,c2i,a2i
1,0.8187371053064657,1.0252456893659925,49.3878144509933,0.7826442930814659,216.0159821205369
2,0.0125383782764226,0.0108686926286925,34.24004069390485,0.0225325095870689,216.75212894016013
