PrincipalComponent,coi,c1i,a1i,c2i,a2i
1,0.778697655292522,1.0033422883574064,45.079261835036384,0.4401814053606749,215.8857927960909
2,0.0642637926417705,0.1235267794925007,33.86113433839091,0.2909445494356065,215.64543240228952
