PrincipalComponent,coi,c1i,a1i,c2i,a2i
1,0.8436891097460091,0.963951319923214,45.8885406970539,0.80012708154095,214.8992502295233
2,0.0405811865434875,0.0715335174893978,33.40803337961199,0.11165515250359,215.54031862490365
