PrincipalComponent,coi,c1i,a1i,c2i,a2i
1,0.831252059532732,0.9864418219133192,44.95191940232708,0.7055712770158066,215.06336403128512
2,0.0465208876685478,0.1041951903380715,33.44937565444841,0.1602168866164429,215.3793085840309
