PrincipalComponent,coi,c1i,a1i,c2i,a2i
1,0.808379359552901,1.0423665199170884,46.63519515932365,0.4598091912478713,216.158581977132
2,0.0552666584423708,0.0987789976337352,34.08798026881492,0.2733016541726517,216.0808415178205
