PrincipalComponent,coi,c1i,a1i,c2i,a2i
1,0.8522443542391125,1.0466486126679395,51.36590546946513,0.8030874550786323,216.2211879752186
2,0.0072384960050665,0.0060313605461516,34.81877559041255,0.0116202522767268,217.26807015641535
