PrincipalComponent,coi,c1i,a1i,c2i,a2i
1,0.8450705530390447,1.0493379260933928,51.154031735227456,0.7987677829550756,216.24309229528887
2,0.0052190251898941,0.0040378231636503,34.788988125552635,0.006875099307325,217.2321481274939
