PrincipalComponent,coi,c1i,a1i,c2i,a2i
1,0.8764911482938316,0.998312568584127,47.62840581414913,0.8286467232914474,214.94391679405416
2,0.0284997079493122,0.0520522191124583,33.6971130191441,0.0839554235616127,215.95297691485663
