PrincipalComponent,coi,c1i,a1i,c2i,a2i
1,0.87498330517629,1.0158512187841306,50.91197381594288,0.8364561019048518,215.54944713546843
2,0.0213627559847443,0.0319754518048648,34.485089454697885,0.054795404751546,216.91951243581417
