PrincipalComponent,coi,c1i,a1i,c2i,a2i
1,0.8441277451746377,1.0320037357184575,46.51264447096841,0.6523351856973093,215.461234875161
2,0.0409319009522139,0.0951245356000476,33.85762187877071,0.1797113537024961,215.8484844007535
