PrincipalComponent,coi,c1i,a1i,c2i,a2i
1,0.8635777127613806,1.0251138449481276,46.7451708224876,0.7305993386105825,215.23607326034255
2,0.035842916403912,0.0811837549626393,33.7268910395887,0.1340403522996166,215.83732946114657
