PrincipalComponent,coi,c1i,a1i,c2i,a2i
1,0.4113261841402472,0.5199136945437414,48.98439333147769,0.3970534213852624,219.65326365962028
