PrincipalComponent,coi,c1i,a1i,c2i,a2i
1,0.8745411310533578,1.0274947246632289,51.87298595960747,0.8307051558889965,215.7294687032413
2,0.0144829451424751,0.0171798433659107,34.6745040391213,0.0345073517812214,217.20457618914924
