PrincipalComponent,coi,c1i,a1i,c2i,a2i
1,0.837449795844741,1.0462847887535016,47.45610877000582,0.559378709479404,216.01808639971708
2,0.045989204248028,0.1017780180121254,34.247928528185184,0.2163814209699266,216.23697061741345
