PrincipalComponent,coi,c1i,a1i,c2i,a2i
1,0.862067175854776,1.0403301692583276,51.86319325706609,0.816206131985834,215.96380668759844
2,0.0106570000526231,0.0110499626756881,34.69486477388952,0.023487987973244,217.27471859103335
