PrincipalComponent,coi,c1i,a1i,c2i,a2i
1,0.9172016180702356,1.0610065475189625,54.02256435433648,0.8555620101392719,215.867749440854
2,0.0107920222364167,0.017219510368989,35.069143973382936,0.0267980733342118,217.71701189088984
