PrincipalComponent,coi,c1i,a1i,c2i,a2i
1,0.8879474068022593,1.080642944121574,54.21381232355857,0.8100842148468907,216.5255927970617
2,0.0011669558564705,0.0004067025204031,35.464026105882326,0.0008992268446812,218.01851984233963
