PrincipalComponent,coi,c1i,a1i,c2i,a2i
1,0.9002417837275779,1.0804540390440749,55.06575452591449,0.8242994732363722,216.3623746660724
2,0.0036650831573703,0.0027078873158031,35.589085870220316,0.0057315807592429,218.16488316452367
