PrincipalComponent,coi,c1i,a1i,c2i,a2i
1,0.4402732252092364,0.5466942161027679,54.41586506526836,0.3969146252148531,221.4206507392258
