PrincipalComponent,coi,c1i,a1i,c2i,a2i
1,0.8800806234025284,1.1041817475262108,50.317852369778365,0.574587268342491,216.49485278357488
2,0.0370341021402833,0.0721398988518615,34.74660587184395,0.1922853021871061,217.0275200455768
