PrincipalComponent,coi,c1i,a1i,c2i,a2i
1,0.919554951164066,1.0429766798149718,50.54140291901342,0.855441078143283,215.22731463204113
2,0.0184773639643254,0.0322556501711401,34.27188738147616,0.0532509411201914,216.7026722426588
