PrincipalComponent,coi,c1i,a1i,c2i,a2i
1,0.8501202756412745,1.0979686991968023,49.34326757580907,0.4758698500568745,216.69656387387263
2,0.0470240679209257,0.0689997821060522,34.59072856791238,0.2516242802549854,216.86381181622497
