PrincipalComponent,coi,c1i,a1i,c2i,a2i
1,0.9074621745794252,1.0747696469469252,49.396074978855424,0.757885679170315,215.5336586990787
2,0.0247096809749188,0.0555337179480249,34.1945019116026,0.1040474317107574,216.51605145791663
