PrincipalComponent,coi,c1i,a1i,c2i,a2i
1,0.915407525655984,1.0724995197959273,55.40370270056626,0.8388982531585887,216.26517032400488
2,0.0060739418829971,0.0066396842167738,35.61619752525187,0.0120105345359588,218.20559681999623
