PrincipalComponent,coi,c1i,a1i,c2i,a2i
1,0.8870013749258773,1.0860209308244682,49.30058209806955,0.6733815827119154,215.86416840987977
2,0.0312736781309583,0.0679463986733704,34.344020957133836,0.151851060255272,216.5958680650841
