PrincipalComponent,coi,c1i,a1i,c2i,a2i
1,0.4492614543831492,0.5476672086186182,54.86936227887201,0.4041335844593659,221.40748693339287
