PrincipalComponent,coi,c1i,a1i,c2i,a2i
1,0.9188507434274708,1.0797067161949885,49.44610078379606,0.777951896422112,215.42227148747537
2,0.022217874156352,0.0501673642328156,34.159441850662205,0.0927544820524522,216.4907586226566
