PrincipalComponent,coi,c1i,a1i,c2i,a2i
1,0.9281862129855368,1.064268619769739,54.1147978771737,0.8714405717395158,215.83728779188817
2,0.008659945977713,0.0140822098471542,34.99168446039977,0.0193074253476962,217.70084735519015
