PrincipalComponent,coi,c1i,a1i,c2i,a2i
1,0.9311604986276762,1.0466815381896255,50.62293316646634,0.8737811994355954,215.1324589877697
2,0.015734516534695,0.0282659822024589,34.23256728264841,0.0435252076430754,216.6854070004617
