PrincipalComponent,coi,c1i,a1i,c2i,a2i
1,0.9107752160000034,1.0820680817414088,55.269405224883464,0.8352902654633827,216.2871408349783
2,0.0023872332720773,0.0012268290458171,35.60122295890315,0.0025411947476605,218.18384623266988
