PrincipalComponent,coi,c1i,a1i,c2i,a2i
1,0.8913787120701983,1.1095130486180784,50.38880520045218,0.5947265345433007,216.422922841538
2,0.0349922055446811,0.0661233380640053,34.70534726585547,0.1809211872009254,217.01979955190615
