PrincipalComponent,coi,c1i,a1i,c2i,a2i
1,0.8987047263403812,1.090999258160201,49.40361685289471,0.69361934813098,215.8129506838944
2,0.0291281877145701,0.0620367822484511,34.312224634474646,0.1403591349935886,216.59591816638775
