PrincipalComponent,coi,c1i,a1i,c2i,a2i
1,0.926224515601628,1.0739312609968827,55.51542164294092,0.8526523717203672,216.151432506832
2,0.0042763190358322,0.0046957486749053,35.60144917605296,0.0070127819307937,218.1916263266162
