PrincipalComponent,coi,c1i,a1i,c2i,a2i
1,0.860260839327857,1.1038503104604165,49.35011563860151,0.4957321392859007,216.6201113757944
2,0.0454310657777583,0.0626820832719093,34.53671150987048,0.2411114176734428,216.8364369975613
