PrincipalComponent,coi,c1i,a1i,c2i,a2i
1,0.9495766566806636,1.05434452928224,51.023402080260894,0.9107438023155766,214.9606777657696
2,0.0116317671385209,0.0197156912614329,34.19784414267805,0.029616992158232,216.71261914944463
