PrincipalComponent,coi,c1i,a1i,c2i,a2i
1,0.9442485977173096,1.0805702142406723,56.49257392496979,0.8742301355897288,215.9055270945437
2,0.001989508195264,0.0013741790088103,35.72487090056245,0.0016951754172174,218.3356970641883
