PrincipalComponent,coi,c1i,a1i,c2i,a2i
1,0.9096941261682494,1.124394430077568,50.93832002896903,0.6294194502715039,216.32215532147416
2,0.032070859806256,0.0524941229660515,34.70771992247562,0.1654873587143561,217.09557418018895
