PrincipalComponent,coi,c1i,a1i,c2i,a2i
1,0.9376640376959142,1.0898755492620629,49.89706796136603,0.816488336870523,215.23257931510344
2,0.0189539803578922,0.0385855902628475,34.136381154466626,0.0764603717649071,216.52436930404505
