PrincipalComponent,coi,c1i,a1i,c2i,a2i
1,0.4644953378923071,0.5517352891219872,56.79896081658865,0.4206816789615097,221.42642743791677
