PrincipalComponent,coi,c1i,a1i,c2i,a2i
1,0.9464266106828518,1.0710882454422088,54.804185575397625,0.9012222876538444,215.63610528240437
2,0.0055891649579275,0.0080232687321574,35.29481693243832,0.0095418527614067,217.8432477915362
