PrincipalComponent,coi,c1i,a1i,c2i,a2i
1,0.8778474323866412,1.1185967953678806,49.838121227887655,0.5298899222061266,216.55349481775005
2,0.0432917568283691,0.0481207071279558,34.5531099570687,0.2276105467674289,216.9250833701601
