PrincipalComponent,coi,c1i,a1i,c2i,a2i
1,0.9168353280893544,1.1027612489912022,49.70369156408941,0.7336257560105588,215.5971911641138
2,0.0250902835620846,0.0492518869800773,34.24134938716953,0.1238772304016949,216.58603958860596
