PrincipalComponent,coi,c1i,a1i,c2i,a2i
1,0.9319230212918492,1.1348746473925675,51.28093749495817,0.6567530321372262,216.29469469391344
2,0.0289420291937172,0.0407943542031314,34.69986712166021,0.153484266579571,217.14979213511828
