PrincipalComponent,coi,c1i,a1i,c2i,a2i
1,0.9591266074602348,1.0957066011643348,50.11492237625775,0.8472575470628692,215.1563736377069
2,0.0160718492796147,0.0292625233654226,34.10499495807156,0.0644286859504518,216.5386507938619
