PrincipalComponent,coi,c1i,a1i,c2i,a2i
1,0.9667611844415168,1.071345410634024,55.04980463996014,0.9267201921008972,215.4940728656306
2,0.0035297469861112,0.0035063157509155,35.291715944184894,0.0041295678375186,217.84321309240784
