PrincipalComponent,coi,c1i,a1i,c2i,a2i
1,0.971202034515302,1.0571649025362724,51.261722353853045,0.9395244028613438,214.90264247911324
2,0.0085921414191565,0.0129501677524472,34.145808503796296,0.0201628599618161,216.71891984131088
