PrincipalComponent,coi,c1i,a1i,c2i,a2i
1,0.900046897128921,1.128325692525872,50.14759763176151,0.5579220945667902,216.5239376581891
2,0.0400162103741854,0.036938130687146,34.551074866966,0.2153444423101565,216.98284721569877
