PrincipalComponent,coi,c1i,a1i,c2i,a2i
1,0.4825510458440469,0.5487513472182615,57.52473206022242,0.4398535187132731,221.2846752985249
