PrincipalComponent,coi,c1i,a1i,c2i,a2i
1,0.939715804759239,1.110927270478054,50.04476789060112,0.7629128736395268,215.5262404487529
2,0.0216572774619161,0.0386360406659973,34.24395475455321,0.1108798167783684,216.6340676212465
