PrincipalComponent,coi,c1i,a1i,c2i,a2i
1,0.9500949732878908,1.1633744142199662,50.91135333764146,0.6924730076225436,216.09811606769236
2,0.0224628359004148,0.0240943948345387,34.50873675799802,0.1270916869519881,216.99832835261012
