PrincipalComponent,coi,c1i,a1i,c2i,a2i
1,0.956632673628154,1.137779455173924,49.65654623656426,0.7980131051819432,215.38450240103447
2,0.0161802429806633,0.0230120000118506,34.05532951547974,0.0862863332680493,216.48673015052796
