PrincipalComponent,coi,c1i,a1i,c2i,a2i
1,0.9179141469479328,1.1586958529712468,50.00475576208541,0.5904842512374643,216.44268078066577
2,0.0346853414231725,0.0203555797860851,34.43297641749446,0.1887871654144034,216.9113228433735
