PrincipalComponent,coi,c1i,a1i,c2i,a2i
1,0.4884255757180697,0.544563018906619,53.83045455946347,0.4759641845744858,219.9980883687566
