PrincipalComponent,coi,c1i,a1i,c2i,a2i
1,0.9751777572196684,1.1180199696997128,49.46178623476949,0.8839568231615993,215.0345794037564
2,0.0099632379598878,0.0161997044686111,33.82248825039372,0.0424994390351134,216.3238941947771
