PrincipalComponent,coi,c1i,a1i,c2i,a2i
1,0.9838174683404324,1.0704442857909302,50.14504660817218,0.9749947774182356,214.809203340891
2,0.0042290586751265,0.0043595704646622,34.06328542630076,0.0074546728691807,216.45478088953053
