PrincipalComponent,coi,c1i,a1i,c2i,a2i
1,0.9818159151352948,1.1705173132138404,48.39946058504632,0.8214996319147506,215.13871220236976
2,0.0093666667862163,0.010534583103355,33.57881315140919,0.0499146779543148,216.09470095172475
