PrincipalComponent,coi,c1i,a1i,c2i,a2i
1,0.99786858383536,1.147552258047848,47.97800728417696,0.9002293135369874,214.97653953276225
2,0.0044960225154132,0.0058150739801329,33.60150862962571,0.0165883581174353,215.9736492866299
