PrincipalComponent,coi,c1i,a1i,c2i,a2i
1,0.947149329984424,1.1939749065144476,49.1732934224955,0.6195634191060219,216.1375567207728
2,0.0261542325729671,0.008332799414991,34.122736532819644,0.1401662699812105,216.62422214450768
