PrincipalComponent,coi,c1i,a1i,c2i,a2i
1,0.9769168260604536,1.1976977733205336,49.87772743241785,0.7181209403684596,215.80925868571111
2,0.0155501061730104,0.0114760424193755,34.123584976159364,0.0847997000517437,216.65890386695096
