PrincipalComponent,coi,c1i,a1i,c2i,a2i
1,0.5008848275263393,0.547696568159288,48.02024170155408,0.4908444505293554,218.03510115789703
