PrincipalComponent,coi,c1i,a1i,c2i,a2i
1,0.5036221402933251,0.6170921152588403,48.9465368317238,0.4151079688177203,219.160603359639
