PrincipalComponent,coi,c1i,a1i,c2i,a2i
1,0.9948201736680348,1.257216905388852,49.580241466628415,0.7683618875030216,215.86559371193692
2,0.0037188608208153,0.0014054642696452,34.114890957841276,0.011820670653275,216.60235439627945
