PrincipalComponent,coi,c1i,a1i,c2i,a2i
1,0.9636269642642168,1.281594859320544,50.433818461319504,0.5892779910616147,216.53055392404124
2,0.0169588743765269,9.351965800325112e-20,34.369918437849385,0.0763281471636068,217.0216859348224
