PrincipalComponent,coi,c1i,a1i,c2i,a2i
1,0.9920750921134208,1.2868637577675015,51.07470875764329,0.6753863694816808,216.4282941452745
2,0.0080308646799004,0.0012969463390186,34.45008969317909,0.0337452896591095,217.09986702431
