PrincipalComponent,coi,c1i,a1i,c2i,a2i
1,0.4950118820399254,0.6498102164895584,50.55035762936064,0.3600944953264942,220.1774943121835
