PrincipalComponent,coi,c1i,a1i,c2i,a2i
1,0.9878325418012048,1.321481004109568,51.77460784580683,0.6462632384749644,216.8051192442015
2,0.0030581517768531,0.000145560665158,34.790541936034245,0.0076948470798681,217.40660857099405
