PrincipalComponent,coi,c1i,a1i,c2i,a2i
1,0.9615165726899962,1.3126838274013994,50.92558542539621,0.5791792863635317,216.90278576208837
2,0.0086388194366969,4.5212063858440584e-20,34.531109793529176,0.0356586730626902,217.23236039976743
