PrincipalComponent,coi,c1i,a1i,c2i,a2i
1,0.4950755511715989,0.6779485031336794,52.977012747509896,0.2922130062776945,221.6813368965049
