PrincipalComponent,coi,c1i,a1i,c2i,a2i
1,0.9647201679405958,1.3354675951121138,51.77936816940629,0.5416428210007365,217.3154704972831
2,0.0042708799184674,0.0002716624296266,34.94225620156375,0.013371636272714,217.59677216901693
