PrincipalComponent,coi,c1i,a1i,c2i,a2i
1,0.4739913860449696,0.6639863635353642,50.834727291697405,0.2593044166305593,221.22809074246615
