PrincipalComponent,coi,c1i,a1i,c2i,a2i
1,0.6201790434103748,0.7344681831219662,47.82180515103814,0.6063442409906437,216.89772843974723
2,0.1782816414573702,0.2646596833070745,36.547696070710195,0.3151539563662464,216.84696331202304
