PrincipalComponent,coi,c1i,a1i,c2i,a2i
1,0.6216871104687803,0.6882790367436927,47.84738018692673,0.6359694185207599,217.0227465270493
2,0.1867953142955492,0.2856573763673219,37.21344154826646,0.3258406312187947,216.96446940308024
