PrincipalComponent,coi,c1i,a1i,c2i,a2i
1,0.5991333947183329,0.6690114574311871,40.31285278210723,0.5966655023215002,223.24455189327583
2,0.2056864283205308,0.4348567295122533,59.41374125701404,0.1966600424579599,220.1798189119158
