PrincipalComponent,coi,c1i,a1i,c2i,a2i
1,0.6069095471316781,0.6819561921201541,42.1292650267,0.5103774618021651,226.46061718327576
2,0.2254101981975387,0.4440790583572691,66.45090923116513,0.1678720747708051,221.9145682621217
