PrincipalComponent,coi,c1i,a1i,c2i,a2i
1,0.6197897297248988,0.7793198881356481,47.33493352827439,0.5769166780373165,216.6541393338114
2,0.168928683712087,0.2363185812483214,35.76840942713411,0.3113117860569744,216.58051027050476
