PrincipalComponent,coi,c1i,a1i,c2i,a2i
1,0.6242609850651781,0.8744672644416192,46.92677402224971,0.5178482185056937,216.38590674489205
2,0.1544047206212597,0.1651887724002699,34.59083313737597,0.3216143672755182,216.293415908343
