PrincipalComponent,coi,c1i,a1i,c2i,a2i
1,0.6497928393010542,0.6665970823033471,47.868465494090486,0.5795859621868589,217.30914828568552
2,0.1858047934130688,0.3385137614455832,38.20419249912977,0.3841190369887736,217.12013158800409
