PrincipalComponent,coi,c1i,a1i,c2i,a2i
1,0.6249479494105686,0.6195851664980612,46.907186233574464,0.6715896181555482,217.03460851648825
2,0.1948139040476386,0.3283004300596737,38.807241017377805,0.3828888946378832,216.8435527024297
