PrincipalComponent,coi,c1i,a1i,c2i,a2i
1,0.6295703864853829,0.8993158242243422,46.82727869115462,0.5069724015306833,216.33096852861456
2,0.1495757826530566,0.142647507192018,34.37554704687084,0.3217602159056987,216.24859186784676
