PrincipalComponent,coi,c1i,a1i,c2i,a2i
1,0.6229764107053736,0.8458593560034259,46.98813161199324,0.535437844192441,216.431491845655
2,0.1583552569284067,0.1883873546434474,34.86435733090378,0.3178400111960634,216.34521061584928
