PrincipalComponent,coi,c1i,a1i,c2i,a2i
1,0.6276185681108047,0.6582513769376499,48.133732634193166,0.6537327584618401,217.22536079947005
2,0.1918730530766704,0.3047170534979537,37.97766491116998,0.3342754295934199,217.1623955801172
