PrincipalComponent,coi,c1i,a1i,c2i,a2i
1,0.6296668918017506,0.6290589796284288,47.67101070892396,0.6682246364516257,217.2169358349579
2,0.198977382294252,0.3172637546416072,38.469491608381695,0.3520132190006532,217.08861588417935
