PrincipalComponent,coi,c1i,a1i,c2i,a2i
1,0.625365229396074,0.612399285193895,47.07274835857217,0.679373888566626,217.0580613338372
2,0.1988771214426124,0.3214843821610508,38.62721810349817,0.3759288662871167,216.88289884785408
