PrincipalComponent,coi,c1i,a1i,c2i,a2i
1,0.6032410988755539,0.6638466646747817,44.426417429140265,0.641317638464344,216.15921102633965
2,0.1801568669978717,0.3367908533204755,37.359002603782464,0.3979240639958711,215.87041425149843
