PrincipalComponent,coi,c1i,a1i,c2i,a2i
1,0.6634573540173927,0.663420262634824,51.19825916274891,0.5357752252319549,219.20774580278825
2,0.1945195475679251,0.3568052084351424,41.59513286671296,0.3282737369576297,218.8680978914072
