PrincipalComponent,coi,c1i,a1i,c2i,a2i
1,0.6444085135242261,0.6488703181954545,45.49669259328801,0.5330814314799822,225.69464788348884
2,0.225359729146217,0.4253822531292229,63.27852692499099,0.1794246203604739,222.3720514182856
