PrincipalComponent,coi,c1i,a1i,c2i,a2i
1,0.6289278117416889,0.6216938874160193,47.505307699898395,0.6736190970335498,217.1828155495836
2,0.2002629070496123,0.3168630416339602,38.519099851117446,0.3613132231716577,217.031224685606
