PrincipalComponent,coi,c1i,a1i,c2i,a2i
1,0.6053046014733028,0.5923678892580981,48.05590553316242,0.7097267391563403,217.79199061898188
2,0.2235661294802341,0.3377748817174143,40.31260547281224,0.395726034555993,217.4735795067256
