PrincipalComponent,coi,c1i,a1i,c2i,a2i
1,0.6062487040568765,0.8569136530198604,47.38011068082539,0.5523737769549705,216.48491799757448
2,0.1691095952036609,0.1730316648086485,34.838057822153225,0.3550149182876529,216.4370067886331
