PrincipalComponent,coi,c1i,a1i,c2i,a2i
1,0.625733482515347,0.632002888351474,48.21882063035014,0.6286121858799533,217.81210511146045
2,0.2089167881063027,0.3634749883509394,39.85730928730941,0.4077015201848157,217.48179363513003
