PrincipalComponent,coi,c1i,a1i,c2i,a2i
1,0.5796133804556303,0.6453140002650098,41.5702663266286,0.5723199455968767,227.6014125862941
2,0.2504628313981025,0.4868754167233136,68.91153661255274,0.1629495085940506,222.48438599630825
