PrincipalComponent,coi,c1i,a1i,c2i,a2i
1,0.5979474860269024,0.6554338988593326,48.37186196846305,0.6722872818861074,217.44829218389097
2,0.2086665121025216,0.3087684276291753,38.49294185583607,0.3633572125700262,217.33000935335428
