PrincipalComponent,coi,c1i,a1i,c2i,a2i
1,0.5967642996215572,0.6988486778702375,48.35734796212965,0.644123795186161,217.2625255263158
2,0.1989736448462513,0.2904790773565332,37.65553215019059,0.3522276947490512,217.18240678340052
