PrincipalComponent,coi,c1i,a1i,c2i,a2i
1,0.5963050727849862,0.7389432025088201,47.909656296404904,0.6185513528683778,216.97607976384785
2,0.1899508227159419,0.2654532050048375,36.734963866033944,0.3459755026703572,216.89874214234575
