PrincipalComponent,coi,c1i,a1i,c2i,a2i
1,0.5721966883738526,0.6317415483725131,39.72135147316948,0.658539880641765,224.3279415333131
2,0.2306900526639692,0.4753695169679462,61.91172751731577,0.1945155987575699,220.71369444241532
