PrincipalComponent,coi,c1i,a1i,c2i,a2i
1,0.6164183790749641,0.6130431923282357,44.94006958525279,0.5957575515741468,226.79694766929495
2,0.2506255608158323,0.4651718426186467,65.85375466713253,0.1768973153564614,222.9362750416673
