PrincipalComponent,coi,c1i,a1i,c2i,a2i
1,0.5822148265477607,0.630089060989728,44.93209817415606,0.6832165798393875,216.74133995268116
2,0.2018571100505651,0.3615998485049581,39.13119043488187,0.4256644660713653,216.2745173084382
