PrincipalComponent,coi,c1i,a1i,c2i,a2i
1,0.6017725092702,0.5836155385754541,47.54472380069435,0.7163100817308006,217.66948021262183
2,0.2222202411371582,0.3416822799117266,40.47008730567535,0.4096087768771291,217.2959292356753
