PrincipalComponent,coi,c1i,a1i,c2i,a2i
1,0.622837248665958,0.6146376728157127,46.52764013626027,0.6338980213154228,225.61319851742857
2,0.2458490711391361,0.455204757915968,63.05016319343504,0.2225382548211432,222.7472408849649
