PrincipalComponent,coi,c1i,a1i,c2i,a2i
1,0.5991417832836997,0.8017836683951989,47.62036439872442,0.5798741611292135,216.6836460444693
2,0.1790293617130502,0.2211715977017002,35.57747787952778,0.3505397383863065,216.6216979214853
