PrincipalComponent,coi,c1i,a1i,c2i,a2i
1,0.6045708037987662,0.6263668821454221,48.78466819307016,0.6891363993368106,217.7801785265154
2,0.2141249073544823,0.3279175771388015,39.562469073075384,0.3702721286813575,217.61541938098864
