PrincipalComponent,coi,c1i,a1i,c2i,a2i
1,0.6066617225857921,0.5990487112197616,48.36296933350258,0.7037305006492156,217.8653453979362
2,0.2220381539241493,0.3391932353420905,40.31090937139161,0.3862450496212256,217.58985537585565
