PrincipalComponent,coi,c1i,a1i,c2i,a2i
1,0.6002934065283763,0.8300579798833773,47.47563034688631,0.5638233922433956,216.5791625761166
2,0.1745853587286862,0.1975517394997198,35.157152891983024,0.3544354514758451,216.5092711191967
