PrincipalComponent,coi,c1i,a1i,c2i,a2i
1,0.6021896727824043,0.5902136226417795,47.54881067395161,0.7092857080399046,217.72414059734024
2,0.2180983203164078,0.3504624886929263,40.83127323414217,0.4132038405265215,217.33380986209937
