PrincipalComponent,coi,c1i,a1i,c2i,a2i
1,0.6695882948775411,0.7173629806555841,47.50615566185661,0.5438474733643969,216.6820817355812
2,0.1679513247744428,0.2894562224898983,36.35694687881897,0.3675501229813911,216.6237568179297
