PrincipalComponent,coi,c1i,a1i,c2i,a2i
1,0.6329716588606912,0.7199373794160582,43.04246161107789,0.5299549286428977,215.9750426452505
2,0.1521003537256532,0.3205912620039797,36.35561410417119,0.3113814194829392,215.51776072869453
