PrincipalComponent,coi,c1i,a1i,c2i,a2i
1,0.6459268828682591,0.6589894240738516,46.789640787328075,0.6537507819166544,216.33490441476857
2,0.1800767140854822,0.2757357042712485,36.54069875669417,0.350352421235915,216.36479865376663
