PrincipalComponent,coi,c1i,a1i,c2i,a2i
1,0.6430400123891398,0.7882605208178162,47.5289178548345,0.5766979055652083,216.48770252662976
2,0.1595054793336926,0.2151444782430048,35.3767996290583,0.2866974941533528,216.52150739685356
