PrincipalComponent,coi,c1i,a1i,c2i,a2i
1,0.6507199886144797,0.6771369320981089,47.37495128956845,0.6422624341095163,216.54740470816796
2,0.1797568103012837,0.2709665165748848,36.5440263440372,0.3255432666805735,216.58863614064413
