PrincipalComponent,coi,c1i,a1i,c2i,a2i
1,0.6484248170720083,0.9018320788222076,46.965359810538125,0.5005332380753743,216.3325627573823
2,0.139762736672191,0.1393700932903595,34.3802504906486,0.2882070338722028,216.28977550423403
