PrincipalComponent,coi,c1i,a1i,c2i,a2i
1,0.6503468094622432,0.6683212667009518,47.166099733143454,0.648303663136354,216.4807906384541
2,0.1808981350106286,0.2710464059845657,36.52979109013216,0.3351099361000234,216.50947139055975
