PrincipalComponent,coi,c1i,a1i,c2i,a2i
1,0.6434227228997761,0.7388155376466734,47.54198239593419,0.6092559335501833,216.5200593469928
2,0.1681153362241693,0.238583799696124,35.798603375566245,0.2966535108792715,216.57423600612404
