PrincipalComponent,coi,c1i,a1i,c2i,a2i
1,0.6413976386624362,0.731082592258509,44.75067798776919,0.4434670341003458,216.66129173171532
2,0.1674504382752317,0.3028745414150537,36.65835188429885,0.321003801883943,216.07456056301424
