PrincipalComponent,coi,c1i,a1i,c2i,a2i
1,0.6221529695727103,0.7135923251552074,44.315450063207486,0.6107225562840047,215.56599107158337
2,0.1628469185820766,0.2895791867920023,35.4999637566178,0.3756750334676176,215.4669853502469
