PrincipalComponent,coi,c1i,a1i,c2i,a2i
1,0.6494673913758106,0.7072043263285289,47.87523775775794,0.6275268537909185,216.6517451925998
2,0.173308882600632,0.2579436224067108,36.325084390248186,0.3058589478011809,216.72885432329903
