PrincipalComponent,coi,c1i,a1i,c2i,a2i
1,0.6489739003292169,0.92839765691901,46.88683837223351,0.4840592450125781,216.3291048749647
2,0.1361329806628022,0.1185811203974094,34.22572988014836,0.2909579054823504,216.27460422050763
