PrincipalComponent,coi,c1i,a1i,c2i,a2i
1,0.6449282589416581,0.667358031760943,46.6665308151883,0.6440317789231438,216.30355250311703
2,0.1762899989037687,0.2816090012237796,36.64410317899435,0.3593209742579689,216.32719658997144
