PrincipalComponent,coi,c1i,a1i,c2i,a2i
1,0.6543665588213856,0.9493267436449048,46.827683862067886,0.4744143650070294,216.33238005062353
2,0.1319386119109511,0.0989969381391345,34.113296123612685,0.2902660224122226,216.2616466383746
