PrincipalComponent,coi,c1i,a1i,c2i,a2i
1,0.6783823992611553,0.7037894511087069,48.540533903908305,0.4608011481825952,217.77602373016043
2,0.1729823319062733,0.30326270022672,38.15120921478911,0.3027486461076182,217.4099796341814
