PrincipalComponent,coi,c1i,a1i,c2i,a2i
1,0.6840819524251197,0.7171277354109201,50.75276278549026,0.4912037359688048,218.2819081468229
2,0.1744100853687328,0.3021750077483878,38.88231291876511,0.325175921952851,218.12794577817664
