PrincipalComponent,coi,c1i,a1i,c2i,a2i
1,0.6448134658463486,0.8345292218508303,47.13785819600558,0.544521690892168,216.3673612550052
2,0.1496777479509839,0.1855407087542269,34.87516674633619,0.2835077390106953,216.35976941402708
