PrincipalComponent,coi,c1i,a1i,c2i,a2i
1,0.7053961477286484,0.9043859573700826,50.80200124990498,0.5259718843943306,217.15231176692603
2,0.1212520247198139,0.1378460197211262,35.367630143123385,0.2222211035299072,217.45989878184247
