PrincipalComponent,coi,c1i,a1i,c2i,a2i
1,0.6974700154683078,0.7611692299172534,50.22744078894291,0.6172453139000423,216.6195031474602
2,0.1492987781392816,0.206816769934911,35.8132873733484,0.2827024625588822,217.1146093536818
