PrincipalComponent,coi,c1i,a1i,c2i,a2i
1,0.7052465720368516,0.7813866821937159,50.898083806618914,0.6042673820517138,216.89600961328577
2,0.1466318644122066,0.2017491757627068,35.91901262682413,0.2564214338725581,217.3821078652429
