PrincipalComponent,coi,c1i,a1i,c2i,a2i
1,0.6961257176404952,0.7711062422197912,50.12816000745393,0.6044220967743343,216.59242383263535
2,0.145993380176656,0.211338300638787,35.85281523020357,0.2943481560225849,217.07785838895316
