PrincipalComponent,coi,c1i,a1i,c2i,a2i
1,0.7209801013680204,0.8282525740663383,50.88012167918779,0.4859947340849228,217.13902081411817
2,0.1385011407289739,0.2149455000549067,35.87098141594139,0.3158977479339491,217.41361168963468
