PrincipalComponent,coi,c1i,a1i,c2i,a2i
1,0.6830192657084005,0.8224218780733592,45.62565897080052,0.4726214558939919,216.10081241501425
2,0.1211263817505562,0.2424233906280609,35.166457247125145,0.2775447720682583,215.95851174740667
