PrincipalComponent,coi,c1i,a1i,c2i,a2i
1,0.7096147549844873,1.027440199605063,49.63645640549029,0.4409719032216395,217.1024923198412
2,0.0994258899272475,0.0550656639776067,34.75887816882368,0.2231476742788651,217.1679655787424
