PrincipalComponent,coi,c1i,a1i,c2i,a2i
1,0.736723012241952,0.8360836198053451,54.23725160164241,0.4144388478278782,218.51669225607935
2,0.1417472025018479,0.2229950031923173,37.57983197451575,0.2904315930295795,218.74569854226465
