PrincipalComponent,coi,c1i,a1i,c2i,a2i
1,0.731887756530664,0.8121242760229288,51.550825862124434,0.3903010514063344,217.9535602131399
2,0.1382783721871353,0.2279500616168756,36.92311107778321,0.2714985225931945,217.93278737151172
