PrincipalComponent,coi,c1i,a1i,c2i,a2i
1,0.693544263533903,0.8310256799652314,47.19154621110279,0.3862634958690299,216.8028900877748
2,0.1336435575729309,0.2288419890961229,35.5935308484947,0.2858859453818873,216.5090007078692
