PrincipalComponent,coi,c1i,a1i,c2i,a2i
1,0.7100709288380603,1.0068156094118843,49.79871892446289,0.4542269451429116,217.10641685679303
2,0.1023138814704393,0.0708687483249469,34.82929755475851,0.2221011069483535,217.20398002080427
