PrincipalComponent,coi,c1i,a1i,c2i,a2i
1,0.7033067034385772,0.7710375346456828,50.549078581779234,0.612220244525586,216.7754316983726
2,0.1480892326291851,0.2032165744719548,35.8521863420071,0.2656650000862606,217.25214938095843
