PrincipalComponent,coi,c1i,a1i,c2i,a2i
1,0.7035930711335944,0.8523994075832867,50.8861777740657,0.5625377430394913,217.0366477361983
2,0.1310924320265174,0.1626085770012798,35.541155445418326,0.2308190336789621,217.45257664842535
