PrincipalComponent,coi,c1i,a1i,c2i,a2i
1,0.7130067776689524,1.041766720695951,49.41197741246101,0.4349109544883319,217.04996981924592
2,0.0959244416122119,0.0414836698690486,34.67451989531072,0.2212191766079941,217.10498036256664
