PrincipalComponent,coi,c1i,a1i,c2i,a2i
1,0.6720144741135831,0.8175867146771763,47.577911518606385,0.5693650688738109,215.957701266781
2,0.135718713172222,0.2161465925699197,34.940439253394004,0.3138637895812013,216.24279698240727
