PrincipalComponent,coi,c1i,a1i,c2i,a2i
1,0.7061897421533871,0.8172990152304086,51.191866861069634,0.585801366982357,217.02928005020584
2,0.137863950434794,0.1844445036823215,35.80911786778122,0.2385647013231824,217.5099814512455
