PrincipalComponent,coi,c1i,a1i,c2i,a2i
1,0.7073715013530646,0.9481459679601044,50.17259460217641,0.4942805616288301,217.10312561359487
2,0.1114302252578547,0.1096585006928501,35.06620947908993,0.2195921175757756,217.29423496516048
