PrincipalComponent,coi,c1i,a1i,c2i,a2i
1,0.7670073362012039,0.8996393464237272,54.26546464334859,0.5788332518111813,217.67284286252865
2,0.100683903547961,0.1310176127955248,36.05415927704047,0.1842073652872142,218.42858012925532
