PrincipalComponent,coi,c1i,a1i,c2i,a2i
1,0.7612146361394766,0.849344223946628,53.79501001159976,0.6088554853374202,217.369412790292
2,0.1136657464404688,0.1522902213848294,36.00003310765019,0.2099358900856214,218.2051399745962
