PrincipalComponent,coi,c1i,a1i,c2i,a2i
1,0.7853585772618676,0.8895110054781405,54.109836852469506,0.3644793381070508,218.40177875241773
2,0.1061434908721221,0.1742167937831445,36.701037705705794,0.2451888003448273,218.62827652035463
