PrincipalComponent,coi,c1i,a1i,c2i,a2i
1,0.7649962989112915,0.9342885040933284,53.87494545417963,0.554547164284897,217.7033908406834
2,0.0933973577952615,0.1095927415026743,35.89855957849749,0.1774520709660045,218.3486686711376
