PrincipalComponent,coi,c1i,a1i,c2i,a2i
1,0.7648505377300492,1.0815533800442476,51.8798014441697,0.449102204668455,217.6064342165309
2,0.0658560420772611,0.0227022725260547,35.29098663806248,0.1648187314483811,217.86787580454825
