PrincipalComponent,coi,c1i,a1i,c2i,a2i
1,0.7637343855895798,0.8606631260316516,53.98635030141163,0.6007354063505361,217.47519407680537
2,0.1110552967781712,0.150042493446874,36.03538439999959,0.2012092954588592,218.28713832534075
