PrincipalComponent,coi,c1i,a1i,c2i,a2i
1,0.7497850950877013,0.8496793988620401,53.724034083158365,0.5973692404221884,217.21365804207264
2,0.1163745071121395,0.1628939091264521,36.06065113656256,0.238248256776839,218.12838561860224
