PrincipalComponent,coi,c1i,a1i,c2i,a2i
1,0.7338092700538531,0.894279987086008,47.769926435868825,0.4576669730648894,216.4936431100959
2,0.0923244764836913,0.1856050956412,34.93500002141305,0.2501458269424025,216.55057073529463
