PrincipalComponent,coi,c1i,a1i,c2i,a2i
1,0.7899960219810256,0.9203011848513712,57.13102438226756,0.3864270877934541,219.004267050284
2,0.1099412986458805,0.16952875298032,37.422413398974726,0.2574752696706212,219.52777504081465
