PrincipalComponent,coi,c1i,a1i,c2i,a2i
1,0.7664452902348813,1.0672817099224192,52.18386558681484,0.4580974162830745,217.65746716833627
2,0.0682299393240455,0.0338761163700335,35.37449629097351,0.1650984827387522,217.9523315862579
