PrincipalComponent,coi,c1i,a1i,c2i,a2i
1,0.7529904542941408,0.8396896537592847,53.729622225482046,0.6118864002491796,217.23299395116797
2,0.1173528028595092,0.1580114355261956,36.008127884855114,0.2259411404369258,218.1397676537912
