PrincipalComponent,coi,c1i,a1i,c2i,a2i
1,0.7460934583598424,0.9011717334260808,49.267255761265815,0.3712410692941455,217.1811205450304
2,0.1025840120185696,0.1742066994323333,35.38246046495771,0.258616105019712,217.0903983097224
