PrincipalComponent,coi,c1i,a1i,c2i,a2i
1,0.767640038649224,1.090209504055955,51.71304321351845,0.444785090972789,217.58052558181225
2,0.0630926152074358,0.0143131830105723,35.237983046785175,0.1615243323795637,217.8307776517987
