PrincipalComponent,coi,c1i,a1i,c2i,a2i
1,0.7666375501657514,1.0205388917258684,52.84420656357416,0.490106412494617,217.70046346583004
2,0.0755872443848191,0.0636897299381788,35.561158986399526,0.1656216236976789,218.11248194883404
