PrincipalComponent,coi,c1i,a1i,c2i,a2i
1,0.7660262398473106,0.9822737373668788,53.54454266219873,0.5198905119702372,217.75867051845097
2,0.0840305587025059,0.0873000129756606,35.779883376635674,0.1690675256861049,218.29022051083209
