PrincipalComponent,coi,c1i,a1i,c2i,a2i
1,0.7734216001349186,0.905863358673853,53.52185322953224,0.4742714602164748,217.63053711901085
2,0.10856188485582,0.1618146886058176,35.96938913495992,0.2731460136289542,218.1924992715294
