PrincipalComponent,coi,c1i,a1i,c2i,a2i
1,0.7215479123494363,0.89170910440343,50.5284424477603,0.5671417184058225,216.5165002212831
2,0.1105629829517423,0.1652216784300133,35.145236471890655,0.2609190146561746,217.1394892047117
