PrincipalComponent,coi,c1i,a1i,c2i,a2i
1,0.8394546379997324,0.9983683391755752,61.72113420374773,0.358374494434587,220.067717488056
2,0.0849604089268343,0.1328969764381943,38.302708681811055,0.2224108806750474,220.9333338380677
