PrincipalComponent,coi,c1i,a1i,c2i,a2i
1,0.8199765465778159,0.9680986418240092,58.490791327072294,0.5779368702907322,218.47447459878111
2,0.0722237132528993,0.096031338079677,36.96896944918481,0.1312880556853047,219.6719088424148
