PrincipalComponent,coi,c1i,a1i,c2i,a2i
1,0.8123605599729287,1.1058417452751534,55.35446956859633,0.4733489578937335,218.3297884304398
2,0.0443735657192854,0.018115639992025,36.17223201401734,0.1119447879408946,218.90136226627817
