PrincipalComponent,coi,c1i,a1i,c2i,a2i
1,0.816486752260361,1.040319867295853,57.31488306764137,0.5236045032444004,218.5166204321978
2,0.0574351750350762,0.0589253076367336,36.66360766018496,0.116853495612911,219.4190956479029
