PrincipalComponent,coi,c1i,a1i,c2i,a2i
1,0.8332890851955161,0.9606313512953536,58.41786573663102,0.3383533608533681,219.4358162640056
2,0.0829657319219764,0.1370108360467016,37.500672627714,0.2166414041975552,219.9516734430726
