PrincipalComponent,coi,c1i,a1i,c2i,a2i
1,0.8169840082757116,0.9965510050149764,57.77835905407089,0.5580469730603211,218.46604231881065
2,0.0655076049979921,0.0774872271584363,36.789833497964615,0.1246340716219643,219.5078041372607
