PrincipalComponent,coi,c1i,a1i,c2i,a2i
1,0.8051914791690071,0.9093998919384276,58.39782033981897,0.6104420293308073,218.11039397127303
2,0.0906070002863967,0.1226053275560899,36.9772653096411,0.1716472185449344,219.5249716345026
