PrincipalComponent,coi,c1i,a1i,c2i,a2i
1,0.7931891580959693,0.9639714752475592,52.85743830250829,0.3560170201904663,218.09655584318392
2,0.0805078919986837,0.1351945305689567,36.02905170444576,0.2307358916323159,218.20880110255897
