PrincipalComponent,coi,c1i,a1i,c2i,a2i
1,0.8114296074848577,1.1196946423888965,54.733470411737734,0.4645228344839212,218.2364606178897
2,0.0405709946568817,0.0053270692492471,36.014882325659144,0.1077823268478036,218.73214412810057
