PrincipalComponent,coi,c1i,a1i,c2i,a2i
1,0.8003610770042517,0.9198925952058662,58.444231987600126,0.5936512910861649,218.1137400886854
2,0.0914907973534373,0.1280453553454541,37.0180710301331,0.1845817977231267,219.5279012377228
