PrincipalComponent,coi,c1i,a1i,c2i,a2i
1,0.8187837486751292,0.9735992096359084,57.716853937793765,0.4636476636992697,218.57380126586708
2,0.0883344501089372,0.1270547232423609,36.88906266249179,0.2298323550746494,219.4852779012189
