PrincipalComponent,coi,c1i,a1i,c2i,a2i
1,0.7790764375350501,0.9540252979484412,51.16762637465104,0.4500883573645648,217.33121730897216
2,0.0726789542709892,0.1452197737863038,35.544878174472096,0.2194550062659426,217.60175419101463
