PrincipalComponent,coi,c1i,a1i,c2i,a2i
1,0.8098880513751513,1.115763709895056,54.993499582348825,0.4664451725637645,218.28219342760693
2,0.0426870256685368,0.0104241503084342,36.07378646346845,0.1108533225000216,218.80684581755995
