PrincipalComponent,coi,c1i,a1i,c2i,a2i
1,0.7673266153173681,0.9556249498967184,54.64063744346654,0.5675193127213877,217.39848430324196
2,0.0915808146682365,0.128694844068538,36.05642204617269,0.2113291592142017,218.3964157650008
