PrincipalComponent,coi,c1i,a1i,c2i,a2i
1,0.8143078246691152,0.9184919019146768,58.2689185388825,0.6090486979930854,218.1993689186062
2,0.0854793604041695,0.1165895458437387,36.93636813038795,0.1555692298193178,219.5245690882546
