PrincipalComponent,coi,c1i,a1i,c2i,a2i
1,0.8147213681102269,1.0709708170976306,56.34089408916555,0.4982657853247519,218.43304282986068
2,0.0504706743358178,0.0402981101621317,36.40649351159959,0.1131815096287487,219.16309820491784
