PrincipalComponent,coi,c1i,a1i,c2i,a2i
1,0.817224544507012,0.9301064491205348,58.39304249804176,0.6003613279841719,218.28203952545212
2,0.0826336474764403,0.1136840164701647,36.95897745513501,0.1476627032938985,219.58498561376553
