PrincipalComponent,coi,c1i,a1i,c2i,a2i
1,0.8487269555081106,0.9998997560152671,59.6937667940173,0.6209527745921084,218.5127902035277
2,0.0523759952840835,0.0674132558170256,37.148585441795845,0.0956379040246087,219.96173638497925
