PrincipalComponent,coi,c1i,a1i,c2i,a2i
1,0.847409281886328,0.9650175660068028,59.65110821328685,0.6430910329214444,218.31501717443345
2,0.0613472207541657,0.0829067894476464,37.12639235080578,0.1110146589527621,219.88565559440275
