PrincipalComponent,coi,c1i,a1i,c2i,a2i
1,0.7957188275922505,0.991360659688034,56.16831201244924,0.6067237752193625,217.52467776497295
2,0.0736984294021773,0.0981400827543072,36.28061293326608,0.1748973774719452,218.80087418607965
