PrincipalComponent,coi,c1i,a1i,c2i,a2i
1,0.844595029571171,1.0091260071751846,59.32538855706294,0.4966673288976906,218.75412761684655
2,0.0730809390595784,0.0978393275218453,37.17773702885273,0.1985919462786904,219.9239005534631
