PrincipalComponent,coi,c1i,a1i,c2i,a2i
1,0.8310098387000855,0.958522005573431,60.042544306503615,0.6321712499438698,218.2009689027423
2,0.0709148839525637,0.0966382453870338,37.23516007256976,0.1469772249551305,219.9357290153847
