PrincipalComponent,coi,c1i,a1i,c2i,a2i
1,0.8592129015802259,1.0014465306244285,59.840140379452144,0.3569397217062046,219.6288585125613
2,0.0665113862714818,0.1036244011860958,37.64021737281416,0.1995853879695616,220.3493780793886
