PrincipalComponent,coi,c1i,a1i,c2i,a2i
1,0.8294675426451027,1.1197746659592378,55.76015189182976,0.5218650212527777,218.2664627750497
2,0.0290092933054773,0.0032491033573571,36.21347168566832,0.0743137942078651,218.9738847801305
