PrincipalComponent,coi,c1i,a1i,c2i,a2i
1,0.8651345293388586,1.035814084284364,62.99519792732505,0.3857746173958198,220.1540084455106
2,0.0677006963479111,0.1028221938833764,38.42002301723231,0.1979521633073858,221.2544850205624
