PrincipalComponent,coi,c1i,a1i,c2i,a2i
1,0.8435966744274838,1.0214841239590116,58.67662858389075,0.6064060562875617,218.4303918493078
2,0.0465140628262866,0.0526475435600736,36.90806364784519,0.0887975670351753,219.7032698751219
