PrincipalComponent,coi,c1i,a1i,c2i,a2i
1,0.8330440660372896,1.1134014923909077,56.174492440284254,0.5265640680540121,218.3218181169487
2,0.0301070865618816,0.0083037286473032,36.313445555336855,0.0758164478314107,219.0864278357832
