PrincipalComponent,coi,c1i,a1i,c2i,a2i
1,0.8202728344146965,1.000563913527626,54.19776550321458,0.3789879425854623,218.3152955975753
2,0.0634258868595022,0.1022785338972928,36.17562703376837,0.2130290156455769,218.59026820688632
