PrincipalComponent,coi,c1i,a1i,c2i,a2i
1,0.8294226012585688,1.119401900276876,55.33691297197463,0.5230872949472377,218.179729879075
2,0.0276610000749638,0.0007755128122433,36.096125267750764,0.071108711748253,218.8486607629113
