PrincipalComponent,coi,c1i,a1i,c2i,a2i
1,0.8365067392566864,0.947259659300258,59.95921346149969,0.6500701638878744,218.18593809558325
2,0.0689802301588001,0.0915501544302091,37.19934581326511,0.1339014504201266,219.92139995496288
