PrincipalComponent,coi,c1i,a1i,c2i,a2i
1,0.8059439944348271,0.9888192355756644,52.3672722738708,0.4790585512174344,217.4882355912602
2,0.0560248823896319,0.1115298664762999,35.633707599612606,0.1985466043720594,217.92015252738608
