PrincipalComponent,coi,c1i,a1i,c2i,a2i
1,0.8413664202976824,1.0620224544719257,58.32225947387995,0.5707632251508451,218.52328688111015
2,0.0404390237772141,0.0375611672179516,36.83510727260733,0.081871570513482,219.64926594904915
