PrincipalComponent,coi,c1i,a1i,c2i,a2i
1,0.8451199784357708,0.9542658397585436,59.624238660438465,0.650946737387977,218.2446057503787
2,0.0639950727911965,0.0855970359136972,37.120031748911224,0.1184424746936466,219.86205806981232
