PrincipalComponent,coi,c1i,a1i,c2i,a2i
1,0.8374699347421517,1.087336580251398,57.2795533961774,0.5470792520113216,218.4137966716723
2,0.0349258899389657,0.0235956678265913,36.57296749074,0.0780945426955811,219.37276298384
