PrincipalComponent,coi,c1i,a1i,c2i,a2i
1,0.865454583239079,1.1107016755864136,59.81252210551033,0.5987629404601134,218.63776869321163
2,0.0223735945386685,0.0127253615613917,37.113061076408215,0.0402891848182533,220.02749719406225
