PrincipalComponent,coi,c1i,a1i,c2i,a2i
1,0.8871086902917764,1.021515979800267,63.28153939879623,0.6776966613073926,218.3914576008261
2,0.0402868463582088,0.0527303484157695,37.81824955611688,0.0692196806165835,220.7607411486835
