PrincipalComponent,coi,c1i,a1i,c2i,a2i
1,0.8768733199407133,1.0637291733318313,61.78765398974161,0.6477405962138628,218.56175688282707
2,0.0301692928985948,0.0311162692906304,37.54167078769464,0.0492914952802768,220.4702414918968
