PrincipalComponent,coi,c1i,a1i,c2i,a2i
1,0.8961529955827146,1.0550476978166965,62.78088181762816,0.3819580151554929,219.92270311758995
2,0.0466470710069299,0.0716165795513397,38.21163038139313,0.1754012601549727,221.12632275319888
