PrincipalComponent,coi,c1i,a1i,c2i,a2i
1,0.8573544289786366,1.1230007170694485,58.23476104297295,0.5886659593990528,218.4448897613843
2,0.0192956092081405,0.0054376361274654,36.70578808023988,0.0369004575712926,219.58751163020676
