PrincipalComponent,coi,c1i,a1i,c2i,a2i
1,0.8849800745175629,1.0490755731181811,63.02017981861864,0.6588853425883275,218.58529304132756
2,0.0340234670879295,0.0410678775565164,37.79765425863622,0.055788419283844,220.76272457324728
