PrincipalComponent,coi,c1i,a1i,c2i,a2i
1,0.8392642564630314,1.0304120152507328,54.69305274911194,0.5206575707885372,217.69689249129743
2,0.0404227996136074,0.0791165083522233,36.03221665871112,0.1715814887949136,218.517522082712
