PrincipalComponent,coi,c1i,a1i,c2i,a2i
1,0.8544138591343104,1.0422130538025574,56.568537906718554,0.4174226611293861,218.58429860677668
2,0.0465888716130739,0.0716490268458144,36.61295054256575,0.1876541070448094,219.22937209209692
