PrincipalComponent,coi,c1i,a1i,c2i,a2i
1,0.8371732773698922,1.0426710789307163,59.34570189792458,0.6513769582080718,217.6218055142391
2,0.0514583303096267,0.0665594877935174,36.89280259377833,0.130145147740919,219.57886331562605
