PrincipalComponent,coi,c1i,a1i,c2i,a2i
1,0.8733514891854006,1.019765014137692,63.85582882495294,0.6658045187851064,218.28069303931025
2,0.0476312410093666,0.0641452927193069,37.96486878286554,0.1027920754399513,220.85974173551676
