PrincipalComponent,coi,c1i,a1i,c2i,a2i
1,0.8778991240753936,1.006065984308881,63.632797957738354,0.6859754926102924,218.21477439390395
2,0.0462660839034168,0.0593785727622222,37.88038115164772,0.0903591499958774,220.79005090601325
