PrincipalComponent,coi,c1i,a1i,c2i,a2i
1,0.8815679194848247,1.0605357363362395,62.36054224984878,0.5377096663389825,218.88940150213023
2,0.0535724702737123,0.0680957096599954,37.78401957843788,0.1576115204888604,220.6773128172904
