PrincipalComponent,coi,c1i,a1i,c2i,a2i
1,0.8852479367391968,1.0105160825171962,63.18970329965938,0.6876032685090057,218.29064510781728
2,0.0423273605934379,0.0546539974245539,37.80781467509776,0.0760100362746428,220.7077432273551
