PrincipalComponent,coi,c1i,a1i,c2i,a2i
1,0.8520762218679165,1.1167742192581995,57.065035860620625,0.5937761058999265,218.2616377919048
2,0.017517789689634,0.0045562418080465,36.40222596280873,0.0317897810797218,219.25232187749873
