PrincipalComponent,coi,c1i,a1i,c2i,a2i
1,0.8977073531879393,1.0935548957490238,66.36498887168503,0.4098436760079482,220.4574131869915
2,0.052306992026697,0.0738317436487918,39.096452703828035,0.1663247577041797,222.12842459330793
