PrincipalComponent,coi,c1i,a1i,c2i,a2i
1,0.8525127260170395,1.1238633803843547,57.62521925744473,0.5881892204301236,218.3569643776953
2,0.0185758964787334,0.0035831904929382,36.546268947358456,0.0350489888261468,219.41576260409033
