PrincipalComponent,coi,c1i,a1i,c2i,a2i
1,0.8715956117295599,1.094519465468973,61.06565266321685,0.6178227861618727,218.6530467139591
2,0.0261643355628598,0.0211472091053958,37.399785670319105,0.043504172561432,220.3273020216578
