PrincipalComponent,coi,c1i,a1i,c2i,a2i
1,0.8672471422019732,1.1345758742300085,59.322067667115306,0.5920362882950105,218.66035520042948
2,0.0177972511878594,0.0058720148589688,36.95631946198838,0.027697870030599,219.9016361144625
