PrincipalComponent,coi,c1i,a1i,c2i,a2i
1,0.8963347756320196,1.088989096671381,64.02109128976205,0.532059956784289,219.08769703267407
2,0.0489393693976522,0.0602634337424202,38.146376149876,0.1448399646359369,221.12365679698397
