PrincipalComponent,coi,c1i,a1i,c2i,a2i
1,0.893856719860612,1.037963905201829,65.72165847910742,0.6743209942865943,218.411415322496
2,0.0410177142379962,0.052024839532569,38.33084078336332,0.0782492643941886,221.34245162789475
