PrincipalComponent,coi,c1i,a1i,c2i,a2i
1,0.8763672823003058,1.1272524121193708,61.08942827159367,0.5976308796082684,218.78078501819172
2,0.0204161056900768,0.0111092105027566,37.38123295232357,0.031284774227875,220.36058598612092
