PrincipalComponent,coi,c1i,a1i,c2i,a2i
1,0.867868794844612,1.0653004118398308,57.90027781412546,0.4135755621479771,218.82633214474495
2,0.0431136339688066,0.0636447867714549,36.91178660105359,0.1797842015571533,219.6127279150129
