PrincipalComponent,coi,c1i,a1i,c2i,a2i
1,0.9019802335354584,1.051604941479862,65.22055960989991,0.6669557854080441,218.5998119946521
2,0.0356654864412964,0.0457429066047685,38.25339777430814,0.0584855830292833,221.2773013697332
