PrincipalComponent,coi,c1i,a1i,c2i,a2i
1,0.9008164080736376,1.0413283381536578,65.24389224541083,0.6761196097074929,218.50418829541525
2,0.0374387461599249,0.0474751844447463,38.236564123923685,0.0649525710653181,221.25351134925148
