PrincipalComponent,coi,c1i,a1i,c2i,a2i
1,0.9107664563490896,1.1235088808309857,68.07974878145181,0.3996321993261683,220.7202372249396
2,0.0488679990311558,0.0669753138884477,39.477732810650735,0.1560636248342493,222.609941144608
