PrincipalComponent,coi,c1i,a1i,c2i,a2i
1,0.8835835195103268,1.1144614938104973,62.52097490117096,0.6140623836435427,218.87270074233993
2,0.0236901075777129,0.0180668957297068,37.72616675943952,0.0341656939182538,220.72917320564255
