PrincipalComponent,coi,c1i,a1i,c2i,a2i
1,0.8898642062238502,1.0527244705711118,66.03910437376763,0.6532907111808757,218.48486901985913
2,0.0423753179071279,0.056359655286319,38.43484253926035,0.0902868539293091,221.435040815879
