PrincipalComponent,coi,c1i,a1i,c2i,a2i
1,0.8631937171922894,1.134307431983917,58.81450387297151,0.5910550158417146,218.5997490781975
2,0.0168460679071423,0.0052240492925547,36.82443323719855,0.0257093754170382,219.76156158843497
