PrincipalComponent,coi,c1i,a1i,c2i,a2i
1,0.909442753004148,1.0835508755929388,64.37449060633239,0.3720024188988604,220.18583447474631
2,0.0430405333243427,0.0636612556420987,38.56723795154075,0.1675742421689548,221.57785453310552
