PrincipalComponent,coi,c1i,a1i,c2i,a2i
1,0.8897740853102046,1.0868380621771272,63.39707551126929,0.6419796685630417,218.7620048038561
2,0.027344056871883,0.0258812959088675,37.903740096263334,0.0402348547881178,220.90530579198108
