PrincipalComponent,coi,c1i,a1i,c2i,a2i
1,0.8620186634514232,1.1262086230168131,58.18764235239737,0.5974447566551897,218.48445516802465
2,0.0160576508981117,0.006744820035306,36.67070739984638,0.0226777749378914,219.57896253142633
