PrincipalComponent,coi,c1i,a1i,c2i,a2i
1,0.8522114485722266,1.0512384678960167,55.96581158212922,0.5192750654748796,217.905129334674
2,0.0376636736554495,0.0716843460105198,36.30553348394536,0.1629614540341386,218.87491324810637
