PrincipalComponent,coi,c1i,a1i,c2i,a2i
1,0.898640064552906,1.075440161874203,64.75361641452619,0.6509680527632697,218.7916080985841
2,0.0304474169161913,0.0348283884611463,38.20086141229874,0.0462223336485797,221.23135807450385
