PrincipalComponent,coi,c1i,a1i,c2i,a2i
1,0.9232811800083364,1.0746133335976482,67.67068023048124,0.6778522966784237,218.6386334390718
2,0.0303012877173718,0.037395908718314,38.75893853373186,0.0455665053926057,221.86438692794735
