PrincipalComponent,coi,c1i,a1i,c2i,a2i
1,0.8915551685452323,1.1372945589191357,62.52066013812246,0.6134065578592137,218.9627160761609
2,0.0180772899160051,0.0109363678698974,37.6773753406891,0.0169083419503142,220.73701176164803
