PrincipalComponent,coi,c1i,a1i,c2i,a2i
1,0.8813692225725099,1.138858744396821,60.56734174173578,0.6111484476901827,218.80310522215768
2,0.0158728578442128,0.0090248863888946,37.22005878778471,0.0136752105679048,220.223160467537
