PrincipalComponent,coi,c1i,a1i,c2i,a2i
1,0.8790104642329845,1.1042414883458262,63.459782083309285,0.6512089956422468,217.9034296664252
2,0.0368336717641579,0.0468731473020743,37.73502575295478,0.0938455698990557,220.62599638281247
