PrincipalComponent,coi,c1i,a1i,c2i,a2i
1,0.8753901577002394,1.1265219825567514,59.35612466751118,0.6185140927148812,218.65747125616497
2,0.0145771302600619,0.0123141579551885,36.96769496456923,0.0089698536837776,219.92720271640175
