PrincipalComponent,coi,c1i,a1i,c2i,a2i
1,0.899498277455426,1.1303871865710915,64.03283496926375,0.6264483147610631,218.9556579324322
2,0.0202517069752241,0.0154876133014571,38.00470216626064,0.0191909799500882,221.0925611082619
