PrincipalComponent,coi,c1i,a1i,c2i,a2i
1,0.8892298577832627,1.0910051801249885,59.53848621011202,0.4224141186209866,219.05123882915368
2,0.036611338397325,0.0513382912267326,37.25233349092105,0.165262174396282,220.0616091371364
