PrincipalComponent,coi,c1i,a1i,c2i,a2i
1,0.932300642391124,1.1601920007007445,70.37577625536831,0.39854996268892,220.9518211662522
2,0.0422617006231085,0.0559495781301225,39.96429486038938,0.1372347627755049,223.20666945209985
