PrincipalComponent,coi,c1i,a1i,c2i,a2i
1,0.9140439410526118,1.0901889398938012,68.6059116869356,0.6533654710112772,218.5830995363855
2,0.0335369715004804,0.0455366687329447,38.9514811108092,0.068249049096979,222.0655222990072
