PrincipalComponent,coi,c1i,a1i,c2i,a2i
1,0.9178376557270018,1.0740732589540334,68.3566280982287,0.6742956513572576,218.5360201063425
2,0.03280778069198,0.0414928671604252,38.88590779549766,0.0572461131065053,221.9968890552729
