PrincipalComponent,coi,c1i,a1i,c2i,a2i
1,0.9239919616160848,1.0831935565020554,67.5566307268112,0.6695173811696492,218.7323131041105
2,0.0289169731518603,0.0362562007579999,38.747460159692984,0.0396861689834932,221.86503428144152
