PrincipalComponent,coi,c1i,a1i,c2i,a2i
1,0.87694625558708,1.1360552981705414,59.99440698126956,0.6118219687698497,218.72498122264895
2,0.0151161137801031,0.0096213936329655,37.023389603734294,0.0117744436865907,220.0502414483514
