PrincipalComponent,coi,c1i,a1i,c2i,a2i
1,0.9310292001174254,1.1186729973414418,66.74687896299078,0.3672172635295326,220.51992262270537
2,0.0370948463459923,0.0523830870742075,39.08258826301771,0.1536046652714589,222.2281810740966
