PrincipalComponent,coi,c1i,a1i,c2i,a2i
1,0.921362624099897,1.124969122495114,66.47690153641908,0.5349838219587962,219.2940468785446
2,0.0400149672556942,0.0488700581490423,38.66786152328626,0.1215937684776388,221.757900543872
