PrincipalComponent,coi,c1i,a1i,c2i,a2i
1,0.908378559918236,1.1072050671792892,65.26886843072009,0.6512330625123626,218.89359322743573
2,0.0227537868535366,0.0213170664795693,38.27462823634022,0.0237926437411644,221.37321547845823
