PrincipalComponent,coi,c1i,a1i,c2i,a2i
1,0.8720652286472029,1.0763562613723876,57.7368609441997,0.5275108177543213,218.14668042433493
2,0.0331988116151359,0.0605666393475058,36.67906802929361,0.1475499782583904,219.3578430192569
