PrincipalComponent,coi,c1i,a1i,c2i,a2i
1,0.9183407013254948,1.102047629731742,66.81524163742223,0.655986081033497,218.9457314967332
2,0.0247501089095118,0.0282035502903342,38.62719482697503,0.028842524328032,221.7551355913574
