PrincipalComponent,coi,c1i,a1i,c2i,a2i
1,0.925165469613675,1.14863049605844,68.16177311078029,0.6327143220494523,219.2296324257723
2,0.0194988967003474,0.0203997859494559,38.90800386151725,0.010542840542021,222.14114650331297
