PrincipalComponent,coi,c1i,a1i,c2i,a2i
1,0.915028886726256,1.1665075875324258,66.71586356855052,0.6110874243974137,219.3615165907054
2,0.0183209524170978,0.0159610186760881,38.62891135526016,0.0075020569324119,221.83716361143073
