PrincipalComponent,coi,c1i,a1i,c2i,a2i
1,0.9442523830984144,1.1364754727975188,71.07125031039303,0.6428551878266653,219.0423372455928
2,0.0234235815526988,0.0321670491404481,39.507904455574526,0.0228628714303496,222.77602088566567
