PrincipalComponent,coi,c1i,a1i,c2i,a2i
1,0.95177005884558,1.2160201591573103,73.38399830274436,0.3760465349871196,221.29547474335035
2,0.0364762806564782,0.0488701688113387,40.63445074286871,0.1182199697076232,224.00473737181855
