PrincipalComponent,coi,c1i,a1i,c2i,a2i
1,0.9363214178837628,1.14977577166755,69.99738964380323,0.6327021176959765,219.19386739326103
2,0.0206672843515128,0.0258363079300485,39.295321270504026,0.0140687922224444,222.56486881299375
