PrincipalComponent,coi,c1i,a1i,c2i,a2i
1,0.8905514559389021,1.1100000702590185,59.9163066925514,0.5258900640505335,218.4664679736945
2,0.0292621676290971,0.0541171590145369,37.17936085960369,0.1318062880676472,219.95398543469153
