PrincipalComponent,coi,c1i,a1i,c2i,a2i
1,0.9370038339496338,1.1515323199359475,72.52352588182686,0.6217683757793808,218.90390325358769
2,0.0259380463352206,0.0401555819332045,39.82889375057235,0.0476920007004652,223.08038780903115
