PrincipalComponent,coi,c1i,a1i,c2i,a2i
1,0.9436676630287054,1.1763931469602007,69.45273526365553,0.5194319427088532,219.520479678352
2,0.0321584538477425,0.0416418817139102,39.30937467052669,0.0996948998003584,222.51620895685997
