PrincipalComponent,coi,c1i,a1i,c2i,a2i
1,0.9488138835660276,1.1678986090056087,69.45556662452063,0.3471230785709142,220.9229092766041
2,0.0328295000051213,0.0450441424986695,39.69704075559162,0.1402171986285284,222.9723507214741
