PrincipalComponent,coi,c1i,a1i,c2i,a2i
1,0.8948775270750926,1.1623969695072822,62.76647370443108,0.6047179092556754,219.09865164041335
2,0.0152136075163741,0.0137158269779853,37.720295489149514,0.0037229270411263,220.8162275525722
