PrincipalComponent,coi,c1i,a1i,c2i,a2i
1,0.9028175139467024,1.1539428194012329,66.63338768622111,0.6349088987325451,218.18605965026188
2,0.0287162401757687,0.0405006373226477,38.42652176277868,0.0721542734634276,221.45094775507897
