PrincipalComponent,coi,c1i,a1i,c2i,a2i
1,0.8875674659341473,1.1445044275670782,61.2853175422077,0.6170181631484118,218.8645391828464
2,0.0144867017930727,0.018411227397302,37.30674259248287,0.0,220.39099479195932
