PrincipalComponent,coi,c1i,a1i,c2i,a2i
1,0.9094125265808004,1.1289861140396271,61.79411206429536,0.415394396679106,219.42921536325892
2,0.030444069204151,0.044077625728389,37.76300803667906,0.1512632354410502,220.69360872113333
