PrincipalComponent,coi,c1i,a1i,c2i,a2i
1,0.9397520438399528,1.131381300594642,72.05123494110062,0.6460964784387584,218.77893961684555
2,0.0260631958750014,0.0358867304328143,39.67771451855385,0.0386592164214461,222.93539952232513
