PrincipalComponent,coi,c1i,a1i,c2i,a2i
1,0.9056520351291512,1.1680020888165763,64.93249626301592,0.6019259406531722,219.2915730269357
2,0.0167052146418366,0.0134987162206843,38.22502760101376,0.0061348117193381,221.3941871064529
