PrincipalComponent,coi,c1i,a1i,c2i,a2i
1,0.8897448115059438,1.1569928930031146,62.04747333398314,0.6078140313945561,219.00155533308688
2,0.0146097410686806,0.0153243588467556,37.554701918904144,0.0019683465151018,220.62021923667015
