PrincipalComponent,coi,c1i,a1i,c2i,a2i
1,0.9437382323394348,1.1285414028042235,71.16675918999744,0.6518100411342476,218.88610420102455
2,0.0242651795561034,0.0330881101693946,39.523243004505936,0.0278689209962389,222.74920283309785
