PrincipalComponent,coi,c1i,a1i,c2i,a2i
1,0.973249129927315,1.181425681144371,70.41952958439515,0.3938681904062814,220.5952052387281
2,0.0300450911616888,0.031915304642904,39.74559235707695,0.1173363727536389,223.08212642714983
