PrincipalComponent,coi,c1i,a1i,c2i,a2i
1,0.9334078748104936,1.136950491242325,62.36123627348486,0.4701270849338951,219.1593799167531
2,0.0275773037307493,0.0309926365355564,37.738307522992486,0.127325500025975,220.72333625308653
