PrincipalComponent,coi,c1i,a1i,c2i,a2i
1,0.9703683318074728,1.1399143376024374,72.57243496813298,0.69207190307963,218.4245228690054
2,0.0196643823382491,0.0248672815584885,39.58169893954648,0.0074254302580948,222.914810505735
