PrincipalComponent,coi,c1i,a1i,c2i,a2i
1,0.9595138676139764,1.1540821465087747,71.17701807683449,0.6730936472896941,218.9069961406412
2,0.0191245589556936,0.020108137274946,39.38269897385789,0.0,222.7263002306227
