PrincipalComponent,coi,c1i,a1i,c2i,a2i
1,0.9108082985659384,1.1429157832245385,63.186043658150886,0.6544151923391626,218.76764864969647
2,0.0192818603869965,0.0176018933371437,37.73415942011411,3.1166820143361923e-19,220.80797263782745
