PrincipalComponent,coi,c1i,a1i,c2i,a2i
1,0.9149727366043168,1.11350822395216,60.019121967173504,0.5910144633334387,217.99256027315064
2,0.0248944060539731,0.0399171716565805,37.00842960025561,0.1052279421066923,219.81454366883383
