PrincipalComponent,coi,c1i,a1i,c2i,a2i
1,0.9340229293891754,1.1584870442601578,67.46954708432295,0.6563799900186332,219.0334564861464
2,0.0204034333257573,0.0139403830745618,38.569989004481755,5.744550418054091e-19,221.87459108261947
