PrincipalComponent,coi,c1i,a1i,c2i,a2i
1,0.9027315450221294,1.1194187655059045,61.573889775298994,0.669737468406119,218.4968356367909
2,0.0203038997598568,0.0218679606833833,37.35446726946244,0.0,220.353959360792
