PrincipalComponent,coi,c1i,a1i,c2i,a2i
1,0.9699108793221792,1.1466474655717318,72.43192900812726,0.6827044010867273,218.6204391993176
2,0.019415326985073,0.0247212759525607,39.58521723405939,0.0039140713503322,222.9382856505188
