PrincipalComponent,coi,c1i,a1i,c2i,a2i
1,0.923304084353422,1.1540150779465963,65.52385726348814,0.6493984890202926,218.9063812475031
2,0.0196151663461229,0.0149005397206221,38.13220220915256,0.0,221.37910460078257
