PrincipalComponent,coi,c1i,a1i,c2i,a2i
1,0.9798284663123236,1.2292611047870134,74.22121949947935,0.433135118894605,220.77463409261503
2,0.0296498330365566,0.0352144133068545,40.59520826197033,0.0863561085696012,224.01544667733071
