PrincipalComponent,coi,c1i,a1i,c2i,a2i
1,0.933025209433964,1.163182988376507,67.51232390171631,0.6923285952774613,217.59686779245183
2,0.0204539816394589,0.0282476595265547,38.39106344273484,0.0416286919500073,221.45717773592256
