PrincipalComponent,coi,c1i,a1i,c2i,a2i
1,0.9054177719741442,1.134500346735682,62.415091316838215,0.6592111309346359,218.63340885415263
2,0.0194237140960221,0.0191706893760012,37.53560404736328,0.0,220.58564722178355
