PrincipalComponent,coi,c1i,a1i,c2i,a2i
1,0.9749339292455176,1.188719228576058,70.47033650016863,0.5773009027343987,219.05179993520252
2,0.0228493564691237,0.0293022802116186,39.33736840723837,0.0653957411537874,222.58927866019724
