PrincipalComponent,coi,c1i,a1i,c2i,a2i
1,0.9678677226993588,1.1442091902659886,73.43512024114611,0.6892950497904965,218.19909252797407
2,0.0197031180571248,0.0266829540462984,39.72101885508103,0.0148279590541268,223.0552604235879
