PrincipalComponent,coi,c1i,a1i,c2i,a2i
1,0.9662547110724627,1.1673050587458558,73.96050609923907,0.6650683141629287,218.2757608467949
2,0.0189924921189571,0.0290448597128432,39.86984204030667,0.0219565139552674,223.2004630787895
