PrincipalComponent,coi,c1i,a1i,c2i,a2i
1,0.9457361726247716,1.1453951571958263,68.93854196173567,0.6780750268511334,218.94047069714068
2,0.0196422645771218,0.0161566982495628,38.92782111929081,0.0,222.2098842435132
