PrincipalComponent,coi,c1i,a1i,c2i,a2i
1,0.997842334006648,1.2177825283649488,76.71253380451215,0.6694260717445568,218.02835516758955
2,0.0179137797257744,0.0201631682955711,40.23893409909813,0.0037171387098026,223.72451248074069
