PrincipalComponent,coi,c1i,a1i,c2i,a2i
1,0.960760844210603,1.1651263962027083,63.65632651407194,0.5093087407907368,218.9727045990343
2,0.0289580740511065,0.0208117579714863,37.904272599699986,0.1040389091058015,220.9486650257798
