PrincipalComponent,coi,c1i,a1i,c2i,a2i
1,0.9659659341947876,1.1985640443190029,69.16928605369927,0.7233387525230088,217.30526824529704
2,0.0169097191802874,0.0170805622079255,38.50846242569481,0.0180703618534647,221.71590430945872
