PrincipalComponent,coi,c1i,a1i,c2i,a2i
1,0.968516146673444,1.1637543626708675,70.75681259945063,0.6939843906144074,218.61602225893623
2,0.0261945565688996,0.0160891250103835,39.19884563571356,0.0,222.51473324555403
