PrincipalComponent,coi,c1i,a1i,c2i,a2i
1,0.9283697553585678,1.1317906266701925,63.83499845612793,0.6911165148006654,218.3172528523666
2,0.0255250009628139,0.034410372872244,37.80465260390832,0.0,220.8130530350373
