PrincipalComponent,coi,c1i,a1i,c2i,a2i
1,0.9193585973759932,1.1024891217665371,61.99124737882127,0.7099292867156435,218.1059982645384
2,0.0263488908460386,0.0426448677251138,37.435269326605514,7.027562987932498e-19,220.3307909506295
