PrincipalComponent,coi,c1i,a1i,c2i,a2i
1,0.9227465863041824,1.1206115223972346,62.98200056648589,0.6971384775589179,218.23933780121084
2,0.0255975654239063,0.0379696048405212,37.65561666239765,0.0,220.6018385510307
