PrincipalComponent,coi,c1i,a1i,c2i,a2i
1,0.9544726800732546,1.1678389266050415,68.87675081671678,0.6778569202317144,218.63846032394497
2,0.0270730521624276,0.0198719816304741,38.84189466557722,0.0,222.08273731605917
