PrincipalComponent,coi,c1i,a1i,c2i,a2i
1,0.9975345367444172,1.189404266219547,76.05613371367645,0.6955281119445365,217.9678695855641
2,0.02014653428872,0.0191236745446795,40.09353499004243,1.0801086633215302e-20,223.5595642941999
