PrincipalComponent,coi,c1i,a1i,c2i,a2i
1,0.9987019235922188,1.1820525527770798,75.20661287642534,0.6961227678070914,218.2213763745921
2,0.0225353407768225,0.0156872546429181,39.96388478005127,0.0,223.4292037862971
