PrincipalComponent,coi,c1i,a1i,c2i,a2i
1,1.0074501571050098,1.2210090131508466,71.63748180295892,0.6218408695167075,218.57432889120545
2,0.0188501860461972,0.0160661884400247,39.32358859247288,0.035648431005934,222.67079516900657
