PrincipalComponent,coi,c1i,a1i,c2i,a2i
1,0.9841055502082948,1.1836840413337504,73.29041505141446,0.6816031605020002,218.6458399320572
2,0.02484254885814,0.0143039170050328,39.68874615227128,0.0,223.1106492855653
