PrincipalComponent,coi,c1i,a1i,c2i,a2i
1,1.0028752739279614,1.21002170753332,71.4141109808228,0.4377855477255212,220.21243286780947
2,0.028076284453088,0.0206467357782028,39.76658325674937,0.0915949106822131,223.1562365842757
