PrincipalComponent,coi,c1i,a1i,c2i,a2i
1,1.0122562677356797,1.262449038761789,75.22633276849837,0.4805451312590336,220.34928386027988
2,0.025550466870785,0.0206894894376631,40.587042643710774,0.05485994324757,224.0777706443664
