PrincipalComponent,coi,c1i,a1i,c2i,a2i
1,0.9426158706062174,1.1551471295017302,66.67588101595746,0.6759426733960507,218.5507151109209
2,0.0260135784802771,0.0261363162832271,38.407251125416416,2.3049416236879798e-20,221.54791428340417
