PrincipalComponent,coi,c1i,a1i,c2i,a2i
1,0.9429868958693864,1.1346393137729638,60.47307099678834,0.6510204378411271,217.6191415602292
2,0.0235788291468572,0.0268871472623331,36.92082549886104,0.0751262837839172,219.77506426812357
