PrincipalComponent,coi,c1i,a1i,c2i,a2i
1,0.99764172914349,1.1871896775705957,74.99476554846443,0.6857704360298267,218.4330488316049
2,0.0236689127150655,0.0143677562060082,39.96756999586121,1.4377569792198166e-18,223.44342256980548
