PrincipalComponent,coi,c1i,a1i,c2i,a2i
1,0.9562484797896064,1.1363252955056715,64.86725249536336,0.7210083851429219,217.94829452642932
2,0.0356778708338082,0.0396038435469345,37.923122526461896,0.0127297470104798,220.90794690858175
