PrincipalComponent,coi,c1i,a1i,c2i,a2i
1,1.0271770962279942,1.2430868242898223,70.62769444759277,0.5840946921983378,219.3974948748955
2,0.0252573291592868,0.0155254350597181,39.26357718700306,0.0163602138949049,222.65216743531633
