PrincipalComponent,coi,c1i,a1i,c2i,a2i
1,1.0059640384585526,1.1546163003990797,70.47697337177114,0.759127204240236,217.55702515120277
2,0.0281089597298584,0.0218668564102106,38.80615090818993,0.0,222.0758290966422
