PrincipalComponent,coi,c1i,a1i,c2i,a2i
1,0.9769339395512144,1.1861921613145583,62.14792223534692,0.5569885503650422,218.55211032118476
2,0.0307611007618979,0.0197508909467154,37.389901356996674,0.0652842267813214,220.43856929839313
