PrincipalComponent,coi,c1i,a1i,c2i,a2i
1,1.019439681372371,1.2125411812701838,68.37149466495451,0.5160870805495856,219.42072643419263
2,0.028681017846045,0.0163538829326507,38.86040265573357,0.0487406293281422,222.16587160799173
