PrincipalComponent,coi,c1i,a1i,c2i,a2i
1,0.9283094015977698,1.098950140827553,60.30757163754713,0.7260338472130496,217.65864190301235
2,0.0351155900740274,0.0617618920244947,37.044964668374355,0.015405565260682,219.77302979050205
