PrincipalComponent,coi,c1i,a1i,c2i,a2i
1,0.9189533251198658,1.0687054124293405,58.6462293863477,0.7427570932580347,217.45325744883007
2,0.0346752747206117,0.0768564924834892,36.745779155188664,0.0120279463020195,219.34100412586673
