PrincipalComponent,coi,c1i,a1i,c2i,a2i
1,0.9229358224373824,1.0860263657705191,59.61245214852748,0.7319989749424783,217.57540773519685
2,0.0343730313429799,0.0694443140004548,36.93078243847739,0.0132407406631928,219.59573868257112
