PrincipalComponent,coi,c1i,a1i,c2i,a2i
1,0.9434883516937924,1.1236998079747804,62.94583001975149,0.7141030149684173,217.89176980295383
2,0.0356866410443473,0.0477821449328236,37.569324258615175,0.0158862729656781,220.4502684045075
