PrincipalComponent,coi,c1i,a1i,c2i,a2i
1,1.006088326077108,1.161233185007806,71.1068094356105,0.7670082116362411,217.3642214966852
2,0.0263476759583351,0.0178677944203284,38.87679672045329,0.0,222.16444887772337
