PrincipalComponent,coi,c1i,a1i,c2i,a2i
1,1.0069719598062503,1.1874305446914333,71.60370696598099,0.7502083468369068,217.490325324391
2,0.0238510234032565,0.016203465364109,38.97185449186512,7.934625499060272e-19,222.3068393284913
