PrincipalComponent,coi,c1i,a1i,c2i,a2i
1,0.9711899954121735,1.133587317253417,66.51393656756727,0.7413181375882678,217.85083127629588
2,0.0338258832673246,0.0338101910498379,38.19282777457536,0.0086070857266255,221.25955060909212
