PrincipalComponent,coi,c1i,a1i,c2i,a2i
1,0.96176003741119,1.1570101635872432,58.794899942957706,0.7056182089924519,217.17947408898456
2,0.0221972088133835,0.0224238591344037,36.35326494017948,0.0329173341831821,219.2154437505712
