PrincipalComponent,coi,c1i,a1i,c2i,a2i
1,1.003870896712651,1.159733626003207,70.3277747001411,0.7457731780079931,217.68982926939577
2,0.028925505478085,0.0240978473246063,38.80547256811414,0.0,222.07991628133823
