PrincipalComponent,coi,c1i,a1i,c2i,a2i
1,0.9883871039583796,1.153073421318202,68.8682902431566,0.735283885884305,217.95076599585184
2,0.0315766989236238,0.0294182951326633,38.65220581365768,0.00465455783868,221.83300092516671
