PrincipalComponent,coi,c1i,a1i,c2i,a2i
1,1.021558838109131,1.2078666444451245,67.39150854560141,0.7075597358596925,217.94526829740292
2,0.0187529552143487,0.0121270728471481,38.09428340554128,0.0077465050439772,221.40980148956876
