PrincipalComponent,coi,c1i,a1i,c2i,a2i
1,0.9785635616559184,1.1926908476773002,65.68067826950585,0.7855378220512956,216.92635079270215
2,0.0184853602965478,0.0172501776565442,37.5411899094631,0.0001601201803031,220.71070339925393
