PrincipalComponent,coi,c1i,a1i,c2i,a2i
1,0.9420847038833682,1.1181976773721032,61.39093765635716,0.6962450693130212,217.80575787210273
2,0.0429097993358919,0.0677651867564523,37.31679441496928,0.0373439543294483,220.05050251778812
