PrincipalComponent,coi,c1i,a1i,c2i,a2i
1,0.926600262778108,1.091357242076315,58.84126945954265,0.7080819053546686,217.5922215424853
2,0.0417765451349072,0.0850639733675401,36.860009668980055,0.0368246578992872,219.40580404288391
