PrincipalComponent,coi,c1i,a1i,c2i,a2i
1,1.006517084770305,1.15925187198509,68.61015356788816,0.7463870553337494,217.5796999145048
2,0.0340658889128939,0.0328001854541539,38.484791137023336,0.0132655522708659,221.63229700288173
