PrincipalComponent,coi,c1i,a1i,c2i,a2i
1,0.9702797261923204,1.1329242860678883,64.76504959640955,0.7240968522000292,217.8225759777224
2,0.0405933654875173,0.0489713299445177,37.888751242807984,0.0290548007492443,220.82777420786405
