PrincipalComponent,coi,c1i,a1i,c2i,a2i
1,0.9205220234943996,1.0772107475249706,58.01247549579833,0.7153043377539061,217.47919369218485
2,0.0405298527155574,0.0944940195560403,36.73436848511779,0.0340881925086463,219.1909857761456
