PrincipalComponent,coi,c1i,a1i,c2i,a2i
1,0.9722399540152928,1.1917920515096303,58.95532650019946,0.6998345305088944,217.2767698687589
2,0.0228460041050843,0.0256353613422129,36.33620382078511,0.0068110528133828,219.26081365405815
