PrincipalComponent,coi,c1i,a1i,c2i,a2i
1,0.9872400424402674,1.2247550806836247,62.715854906386035,0.5493988566630951,218.6231108287413
2,0.0328011024183275,0.0249048159093231,37.480335259770605,0.0323416070174776,220.58030499303203
