PrincipalComponent,coi,c1i,a1i,c2i,a2i
1,1.028956224328352,1.242387130777316,68.05057880479373,0.520587101671024,219.3509413045738
2,0.029303391788479,0.021451626356664,38.704376337456814,0.0168862937636346,222.04305759465643
