PrincipalComponent,coi,c1i,a1i,c2i,a2i
1,1.0044264302695445,1.1638622416506488,68.5779278744261,0.7313177319156711,217.7393446838703
2,0.0353488137485526,0.0351537489485688,38.52726142399163,0.0152022697247072,221.67456861306363
