PrincipalComponent,coi,c1i,a1i,c2i,a2i
1,1.03488330786788,1.262761692547948,69.37996457123164,0.5927802017462082,219.3452069266449
2,0.0275195939171688,0.0152068746769106,38.91009818967315,6.081058788275589e-19,222.30931777570677
