PrincipalComponent,coi,c1i,a1i,c2i,a2i
1,1.009472695765763,1.1922734338580292,69.59338432831386,0.7466276937684235,217.38925393765504
2,0.027020276241099,0.0273560126986825,38.5686750499289,0.0038485371266032,221.78960786126447
