PrincipalComponent,coi,c1i,a1i,c2i,a2i
1,0.9879620705672776,1.153287196383288,67.05267901573214,0.7202444694061467,217.89445743212843
2,0.0385325813072532,0.0424086909864648,38.31934252526592,0.0234871766130487,221.37458733640213
