PrincipalComponent,coi,c1i,a1i,c2i,a2i
1,0.9829047445870904,1.210217844398119,64.49797292166639,0.7742747581118868,216.90023833352345
2,0.0221335049070566,0.0226090729123423,37.354671235805114,0.0016778623517993,220.42683681576025
