PrincipalComponent,coi,c1i,a1i,c2i,a2i
1,0.9166615517305516,1.0597013410232374,57.121358805804064,0.7255693546931955,217.35860620980733
2,0.0411022049438713,0.1021677084928947,36.59688166727458,0.0329230313087893,218.9596553872584
