PrincipalComponent,coi,c1i,a1i,c2i,a2i
1,1.007510131916835,1.166306908046662,69.15864155248606,0.7588484137536832,217.32553851074263
2,0.0306940305994682,0.0294896229760876,38.50132838601562,0.0076687194071033,221.68050465326436
