PrincipalComponent,coi,c1i,a1i,c2i,a2i
1,1.0262268227730462,1.2243346301169244,66.13057744843276,0.7076607796143195,217.94638478527887
2,0.0224657267854794,0.0164385851307686,37.86806890536885,1.0188409851865469e-19,221.10065518771023
