PrincipalComponent,coi,c1i,a1i,c2i,a2i
1,0.9550793410553832,1.133808145747512,63.26685255942005,0.7026221952226345,217.9003327930484
2,0.0427616696425935,0.0569894337660041,37.64885132342812,0.0340610028137703,220.50668948756623
