PrincipalComponent,coi,c1i,a1i,c2i,a2i
1,1.0036677968400576,1.209142111915971,68.16363127229073,0.7020553855396914,217.77751448923104
2,0.0329353485411394,0.0356419841926662,38.41557511563854,0.0212253999382241,221.5647209980347
