PrincipalComponent,coi,c1i,a1i,c2i,a2i
1,1.023602863888009,1.244073917574024,64.98340094011795,0.6740694602650504,218.05614456652825
2,0.0249185347370746,0.0249496700465221,37.69693849217431,0.0025350484028616,220.8685892163455
