PrincipalComponent,coi,c1i,a1i,c2i,a2i
1,0.973222562698793,1.22414996405429,58.81621355629347,0.6674631315398067,217.4799108998568
2,0.0266996766549111,0.0245604519691619,36.31467244487517,3.5469386393184215e-18,219.27742255746983
