PrincipalComponent,coi,c1i,a1i,c2i,a2i
1,0.9800222011897508,1.2345483308048013,63.693851429518,0.7258382149909997,217.18988082082691
2,0.0255386887812034,0.0307537807088794,37.30518294997138,0.0135589987165208,220.3200851108207
