PrincipalComponent,coi,c1i,a1i,c2i,a2i
1,0.9074696032893036,1.0674911511968743,55.84001283025891,0.675568007780094,217.47814141386124
2,0.0481744825984069,0.1187867681503312,36.52522801293551,0.0598913492535698,218.69817449332945
