PrincipalComponent,coi,c1i,a1i,c2i,a2i
1,1.0325142379593242,1.284610467548042,68.17144161631875,0.5672925764188166,219.43364194556273
2,0.0326279250666098,0.014780343658949,38.67359149315097,0.0,222.04462414156197
