PrincipalComponent,coi,c1i,a1i,c2i,a2i
1,0.999786984553214,1.1731591095043945,67.06354324303142,0.6992487012705946,217.98075322959397
2,0.0404615094140322,0.0422047082985904,38.29917450572565,0.0361099713765205,221.3826187212589
