PrincipalComponent,coi,c1i,a1i,c2i,a2i
1,0.9973036560928552,1.1761571323517457,66.8915360029371,0.6849965733936291,218.06628794855015
2,0.0415842525267165,0.0450335149965931,38.30642465904229,0.0390032812455659,221.37184393858885
