PrincipalComponent,coi,c1i,a1i,c2i,a2i
1,0.9322078384254996,1.1261751025248723,59.81249710683557,0.648278603249299,217.98734744339265
2,0.0496321074782322,0.0828079857703831,37.13447974948253,0.0649348980801386,219.7287983786583
