PrincipalComponent,coi,c1i,a1i,c2i,a2i
1,0.9463205379561664,1.1421162277871384,61.69354719186224,0.6546284329245144,218.08765481263944
2,0.049785386294733,0.0701795847613099,37.45872185032792,0.0617541950224976,220.18509853375545
