PrincipalComponent,coi,c1i,a1i,c2i,a2i
1,0.9117571953846646,1.0841714921007948,56.71480274430705,0.6658273737552187,217.60717648907888
2,0.0475704873097787,0.111045617467396,36.65936782695613,0.0610991569124591,218.929408236824
