PrincipalComponent,coi,c1i,a1i,c2i,a2i
1,0.979775145939667,1.162446249671551,65.20631580254089,0.67512708288809,218.12460229514272
2,0.0449795707749175,0.053238526065222,38.04972355001117,0.0497102889345474,221.0045566727989
