PrincipalComponent,coi,c1i,a1i,c2i,a2i
1,1.0297961529795314,1.267450181474753,67.30195374946017,0.5012339486469581,219.49575456001023
2,0.0309068082245689,0.0265355355293605,38.55568798925483,1.4889765173286203e-19,221.90408111129972
