PrincipalComponent,coi,c1i,a1i,c2i,a2i
1,1.0014879282789984,1.182087260807389,67.72798848689992,0.7122187652658055,217.78252354965713
2,0.0371385878407388,0.0380573523462221,38.371823546097154,0.027945822848433,221.47519913068507
