PrincipalComponent,coi,c1i,a1i,c2i,a2i
1,0.9618740638446264,1.1409183668761114,63.015196816884234,0.6783233729451279,218.00217559908853
2,0.0472281592531043,0.0608106780020043,37.63513606559669,0.0565019557136476,220.4623586192052
