PrincipalComponent,coi,c1i,a1i,c2i,a2i
1,0.917331006544422,1.0984731568866828,57.454031880554965,0.6592444386725635,217.7257554161432
2,0.0488914175248247,0.1011113861198497,36.73842082685641,0.0640716789738941,219.1180282669734
