PrincipalComponent,coi,c1i,a1i,c2i,a2i
1,0.9904968955490908,1.2578716204180445,62.70564090335788,0.523102536086179,218.7664078588596
2,0.0324192596195282,0.0323736433943854,37.47875761206838,0.0089345177907114,220.6078050143861
