PrincipalComponent,coi,c1i,a1i,c2i,a2i
1,0.9591431121894932,1.240197979650942,62.230282979878766,0.6429942300095647,217.76729359749208
2,0.0346143556658824,0.0399236225723659,37.23447809029798,0.0590011096016671,220.16746262985416
