PrincipalComponent,coi,c1i,a1i,c2i,a2i
1,0.9801136462163924,1.2732813849491802,62.481451142897775,0.4794908567522982,219.0549833035096
2,0.0361037077999216,0.0393710144201808,37.51248216427277,0.0,220.65395488436383
