PrincipalComponent,coi,c1i,a1i,c2i,a2i
1,0.8899042366837224,1.0850053886309383,55.30844778026754,0.567924990089507,217.89040041379056
2,0.0564071068774659,0.126160760748807,36.605532854322405,0.1217360378532003,218.68346551593797
