PrincipalComponent,coi,c1i,a1i,c2i,a2i
1,0.976459880176005,1.1683893874040057,64.42020350994102,0.6054035740218551,218.5882361838347
2,0.0489463397049816,0.0551719407021772,38.001321377813426,0.0982104710347549,220.9481777831294
