PrincipalComponent,coi,c1i,a1i,c2i,a2i
1,0.9792824987038732,1.1667973424559532,64.71358256643063,0.6187984631239767,218.5126375971502
2,0.0480440996082801,0.0519959485557269,38.041123457555855,0.094234915064029,220.9938010027923
