PrincipalComponent,coi,c1i,a1i,c2i,a2i
1,1.0179823819883582,1.273610881588766,66.17802472784405,0.46200022923501,219.66551472895668
2,0.0337893467552919,0.0335185773194437,38.420372969232986,0.0,221.7089891454857
