PrincipalComponent,coi,c1i,a1i,c2i,a2i
1,0.910334306412927,1.1216328306248884,58.00938780647589,0.5572636330960541,218.25223422833977
2,0.0581975345948177,0.0974680549898667,36.9822310583791,0.1260813707614921,219.38628064814785
