PrincipalComponent,coi,c1i,a1i,c2i,a2i
1,0.9596797788432544,1.2411517683816833,58.43713740856215,0.6055034308993051,217.80262448911148
2,0.028840005418852,0.0407376325511849,36.40866730436984,0.0,219.30905068233832
