PrincipalComponent,coi,c1i,a1i,c2i,a2i
1,0.9819902867515412,1.2050136370995332,65.94421582429239,0.6251575768867559,218.42149894734263
2,0.0413154839148222,0.0461994723274382,38.19230489088374,0.0723803072648247,221.2461738994613
