PrincipalComponent,coi,c1i,a1i,c2i,a2i
1,0.8956447468488157,1.0982823096757028,55.98509184498416,0.5622449935709745,218.00181263139072
2,0.0576323446591944,0.1161002304397242,36.67165048733801,0.1250950517859227,218.8609013454395
