PrincipalComponent,coi,c1i,a1i,c2i,a2i
1,0.9801474069274148,1.1765229245975075,65.33898968251971,0.6342266699704728,218.34032909324696
2,0.0449661106678551,0.048425037814611,38.08682360089243,0.0824011494849683,221.08839658569892
