PrincipalComponent,coi,c1i,a1i,c2i,a2i
1,1.0065756211471586,1.2505211772583564,63.529338501163686,0.6009909569153283,218.44240957144095
2,0.0302888842255609,0.0335590972515764,37.60788255980382,0.0371268083745158,220.6649049943823
