PrincipalComponent,coi,c1i,a1i,c2i,a2i
1,0.958720709326168,1.1546028110819992,62.86971420340717,0.5921876737517462,218.60886311351464
2,0.0527492362672224,0.0646239910977624,37.78782281716526,0.1107385855807307,220.5974777776866
