PrincipalComponent,coi,c1i,a1i,c2i,a2i
1,0.9408681326428104,1.135913708776264,61.002956400282336,0.5896171324532248,218.4437330451101
2,0.0551921597442812,0.0733167002374863,37.44797182511808,0.11834243781457,220.12511337835105
