PrincipalComponent,coi,c1i,a1i,c2i,a2i
1,0.8858140647530692,1.0705801637519163,54.55479375837552,0.5748638806333974,217.76370882778363
2,0.0574354763896672,0.1328000263541394,36.48384852342093,0.1211547893328713,218.47799907523031
