PrincipalComponent,coi,c1i,a1i,c2i,a2i
1,0.924662800139217,1.1363352856442808,59.71491007720064,0.565718037207442,218.44048444931136
2,0.0580418153455994,0.0840301169311396,37.26626888088053,0.1233513470913692,219.83416355175652
