PrincipalComponent,coi,c1i,a1i,c2i,a2i
1,0.0917348589317899,1.5904194121247517,26.411631821748852,0.1833580461127592,209.55561805538264
2,0.0124420627136806,0.0194012022624856,27.76804603105977,0.0104866517437103,209.18142979513857
