PrincipalComponent,coi,c1i,a1i,c2i,a2i
1,0.1094234898946867,1.527223844166857,25.79015374662837,0.2846959075347781,209.36731780251264
2,0.0138895733097587,0.0027261455807979,27.58314357280627,0.0291438407185435,208.96614368709788
