PrincipalComponent,coi,c1i,a1i,c2i,a2i
1,0.083532980707727,1.617079558895531,27.302635498820504,0.1242713425897209,209.87501249090192
2,0.0154731595900346,0.0364852000048597,28.077621412817212,7.242079084160879e-18,209.50567014867528
