PrincipalComponent,coi,c1i,a1i,c2i,a2i
1,0.0724755169756497,1.5639116579471406,27.80365186660024,0.1230986387132056,210.07478943473217
2,0.0201294239040215,0.0801228345609827,28.29313547841802,0.0021591676439712,209.694118107473
