PrincipalComponent,coi,c1i,a1i,c2i,a2i
1,0.0704724351270729,1.4574284862835818,27.2306988144345,0.2052792502929446,209.89588077763628
2,0.024664044881686,0.1165696475751497,28.157129922300285,0.0311469641170869,209.49305432422287
