PrincipalComponent,coi,c1i,a1i,c2i,a2i
1,0.0809193186689329,1.353563452172421,27.16236793589263,0.2724565107659094,209.98465054462815
2,0.0282078910383978,0.1440723281705157,28.234974157093447,0.0686715911710773,209.506506675342
