PrincipalComponent,coi,c1i,a1i,c2i,a2i
1,0.0925904515344751,1.2784294959665206,27.034772399795823,0.3307520641958803,210.00138068952504
2,0.0344044214214187,0.1648406527189723,28.239331811915473,0.1005165253731393,209.48978668064913
