PrincipalComponent,coi,c1i,a1i,c2i,a2i
1,0.1135267810835289,1.1885756926153743,27.012215605095033,0.3959082350558001,210.09323476648947
2,0.0405182139675259,0.1999198141512574,28.36313657733091,0.1358203324644974,209.52614359121168
