PrincipalComponent,coi,c1i,a1i,c2i,a2i
1,0.12050548501514,1.1648311797118291,27.04460477355106,0.4101042540042189,210.13046212580713
2,0.0428582131015353,0.2114037378164777,28.395953991714155,0.1418285865486303,209.5500613792596
