PrincipalComponent,coi,c1i,a1i,c2i,a2i
1,0.1283732298628791,1.118849637375562,26.659074802205417,0.4627927396783813,210.00801729681805
2,0.0479644239446094,0.2230910647949144,28.276416737084507,0.1578185037893386,209.41966632805568
