PrincipalComponent,coi,c1i,a1i,c2i,a2i
1,0.1353601687209844,1.0730733157577044,26.01033294970694,0.5144366912865386,209.8132682038774
2,0.0501386318469098,0.2411473652589335,28.111266438986235,0.1617997371615812,209.20557880513675
