PrincipalComponent,coi,c1i,a1i,c2i,a2i
1,0.1438389583599664,1.016284873573077,25.605487217762175,0.5614524030237169,209.73390891386563
2,0.0532724274468452,0.2772023429706447,28.11972757004182,0.1626001270880995,209.086892401909
