PrincipalComponent,coi,c1i,a1i,c2i,a2i
1,0.1435800096682648,0.9771425772020644,23.80588316665712,0.640585612116484,250.0
2,0.0767961940186049,0.3384584895560626,37.58763590510936,0.1008482517400172,220.35582830942155
