PrincipalComponent,coi,c1i,a1i,c2i,a2i
1,0.1117229395605826,0.9738722717582454,22.043964355290676,0.5117190150984897,249.99999999999997
2,0.0768310475396517,0.5041819426257788,38.71376124572481,1.5964581928054898e-17,220.64105203545688
