PrincipalComponent,coi,c1i,a1i,c2i,a2i
1,0.1023401537393448,1.0232146636452988,22.727448163868324,0.2842022068678868,214.5904237089605
2,0.0891016790226859,0.5099501877317599,41.46716418034407,2.3477812962140092e-17,212.25336592147988
