PrincipalComponent,coi,c1i,a1i,c2i,a2i
1,0.6493241114794259,1.1550895207259242,40.18831884076552,0.6635606030775212,214.3505225170797
2,0.0172909690385362,0.027256671416923,31.96132728745673,0.0107773182612459,214.03264991456032
