PrincipalComponent,coi,c1i,a1i,c2i,a2i
1,0.6500858078185141,1.166983868814124,40.526222072035914,0.7221005597949111,214.53802848318617
2,0.0153687353583773,0.0104628651829383,32.03453234647555,0.0180331533564593,214.146563330898
