PrincipalComponent,coi,c1i,a1i,c2i,a2i
1,0.655263962868547,1.1379649769881526,40.98307557675779,0.6238068943428481,214.55292287304653
2,0.0210381139881983,0.0524743336514639,32.23176579450942,0.0071982354345787,214.30218379872673
