PrincipalComponent,coi,c1i,a1i,c2i,a2i
1,0.6607243475416857,1.0804587326006667,42.5045655829297,0.6055813218918288,215.1178854691895
2,0.0369346772008963,0.1038361117116408,32.8574478813828,0.0123618724231642,214.86853473643492
