PrincipalComponent,coi,c1i,a1i,c2i,a2i
1,0.653700302210101,1.010032110495412,42.38514394815176,0.642825006499404,215.1420995517049
2,0.0530854621352718,0.1473840934987455,33.1219266006893,0.0342993905915606,214.885555203133
