PrincipalComponent,coi,c1i,a1i,c2i,a2i
1,0.6571681094521344,0.903929029560556,44.03828151176498,0.6459526061184185,215.69093118202272
2,0.0915367058831926,0.2471555735636157,34.63826286276661,0.1322526169848341,215.5395126643228
