PrincipalComponent,coi,c1i,a1i,c2i,a2i
1,0.6620391921480996,0.8899961382540554,44.07512485393106,0.650678448397757,215.69195973996577
2,0.0945715213849788,0.2598946183625196,34.80716727037852,0.1387384447126971,215.56395333035695
