PrincipalComponent,coi,c1i,a1i,c2i,a2i
1,0.66155063834536,0.8762208838403334,43.18757813580855,0.6713582961816894,225.8863465516758
2,0.1382242918943306,0.3676560446048442,69.4011445540806,1.2305420019081717e-18,222.63350568974352
