PrincipalComponent,coi,c1i,a1i,c2i,a2i
1,0.6687842851748038,0.8526581143721318,42.677327470245935,0.687977408932224,225.6859604604268
2,0.1473809644157923,0.3921566449554911,70.27977905230291,1.7262526985093446e-18,222.5127235795364
