PrincipalComponent,coi,c1i,a1i,c2i,a2i
1,0.6690325253778114,0.7980785775429489,39.01307203854076,0.6921124585816715,224.78833182899612
2,0.1686517990449696,0.4817755439138413,67.55587040957869,7.8629649046346175e-19,221.51211496828276
