PrincipalComponent,coi,c1i,a1i,c2i,a2i
1,0.6565005027610659,0.798360519531771,37.68021611350948,0.639217718556587,224.34305701094024
2,0.1762029803151287,0.5394063561464564,65.71973988692078,0.0,221.1513041922528
