PrincipalComponent,coi,c1i,a1i,c2i,a2i
1,0.6391911893322372,0.7958193135713645,37.16694992401108,0.5957711147628196,224.37099648275964
2,0.1794020814463346,0.570608091418608,65.9812868791753,1.8676356398879428e-17,221.1676247045338
