PrincipalComponent,coi,c1i,a1i,c2i,a2i
1,0.6343716376752,0.801959137330065,37.98360564185162,0.5329495344165212,225.0653136208929
2,0.1848359654044008,0.5878410882647415,67.1040625784392,1.0245113941324657e-17,221.70965691401645
