PrincipalComponent,coi,c1i,a1i,c2i,a2i
1,0.6108004108531855,0.8087195392803243,37.97129835599164,0.4454781740546359,226.55922409477057
2,0.1941963960490882,0.6046680664539784,70.62886374517348,0.0,222.48347633918704
