PrincipalComponent,coi,c1i,a1i,c2i,a2i
1,0.0920678031238527,1.2811574528505902,27.18256001450231,0.3254034038464549,210.05298175499365
2,0.0349105578805572,0.163295065651922,28.285168875138453,0.1038247692658213,209.5418650737244
