PrincipalComponent,coi,c1i,a1i,c2i,a2i
1,0.1271873220943703,1.1221784490473858,26.782150549091103,0.4574580701930604,210.0512090340864
2,0.0486915146720966,0.2208813591252757,28.31511982623547,0.1617969821405645,209.46310348471448
