PrincipalComponent,coi,c1i,a1i,c2i,a2i
1,0.1427188842640986,0.9793468656726648,23.92021767777103,0.6364879023120256,250.0
2,0.0775370449813183,0.3364679936487981,37.75032261185453,0.1040795913520302,220.40807302558017
