PrincipalComponent,coi,c1i,a1i,c2i,a2i
1,0.0833612808172819,1.617954690598411,27.40408852935024,0.1221940557900022,209.9260242871688
2,0.0152186225468744,0.0371669799092743,28.11942187002336,4.638118257350589e-18,209.54803668299525
