PrincipalComponent,coi,c1i,a1i,c2i,a2i
1,0.0701621403547122,1.4591765037923077,27.351121184678796,0.2010873135776955,209.94136398556347
2,0.0250165727891758,0.1157063159638289,28.196635614879856,0.0336079954091583,209.5368891532696
