PrincipalComponent,coi,c1i,a1i,c2i,a2i
1,0.1290845087361996,0.9505429021901138,22.331037940571157,0.6409423411422783,250.0
2,0.0834935092100711,0.4559752610193682,43.06062081231496,0.0023522328541632,221.210371213644
