PrincipalComponent,coi,c1i,a1i,c2i,a2i
1,0.1153284590221523,0.946051077335221,21.50217557879539,0.6162247801903721,249.99999999999991
2,0.0804079394140154,0.4845827594604834,40.06791232145139,0.0,220.63872314917705
