PrincipalComponent,coi,c1i,a1i,c2i,a2i
1,0.0799098573638498,1.3561983899975667,27.272102736817697,0.2679119660685308,210.0259582000704
2,0.0286088623102266,0.1429099748450223,28.271415552561105,0.0715636846024071,209.5470668793063
