PrincipalComponent,coi,c1i,a1i,c2i,a2i
1,0.0721120389963155,1.565519453176635,27.911842014260888,0.1194571065517341,210.11486526745156
2,0.0202964987062883,0.0796074801671642,28.328316897407607,0.0041035716637959,209.73278278207343
