PrincipalComponent,coi,c1i,a1i,c2i,a2i
1,0.1343383271457263,1.0761371026560609,26.137483558741568,0.5092979555432907,209.8549810621287
2,0.0507087970575607,0.2391257920506428,28.14949784852191,0.1656685768300872,209.2491831583387
