PrincipalComponent,coi,c1i,a1i,c2i,a2i
1,0.1110839832986272,0.9767312248369096,22.16815677677604,0.5072589412758339,250.0
2,0.0778290868379181,0.503638027720114,39.117458768803175,0.0,220.73427471260223
