PrincipalComponent,coi,c1i,a1i,c2i,a2i
1,0.1015761172325313,1.0263189745166938,22.849597841623027,0.2801641587946196,214.76699997161452
2,0.0900467403069129,0.5093496688705004,41.853742428921905,1.9838137664077647e-17,212.39181120836105
