PrincipalComponent,coi,c1i,a1i,c2i,a2i
1,0.1126562041195674,1.191773375453567,27.144127650775445,0.3903725248120672,210.13906478879423
2,0.0411912753674306,0.1977031721376739,28.40239905302909,0.139836424806525,209.57213504634169
