PrincipalComponent,coi,c1i,a1i,c2i,a2i
1,0.1092877919651421,1.5274501191691074,25.8728405042817,0.2850644283731032,209.4113743046194
2,0.0136933457367996,0.0031356091211934,27.610592187844176,0.027889513883104,208.99923934697273
