PrincipalComponent,coi,c1i,a1i,c2i,a2i
1,0.091701003390201,1.5906774662236765,26.504025201887657,0.1826500528870709,209.5893956044441
2,0.0122541565509831,0.0199588163244105,27.797214182895143,0.009897209995835,209.21414358999616
