PrincipalComponent,coi,c1i,a1i,c2i,a2i
1,0.1195627216168592,1.168163196666465,27.179011873196742,0.4045215752093289,210.1756317681296
2,0.043497976342817,0.2091812665752274,28.434319528662417,0.1458684504953327,209.59584489289048
