PrincipalComponent,coi,c1i,a1i,c2i,a2i
1,0.142981437554398,1.01906547743131,25.73811377885242,0.5566604077230323,209.7761392202268
2,0.0539260468069481,0.2750979618005099,28.158972889624373,0.1662987951507193,209.1310584542516
