PrincipalComponent,coi,c1i,a1i,c2i,a2i
1,0.1373864669118377,1.0091396397322463,26.97194349843552,0.505865013883366,210.1547582653677
2,0.0561989626747445,0.2063757354152437,28.473978989778423,0.2176138025088873,209.54480211381733
