PrincipalComponent,coi,c1i,a1i,c2i,a2i
1,0.1313108646432741,1.357476347396421,26.04487796475147,0.4131918423899574,209.5861623894099
2,0.0184999247872417,0.0546441963524389,27.75675712217536,1.987659581462091e-17,209.09311065804224
