PrincipalComponent,coi,c1i,a1i,c2i,a2i
1,0.1197113213399051,0.8814435704785828,22.34872196679854,0.3999054689045846,220.44319335003615
2,0.1267281057826723,0.5267979680157727,50.62808447517373,0.0,215.20562372404905
