PrincipalComponent,coi,c1i,a1i,c2i,a2i
1,0.1595299928140454,0.8863808159166433,25.77689693310084,0.6728393388522873,250.0
2,0.1293779913602357,0.3182419020087773,62.244940590401875,0.1268323490196196,226.261790664528
