PrincipalComponent,coi,c1i,a1i,c2i,a2i
1,0.1488708229562115,1.3138047285997658,25.34906174482953,0.5175950436560764,209.40704622445045
2,0.0134593074817161,0.0353325885190321,27.560486832272627,0.0,208.8636805654754
