PrincipalComponent,coi,c1i,a1i,c2i,a2i
1,0.1324556490464672,0.8053990928960779,20.82172363445066,0.7256884823218177,249.99999999999997
2,0.1166462996725253,0.508487355655293,49.585195102746155,2.2406137898095518e-17,222.13402668057185
