PrincipalComponent,coi,c1i,a1i,c2i,a2i
1,0.143608567141707,0.9876079227909174,26.969753627441097,0.5184687312688214,210.1604869678556
2,0.0587577430817099,0.2158237953571037,28.512490521432316,0.2256584046227638,209.54834129532873
