PrincipalComponent,coi,c1i,a1i,c2i,a2i
1,0.1620136055280454,0.8256519673854879,23.438568160460974,0.7397749386009215,250.0
2,0.1385206982925023,0.3785862906239515,63.658539035919915,0.0745341481492848,225.3649167665842
