PrincipalComponent,coi,c1i,a1i,c2i,a2i
1,0.1090049396907819,1.3360350879044618,27.771160049858093,0.3055912957398861,210.20845022647524
2,0.0216441469118725,0.135349251206574,28.40194883010264,0.0130590210767163,209.7263527843827
