PrincipalComponent,coi,c1i,a1i,c2i,a2i
1,0.1036890674450223,1.244243425976017,27.277044650932645,0.3608303582215984,210.09487251540224
2,0.0322365756265051,0.1562902101926984,28.289282906700645,0.0664232218485625,209.56885575328428
