PrincipalComponent,coi,c1i,a1i,c2i,a2i
1,0.1193003633193059,1.0901750694078831,27.104725644167395,0.451230507895376,210.1647193116156
2,0.048585818240636,0.1800016509278666,28.365189267399774,0.1702321081785581,209.55950204319615
