PrincipalComponent,coi,c1i,a1i,c2i,a2i
1,0.1497356413620288,0.9462875856966702,26.494193030359288,0.5671005334168118,210.01684186847945
2,0.0652133807180181,0.223005938113019,28.375717628653153,0.2459146737106245,209.3694897953043
