PrincipalComponent,coi,c1i,a1i,c2i,a2i
1,0.1220320525442638,1.3768755158990067,27.000248503032452,0.345157145425971,209.87059478037796
2,0.0216374540167815,0.0788433275181485,28.04574472489853,0.0,209.41878506260815
