PrincipalComponent,coi,c1i,a1i,c2i,a2i
1,0.1108592312552368,1.1531196324900186,27.217821717947903,0.4090879767385993,210.14010991423137
2,0.0385923437917478,0.1719120406949508,28.345825631680427,0.122345889681463,209.5743611110861
