PrincipalComponent,coi,c1i,a1i,c2i,a2i
1,0.1477073004379435,0.8043908311744407,21.691066423430406,0.7472656780754473,250.0
2,0.1107700248862806,0.4527669544990551,47.65244924140332,0.0594323093998322,221.76889990993905
