PrincipalComponent,coi,c1i,a1i,c2i,a2i
1,0.1284564973896467,0.8368682432603668,21.603684726031503,0.6200671205505356,250.0
2,0.1126613471901833,0.5249336119494564,47.56929284761033,6.368445052586407e-18,222.0968798473378
