PrincipalComponent,coi,c1i,a1i,c2i,a2i
1,0.1519300077041235,0.937005574704703,26.242133754671272,0.6262731913150176,250.0
2,0.1148827782522192,0.2721018814895666,57.67592478364601,0.1553786751435298,225.51298490061768
