PrincipalComponent,coi,c1i,a1i,c2i,a2i
1,0.1269668479563351,0.7913518277524814,20.955455104670023,0.5170440480275882,250.0
2,0.131811253909698,0.498405716126189,49.74681473829495,0.1099655452713209,221.7935499429896
