PrincipalComponent,coi,c1i,a1i,c2i,a2i
1,0.1497141988429993,1.197770946849794,23.45969249228598,0.7669525996252459,250.0
2,0.0198780818139406,0.0431465562448293,38.775286659338775,3.190261042629408e-19,220.7145485113322
