PrincipalComponent,coi,c1i,a1i,c2i,a2i
1,0.140417781534202,0.8857275534927956,24.85149965213216,0.6043344933242938,209.37684906472697
2,0.0715329701013754,0.1730154496816541,27.650974834176928,0.3554641632643895,208.72242759275727
