PrincipalComponent,coi,c1i,a1i,c2i,a2i
1,0.1159295962555166,1.0105078027540002,24.9970734718139,0.5389670200606177,209.4515336656303
2,0.0475048434774782,0.159371590052028,27.62709646145042,0.232872853597947,208.80817106556225
