PrincipalComponent,coi,c1i,a1i,c2i,a2i
1,0.1247029995851707,1.2143245415330606,24.718916368958375,0.5465890668237178,209.24803364972777
2,0.0137220101268326,0.121558615582591,27.520737009954384,0.0144118004979517,208.6717699319845
