PrincipalComponent,coi,c1i,a1i,c2i,a2i
1,0.1604585105596285,0.7884854265292827,23.712924545609457,0.7025055005731389,209.1598754735406
2,0.0847711569935457,0.1978745191958353,27.325657566830788,0.3964561735111166,208.33681335345037
