PrincipalComponent,coi,c1i,a1i,c2i,a2i
1,0.1639084313450824,0.7795532361434058,23.799220886128985,0.7591588979624875,250.0
2,0.1228193484149581,0.2421513931843144,45.88128566755083,0.3479339575732603,225.2930842861072
