PrincipalComponent,coi,c1i,a1i,c2i,a2i
1,0.1352693157291881,0.7402448710226279,19.896747622151537,0.7179817047995657,250.0
2,0.1225172531613096,0.4874009076044134,47.667928386954586,0.1212005960043674,221.2714826706293
