PrincipalComponent,coi,c1i,a1i,c2i,a2i
1,0.1683180043728664,0.7245968333138065,21.583236511955587,0.8233506279448054,250.0
2,0.1321868433114006,0.2896539558839449,48.62200185131158,0.3029115531794837,223.4506022052488
