PrincipalComponent,coi,c1i,a1i,c2i,a2i
1,0.1473612867744948,0.8654969016898842,24.87972635540086,0.6139060169344324,209.39163729016053
2,0.0741941838290538,0.1807705058978154,27.66092477298848,0.3659382383578965,208.7233008216392
