PrincipalComponent,coi,c1i,a1i,c2i,a2i
1,0.154446994318364,0.7088678627905136,19.969403095712224,0.8326389939435229,250.0
2,0.1473224890369875,0.4225770338163913,59.13462458202149,0.1520520865809382,223.69342898167537
