PrincipalComponent,coi,c1i,a1i,c2i,a2i
1,0.1093208919906429,1.0931831562418053,24.996925879780537,0.5097896275725308,209.403692248626
2,0.0372302049711951,0.1536924621662027,27.62310140627764,0.1604981973360275,208.78644739820712
