PrincipalComponent,coi,c1i,a1i,c2i,a2i
1,0.1390725863278979,0.7096701461675704,19.08509649141319,0.818609160181616,250.0
2,0.1567964361599327,0.5116037916265916,64.93127935011901,0.0393239999986679,224.29949309717628
