PrincipalComponent,coi,c1i,a1i,c2i,a2i
1,0.1323068953539744,1.2309200859866656,24.023723197867024,0.6435140864025487,250.0
2,0.024632336614031,0.0789247290909549,41.90852272354352,0.0,221.4827452774599
