PrincipalComponent,coi,c1i,a1i,c2i,a2i
1,0.1121045228542374,1.1743166446061148,25.433364588498467,0.4806869241033501,209.5007640800011
2,0.0266220927791429,0.1427730528594689,27.74163388606189,0.0854235695728011,208.92647381554855
