PrincipalComponent,coi,c1i,a1i,c2i,a2i
1,0.1226107774270275,0.956295521257221,24.90659648365252,0.5665116275660664,209.3800037941522
2,0.0605439521288721,0.1586750562778136,27.608422926814583,0.2934368954331912,208.77761840287903
