PrincipalComponent,coi,c1i,a1i,c2i,a2i
1,0.144682225997354,0.6955246568884321,18.81689095216925,0.8548778977883028,250.0
2,0.1741462058363851,0.4443308185678017,57.40689973948585,0.179147536030038,222.6420244946536
