PrincipalComponent,coi,c1i,a1i,c2i,a2i
1,0.1609090070197142,0.6979657130392716,19.898381643209945,0.8586283385039257,250.0
2,0.162681304164854,0.3534660220888665,49.359724874992,0.3019359480486479,222.1905835222888
