PrincipalComponent,coi,c1i,a1i,c2i,a2i
1,0.1338853902066975,1.0081925874537356,25.253673369388792,0.5392929933341424,209.40306313757577
2,0.0733918831064277,0.1124304741493226,27.550217119000703,0.3377150352363149,208.8918971230713
