PrincipalComponent,coi,c1i,a1i,c2i,a2i
1,0.1671126896871979,0.7969014392793295,24.002199215986863,0.6928941818953726,209.0298574803314
2,0.1212430553336905,0.1400419262918829,27.098226641742464,0.512099716825701,208.37602775408672
