PrincipalComponent,coi,c1i,a1i,c2i,a2i
1,0.1345497346959124,0.7714317620773024,20.538952117107293,0.5630457855915664,249.9999999999999
2,0.1498034769786191,0.4630097451219262,46.19901956773235,0.2053781994783221,220.71718830378015
