PrincipalComponent,coi,c1i,a1i,c2i,a2i
1,0.1464000744219429,1.2009029544829837,24.677751237940807,0.5943948129213893,209.24909382969528
2,0.0316545808358502,0.0877876114450333,27.46176227743068,0.0746201999872756,208.66021525526813
