PrincipalComponent,coi,c1i,a1i,c2i,a2i
1,0.141840283898274,0.7233776277548901,19.59231986790439,0.7591376534000547,250.0
2,0.1828655888480365,0.5198289690221327,65.57602985495689,0.082220729664005,224.06275982962163
