PrincipalComponent,coi,c1i,a1i,c2i,a2i
1,0.1290245933521919,1.1614896073552077,25.509112461849604,0.5053409373766153,209.52574189745067
2,0.0511509574942675,0.1075692809402327,27.687743973888132,0.1675582541223224,208.95936803086957
