PrincipalComponent,coi,c1i,a1i,c2i,a2i
1,0.1574685160839634,0.8712193039347729,25.19067819694821,0.6039686621605961,209.3137445551764
2,0.1076689120405984,0.1257273599831198,27.485794698973823,0.4813875321963802,208.77230970896147
