PrincipalComponent,coi,c1i,a1i,c2i,a2i
1,0.1512505234401616,0.8906711929399572,25.169523947158357,0.5951067777012642,209.31333829419944
2,0.104524920974129,0.118714706515556,27.502658004104497,0.4699425953161228,208.7755812840561
