PrincipalComponent,coi,c1i,a1i,c2i,a2i
1,0.1372505504098974,0.9569405746582534,25.181081501876463,0.5629153093678654,209.33889216211597
2,0.0899045244403469,0.1085267838947004,27.514844037959136,0.402344747230998,208.8314680148577
