PrincipalComponent,coi,c1i,a1i,c2i,a2i
1,0.174118051181208,0.7227790469169055,21.712357303580344,0.8331785449643246,250.0
2,0.1442465726652573,0.2308861598896547,36.53385358787415,0.4505211850831288,223.5400297000765
