PrincipalComponent,coi,c1i,a1i,c2i,a2i
1,0.1538990999473564,1.2142692518105616,23.9747922135669,0.7106704684542527,250.0
2,0.0329171247690464,0.0656536769142225,37.641927480332,0.0352736730992389,220.59792726393815
