PrincipalComponent,coi,c1i,a1i,c2i,a2i
1,0.1764497492354454,0.7425455925565952,23.47058587202878,0.7419232507159889,208.98393386134728
2,0.1234423259752437,0.1744551149454535,26.957314634398173,0.5097719524989202,208.20729269392652
