PrincipalComponent,coi,c1i,a1i,c2i,a2i
1,0.1245413326444989,1.0822435572570004,25.146903450920675,0.5230639700577252,209.43158671467913
2,0.0646728089229505,0.1159888648646091,27.554520769966725,0.2532094096290704,208.84838136259532
