PrincipalComponent,coi,c1i,a1i,c2i,a2i
1,0.1623204166786792,0.8362915333757528,24.732319352228483,0.6457768374959183,209.18773336786737
2,0.1160722574262391,0.1271886107139015,27.32022494440656,0.5065133091823111,208.622920977465
