PrincipalComponent,coi,c1i,a1i,c2i,a2i
1,0.175776219707939,1.177628425906224,23.275036822853775,0.8532017345503251,250.0
2,0.0244144847783279,0.0336704132661102,37.60598251430466,0.0163469659614368,220.40460435513063
