PrincipalComponent,coi,c1i,a1i,c2i,a2i
1,0.1596606188736666,0.9525905080492796,25.879387629189473,0.5926708203046182,209.57214875642748
2,0.1117357727770754,0.1150803290755799,27.739097456610217,0.4609152731667603,209.06575031751728
