PrincipalComponent,coi,c1i,a1i,c2i,a2i
1,0.1669096164009026,0.9105319456652292,25.08793895784185,0.644110806787698,209.36576245175615
2,0.1128156663833037,0.1303539280040485,27.501583850780904,0.4646704366312555,208.79513734154833
