PrincipalComponent,coi,c1i,a1i,c2i,a2i
1,0.1503490388912919,0.9928608360311112,26.35369175331356,0.54564326988092,209.7203830232615
2,0.1084793943971321,0.1085149958201133,27.898544335609017,0.4397506421112793,209.22728440883472
