PrincipalComponent,coi,c1i,a1i,c2i,a2i
1,0.1731663949698508,1.2913664807322474,24.179637958739484,0.7653489744332878,250.0
2,0.021453637521675,0.0131053636283045,37.603937429110694,0.0102532167347482,220.60132094735027
