PrincipalComponent,coi,c1i,a1i,c2i,a2i
1,0.1439106864869423,1.012532970099749,26.31837611436738,0.5358643828372238,209.7180265228483
2,0.1056637000107106,0.1011351284419327,27.905418647304103,0.4292506154177868,209.2249498397073
