PrincipalComponent,coi,c1i,a1i,c2i,a2i
1,0.1202803747084515,0.8852299242193999,21.724065266443244,0.4474930444457244,250.0
2,0.1340950268988376,0.4220513404835836,37.95121576285586,0.2840904257164481,221.59189931287577
