PrincipalComponent,coi,c1i,a1i,c2i,a2i
1,0.138791936987945,1.354628765255704,25.92721017261023,0.5083746184558348,209.59989325668937
2,0.0389643800441259,0.0349584752162108,27.78482388105883,0.0569264693846786,209.08187530274017
