PrincipalComponent,coi,c1i,a1i,c2i,a2i
1,0.1280246974679871,1.0826338695689433,26.15668596713232,0.4986364149351069,209.69848658418172
2,0.0914144080216103,0.0873971412188228,27.88191458269033,0.3681239395174419,209.22553869500828
