PrincipalComponent,coi,c1i,a1i,c2i,a2i
1,0.1520061811002131,1.3235481936760618,24.81928866196903,0.6100680229750103,209.2362217958743
2,0.0303239031287269,0.020503670282797,27.43413342636354,0.0282671066219429,208.69294631415644
