PrincipalComponent,coi,c1i,a1i,c2i,a2i
1,0.1690289501915963,0.8225313352104977,22.786492667665893,0.7696628228855943,249.99999999999997
2,0.1430702748940933,0.2288296643514308,38.310646364826056,0.4177156016714341,225.37638729933784
