PrincipalComponent,coi,c1i,a1i,c2i,a2i
1,0.1742454649771793,0.8507757645230226,24.58586436162514,0.6899949209223244,209.26270854745232
2,0.1166655817451975,0.1696837631612258,27.35800309103543,0.4665301798106255,208.609165942248
