PrincipalComponent,coi,c1i,a1i,c2i,a2i
1,0.1533958948569115,0.7953795625259964,21.122662566111465,0.7782272583498278,250.0
2,0.1196449064972728,0.3348088531155479,32.081096212437515,0.3655444571666066,221.72251900327032
