PrincipalComponent,coi,c1i,a1i,c2i,a2i
1,0.1220916338679568,1.3073236044340315,26.551386231051826,0.4378979239342147,209.82300890697687
2,0.0538303448613228,0.0653120610527262,27.992591715620044,0.1329073270876769,209.3189587194697
