PrincipalComponent,coi,c1i,a1i,c2i,a2i
1,0.1219276725383316,1.1401196154542117,26.16804371108932,0.4717420373534596,209.7748721350961
2,0.0771994428365234,0.0852786197074622,27.905730397312176,0.3069516653632568,209.23685970166423
