PrincipalComponent,coi,c1i,a1i,c2i,a2i
1,0.118873530982496,1.222618125290956,26.041968516766985,0.4569711720781987,209.6985407401567
2,0.0625996717674665,0.0799163295824542,27.862047211833435,0.2208927076371789,209.1618116027168
