PrincipalComponent,coi,c1i,a1i,c2i,a2i
1,0.1375571235755614,0.7931572026079905,20.107374210973763,0.7628780735657723,249.99999999999997
2,0.1246324954971998,0.3901565607017105,35.14612851592533,0.3049962371143944,220.52018028923536
