PrincipalComponent,coi,c1i,a1i,c2i,a2i
1,0.1327890530088414,0.826351254987469,20.950160079929756,0.6548401715555199,250.0
2,0.1256516914211621,0.419090291621516,36.37476243981837,0.2822865755384487,220.52841996694903
