PrincipalComponent,coi,c1i,a1i,c2i,a2i
1,0.1549889312792628,1.0141854514011095,24.75062619068123,0.5470180464331733,209.25954750102565
2,0.0785746966348784,0.1747739778449618,27.62761410104397,0.3351893859844938,208.68287897053773
