PrincipalComponent,coi,c1i,a1i,c2i,a2i
1,0.1306594054387067,0.9138485992848951,20.235849791904513,0.63298019359544,250.0
2,0.1073786520148351,0.4299316570563085,44.294606178263734,0.1511891212838642,220.68326355176657
