PrincipalComponent,coi,c1i,a1i,c2i,a2i
1,0.1276636257509504,0.9405239453106108,20.996238156318174,0.5284861405332315,249.99999999999997
2,0.1100953048488151,0.4740184306211728,46.55889651264265,0.1095622803703661,221.51333233350164
