PrincipalComponent,coi,c1i,a1i,c2i,a2i
1,0.1303068317912018,1.464639779804317,25.404022678157045,0.3834795167077809,209.283725710974
2,0.0215401522522637,0.0206408838781473,27.523539985830737,0.0167411771959928,208.857944112081
