PrincipalComponent,coi,c1i,a1i,c2i,a2i
1,0.1097650040784785,1.4440838415485928,26.5902268333329,0.2893815068025415,209.709394307676
2,0.0268208731156457,0.0741606395674952,27.97866053517808,0.0488900988856235,209.2883962361566
