PrincipalComponent,coi,c1i,a1i,c2i,a2i
1,0.1239873885303082,1.5005786165017825,26.388778700662467,0.310758660387564,209.633983149586
2,0.0218344455876182,0.0319209195459243,27.84664928059714,0.0159621596889125,209.21265760846129
