PrincipalComponent,coi,c1i,a1i,c2i,a2i
1,0.1369106208840189,1.1139111849072116,25.749118284638737,0.4545687263718632,209.61042790924043
2,0.0643455424747789,0.1485542998325484,27.941283510433017,0.2856632203694715,209.06266079704477
