PrincipalComponent,coi,c1i,a1i,c2i,a2i
1,0.1422136609040328,1.0948001668417182,25.826001828644294,0.4613041391974197,209.60619262354533
2,0.069178410951047,0.155032082509032,27.954563004400676,0.2984839727709973,209.08239212829815
