PrincipalComponent,coi,c1i,a1i,c2i,a2i
1,0.1692215677370405,0.9385609334546352,22.5248160524585,0.6618655955683463,250.0
2,0.120708481298585,0.2865238405093948,57.63614923949783,0.2225375497687569,224.1199322356403
