PrincipalComponent,coi,c1i,a1i,c2i,a2i
1,0.1072357602461029,1.2577325356905766,25.622947830226188,0.3807101806435422,209.5145999040788
2,0.0421394405638798,0.1168217895188952,27.82060075141566,0.1744072880540712,208.9944642572535
