PrincipalComponent,coi,c1i,a1i,c2i,a2i
1,0.1399756751995581,1.3726206737984548,24.75362047440924,0.4736657148420632,209.18416122242755
2,0.0320762230332402,0.0337468080640486,27.403919720819644,0.0438135324217791,208.67156767467455
