PrincipalComponent,coi,c1i,a1i,c2i,a2i
1,0.167213101603205,0.9656895767476172,24.358990512561057,0.5844427513629715,209.18903189093817
2,0.0783066526418163,0.2027351656097777,27.60417029730255,0.3447783479127535,208.54901033102385
