PrincipalComponent,coi,c1i,a1i,c2i,a2i
1,0.1493057971545987,1.0532679017451982,25.409473269142826,0.5047611025006105,209.4544556275814
2,0.0748439910051101,0.1628828584196926,27.81195075477709,0.3230107241639288,208.92072449097623
