PrincipalComponent,coi,c1i,a1i,c2i,a2i
1,0.1213508691091921,1.1930290958362952,25.59427959559459,0.4159462564581687,209.55130912157992
2,0.0489654732051096,0.1258090927008564,27.844125240447617,0.2269444143257274,208.9967586614333
