PrincipalComponent,coi,c1i,a1i,c2i,a2i
1,0.1463771089797738,0.9176870129169225,21.00580901573796,0.659382856008328,250.0
2,0.1471943138986573,0.4542139395102367,71.99001510091803,0.045350654282639,225.6626157405009
