PrincipalComponent,coi,c1i,a1i,c2i,a2i
1,0.1016748308593669,1.34807812942072,25.79705545969779,0.3399881974170574,209.51163685946236
2,0.0345203562152999,0.102064719217347,27.811099221513366,0.1105261536773452,209.0362400000978
