PrincipalComponent,coi,c1i,a1i,c2i,a2i
1,0.1324689449721785,0.9681274020288448,22.286806959738037,0.3201395464412236,216.69776641822187
2,0.1129313463196989,0.4739929428405046,44.423241465732595,0.1175619165968133,212.79948920048412
