PrincipalComponent,coi,c1i,a1i,c2i,a2i
1,0.1488575224058789,1.2249054512349504,28.900774238366647,0.3618398632226064,210.53814380990417
2,0.0574592094452713,0.106834229449618,28.759903026337884,0.2232683972500995,210.11489802089784
