PrincipalComponent,coi,c1i,a1i,c2i,a2i
1,0.1265037754926087,1.0794389466133725,23.974807168478183,0.2114713287540734,216.1488451770506
2,0.0885460883157431,0.4425206711806931,45.14140759967351,0.0841007530940558,212.5755531047634
