PrincipalComponent,coi,c1i,a1i,c2i,a2i
1,0.1459828130329296,1.0322700109534328,23.203552645053865,0.5625645454058322,247.7063594804065
2,0.1226048323628138,0.4079769429631918,76.6591510770365,6.789758599535697e-18,226.09432597773016
