PrincipalComponent,coi,c1i,a1i,c2i,a2i
1,0.1165472112151338,1.594839821119601,28.79262742824101,0.1173277373009761,210.42176768139663
2,0.0254616971994293,0.0188177563910739,28.570583090023906,0.0330601782233528,210.05242011749976
