PrincipalComponent,coi,c1i,a1i,c2i,a2i
1,0.102441427258474,1.565289338179287,28.830019878796953,0.1271483580419409,210.42085008598164
2,0.0256190206061123,0.0359692872862369,28.601811482340597,0.0385747328050306,210.05661145966656
