PrincipalComponent,coi,c1i,a1i,c2i,a2i
1,0.1176500061141569,1.3138203932105172,28.215966054386428,0.3114897481224238,210.3736628304235
2,0.0449186971383117,0.0856477996630794,28.570481993604243,0.1615841682022291,209.89218061568943
