PrincipalComponent,coi,c1i,a1i,c2i,a2i
1,0.1043931220593996,1.412652868616635,26.84921141734187,0.2517372522874227,209.79877956026337
2,0.059605050913761,0.0694946361385272,28.00914373495271,0.1023193494302525,209.38489694179628
