PrincipalComponent,coi,c1i,a1i,c2i,a2i
1,0.1230720004864219,1.0464758190211565,22.8805529343068,0.4070242237818853,225.95585572823688
2,0.1112200140816621,0.4706284612390987,60.61953639506551,0.0005696683299423,218.0942765719599
