PrincipalComponent,coi,c1i,a1i,c2i,a2i
1,0.1586388760363159,1.178593221354852,28.882450918956565,0.4034875803958211,210.54439108551784
2,0.0653301673499134,0.1174269330306633,28.75632560325235,0.2462092065311164,210.1125116297188
