PrincipalComponent,coi,c1i,a1i,c2i,a2i
1,0.1607909153716517,1.0838195959690529,27.201190767337163,0.4978391227642135,210.111289404488
2,0.074925304685284,0.1627854114991249,28.37412806034504,0.2682628588939513,209.59872157923
