PrincipalComponent,coi,c1i,a1i,c2i,a2i
1,0.1126334881024903,1.533703401074048,27.530124145650532,0.17918962219015,210.0019541383486
2,0.0319834184031978,0.0295203495747311,28.206133364358656,0.0535960589783384,209.6136515480995
