PrincipalComponent,coi,c1i,a1i,c2i,a2i
1,0.0993042151586123,1.4719302617927297,28.179102459556244,0.2022459696632635,210.19420616441764
2,0.0298617430675145,0.0584087823688668,28.440893046596056,0.0776761454485016,209.82137983769425
