PrincipalComponent,coi,c1i,a1i,c2i,a2i
1,0.161190930554817,1.0157783253174029,24.63848133653262,0.5631155375926418,209.31624231921384
2,0.0705148377772636,0.2091329232579537,27.728272907758125,0.2595910564049627,208.70978435748208
