PrincipalComponent,coi,c1i,a1i,c2i,a2i
1,0.1451415349703357,1.240985969388184,28.89642844897264,0.3533506312472228,210.5326542204855
2,0.0529031220853682,0.1026450620251231,28.755394775710247,0.2106524536227433,210.11186099560103
