PrincipalComponent,coi,c1i,a1i,c2i,a2i
1,0.1082026841005407,1.3803016386093905,28.136589865499023,0.2654944586725462,210.2971609255271
2,0.0338822809032803,0.0743566327289435,28.521038730506067,0.1197222910267517,209.84511032785448
