PrincipalComponent,coi,c1i,a1i,c2i,a2i
1,0.1534794397902917,1.1355542265964091,27.538016046730927,0.4595199260286379,210.2441202284896
2,0.0704229329257422,0.1326817473729554,28.430058275928644,0.2578947153807954,209.71088217407373
