PrincipalComponent,coi,c1i,a1i,c2i,a2i
1,0.1295059896867813,1.0164105189176074,22.160389220969275,0.5241044574080732,233.75523720703885
2,0.1169751518707542,0.4448880338793775,65.56160714518401,0.0002793586352713,220.7002124867802
