PrincipalComponent,coi,c1i,a1i,c2i,a2i
1,0.1224282711810052,1.562938511791734,30.025586063215567,0.2106978821645246,210.88382949407455
2,0.0293181886335802,0.0139203376359948,28.965183362628647,0.0290877382147446,210.4866177025674
