PrincipalComponent,coi,c1i,a1i,c2i,a2i
1,0.1586794890308004,1.1781873825634748,27.87611342755785,0.5811150662615808,210.34595441115005
2,0.0735323038073997,0.0665215993546807,28.572871822109125,0.2293571209541571,209.7905049780963
