PrincipalComponent,coi,c1i,a1i,c2i,a2i
1,0.1097082527874035,1.4853818889589956,28.790600554123547,0.3128244904526126,210.3960910277733
2,0.0336777198646958,0.0206053832597718,28.610456059455434,0.0534522813424419,210.02706655132468
