PrincipalComponent,coi,c1i,a1i,c2i,a2i
1,0.115646678546714,1.3997479500573746,28.86071751890901,0.384388706528652,210.41432138739177
2,0.0413892301445207,0.0308990137250114,28.67241833106918,0.0857232801585303,210.04817204930663
