PrincipalComponent,coi,c1i,a1i,c2i,a2i
1,0.1245784820269832,1.131367786288103,23.543187324565267,0.4412542883702143,237.5047963478075
2,0.1103837283828098,0.4318003920907569,80.1814088268221,0.0,222.1041103431796
