PrincipalComponent,coi,c1i,a1i,c2i,a2i
1,0.1608927716657867,1.1359815133965443,27.561846477469437,0.6010814666478566,210.2926597236011
2,0.0832917372737706,0.0868651213780055,28.523853749569724,0.258283560643431,209.70496447540063
