PrincipalComponent,coi,c1i,a1i,c2i,a2i
1,0.1408710154982706,1.099619909552266,23.80945682622541,0.6154075404989066,250.0
2,0.1057514469592443,0.3205412275652899,76.61377161701644,0.0795127915676528,223.91342293107857
