PrincipalComponent,coi,c1i,a1i,c2i,a2i
1,0.1568533694850658,1.2149879044188248,28.91109293288321,0.5362274645937205,210.51484384084551
2,0.0712450466993485,0.058501122608858,28.779713969320408,0.210612452499906,210.1029017702462
