PrincipalComponent,coi,c1i,a1i,c2i,a2i
1,0.1429696674878225,1.2556086680787235,28.928143425656163,0.497201145530784,210.51388252475337
2,0.0675601405589141,0.0535117837466837,28.77435915079327,0.1850366343804478,210.10731264976073
