PrincipalComponent,coi,c1i,a1i,c2i,a2i
1,0.1253590857021205,1.1517687690106808,24.311829119422026,0.2540237759848845,222.79691695728943
2,0.0956689049354838,0.3786972837647454,55.85920504041854,0.1021273737688324,212.8969098419119
