PrincipalComponent,coi,c1i,a1i,c2i,a2i
1,0.1398408522224133,1.2691386880411653,28.92795500786933,0.4908282052226324,210.5056157513629
2,0.0623821293630921,0.0519021103829222,28.764594813362912,0.1702979159480688,210.10599682888508
