PrincipalComponent,coi,c1i,a1i,c2i,a2i
1,0.158754338501765,1.0706350425131097,25.034363310967567,0.6455181190466479,209.5209707031524
2,0.0819358338702467,0.1288137922618498,27.86913971073987,0.2719158639623175,208.86031775678995
