PrincipalComponent,coi,c1i,a1i,c2i,a2i
1,0.1346126863531008,1.1016672042973197,23.01125517470623,0.5698790547258942,250.0
2,0.1101528504196542,0.40565195817035,85.47279100049123,6.8516351001715665e-18,225.53922152971623
