PrincipalComponent,coi,c1i,a1i,c2i,a2i
1,0.1266899967572561,1.568741920078873,29.84105501582973,0.168665264398107,210.82300050172591
2,0.0368904993190575,0.0203691634058039,28.929555243726128,0.0587316410878834,210.434681476374
