PrincipalComponent,coi,c1i,a1i,c2i,a2i
1,0.1164333847369525,1.487957938297353,28.896818506028893,0.1996158464329195,210.45270114720887
2,0.0562331608395384,0.0480239113699336,28.661047095089497,0.1051245419227102,210.09104486502892
