PrincipalComponent,coi,c1i,a1i,c2i,a2i
1,0.1021987742945812,1.3711880134374064,27.85105986801937,0.2684970782929156,210.21951856893432
2,0.0842087286748888,0.0830301144842755,28.328184003315094,0.1658935753966504,209.77925515823128
