PrincipalComponent,coi,c1i,a1i,c2i,a2i
1,0.1286240531611851,1.3370347954703092,28.886673165613537,0.4392958493469394,210.4466072447916
2,0.0476618818407929,0.0385011209619201,28.72233924460349,0.1202281574607679,210.06662681103776
