PrincipalComponent,coi,c1i,a1i,c2i,a2i
1,0.1756332720575428,1.1417784586434987,27.47433080221255,0.5862382388090895,210.40568902365308
2,0.073237893316291,0.0874364045383801,28.44462603042268,0.3525117586946131,209.7681401805612
