PrincipalComponent,coi,c1i,a1i,c2i,a2i
1,0.1511213263484279,1.295710411389787,31.06267164373142,0.6462119113312335,211.34375439608823
2,0.0366499716433092,0.0174789008329346,29.41998454014443,0.0565649779680367,210.85476269760235
