PrincipalComponent,coi,c1i,a1i,c2i,a2i
1,0.2004359443268745,1.153210021371835,31.460564384307187,0.7557865165265928,211.68956532385565
2,0.0737894590038554,0.0053029559299943,29.67385189140206,0.2264622686752098,211.0944473338639
