PrincipalComponent,coi,c1i,a1i,c2i,a2i
1,0.1881941604232314,1.2047698036018442,31.736049132629105,0.7376719744655317,211.69201250447213
2,0.0566372765929056,0.0074193246897402,29.703758851932836,0.1450046264055159,211.1387314660603
