PrincipalComponent,coi,c1i,a1i,c2i,a2i
1,0.1787177268600821,1.2340448258497747,31.94057249140976,0.7025271004647299,211.70437656316983
2,0.0512021115698078,0.0142701945928068,29.7430494500973,0.1113236584890787,211.18498700158617
