PrincipalComponent,coi,c1i,a1i,c2i,a2i
1,0.1872667733302599,1.1192904962750725,27.8539717977201,0.6742941747198726,210.65559965982223
2,0.0724776980332346,0.0684806460846608,28.582383661034346,0.32253140039861,209.9245562887351
