PrincipalComponent,coi,c1i,a1i,c2i,a2i
1,0.2037632258626824,1.1012294321327945,28.94999279439522,0.7740491048257986,210.50086922268312
2,0.0739676128042135,0.0221441626864311,28.80889280213493,0.2714160999755372,210.09755492819423
