PrincipalComponent,coi,c1i,a1i,c2i,a2i
1,0.1034958109410585,1.4109455290288542,30.906259751708863,0.2314475023830077,211.33530760591785
2,0.0566864750204865,0.1162997293147877,29.347188465137247,0.1572207655476958,210.86124443298633
