PrincipalComponent,coi,c1i,a1i,c2i,a2i
1,0.1670306962009803,1.242579612288072,28.08441426819142,0.289169882992942,249.36054602820084
2,0.0729063326044691,0.163457088799152,54.84821572912824,0.2851298043911678,196.95670647631604
