PrincipalComponent,coi,c1i,a1i,c2i,a2i
1,0.1375278041114852,1.3510864117158057,31.022158451481246,0.5728279178634341,211.29471182641743
2,0.0323950249807208,0.0165601312459776,29.370414634327908,0.039355809006355,210.8310134969068
