PrincipalComponent,coi,c1i,a1i,c2i,a2i
1,0.0955548611777338,1.3176390744779958,29.703988523361,0.2434352857600992,210.87979668267403
2,0.0717551171282601,0.1547376657352724,28.89005863836378,0.2272757815096166,210.42506193235965
