PrincipalComponent,coi,c1i,a1i,c2i,a2i
1,0.1220964854147678,1.4654399807872804,31.42733825045871,0.3320108609685193,211.4544303164267
2,0.0314151619915591,0.0501131973836096,29.489453910695968,0.0617178101365807,210.9981808329348
