PrincipalComponent,coi,c1i,a1i,c2i,a2i
1,0.0960351183038326,1.2008489976810672,28.8075503594838,0.3068703259363046,210.33597930372952
2,0.0885340409865973,0.1881990271964193,28.65229376227045,0.2906091123300053,209.98145609706523
