PrincipalComponent,coi,c1i,a1i,c2i,a2i
1,0.1281378342155687,1.4186044904597928,30.89667639929382,0.4708385258492782,211.2329159997099
2,0.0288720114250531,0.0241613661133079,29.304948622543268,0.0365428331059409,210.78784692036712
