PrincipalComponent,coi,c1i,a1i,c2i,a2i
1,0.1720018046299909,1.2438196031180777,31.74646328458896,0.7004390450400554,211.6253135390689
2,0.047795726167841,0.0160949419681039,29.674048697638753,0.0949708930628301,211.1112964232308
