PrincipalComponent,coi,c1i,a1i,c2i,a2i
1,0.1926748635670074,1.1744490331448976,31.198964412615524,0.7664455357679373,211.5499940167984
2,0.0635412142260663,0.0061769344705226,29.56766062166123,0.1740835783492404,210.96935000993585
