PrincipalComponent,coi,c1i,a1i,c2i,a2i
1,0.1145240979329773,1.0253912442605135,27.38664637734858,0.4758129638949724,209.98250139463607
2,0.070573104693536,0.2273059254164134,28.235115454218988,0.3575641699422521,209.4865928814212
