PrincipalComponent,coi,c1i,a1i,c2i,a2i
1,0.214830584557059,1.0189900714005962,30.496257633521324,1.081114475430026,211.40235223966928
2,0.0355207571309788,0.0164775877717978,29.385947850969895,0.0680004063104608,210.713601489074
