PrincipalComponent,coi,c1i,a1i,c2i,a2i
1,0.2077214612279401,1.0004421642266113,26.857035270983747,0.8876732895925354,210.5497775619936
2,0.0846156408970165,0.0070494592718001,28.40958232291708,0.3841277331146643,209.7004591809022
