PrincipalComponent,coi,c1i,a1i,c2i,a2i
1,0.2013943027727719,1.119083231037406,28.94505375667342,0.5116640583362736,210.5208115568222
2,0.0754545836657638,0.0386466162729329,28.81511011871483,0.4228337356073857,210.1398795780131
