PrincipalComponent,coi,c1i,a1i,c2i,a2i
1,0.1830862908756797,1.0577270308215494,28.86338570214183,1.020347677016184,210.3178400646472
2,0.0248924850276839,0.0313168488686041,28.724818291743592,0.0475250538165129,209.98232260945247
