PrincipalComponent,coi,c1i,a1i,c2i,a2i
1,0.2299698125350235,1.033883508627439,31.159222239968116,1.1512395179332409,249.99999999999997
2,0.0501972962193656,2.9937820238749644e-18,39.73459260584566,0.1379547354657477,223.43812959156625
