PrincipalComponent,coi,c1i,a1i,c2i,a2i
1,0.1205683129134826,1.1108408251475537,28.863254494398294,0.4753024837524279,210.38171056205152
2,0.0582177461670049,0.1935542062276007,28.747932477599324,0.2795247940310089,210.03269127938444
