PrincipalComponent,coi,c1i,a1i,c2i,a2i
1,0.2461062577868224,0.955463691155806,30.585727173344168,1.137319950632222,211.75235036583015
2,0.0506125212452901,1.425320322036584e-18,29.5472840393096,0.1812445614695763,210.91407137879537
