PrincipalComponent,coi,c1i,a1i,c2i,a2i
1,0.1772902134175955,1.1016756122511504,29.753154057218655,0.9161098794913424,211.3856063094714
2,0.021982535096307,0.0432577133024393,29.19262929226672,0.0495096425332254,210.5257088490762
