PrincipalComponent,coi,c1i,a1i,c2i,a2i
1,0.235813871673924,0.9899349584326016,29.44520258409782,1.1340829153552727,250.0
2,0.0670676525881344,0.0,39.878903504370506,0.2453861144733451,225.7938866525065
