PrincipalComponent,coi,c1i,a1i,c2i,a2i
1,0.2011104826134675,1.059476943765688,27.82991973259543,0.7290871320725442,210.8118564476931
2,0.0811602992390015,0.021805022212123,28.66802512349134,0.4139906433514935,210.0259603624951
