PrincipalComponent,coi,c1i,a1i,c2i,a2i
1,0.1531356863257122,1.1528641796963033,28.85973895214124,0.7949399051259131,210.37099048661725
2,0.0231896910998318,0.0666904304366793,28.723485266029325,0.0780446376712045,210.00768763639047
