PrincipalComponent,coi,c1i,a1i,c2i,a2i
1,0.1176420873953267,0.9349419766694662,26.768673398378805,0.504306095380411,209.68468998173097
2,0.0905257699971297,0.2352873934974576,27.796091507078685,0.4468577715039171,209.19928026356845
