PrincipalComponent,coi,c1i,a1i,c2i,a2i
1,0.2261893355373343,0.9646288989070948,27.073688280199644,1.0127276211457803,210.73733004386503
2,0.0751483796319327,0.0014530305315485,28.520272564559473,0.3196712092684411,209.79856754355012
