PrincipalComponent,coi,c1i,a1i,c2i,a2i
1,0.2217180492836624,1.0109584143499448,30.71533542554998,1.0881513071786528,211.47320437604915
2,0.0388316187198897,0.0127822837575616,29.459424021242633,0.0794974131183073,210.79253230047573
