PrincipalComponent,coi,c1i,a1i,c2i,a2i
1,0.2310833253824609,0.985530565514859,30.50831389118174,1.1275048469396165,211.6457907336004
2,0.0448506679484092,0.0028391569204805,29.49208116143184,0.1077592693937319,210.8037783439418
