PrincipalComponent,coi,c1i,a1i,c2i,a2i
1,0.3154141988592642,0.7175692391501267,26.431175168782826,1.4444117754336154,211.4975541681674
2,0.0527412149494331,0.0147467127096016,28.57749024050046,0.2000272811727414,209.82309401307668
