PrincipalComponent,coi,c1i,a1i,c2i,a2i
1,0.3001834884677811,0.8224060292093546,28.124956776182067,1.3221980082707008,250.0
2,0.0582686513191956,0.0317586442822344,38.685164293961144,0.261051921916606,223.00373657402855
