PrincipalComponent,coi,c1i,a1i,c2i,a2i
1,0.1865899001490851,0.6648530010115421,28.700054426336848,0.7110801973664904,210.01830206392864
2,0.1144266405963565,0.262466898701381,28.609414449077235,0.5276491195820278,209.64386909695017
