PrincipalComponent,coi,c1i,a1i,c2i,a2i
1,0.1927591570746682,0.8666079357565347,28.94586743647127,1.018222009348091,210.45684564122251
2,0.0527711215823898,0.1158156775404748,28.85634090525942,0.1655108429447475,210.05342271583535
