PrincipalComponent,coi,c1i,a1i,c2i,a2i
1,0.2961412271155705,0.8544151452586418,28.968788155907763,0.9258023157724802,210.53249919367545
2,0.048847202832117,0.0665483294897763,28.871743168769836,0.3204170555881913,210.1176805325424
