PrincipalComponent,coi,c1i,a1i,c2i,a2i
1,0.3107786318432886,0.7564790044828777,32.50284195754401,1.4256865666826457,211.9348187935087
2,0.024941851271739,0.0342219224415511,30.021669530689053,0.041501594119211,211.3559220516014
