PrincipalComponent,coi,c1i,a1i,c2i,a2i
1,0.3023165984920674,0.7627861098614223,32.31328755647447,1.406415676858164,211.91016653923535
2,0.024223753025963,0.0395031456991755,29.976182091449004,0.0411465651616502,211.30376096175823
