PrincipalComponent,coi,c1i,a1i,c2i,a2i
1,0.1821181937819469,0.883985217567492,30.667890030993956,0.8132586024598366,211.41946717572347
2,0.0678507516990933,0.1719917867638503,29.626098830065807,0.247243714209835,210.79280428581663
