PrincipalComponent,coi,c1i,a1i,c2i,a2i
1,0.3404178432277751,0.6984100227154311,31.81631964852726,1.5411775501998293,212.59186155378143
2,0.0400443286300953,0.0044646582964188,30.078494404630213,0.0934274607148641,211.3995223401155
