PrincipalComponent,coi,c1i,a1i,c2i,a2i
1,0.1666603759355824,0.8214569573171954,28.79980476980504,0.7081190935109783,210.1905012814224
2,0.0798167521192177,0.2454080269036122,28.702213969894043,0.3594012942921506,209.83219694607055
