PrincipalComponent,coi,c1i,a1i,c2i,a2i
1,0.2684705751797013,0.7951586852784647,31.248476076672105,1.2925660804427586,211.63327680425357
2,0.0264804608128927,0.0595980608429823,29.674855223660355,0.0623703304990337,210.96275169703904
