PrincipalComponent,coi,c1i,a1i,c2i,a2i
1,0.3441190824500961,0.6653491693923984,28.94769562677128,1.547737490824318,210.3975210323783
2,0.0483536258354526,1.196614518796569e-18,28.8726562489166,0.137234543503945,210.0324712164164
