PrincipalComponent,coi,c1i,a1i,c2i,a2i
1,0.1791075930238755,0.7436793742242886,28.733579666814833,0.6916748270810742,210.09529377338976
2,0.0918047693500394,0.2682899208670404,28.64154454655772,0.4352417121093942,209.72722384555635
