PrincipalComponent,coi,c1i,a1i,c2i,a2i
1,0.2398292875010163,0.828514467432295,30.974212005158225,1.1670745041710375,211.5637505118044
2,0.0354185176521989,0.0803981521747936,29.609611337477897,0.0998690465507298,210.88158730680485
