PrincipalComponent,coi,c1i,a1i,c2i,a2i
1,0.2962459075209872,0.8016258696424932,26.864500636673903,1.16944724293404,211.37862786675737
2,0.0473532797727861,0.046191347928859,28.67976927741397,0.2915430987603076,209.88193130381643
