PrincipalComponent,coi,c1i,a1i,c2i,a2i
1,0.3208223002603408,0.7300812985020748,31.909780384997436,1.4874712556618208,211.9318913267417
2,0.0282323894772751,0.0240713681769564,29.8867235842652,0.0512382087619263,211.2039815283779
