PrincipalComponent,coi,c1i,a1i,c2i,a2i
1,0.3307079451776941,0.7089622059256999,31.32120148292191,1.5256880948203526,212.2166446342064
2,0.0315579906901904,0.014897872771889,29.83044111096746,0.0679745584772961,211.14395152568343
