PrincipalComponent,coi,c1i,a1i,c2i,a2i
1,0.3721931074086461,0.6582722403112754,28.92757919411296,1.496260842909487,210.41017455099063
2,0.0275486902918196,0.0477056654427448,28.83497691275216,0.0567240035168309,210.03684890192855
