PrincipalComponent,coi,c1i,a1i,c2i,a2i
1,0.3697587155704762,0.7543473938041331,25.50589784289729,1.5034832954856443,250.0
2,0.0522596640922599,0.0333951020207645,37.85988887665973,0.1577308937355316,221.1820234656788
