PrincipalComponent,coi,c1i,a1i,c2i,a2i
1,0.3991897383544235,0.6971058800994171,29.43265629477201,1.687036387461317,250.0
2,0.0312581505411182,0.0257569504292726,38.82854219731568,0.0403834508539249,221.64420043723743
