PrincipalComponent,coi,c1i,a1i,c2i,a2i
1,0.3152068649467395,0.7051084170077493,28.95028291344976,1.2979724758348172,210.5284623665394
2,0.0507542399033712,0.0677723295482426,28.872427007333744,0.1313441586344169,210.08425724276267
