PrincipalComponent,coi,c1i,a1i,c2i,a2i
1,0.3583591472915433,0.8451768500978736,27.33625068358478,1.110135006234013,250.0
2,0.0482135235733505,0.0714340122372116,39.31819036499525,0.2134308406254844,221.74637503353156
