PrincipalComponent,coi,c1i,a1i,c2i,a2i
1,0.3755050331897019,0.7276888174274384,30.15625407869084,1.5854762780485332,250.0
2,0.0296757346430562,0.0430650820435074,39.20955704709084,0.0368964632804638,221.8844779394604
