PrincipalComponent,coi,c1i,a1i,c2i,a2i
1,0.3607476618678228,0.6677234839666584,28.95483818587716,1.4608437633496272,210.435718258475
2,0.0308726746614026,0.0502807874755032,28.85197897949197,0.0707650926345371,210.05281041724513
