PrincipalComponent,coi,c1i,a1i,c2i,a2i
1,0.2349317429882875,0.7841746702330811,28.843175966332417,0.8353584876131547,210.333658634688
2,0.086692607546078,0.1910817815678997,28.75380322490359,0.2979729395373363,209.9717208082202
