PrincipalComponent,coi,c1i,a1i,c2i,a2i
1,0.2281575062961902,0.6363305812861739,25.30119217838146,0.7697788905070206,209.78204109432772
2,0.0995017822332423,0.304926321215605,27.3743953197796,0.4374853221852501,208.89565790623865
