PrincipalComponent,coi,c1i,a1i,c2i,a2i
1,0.2315776705853196,0.5572988721648529,24.28944991446037,0.8084529490879004,209.6039488805649
2,0.1171198089738644,0.3041863199567368,26.452418869387813,0.5156460888405283,208.6470796152529
