PrincipalComponent,coi,c1i,a1i,c2i,a2i
1,0.3846992467389355,0.7102976995380289,29.29044190367431,1.6444003998717185,250.0
2,0.0302848853643483,0.0328203973612794,38.87215622849651,0.0374150854106444,221.62452489688997
