PrincipalComponent,coi,c1i,a1i,c2i,a2i
1,0.2220681803898091,0.7166560097885454,26.584469532911616,0.761692674867369,210.2166474677809
2,0.0932603370962998,0.2752598839713019,28.292261960687703,0.3766959238492989,209.35783224290057
