PrincipalComponent,coi,c1i,a1i,c2i,a2i
1,0.3848159606245416,0.7265644704729745,26.231346901066324,1.611782922429544,250.0
2,0.0488759444814181,0.0235483859095618,37.94573610239253,0.107833808415745,221.2122062633827
