PrincipalComponent,coi,c1i,a1i,c2i,a2i
1,0.2825855488657713,0.7375989271557062,28.944188464248455,1.1578748967611248,210.4948159838904
2,0.0648030806241069,0.0898752495620796,28.86324205031291,0.1816998767650522,210.0772232108972
