PrincipalComponent,coi,c1i,a1i,c2i,a2i
1,0.3626271578236583,0.798506506128033,26.672067377879053,1.3446030656571466,250.0
2,0.0520915886281509,0.054072582982327,38.45832369842267,0.1840806754806783,221.4974599986733
