PrincipalComponent,coi,c1i,a1i,c2i,a2i
1,0.2552224272023576,0.7755446539592331,28.92890363036221,0.9985693305817804,210.51653289294975
2,0.0792236626701392,0.1274760947882294,28.84275600892264,0.2359096845705577,210.09112814785303
