PrincipalComponent,coi,c1i,a1i,c2i,a2i
1,0.4030147082446015,0.6766925922727024,27.06015288227353,1.713658390303584,250.0
2,0.0411637790782086,0.0146657650353701,38.315788571835235,0.0638162574060372,221.1793493596565
