PrincipalComponent,coi,c1i,a1i,c2i,a2i
1,0.2648341363272214,0.7413283501142597,26.331855069391914,1.292158622424512,250.0
2,0.078526358525819,0.0556831790733248,34.814655953246735,0.3277366035267876,225.67240124259948
