PrincipalComponent,coi,c1i,a1i,c2i,a2i
1,0.3599039879702574,0.7233944853494158,22.073041497641956,1.8037539358986008,250.0
2,0.0353333286965235,8.885295427024571e-19,37.4362896250325,0.1010249977321238,219.88404307818945
