PrincipalComponent,coi,c1i,a1i,c2i,a2i
1,0.3435419396114675,0.7610145894418336,21.62906899822509,1.702999152748116,250.0
2,0.0378708180187553,0.0025016911101569,37.313799043494505,0.1430438780743471,219.68963132813784
