PrincipalComponent,coi,c1i,a1i,c2i,a2i
1,0.3708061524433138,0.6632653314727658,24.521273600884637,1.8114476592716973,250.0
2,0.0317797845249366,0.0144883467639836,37.85973214921128,0.1077258409259874,220.6244290085626
