PrincipalComponent,coi,c1i,a1i,c2i,a2i
1,0.332384826257016,0.6851363807922257,25.55290747628171,1.6232667421490532,250.0
2,0.0511682733315686,0.029525612673041,37.58215907622662,0.1927006521716835,221.6002991274003
