PrincipalComponent,coi,c1i,a1i,c2i,a2i
1,0.3252002510603002,0.8741436226680003,23.849890991841654,1.2843851528763108,250.0
2,0.0449803139552122,0.0043643907945903,37.75468947668925,0.2352356674575098,220.10277867743153
