PrincipalComponent,coi,c1i,a1i,c2i,a2i
1,0.3358340531032907,0.8123463440948581,22.80662042032342,1.543499623877513,250.0
2,0.0392195234463841,0.0102107461879098,37.52554759476656,0.1764387099285541,219.8559734967106
