PrincipalComponent,coi,c1i,a1i,c2i,a2i
1,0.2030106743440621,0.5892334233588432,20.85959237194122,1.015318056135354,250.0
2,0.0815765295527014,0.3878655431062407,28.612197402737912,0.376657618574966,224.646785139315
