PrincipalComponent,coi,c1i,a1i,c2i,a2i
1,0.379675068290816,0.6572684111869302,22.614252382830554,1.874127487250831,250.0
2,0.0321118209439726,0.0010197113507769,37.585252841061006,0.087099454742562,220.07538123988775
