PrincipalComponent,coi,c1i,a1i,c2i,a2i
1,0.3147536487400774,0.7060736437292072,26.50855898893908,1.5071698610384592,250.0
2,0.061617105908549,0.0344973775748361,37.24009479906348,0.2360149050442182,222.71397458762596
