PrincipalComponent,coi,c1i,a1i,c2i,a2i
1,0.2093502928490735,0.512493823092325,19.845483934074696,1.0756130312417915,250.0
2,0.095052563510039,0.3929649627998499,27.399224711960407,0.4319113395978177,225.5428332886318
