PrincipalComponent,coi,c1i,a1i,c2i,a2i
1,0.2203208616950234,0.7753973465632636,25.564975414868087,1.0550169787136647,249.99999999999997
2,0.073379970446284,0.1513429387408803,26.79647802829887,0.3793725087740405,227.33158035815
