PrincipalComponent,coi,c1i,a1i,c2i,a2i
1,0.198418320006665,0.6700387520677052,22.47075254787301,0.9700365813791012,250.0
2,0.0790358100833706,0.3476380208240561,29.945739987655884,0.3539082971263942,224.43405235173324
