PrincipalComponent,coi,c1i,a1i,c2i,a2i
1,0.2090054006055121,0.7080252705663594,23.824048637111662,0.9452924303100214,209.6822977580232
2,0.0754957733648899,0.2220516657860446,27.17893896779864,0.3786445356503505,208.6079985589794
