PrincipalComponent,coi,c1i,a1i,c2i,a2i
1,0.3490834920959883,0.6696156621419389,24.609258471590216,1.718007442466902,249.99999999999997
2,0.0411765196610602,0.0243851702274546,37.6426700954233,0.1540040222115433,220.98039518581905
