PrincipalComponent,coi,c1i,a1i,c2i,a2i
1,0.2429513745012533,0.7569052248977531,26.234518377003464,1.1743408536304816,250.0
2,0.0776981534235648,0.0934977386542275,30.70906140892865,0.3558791502977741,227.19460480611815
