PrincipalComponent,coi,c1i,a1i,c2i,a2i
1,0.2688618724467387,0.8048639732610191,24.02223027408772,1.2472422314718072,249.99999999999997
2,0.0659048897307507,0.1208489208835745,38.76903926034067,0.2604164334659636,221.13860050411185
