PrincipalComponent,coi,c1i,a1i,c2i,a2i
1,0.1817623683472367,0.8140835444692446,21.44843208449925,0.8633075340230782,250.0
2,0.1183882081767546,0.4407330510940884,65.76664603695926,0.0842147399995696,224.7533267488192
