PrincipalComponent,coi,c1i,a1i,c2i,a2i
1,0.235637304635584,0.817860884852504,23.265137122396546,1.1171292628783502,249.99999999999997
2,0.0694471785644481,0.160913178549892,39.89246503998737,0.2869817549627981,221.5394410490001
