PrincipalComponent,coi,c1i,a1i,c2i,a2i
1,0.1747774574047672,0.7244493312247691,19.194705212408422,0.9043135293405282,250.0
2,0.0853167183218607,0.5161029350562372,42.79139637842239,0.1281960329460675,220.43029968306124
