PrincipalComponent,coi,c1i,a1i,c2i,a2i
1,0.3368151900649785,0.8768298664892857,21.268337328310285,1.64420508768888,250.0
2,0.024645255486399,0.021089050821693,37.08454602875928,0.0517306585554637,219.63954913806776
