PrincipalComponent,coi,c1i,a1i,c2i,a2i
1,0.1778318316827362,0.6551214089613333,17.994514472545507,0.9518453851187216,249.99999999999997
2,0.0846706649588822,0.5304882246408377,37.53587340516264,0.1728940753597498,219.67616840984215
