PrincipalComponent,coi,c1i,a1i,c2i,a2i
1,0.1844124116775177,0.5891936482176717,17.363363000008725,1.009814407855128,250.0
2,0.0946000993073339,0.5137632238107787,34.037132161129506,0.2477524372673918,219.74476550087732
