PrincipalComponent,coi,c1i,a1i,c2i,a2i
1,0.2796506123773645,0.7955991956841022,23.959130903432325,1.293470978539182,250.0
2,0.0622198946386502,0.1223356822833844,39.389182415275954,0.2341975771847824,220.85305525500783
