PrincipalComponent,coi,c1i,a1i,c2i,a2i
1,0.2910371269915874,0.7838015245271619,23.308894476961985,1.390290130273826,249.99999999999997
2,0.0576217595929108,0.1092877981387558,39.30604152413477,0.2085870392308776,220.3808311488858
