PrincipalComponent,coi,c1i,a1i,c2i,a2i
1,0.3264951937303166,0.9189343964996182,21.071248643838597,1.5767198058608922,250.0
2,0.0226148215203393,0.0189180798449417,37.03519265209734,0.0607077128524937,219.6029305462164
