PrincipalComponent,coi,c1i,a1i,c2i,a2i
1,0.3285977718451225,0.7782697793961114,22.75222093445886,1.5665093441726017,249.99999999999997
2,0.0400818007911426,0.0751086054512157,38.46649298318707,0.1375942112261438,220.03725559589992
