PrincipalComponent,coi,c1i,a1i,c2i,a2i
1,0.3484917103091533,0.7928780243550378,21.36692046254534,1.6622210241306197,250.0
2,0.0275228511773664,0.0422597223522124,37.38181552391488,0.0866948613595567,219.677173655902
