PrincipalComponent,coi,c1i,a1i,c2i,a2i
1,0.3267364843454012,0.9693727054762802,22.47282055682675,1.4332539081554991,250.0
2,0.02376284927825,0.0219526594279855,37.34584803595393,0.0759377962735571,219.96777892417504
