PrincipalComponent,coi,c1i,a1i,c2i,a2i
1,0.1936844704248871,0.8402549538704851,22.261496653922787,0.9272422606539268,250.0
2,0.0905428322676969,0.277403461627291,48.77250830079176,0.2437100440919737,222.5332887772607
