PrincipalComponent,coi,c1i,a1i,c2i,a2i
1,0.317288210814566,1.030771790453407,23.52233519208834,1.1852220658109585,250.0
2,0.0312175825769287,0.0151505849350628,37.58653781762214,0.122280812477319,220.3256210452809
