PrincipalComponent,coi,c1i,a1i,c2i,a2i
1,0.3044090972377313,0.7714694611226073,22.720023716007113,1.4730965757615428,249.99999999999997
2,0.0526219838770669,0.0994402095199595,38.78234844775346,0.1810452726944637,220.12262660482935
