PrincipalComponent,coi,c1i,a1i,c2i,a2i
1,0.2138998441564249,0.827692498845234,22.92231167712408,1.0237113190714966,250.0
2,0.0754269859537827,0.2054791161637984,42.23461485839119,0.2807202443538378,221.9534562096631
