PrincipalComponent,coi,c1i,a1i,c2i,a2i
1,0.1210118684633628,0.9129294164653072,21.618896405579463,0.7401544358432862,250.0
2,0.0790901998469879,0.5843563980636127,58.34916443720643,0.0,223.15221674395596
