PrincipalComponent,coi,c1i,a1i,c2i,a2i
1,0.175508461535255,0.922539427138223,23.2686590911582,0.9217621312669386,250.0
2,0.0611409194902008,0.3550108099616705,64.92893336058287,0.163358212901222,223.0618961577204
