PrincipalComponent,coi,c1i,a1i,c2i,a2i
1,0.2385710765236364,0.8967430687397496,23.243127706242763,1.2044399331139215,250.0
2,0.0343565100301124,0.2212220228820067,50.60814668417605,0.2107448930105966,220.65841335140863
