PrincipalComponent,coi,c1i,a1i,c2i,a2i
1,0.1116864215904143,0.7047047879636238,17.844992438057808,0.9284293661812276,249.99999999999997
2,0.1018059709256657,0.6469462014300704,42.76277529397249,0.0745671295736937,220.5238730498089
