PrincipalComponent,coi,c1i,a1i,c2i,a2i
1,0.2723426653665196,1.0903478545554297,23.31296034245136,1.3910012276005186,249.99999999999997
2,0.0113827043007199,0.0472037931816689,37.91558014357678,0.0489206730180343,220.193158465097
