PrincipalComponent,coi,c1i,a1i,c2i,a2i
1,0.1552441704094583,0.9273141559737612,22.87479334605773,0.8502495065193657,250.0
2,0.0745958916206928,0.438858170186865,71.5939642568714,0.083682732119418,224.3988446761479
