PrincipalComponent,coi,c1i,a1i,c2i,a2i
1,0.275235952468891,0.9360368844282844,22.472480695401657,1.3870130178911826,250.0
2,0.0163057122589583,0.1178229161683789,41.4285300504007,0.1595178102612355,219.9261966790048
