PrincipalComponent,coi,c1i,a1i,c2i,a2i
1,0.1093477484520492,0.826878668859583,19.499979081676923,0.8074175550047386,250.0
2,0.0786551781731632,0.6479753787516326,47.79464510376109,0.0,221.67420804603665
