PrincipalComponent,coi,c1i,a1i,c2i,a2i
1,0.2729026861358355,1.198287611273496,25.8511488572656,1.052604744967502,250.0
2,0.0155142065063044,0.0539773985323636,38.59332155727121,0.0443398177012669,221.0007985737121
