PrincipalComponent,coi,c1i,a1i,c2i,a2i
1,0.1354820961570252,0.9375040676246716,22.325093833187807,0.7782953816142084,250.0
2,0.0666075120457448,0.4555117673830238,55.908562476713584,0.1213650119796861,222.09096445419175
