PrincipalComponent,coi,c1i,a1i,c2i,a2i
1,0.1077022983862056,0.7653093118717651,18.379560742691567,0.8645834460196,250.0
2,0.0888834319560634,0.6744872944242832,46.160114535026345,0.0,221.30314773238575
