PrincipalComponent,coi,c1i,a1i,c2i,a2i
1,0.2083135892092854,0.9168999843688552,24.18347185622526,1.022803503829852,250.0
2,0.0506257110303494,0.2792151048386068,58.234265071740346,0.2084363704886408,222.07435646232665
