PrincipalComponent,coi,c1i,a1i,c2i,a2i
1,0.2775564807895028,1.1443974585005514,24.973506711991917,1.2660020943921158,250.0
2,0.0132696053062292,0.0477093965155443,38.14971784680264,0.0375677234892366,220.64028155058392
