PrincipalComponent,coi,c1i,a1i,c2i,a2i
1,0.2755640837880181,1.0434186237961156,23.103807155286283,1.4146220906082352,250.0
2,0.0121766694731059,0.0598194730950027,38.48600570336846,0.0849162929168637,220.09894260350495
