PrincipalComponent,coi,c1i,a1i,c2i,a2i
1,0.2171261659230624,0.9101186088319966,24.109709768354993,1.061145185358443,250.0
2,0.0470818352535022,0.2794933941168216,58.310364325366706,0.1904912472700279,222.022770082237
