PrincipalComponent,coi,c1i,a1i,c2i,a2i
1,0.2283042920409308,0.90309385894577,23.655718489862277,1.1386637439724538,250.0
2,0.0390544139851105,0.2489265709226209,54.5206630800344,0.203585135089168,221.21195908832823
