PrincipalComponent,coi,c1i,a1i,c2i,a2i
1,0.2589955409846025,0.9114406299067004,23.486534115856745,1.278696503818234,249.99999999999991
2,0.0245255268075936,0.1761228899772399,46.83219902094389,0.2031080338649141,220.29924343703215
