PrincipalComponent,coi,c1i,a1i,c2i,a2i
1,0.0181262995177515,1.392491945393603,22.384655765668384,0.1529320403558238,225.0814025714154
2,0.0558610450617465,0.2437415370339855,46.504468473433654,0.1351901540725022,205.47532923877287
