PrincipalComponent,coi,c1i,a1i,c2i,a2i
1,0.0,1.4937107277324695,22.431174731600095,0.0881190899828628,222.5914938327562
2,0.0260496711189675,0.2677611851497388,48.83406282719882,0.0588068773954856,208.4831561173308
