PrincipalComponent,coi,c1i,a1i,c2i,a2i
1,0.0,1.628470885951642,24.238738082744643,0.0313993300887335,228.6296879218054
2,0.0219571732833898,0.1892728324792624,62.20017650307014,0.0,213.1585740727012
