PrincipalComponent,coi,c1i,a1i,c2i,a2i
1,2.9820818487653897e-18,1.6599175521920435,25.237298955389043,0.0333875096621352,243.80147669557576
2,0.0324021658223866,0.1445876225451624,74.62805291542841,0.0020006608727983,212.41417691224905
