PrincipalComponent,coi,c1i,a1i,c2i,a2i
1,0.0027144199335267,1.638079809292393,25.651564928904488,0.0984889472704038,209.2913075538462
2,0.0226482135192624,0.0728468218560437,27.722073291002474,0.0813879270661981,208.898757839111
