PrincipalComponent,coi,c1i,a1i,c2i,a2i
1,0.0366556448725989,1.5432282426841593,26.205654959156888,0.2422366431741909,209.49176434246937
2,0.018363237032377,0.0811706606029821,27.83879912158311,0.0538711492088103,209.1101979605438
