PrincipalComponent,coi,c1i,a1i,c2i,a2i
1,0.0491683757410347,1.5065889206133731,26.16160603410691,0.2933183835401982,209.55563002904603
2,0.0136675260216581,0.0965588637556613,27.87305684246584,0.0360055045133457,209.1239252235072
