PrincipalComponent,coi,c1i,a1i,c2i,a2i
1,0.0695003763089032,1.44881954403173,26.13258320490968,0.3732861869463857,209.6040001043454
2,0.0070294535419603,0.120359884397379,27.89730866725518,0.0107030168126951,209.13359455624447
