PrincipalComponent,coi,c1i,a1i,c2i,a2i
1,0.086573721938632,1.399638924436109,25.974650931453375,0.4441992963457729,209.59566686886612
2,0.0045089132427,0.1305075822727517,27.83896085894652,5.5658248305403025e-18,209.08713374328465
