PrincipalComponent,coi,c1i,a1i,c2i,a2i
1,0.1151856719692272,1.3098314872352246,25.55605917613727,0.5666882274156286,209.54313921094172
2,0.0126677159863169,0.1254763379277954,27.642427800946336,8.916631333366139e-18,208.9487408544947
