PrincipalComponent,coi,c1i,a1i,c2i,a2i
1,0.1395632601424429,1.2604559815995486,25.27204527813039,0.7041878931826862,249.99999999999997
2,0.0164572513412497,0.1329442131056661,27.450176110396853,0.0,218.74697891033412
