PrincipalComponent,coi,c1i,a1i,c2i,a2i
1,0.1577926208827847,1.2021504445179414,24.55185295315128,0.8049190967728165,250.0
2,0.0120400831415664,0.1574135366200263,23.784058461569376,0.0,217.84419208100587
