PrincipalComponent,coi,c1i,a1i,c2i,a2i
1,0.1579669846004149,1.1889366827891423,23.61619041705102,0.8225735099709602,250.0
2,0.0,0.1992191550217251,18.95041350453167,0.0,216.69403566380268
