PrincipalComponent,coi,c1i,a1i,c2i,a2i
1,0.1426453375591194,1.2257668103490482,23.36533872484732,0.7142647811000773,250.0
2,4.9642174941305945e-17,0.2235975002321973,19.528953414275293,1.6198587119985322e-16,216.7967064218562
