PrincipalComponent,coi,c1i,a1i,c2i,a2i
1,0.0,1.555592048698755,22.11338205109924,0.0172868051050797,213.52549386244183
2,0.0150653696030463,0.2506060322519018,42.30309222495958,1.1470366193941782e-16,212.24429303720237
