PrincipalComponent,coi,c1i,a1i,c2i,a2i
1,0.0185409301008993,1.4520698485027552,23.694294123125815,0.0402904402446345,219.4960297270738
2,0.0471211444755379,0.2803288749701109,48.41810394712558,0.0122209585944445,211.6353550653648
