PrincipalComponent,coi,c1i,a1i,c2i,a2i
1,0.0473936692043428,1.2658167272187777,22.091019551861336,0.2179907724521898,223.8713477425496
2,0.0778012746729061,0.2395936377099697,41.58975046023803,0.2111754844166104,203.6592865928704
