PrincipalComponent,coi,c1i,a1i,c2i,a2i
1,0.0320106947026923,1.3703138230146623,22.184935497316,0.1733019567079951,223.4424285795946
2,0.0699832077091064,0.2549665425635107,44.514417432919224,0.1571965640553665,205.3766202233833
