PrincipalComponent,coi,c1i,a1i,c2i,a2i
1,0.0171116946204241,1.4886809222716266,22.18643319133418,0.0555958318968652,217.06512808431313
2,0.0339720426150408,0.3029208275529987,44.65116227325526,0.0272299580526184,210.41349753489945
