PrincipalComponent,coi,c1i,a1i,c2i,a2i
1,1.260605218871404e-18,1.5428782919347386,22.38598838662624,0.0210861225301046,214.33295338370817
2,0.0266693005291276,0.2684279381074436,43.74145268154033,0.0,212.28743694222536
