PrincipalComponent,coi,c1i,a1i,c2i,a2i
1,0.2138614048614832,0.8809147439058047,22.317704973512097,1.1274245227068949,250.0
2,0.0134216424468399,0.3164935192802171,27.05534374610685,0.0,217.96713386140985
