PrincipalComponent,coi,c1i,a1i,c2i,a2i
1,0.182577836464662,1.0026616423731518,21.57993585278668,0.977451037884708,250.0
2,0.0200915674687659,0.3216437857315393,24.411886730179543,6.244212163508962e-17,217.34967157444743
