PrincipalComponent,coi,c1i,a1i,c2i,a2i
1,0.1295910651288103,1.1176883769162549,22.334823205182456,0.8306727938180787,250.0
2,2.4528552947998265e-17,0.3807634692577015,24.05124032089372,1.4955300785315916e-16,217.4217597214746
