PrincipalComponent,coi,c1i,a1i,c2i,a2i
1,0.8577450234990398,0.891807365708344,36.97094773899696,1.2536976173435794,250.0
2,0.0233886027637741,0.0329584315361997,40.31327953597863,0.0,223.5021375017064
