PrincipalComponent,coi,c1i,a1i,c2i,a2i
1,0.8483885278210681,0.9588213173197236,37.76100569581342,1.2729364229243465,250.0
2,0.0171343598695779,0.0138909509465091,40.07538294140181,0.0110316488255186,223.55745365962164
