PrincipalComponent,coi,c1i,a1i,c2i,a2i
1,0.8773536395591446,0.7592901519839331,35.52043765459126,1.2395426332645514,214.00320244944177
2,0.0280083818354933,0.0580059706260758,30.959986001340408,0.0,212.79450011422497
