PrincipalComponent,coi,c1i,a1i,c2i,a2i
1,0.8628277679136324,0.6511577746344478,39.09698147442214,1.0847517718333284,214.42834456526268
2,0.1088512831159683,0.2184386129009214,34.318841839912935,0.0886090384450351,214.12343885877107
