PrincipalComponent,coi,c1i,a1i,c2i,a2i
1,0.8559176132444382,0.6557433302189289,40.09498979970126,1.0427940702218064,214.3657188610233
2,0.127973810266066,0.2519943952188047,35.337075130368255,0.1321433179975169,214.3696649053416
