PrincipalComponent,coi,c1i,a1i,c2i,a2i
1,0.8600855975639922,0.6487399776301093,40.2895078955113,1.0384357363996852,214.39858538296752
2,0.1313274957651586,0.2643633709881646,35.76635669869043,0.1410631718108784,214.43535060327497
