PrincipalComponent,coi,c1i,a1i,c2i,a2i
1,0.848193188204755,0.6493108859816451,38.55725836789659,1.0489803772059172,222.0231591242104
2,0.1729545770075761,0.3830321105040825,71.13890107377371,0.0,220.36854914383196
