PrincipalComponent,coi,c1i,a1i,c2i,a2i
1,0.8495483344557385,0.6414515587174157,38.664117554547026,1.0421129728009926,221.06224956532563
2,0.1823322447006314,0.4140587018997472,73.43453184236873,5.474467373539389e-18,220.1903723233828
