PrincipalComponent,coi,c1i,a1i,c2i,a2i
1,0.8131638505525665,0.7474180875347078,43.769726923925894,0.767876531487927,225.7422650532814
2,0.2058757165419371,0.6029277041603689,76.53327394084876,0.0,223.45434498108816
