PrincipalComponent,coi,c1i,a1i,c2i,a2i
1,0.7910197836341265,0.7691634931342934,45.27952354951822,0.6840888699133179,227.2554076656223
2,0.2082226468839103,0.6430658731692163,79.01393220535228,2.5412928581915172e-18,224.50918308785225
