PrincipalComponent,coi,c1i,a1i,c2i,a2i
1,0.7808743134412285,0.7810934874978639,46.118887337910074,0.6184187159077604,229.51878537649537
2,0.2169622497400586,0.6641503866532211,83.16198415852674,0.0,225.58034192325675
