PrincipalComponent,coi,c1i,a1i,c2i,a2i
1,0.8410019678149834,0.763505865766578,32.13173467826022,1.3507381671100245,250.0
2,0.0284503847701422,0.0391326964445386,39.4551139676647,0.0055752368971411,222.4225614970179
