PrincipalComponent,coi,c1i,a1i,c2i,a2i
1,0.8367491848562484,0.8177225407615245,32.35554241142584,1.3859136024024437,250.0
2,0.0112279714176561,0.0138651702564003,39.17509632753756,0.0004212167668012,222.36807126212705
