PrincipalComponent,coi,c1i,a1i,c2i,a2i
1,0.8045449656405907,0.5859635295353723,33.899229053577145,1.0646373284570747,213.0448591793333
2,0.152819130229329,0.2150048753649486,31.62885437766293,0.2601785597893203,212.09037777094855
