PrincipalComponent,coi,c1i,a1i,c2i,a2i
1,0.8016622559279432,0.5843791380192194,36.02897089773682,0.9866845471198724,213.196955689864
2,0.1645185811261357,0.2780545426968766,33.763402056906926,0.3599928986087953,212.5342537682689
