PrincipalComponent,coi,c1i,a1i,c2i,a2i
1,0.8055895534733736,0.5751773598069003,34.100729584118824,1.0529093803544118,212.76856120860808
2,0.1566988031672213,0.2318577900051033,32.009774787370745,0.2965774961003788,211.99818716569777
