PrincipalComponent,coi,c1i,a1i,c2i,a2i
1,0.8011319522481489,0.5919491818913156,33.907501200748534,1.0720850293665785,213.15341019078443
2,0.1502573123998649,0.2048716323341499,31.638984704572753,0.2449843355424703,212.15613776403873
