PrincipalComponent,coi,c1i,a1i,c2i,a2i
1,0.75759159284791,0.7094050742795797,42.268507892454565,0.6614922792361996,225.2076236915275
2,0.219930143727418,0.4980817449455427,69.83629864256704,0.265765257573254,220.88394780536237
