PrincipalComponent,coi,c1i,a1i,c2i,a2i
1,0.8091806101170699,0.5718908462998306,34.60988468680963,1.0369578866394948,212.72076889481613
2,0.163672029993702,0.2429212373297305,32.50148695509103,0.326012706146552,212.05836670907712
