PrincipalComponent,coi,c1i,a1i,c2i,a2i
1,0.8232339965377854,0.5904922036627022,33.77518816841964,1.1635084366807902,214.53667582922589
2,0.1131203853515438,0.1530655239727912,31.91879070503388,0.1314177600602635,212.6685382783729
