PrincipalComponent,coi,c1i,a1i,c2i,a2i
1,0.7928870188651714,0.6324919928320022,37.04345188472502,0.8919826528594763,221.6871559304533
2,0.2111557371912711,0.4128598107930706,65.8706021125695,0.2285963337718309,217.0916944389928
