PrincipalComponent,coi,c1i,a1i,c2i,a2i
1,0.7492643232160042,0.7178091344569871,43.1981791717049,0.5990404116039725,226.31018570547775
2,0.2251452731779467,0.4853795378046639,69.55078377026965,0.3081962892730982,221.35766257750444
