PrincipalComponent,coi,c1i,a1i,c2i,a2i
1,0.833248701214794,0.8767968459444461,33.39028794600872,1.4192566076421738,249.99999999999997
2,0.0003999016901829,0.0,39.40119286561921,2.024735294555304e-19,222.5685513289007
