PrincipalComponent,coi,c1i,a1i,c2i,a2i
1,0.777602167351395,0.6928457371590496,40.77980123661587,0.7416632817883477,224.1189925186533
2,0.2195845944629788,0.4714441031128532,68.59789506029217,0.2467720371369657,219.73368027403305
