PrincipalComponent,coi,c1i,a1i,c2i,a2i
1,0.7268191350710816,0.7215725469270182,43.46688956528894,0.5298950337196725,231.2673967114003
2,0.230603222953694,0.4242747010834625,65.31927965507526,0.4095967878439759,215.6107582444377
