PrincipalComponent,coi,c1i,a1i,c2i,a2i
1,0.8463787350157113,0.6962097694982149,33.349657261102244,1.2751778478931155,250.0
2,0.0649122171253741,0.0963594844227261,43.3854577794562,0.0182107653866491,223.355105695301
