PrincipalComponent,coi,c1i,a1i,c2i,a2i
1,0.8436962346518586,0.6000937960374987,33.8438861213839,1.2177433335669026,215.56034172883855
2,0.0900404798352979,0.1264164219699345,32.107025834340135,0.0780334797829825,213.0045147101333
