PrincipalComponent,coi,c1i,a1i,c2i,a2i
1,0.8123192705414167,0.5885316771237106,33.702667621523155,1.1203728541867533,213.8399565953453
2,0.1321650928721512,0.1756104698718598,31.73249594416983,0.1828297263635295,212.40420701323004
