PrincipalComponent,coi,c1i,a1i,c2i,a2i
1,0.7637071761967615,0.5922678006605837,34.113767726880106,1.0738115475219567,231.01583452986537
2,0.2346163569933176,0.3955409060336037,74.61906084537951,0.1569265423653214,218.91016450323605
