PrincipalComponent,coi,c1i,a1i,c2i,a2i
1,0.8201396629189269,0.8888668382133693,34.12958572685771,1.475724226575679,250.0
2,0.0095726410563027,0.0081787009357093,39.555065258695265,0.0016408262461944,222.69689642093553
