PrincipalComponent,coi,c1i,a1i,c2i,a2i
1,0.77654102488767,0.5734151501677858,34.931598691568404,1.089749123856124,214.3530599849264
2,0.1795718834193254,0.2491845948621052,33.923883268996086,0.2869690716617,212.780843472942
