PrincipalComponent,coi,c1i,a1i,c2i,a2i
1,0.7770615988620067,0.6461559132787554,34.560044274683534,1.2033974175560065,250.0
2,0.1629404063142801,0.2353856904131948,62.89383727394764,0.0676871811733468,225.76900827562247
