PrincipalComponent,coi,c1i,a1i,c2i,a2i
1,0.7962373916174716,0.6545359943385959,34.10203425459613,1.2670027277230071,250.0
2,0.1306440093101794,0.1921370768828934,56.33752373072562,0.0411171533446832,225.2596876650048
