PrincipalComponent,coi,c1i,a1i,c2i,a2i
1,0.8139629527829944,0.7561577886609497,32.810650878195396,1.3964010342565047,250.0
2,0.0516339795714721,0.0665997397925724,40.2433984020512,0.0174836537427547,222.65501092232012
