PrincipalComponent,coi,c1i,a1i,c2i,a2i
1,0.7121869105675899,0.686187497259421,39.68786531931635,0.7271199317382826,227.19224436944455
2,0.2515428609355182,0.591813270466749,75.81553848513926,0.2112542787985729,221.67278700338187
