PrincipalComponent,coi,c1i,a1i,c2i,a2i
1,0.778146423622345,0.5635459225203823,35.47069317782366,1.0755569272281884,214.41982975910452
2,0.1860472543943062,0.2679721157194503,35.2972772859103,0.3188486591408117,212.89127683553536
