PrincipalComponent,coi,c1i,a1i,c2i,a2i
1,0.731697188759353,0.6728511667130194,38.58523801308718,0.7991811110773532,226.41645526646187
2,0.2529985172540742,0.560763634647896,74.64385124559371,0.2006657407888348,220.77458524524076
