PrincipalComponent,coi,c1i,a1i,c2i,a2i
1,0.815104115874304,0.68390806704927,33.6959969133042,1.3174993446593042,250.0
2,0.0918400567335026,0.1323333811987592,46.276744830145766,0.0293222397668255,223.84623574675453
