PrincipalComponent,coi,c1i,a1i,c2i,a2i
1,0.7481539160815361,0.6187375585758088,35.71915861798541,0.936787014072504,225.13634724010836
2,0.2470571062699645,0.4971777716000368,72.38869381293543,0.1911266520402266,218.8034364716897
