PrincipalComponent,coi,c1i,a1i,c2i,a2i
1,0.7054023461262305,0.6930465977473634,40.61733577025653,0.6680993423439728,228.23064190232068
2,0.2557788335525828,0.5785309207817753,75.63288740897244,0.2520415927000853,222.14611175168025
