PrincipalComponent,coi,c1i,a1i,c2i,a2i
1,0.7728173331614152,0.5726686409220566,37.94388675306824,1.0060267421085614,215.31639411153637
2,0.2004518434811614,0.3213822854313803,38.70107500107675,0.3707806741170626,213.77163293715577
