PrincipalComponent,coi,c1i,a1i,c2i,a2i
1,0.8126907441530581,0.816063743237128,33.05262897429315,1.4373045062626415,250.0
2,0.0313687944278463,0.0354331504034268,39.4804880425013,0.0073092685994738,222.5267435389751
