PrincipalComponent,coi,c1i,a1i,c2i,a2i
1,0.7691087869177109,0.6430577562742881,34.88735478225935,1.1542797535390823,250.0
2,0.1891701461346231,0.2819825184977708,69.32470264238563,0.0833838706555932,225.8919212623219
