PrincipalComponent,coi,c1i,a1i,c2i,a2i
1,0.7728315277937748,0.5795695607662612,34.92402857380741,1.097569007478015,214.39922978050703
2,0.1767811117210595,0.2385477249778664,33.751931864187654,0.272393112994753,212.81498295518415
