PrincipalComponent,coi,c1i,a1i,c2i,a2i
1,0.6854661218760266,0.6910740956993003,40.925884148552406,0.6049141796446623,228.5359975754606
2,0.2599540541073389,0.5159539001903889,71.64800287690962,0.3538031320033262,221.56620456379173
