PrincipalComponent,coi,c1i,a1i,c2i,a2i
1,0.8396103297120636,0.5904527355573158,33.52950391845154,1.0287273195375652,211.72111646935284
2,0.1444727949196385,0.1864402489061053,30.764039689765955,0.31214568199912,211.45217051751337
