PrincipalComponent,coi,c1i,a1i,c2i,a2i
1,0.8346079186628631,0.608489641172228,33.031640883794026,1.0619702543492366,212.38718762515504
2,0.1297805424084228,0.1521424170071913,30.484432266080773,0.2290113958492329,211.6875817079364
