PrincipalComponent,coi,c1i,a1i,c2i,a2i
1,0.7645019501465999,0.7686182564208629,45.84509146958151,0.4706820640339444,236.4166640170994
2,0.2130107611996659,0.3257166246026546,64.25290385313312,0.450923885006757,209.11844673215865
