PrincipalComponent,coi,c1i,a1i,c2i,a2i
1,0.8374940779248243,0.6456091596175996,38.46282026400248,0.8637395178430606,213.0182876697929
2,0.1501979827754389,0.2605962792197414,33.58488377299097,0.3811987882683043,212.95330016571828
