PrincipalComponent,coi,c1i,a1i,c2i,a2i
1,0.8678454948699393,0.7524441621369821,31.25524193724628,1.3284474004153788,249.99999999999997
2,0.0123896512479816,0.0151277941397028,38.945420401463274,0.0033626908823787,222.18525647262103
