PrincipalComponent,coi,c1i,a1i,c2i,a2i
1,0.8308613857571376,0.6031813463978322,34.80283794402459,0.980713467619119,212.03148581461448
2,0.1446375183949946,0.2196406862792753,31.54528343469837,0.3481732778575308,211.79108235052533
