PrincipalComponent,coi,c1i,a1i,c2i,a2i
1,0.8549843217704066,0.5988486399582671,28.844917779076077,1.2325390546969508,210.67683335488832
2,0.0688249545566992,0.0811554169169189,28.72005277923589,0.0702612575997572,210.24573239266172
