PrincipalComponent,coi,c1i,a1i,c2i,a2i
1,0.8392218089321402,0.8347872145985861,32.5551445320229,1.3924619299656265,249.99999999999997
2,0.0066844146451766,0.0068091292995649,39.24073971869039,0.0002111084510966,222.41936064652455
