PrincipalComponent,coi,c1i,a1i,c2i,a2i
1,0.8298495558028599,0.7208697170362415,44.229577583808315,0.6883695993350668,215.17740455891175
2,0.1581249736531587,0.2940454127170914,36.43041837785269,0.42901998584902,215.02557471089733
