PrincipalComponent,coi,c1i,a1i,c2i,a2i
1,0.8791771819859144,0.6984047772812942,32.767896646502784,1.2532410044406912,250.0
2,0.0437506978387004,0.0564817503095256,41.12890408969991,0.0178834011016932,222.85957499067348
