PrincipalComponent,coi,c1i,a1i,c2i,a2i
1,0.8564339272198537,0.600553724728104,32.77983301462381,1.151867461224669,213.54210101752628
2,0.0926962167556068,0.1062385511311735,30.763114050752247,0.1173564757263417,212.05284262695275
