PrincipalComponent,coi,c1i,a1i,c2i,a2i
1,0.7893474563373687,0.7594556289803829,45.481643155353595,0.5462555741496884,226.11043252001372
2,0.2054251554432975,0.4014353029385414,70.74157426198596,0.3325624022873094,220.174745266651
