PrincipalComponent,coi,c1i,a1i,c2i,a2i
1,0.836359077995962,0.5939129716336256,33.132300151671124,1.0433564579700718,211.84912894947377
2,0.137861371641822,0.1763167665883471,30.52365360323528,0.2818820666852158,211.46065590424308
