PrincipalComponent,coi,c1i,a1i,c2i,a2i
1,0.7992096338059835,0.7493030481949408,44.49431140935037,0.6126475985603909,224.63172620253272
2,0.1988743602305647,0.4168956250255182,71.42573427880293,0.2845029586230675,219.63002271557215
