PrincipalComponent,coi,c1i,a1i,c2i,a2i
1,0.8374412233470573,0.6034124807227791,33.024110916894514,1.0544905926822865,212.24748749380217
2,0.132805323680487,0.161369472839372,30.429304847620383,0.2443194648979445,211.62741804204023
