PrincipalComponent,coi,c1i,a1i,c2i,a2i
1,0.8576059736392259,0.7951523014209977,31.493916272861536,1.361189408657622,250.0
2,0.0016048280483611,0.0013917709587845,39.01459291610083,4.151608369783033e-19,222.217354006647
