PrincipalComponent,coi,c1i,a1i,c2i,a2i
1,0.8452294189562976,0.6015025304438076,32.696050125446504,1.1105408043691272,212.94268571281185
2,0.1116795018158004,0.1262987099499427,30.58007472089336,0.1671612104139473,211.82327426163664
