PrincipalComponent,coi,c1i,a1i,c2i,a2i
1,0.8925173793660239,0.7410626097882981,32.73298359208591,1.305334984059586,250.0
2,0.0076263570841948,0.0096729176351131,39.30490164631094,0.0010747281796012,222.57923401947448
