PrincipalComponent,coi,c1i,a1i,c2i,a2i
1,0.9217109463905624,0.6149974160958592,34.00828234501372,1.1074322029508912,212.11487199332865
2,0.0737244005888437,0.0688879243204844,30.16217063663639,0.1185708121329172,211.87850788372856
