PrincipalComponent,coi,c1i,a1i,c2i,a2i
1,0.8678424548625678,0.8325681554644189,51.780263133402535,0.4778006989085685,216.7973861919188
2,0.1425955683215099,0.209634521570706,36.27932991742534,0.4608393423030297,217.1984925577894
