PrincipalComponent,coi,c1i,a1i,c2i,a2i
1,0.9147131041953592,0.6965129782489602,43.17287609736837,0.8366609110392633,212.58086760473557
2,0.1226007111608042,0.1817104089452703,33.00782112662671,0.3237328220344195,213.8903450739722
