PrincipalComponent,coi,c1i,a1i,c2i,a2i
1,0.8867192576408882,0.8436799325771644,53.627528545803926,0.5107347245129689,216.7542192304062
2,0.1357314144106445,0.2161598590627842,37.171113398077026,0.4207005211404058,217.57644257914447
