PrincipalComponent,coi,c1i,a1i,c2i,a2i
1,0.9288266027225413,0.6104001946538948,33.6356676336182,1.143295676583519,212.39050299695813
2,0.0565425774817005,0.0511303552040931,30.160216336269603,0.078100767019051,211.8910829268723
