PrincipalComponent,coi,c1i,a1i,c2i,a2i
1,0.9149396741346346,0.6263532762048796,35.097251137198754,1.051665630425636,211.6749548789142
2,0.0978200536959523,0.0964812706037366,30.179278324335872,0.1884605187085964,211.9413916600673
