PrincipalComponent,coi,c1i,a1i,c2i,a2i
1,0.9128467113683334,0.629985090042439,35.1062358640177,1.0578406554969977,211.82255419199143
2,0.0939428531363734,0.088906817276692,30.25566672213024,0.1743315118518523,212.00537319180864
