PrincipalComponent,coi,c1i,a1i,c2i,a2i
1,0.9065503746271164,0.8001924256296339,50.426873336885606,0.6283838487706706,215.33997296280444
2,0.1323823346585333,0.2065300775939791,35.75805226870227,0.3794073553519677,216.37383307068893
