PrincipalComponent,coi,c1i,a1i,c2i,a2i
1,0.9203303235245888,0.6196937278479991,36.68276711518335,1.0215043389859595,211.0046843787802
2,0.1103598918596892,0.1177727988037665,30.454987689386492,0.252099844733972,212.01349903226108
