PrincipalComponent,coi,c1i,a1i,c2i,a2i
1,0.8365316392974405,0.8544850302071925,51.93187281782018,0.3947352437107705,246.2918116765501
2,0.1833005397350552,0.2059874671546256,65.26376473522981,0.4527793982046577,197.14629185723965
