PrincipalComponent,coi,c1i,a1i,c2i,a2i
1,0.9081830916194588,0.6393906893404758,38.23193280587416,0.9714132852560424,211.38032386664227
2,0.1143959749912785,0.1458299821554118,31.06491233799444,0.287572459815433,212.44411850384105
