PrincipalComponent,coi,c1i,a1i,c2i,a2i
1,0.846350396614589,0.7544721526106647,32.149135972956756,1.3489883163252163,250.0
2,0.0290928918672648,0.0431579278071435,39.63754891980793,0.0024205362200476,222.46453794637912
