PrincipalComponent,coi,c1i,a1i,c2i,a2i
1,0.9304145155025036,0.615618006146818,28.806741460466448,1.2464131331629698,210.72708462937416
2,0.0148811801090936,0.0122994231291933,28.628085877113005,0.0106548854682696,210.25348104719205
