PrincipalComponent,coi,c1i,a1i,c2i,a2i
1,0.9127993657226524,0.6422733529319062,28.811825525934974,1.2954661731142842,210.715934906892
2,0.0010563234510128,0.0,28.73648825163872,1.8431436932253575e-18,210.2534610642415
