PrincipalComponent,coi,c1i,a1i,c2i,a2i
1,0.9162958417890432,0.6203966288655036,35.84572358797668,1.0381343211013725,211.17535979696584
2,0.1031080831560637,0.1089910609473855,30.23948812622036,0.2234588170085545,211.9142524629846
