PrincipalComponent,coi,c1i,a1i,c2i,a2i
1,0.94186045565104,0.6092271439451745,32.87031407041253,1.1893922671488542,212.67324612474977
2,0.0368394065856167,0.0326441820117596,30.055005137088006,0.039523655789321,211.8017371554072
