PrincipalComponent,coi,c1i,a1i,c2i,a2i
1,0.931039272527722,0.6229654959333892,28.81256420046772,1.2599245503102663,210.73256998650643
2,0.008772855166854,0.0102870041609984,28.728893709985673,0.0034050025049234,210.26621444756503
