PrincipalComponent,coi,c1i,a1i,c2i,a2i
1,0.9010212699483124,0.939418020011134,56.533542040501246,0.333876610907359,250.0
2,0.1525665717601678,0.1283377428829992,62.65396611472905,0.4424816922688718,188.61264896696267
