PrincipalComponent,coi,c1i,a1i,c2i,a2i
1,0.9934957081057992,0.7098833822303898,46.79746082691873,0.9105533221180988,211.3537574782886
2,0.0898868178716358,0.1007604170852972,32.4037318915133,0.2286182826091806,214.48774722759308
