PrincipalComponent,coi,c1i,a1i,c2i,a2i
1,0.9923521963747388,0.6226419138422483,32.83836998294566,1.191838263643663,212.6598501694395
2,0.0021995319911397,0.000713465344446,30.01846120422082,0.001325084735375,211.80450640811608
