PrincipalComponent,coi,c1i,a1i,c2i,a2i
1,1.000098769126367,0.6709008283633557,42.507458118967335,0.996565822907764,210.82089643752175
2,0.0751333867350801,0.0682830816120986,31.292833299379573,0.1700444459421884,213.4351923024961
