PrincipalComponent,coi,c1i,a1i,c2i,a2i
1,0.9299098536648676,0.9147027917603888,55.98090018854282,0.4289226319331647,217.33457514833205
2,0.1201008496337973,0.1585781701228929,36.50070773628413,0.4109691705776793,218.36012573804857
