PrincipalComponent,coi,c1i,a1i,c2i,a2i
1,1.0020056883919723,0.8022964837745447,54.05046883062946,0.7349787672690705,213.3459004933039
2,0.0989892963242978,0.1334225618832619,34.82374299775189,0.2642403622390229,216.71181441977777
