PrincipalComponent,coi,c1i,a1i,c2i,a2i
1,0.994677123545366,0.67018224760266,40.3528880064773,1.0191757218948068,211.5295520450736
2,0.0689373242276498,0.0570893267926673,31.07462762312583,0.1392632963641192,213.18702970194084
