PrincipalComponent,coi,c1i,a1i,c2i,a2i
1,0.9952658757674824,0.6458849138181818,37.90426321668251,1.0805529870955342,211.9075028045188
2,0.0452154652287139,0.0364838004485438,30.787212726729344,0.0784134823206366,212.76426092545432
