PrincipalComponent,coi,c1i,a1i,c2i,a2i
1,0.998143511199067,0.6360369158208631,37.10724393607144,1.1127321545247766,212.2203603466929
2,0.030124517495229,0.0224939492316369,30.719248719821735,0.0462764903336139,212.6811743114861
