PrincipalComponent,coi,c1i,a1i,c2i,a2i
1,0.9581596707943736,0.9782708893118758,62.56072932736039,0.3876195819443916,218.14965635052667
2,0.1155542719985224,0.1628300037994049,38.42574546708429,0.3703693454118983,220.07971816626485
