PrincipalComponent,coi,c1i,a1i,c2i,a2i
1,1.003670017462137,0.6261370335596832,35.52609070266333,1.1560464797409131,212.41003989583947
2,0.0144321516680882,0.0099396145219845,30.395610659159995,0.0182871243910632,212.3582212462463
