PrincipalComponent,coi,c1i,a1i,c2i,a2i
1,0.8502519717400876,0.703622096745265,32.475071248725584,1.2998306641652673,250.0
2,0.0560749939894532,0.0861009750380702,42.118271143075944,0.0080241196734652,222.98822653427985
