PrincipalComponent,coi,c1i,a1i,c2i,a2i
1,0.9832889502495592,0.9339633653937224,60.541359098841504,0.5028031420140594,216.71564863200015
2,0.1117289775316825,0.1549637757600127,37.40092341029177,0.32416345984276,219.1888167991127
