PrincipalComponent,coi,c1i,a1i,c2i,a2i
1,0.992123677764114,0.6712930986937857,40.17016303762568,1.0260219824557508,211.68796105842284
2,0.0646859742216458,0.0512135502545212,31.11111376078135,0.1265696556134666,213.2029470143875
