PrincipalComponent,coi,c1i,a1i,c2i,a2i
1,0.8926338809203913,0.6279219419283286,28.77205400789157,1.2802188962491818,210.6128648171197
2,0.0241382088012767,0.0336669321622423,28.64248913991002,0.0130997238458799,210.203409905938
