PrincipalComponent,coi,c1i,a1i,c2i,a2i
1,1.0073200151768742,0.6779151876135033,44.6602734853261,0.9696057075751552,210.5897338617958
2,0.0824944821973235,0.0768413052872303,31.679843216823745,0.1955271174983632,213.82065654936716
