PrincipalComponent,coi,c1i,a1i,c2i,a2i
1,1.0890343895690708,0.8289110263643973,62.236475180120856,0.8032851552319082,211.2455051923265
2,0.0534124292174635,0.0489393522720321,35.37430235433282,0.1165705577102805,218.25042012625175
