PrincipalComponent,coi,c1i,a1i,c2i,a2i
1,1.087092990251736,1.1262029493310053,80.02270080965259,0.3668630782380264,215.87386256136796
2,0.080046734288107,0.1124209974148839,40.74436964810853,0.198063435407865,223.59642166222685
