PrincipalComponent,coi,c1i,a1i,c2i,a2i
1,1.0734317701332123,0.77402490933995,54.0963203807206,0.8975834746199028,212.16132068203493
2,0.0470934169985447,0.0386410794695919,34.00596493982391,0.0908346301440498,216.64345900674616
