PrincipalComponent,coi,c1i,a1i,c2i,a2i
1,1.1032806010841572,0.8937675695517567,69.56901187952765,0.704567151578014,210.88630851637737
2,0.0597551762062021,0.0587890191585932,36.77274065330995,0.1371076439503604,219.81602010585812
