PrincipalComponent,coi,c1i,a1i,c2i,a2i
1,1.0591636850339965,0.6932113670131081,45.81220097328848,1.0354493913717344,212.9481755048267
2,0.0129474692453545,0.0107753606840313,32.58529046455921,0.0188600020923057,214.9603375954566
