PrincipalComponent,coi,c1i,a1i,c2i,a2i
1,0.8479900544275274,0.687148122358074,34.53584477986511,1.2294527301379532,250.0
2,0.084375928322718,0.1223806583668652,47.765095942217066,0.0226204214564186,224.26529245224592
