PrincipalComponent,coi,c1i,a1i,c2i,a2i
1,1.0641222872323473,0.7150839901045687,48.00678309718919,0.9958921988339364,212.55238475528697
2,0.0245216208540955,0.0218179361391201,32.95777691746856,0.0415822315333207,215.36225008361697
