PrincipalComponent,coi,c1i,a1i,c2i,a2i
1,0.926858307160482,0.9094867251509818,51.87904294784362,0.4366136019711425,216.67861676798972
2,0.1088848236398001,0.1223309693539131,34.98229836570913,0.4187883820065494,217.36201151520757
