PrincipalComponent,coi,c1i,a1i,c2i,a2i
1,0.9053167728094124,0.6263650677926563,32.87764925160035,1.204007572427988,214.00596972764177
2,0.0469225559395037,0.0527908287459679,30.53521278714938,0.0370258289582171,212.202133972594
