PrincipalComponent,coi,c1i,a1i,c2i,a2i
1,1.0687670490540426,0.769932909009334,53.18049579270023,0.9103146520148384,212.39082720714927
2,0.0430060330073141,0.0333070737200225,33.91131653710039,0.0803238232596712,216.511291180246
