PrincipalComponent,coi,c1i,a1i,c2i,a2i
1,1.0553668992056144,0.6692196595154339,42.95771806217348,1.082239382576516,213.03056015420108
2,0.0034395515551352,0.0025816978936764,32.152722396081906,0.0032594328137526,214.33015283393803
