PrincipalComponent,coi,c1i,a1i,c2i,a2i
1,1.0847790777355095,0.94782246373687,71.42067203994277,0.6292948005349958,212.42385562098963
2,0.06974916042854,0.0805979484096429,37.65744299498476,0.1665227039949443,220.63241465010995
