PrincipalComponent,coi,c1i,a1i,c2i,a2i
1,0.9497530025597376,0.6253344914327342,32.83586484695386,1.192172447432413,212.91741574793951
2,0.0246913798850865,0.0232022441075061,30.060063756741503,0.0198797525637797,211.86114458772357
