PrincipalComponent,coi,c1i,a1i,c2i,a2i
1,0.973747483844444,1.012194819206106,60.87755344684109,0.371230305894568,218.23728662140203
2,0.1003019188201165,0.13521435900353,37.45001072314625,0.3545178965522072,219.84686334683067
