PrincipalComponent,coi,c1i,a1i,c2i,a2i
1,1.025434758284369,0.6412473395622281,37.6558984526837,1.130256270907464,212.93914675974395
2,0.0030336770907848,0.0023429268746868,31.060677117529263,0.0016289999778935,213.03935490271016
