PrincipalComponent,coi,c1i,a1i,c2i,a2i
1,1.047479700143889,1.1700467380793431,75.77183029769085,0.2641342365115163,219.2528367138781
2,0.0917747144373367,0.1312303577968276,40.963387118401634,0.2610389714094006,223.56748753020568
