PrincipalComponent,coi,c1i,a1i,c2i,a2i
1,1.0013809365501845,1.0851600737223024,67.38656708403353,0.3241892201482182,218.88451992874448
2,0.0940760930328651,0.1400966422823814,39.18909898678184,0.3108372317325281,221.53046751304257
