PrincipalComponent,coi,c1i,a1i,c2i,a2i
1,1.0813015935667694,0.7359579459316872,49.8097005225905,0.9981551997797286,213.0265666438678
2,0.0049619639786305,0.0035265377681734,33.524983179390595,0.0050308312464992,215.955762422369
