PrincipalComponent,coi,c1i,a1i,c2i,a2i
1,1.1305895519902345,0.9836126642462362,74.1548606239542,0.6526594599157057,210.59652221341344
2,0.0375458791581223,0.0331922853816722,37.63684095543271,0.0798222606760874,220.91649099813924
