PrincipalComponent,coi,c1i,a1i,c2i,a2i
1,1.0692526886534188,0.698043918501148,46.114042748676944,1.0471930941353575,213.06643655829615
2,0.0015869928484463,0.0008572132050382,32.79640496774668,9.980008985537188e-05,215.0919555856929
