PrincipalComponent,coi,c1i,a1i,c2i,a2i
1,1.0928361038407388,0.7717875396553111,53.08532365759017,0.9510304506098484,212.6274470467832
2,0.0129218888382977,0.0102770331002703,33.941162772105464,0.0197035145899792,216.581398603571
