PrincipalComponent,coi,c1i,a1i,c2i,a2i
1,0.83932746322808,0.6051883670825687,34.03515553632871,1.1833282502380715,214.7777946090615
2,0.0976687627867838,0.1329885995301427,31.87582281270241,0.0851155597184116,212.8184169395765
