PrincipalComponent,coi,c1i,a1i,c2i,a2i
1,0.9536426684702196,0.9855464303764356,55.20519701193188,0.4028803496269749,217.42188701371393
2,0.0956918591178293,0.0959492939597085,35.74870802243827,0.3853081915229749,218.39785788102697
