PrincipalComponent,coi,c1i,a1i,c2i,a2i
1,0.8873989293245572,0.6183651811312857,32.98433246213057,1.1679729189829104,213.41167638588368
2,0.0659080697713296,0.0720290939771665,30.509374065485,0.0674325403798857,212.05912811217007
