PrincipalComponent,coi,c1i,a1i,c2i,a2i
1,1.1054640279047456,0.8539684805843921,60.50852686105078,0.8388954852000213,212.28505414852316
2,0.0278438427602324,0.0195220463680665,35.35824865857693,0.049441517848253,218.2272655021021
