PrincipalComponent,coi,c1i,a1i,c2i,a2i
1,0.9377962025710042,0.6223574039902757,33.48740376108101,1.1586601913697938,212.6557387945327
2,0.0405915063616498,0.0386218077112519,30.198035542601705,0.0433251204198334,211.94679161079725
