PrincipalComponent,coi,c1i,a1i,c2i,a2i
1,1.027497251222738,0.6529697694125876,39.58634334246648,1.096852231948058,212.87380755435856
2,0.0095102200612129,0.0088433315069102,31.373497505529656,0.0121585779018769,213.46285282103116
