PrincipalComponent,coi,c1i,a1i,c2i,a2i
1,1.028620850399332,1.1780663633095736,70.59671350360276,0.2790725964604336,219.25851673574704
2,0.0778114289710591,0.1153665990129665,39.6329228176152,0.2703139668343581,222.4355081663071
