PrincipalComponent,coi,c1i,a1i,c2i,a2i
1,1.0004426300856155,1.0975868074796582,64.14076550231032,0.3313228159810645,218.80767387671068
2,0.0855337451911133,0.1100023441284219,38.057187204507265,0.3168421062806266,220.8115632079441
