PrincipalComponent,coi,c1i,a1i,c2i,a2i
1,1.128359948007455,1.190671663967663,86.32816303878003,0.388344397047271,212.18150750808175
2,0.0528675424392496,0.0621763355344588,40.57880552848713,0.1237548474570455,224.14460283579632
