PrincipalComponent,coi,c1i,a1i,c2i,a2i
1,1.1464003832600995,1.1209922905734453,84.85883363924985,0.4753742175570291,209.98895831354588
2,0.0436146687615203,0.0425903814976173,39.63414872591093,0.0971128495118661,223.21887601105257
