PrincipalComponent,coi,c1i,a1i,c2i,a2i
1,1.074736139085636,1.2693480787297982,78.81618005635517,0.2137708723340099,219.3328803312179
2,0.0742451220146453,0.1074635685499851,41.30915606526598,0.2194341431641315,224.37868067505855
