PrincipalComponent,coi,c1i,a1i,c2i,a2i
1,1.125946219500499,1.403442450191136,93.24563668418256,0.0981364036332594,216.4836511545309
2,0.0640374899013122,0.0906715812198722,43.41904813876771,0.1544820534578033,226.9676307918553
