PrincipalComponent,coi,c1i,a1i,c2i,a2i
1,1.1107958120459491,0.8652314936913225,61.94429317825948,0.8194634214780504,211.94205441354032
2,0.0320910194945049,0.0237240808196439,35.54643614934429,0.0583965470093538,218.45271403454203
