PrincipalComponent,coi,c1i,a1i,c2i,a2i
1,0.8479092250632947,0.6021108482302219,28.85380095791352,1.1632849205986142,210.71230402584823
2,0.0871899987932228,0.0991947096318865,28.736319964185775,0.1188381492420905,210.26777495369063
