PrincipalComponent,coi,c1i,a1i,c2i,a2i
1,1.1065154045663197,0.7852119478954245,54.55920384086202,0.957601061926604,212.1653806551736
2,0.0017613864236224,0.0013069875764658,34.254971426361244,0.0,216.8260474352432
