PrincipalComponent,coi,c1i,a1i,c2i,a2i
1,1.0384919398098262,1.2095768793156836,68.30852531249816,0.2855610566536724,219.09660736564643
2,0.0689393564668899,0.0823516918635658,38.81944036991185,0.2750572054085512,221.8855633982472
