PrincipalComponent,coi,c1i,a1i,c2i,a2i
1,1.1915057586303517,1.4540905383125278,100.0,0.1617528883151607,205.41816166203384
2,0.0260103132242776,0.025655492556502,41.5422470271968,0.0583913512016993,225.52153074812296
