PrincipalComponent,coi,c1i,a1i,c2i,a2i
1,1.065814858548728,1.2985184566836134,74.5918572085928,0.2274737427669736,219.1845819164145
2,0.060296960001119,0.0883776363672834,40.20093163441723,0.2263083146359399,223.37456084914464
