PrincipalComponent,coi,c1i,a1i,c2i,a2i
1,0.92263916485763,0.6143507095524466,33.15987383487017,1.133826138395323,212.1883532780516
2,0.0602068837138274,0.0631745594304154,30.109330968652852,0.0832657343830514,211.7246407710524
