PrincipalComponent,coi,c1i,a1i,c2i,a2i
1,1.1626119755674658,1.5465920209300847,96.50106936874232,0.0239105947558194,214.3088087469284
2,0.0431003590620712,0.0675683852702909,43.32118939864442,0.1104217239205789,227.1495977169885
