PrincipalComponent,coi,c1i,a1i,c2i,a2i
1,1.1122140615183511,1.3986145367928915,82.65255566514922,0.153659753297077,218.6672464922884
2,0.0550156315701404,0.0828536352600812,41.67670006142728,0.173383291880609,225.1111511921932
