PrincipalComponent,coi,c1i,a1i,c2i,a2i
1,1.0256194393379006,0.6578974273696921,40.58353232859318,1.074967315672018,212.3205059896127
2,0.0220279356130945,0.0238086514882886,31.45020040137917,0.0368400566295256,213.5391496532416
