PrincipalComponent,coi,c1i,a1i,c2i,a2i
1,0.9901929531523472,1.0857396544563866,59.44166214821247,0.3654301637310001,218.11585914754323
2,0.0825201268085721,0.066425722087331,36.706612982289855,0.3487324377827178,219.6020931038367
