PrincipalComponent,coi,c1i,a1i,c2i,a2i
1,1.1528378552018226,0.9880486871476006,70.95815697605151,0.71942812122305,210.5141983296633
2,0.0124255130871727,0.007622181890348,36.909122121219305,0.0217605746385556,220.16836832164267
