PrincipalComponent,coi,c1i,a1i,c2i,a2i
1,0.8220340519948096,0.5883822774745283,33.92081026235281,1.1422904605608724,214.7689398004452
2,0.121328471546489,0.1682502456936023,32.6061041627706,0.1372027503032356,212.84293395598073
