PrincipalComponent,coi,c1i,a1i,c2i,a2i
1,1.173087597035426,1.517595716943336,100.0,0.0892377840484139,208.71990978857937
2,0.0350099283403538,0.0419028315347652,42.44394884912994,0.081791308720608,226.4282141517714
