PrincipalComponent,coi,c1i,a1i,c2i,a2i
1,1.1608853847554548,1.019370318949312,73.63180585937738,0.6784582964339134,209.79397885900863
2,0.0154780257251266,0.0106001043322981,37.28711110279538,0.0283514644582554,220.58067837736837
