PrincipalComponent,coi,c1i,a1i,c2i,a2i
1,1.0822587323016029,0.7273154082571989,49.51062805436517,1.012607082780882,212.4597618580077
2,0.0070124630265778,0.0059801805682286,33.322810121017255,0.0095360305225704,215.71840647101095
