PrincipalComponent,coi,c1i,a1i,c2i,a2i
1,1.1297281998490436,0.8485170074113585,60.104422579213775,0.8881386379321113,211.48805659501957
2,0.0035139376279289,0.0025697475696728,35.18164898686158,0.0035894246662236,217.929677851789
