PrincipalComponent,coi,c1i,a1i,c2i,a2i
1,1.185419132378076,1.3248381419419506,94.03959271978316,0.3072328531311735,206.5001968848016
2,0.0205297252346481,0.0176155137051949,40.58864566699367,0.044422129665254,224.45152646753144
