PrincipalComponent,coi,c1i,a1i,c2i,a2i
1,1.174857546228659,1.5906055454038917,97.34342255865629,0.0019768930437372,213.88683217053276
2,0.0382611766562483,0.0617979636403091,43.277120770700165,0.0982819987701129,227.22489050734248
