PrincipalComponent,coi,c1i,a1i,c2i,a2i
1,1.1247940406010195,1.438071582663789,83.59067815982756,0.136981423538009,218.5247129214985
2,0.0505071550724418,0.0756264398711263,41.72821878152725,0.1613188678708631,225.28519770300707
