PrincipalComponent,coi,c1i,a1i,c2i,a2i
1,1.1425348909475943,0.8793869791949063,62.670868636600034,0.8593699668080211,211.18716134401907
2,0.0023294548042709,0.0013380224662668,35.61617115718839,0.0012869861908767,218.44709722958055
