PrincipalComponent,coi,c1i,a1i,c2i,a2i
1,0.8460830443924368,0.6008225340885676,28.85360852490556,1.1523839759472088,210.7155983588331
2,0.0938857241208898,0.1069287805091218,28.737362375968075,0.1356968538234714,210.26816943350732
