PrincipalComponent,coi,c1i,a1i,c2i,a2i
1,1.0510958950501983,1.244659176340143,69.38491017492724,0.2724759504236938,219.1664905648528
2,0.065383053467033,0.0745207905575232,38.99705641001259,0.2635398431970451,222.16368702252976
