PrincipalComponent,coi,c1i,a1i,c2i,a2i
1,1.0886138188878467,0.7390023441055409,50.85729966971526,0.9979263857921096,212.28872704665565
2,0.0097745603637671,0.0085237225788225,33.48422782320409,0.0148440920598338,215.9650882587706
