PrincipalComponent,coi,c1i,a1i,c2i,a2i
1,0.8203796923065989,0.5852705632089711,34.033836160157286,1.1292912765407854,214.6337513364543
2,0.1285748474370187,0.1779743157281933,32.73997730388518,0.1546438075273157,212.83242375899215
