PrincipalComponent,coi,c1i,a1i,c2i,a2i
1,1.168599181835506,1.0454834434225746,74.86028572648975,0.6640306271631218,209.99239580466076
2,0.0093342302149743,0.005297741647538,37.69769003584289,0.0157107998220719,220.94510037708244
