PrincipalComponent,coi,c1i,a1i,c2i,a2i
1,1.0785878719541868,1.3358931762249768,75.66224400353045,0.2123776593310239,219.16570375984304
2,0.0562816470137708,0.0810866435968298,40.30587632290558,0.2140338283798367,223.61855145288297
