PrincipalComponent,coi,c1i,a1i,c2i,a2i
1,1.028596154371884,0.6621872754465888,41.27358920097931,1.0644821821441082,212.25850270801652
2,0.0267567176434302,0.0284312119618176,31.58564988180293,0.0463727691437502,213.68314092089588
