PrincipalComponent,coi,c1i,a1i,c2i,a2i
1,1.201793344080346,1.4661784220583356,100.0,0.1661085681228231,205.52226372877752
2,0.0166143110419222,0.0138811219600706,41.49582681042515,0.0360461910026003,225.57460080942792
