PrincipalComponent,coi,c1i,a1i,c2i,a2i
1,1.1837950361444634,1.5448824350150043,100.0,0.0855487974713042,208.15929955904315
2,0.0304087973744035,0.0365983083880191,42.264221580303456,0.0709997249689189,226.264852373618
