PrincipalComponent,coi,c1i,a1i,c2i,a2i
1,1.0030203599204714,1.117790051898028,60.67790941044895,0.354136857636786,218.30690092417373
2,0.0792632736650141,0.0588937477680361,36.98108422813961,0.3379615567541703,219.95616328223392
