PrincipalComponent,coi,c1i,a1i,c2i,a2i
1,1.1772174841875207,1.083389916267977,77.7007911454796,0.6172358180716317,209.26691031120268
2,0.0115560816622426,0.0079804403065743,37.9428679888757,0.0214926085866589,221.37462013813587
