PrincipalComponent,coi,c1i,a1i,c2i,a2i
1,0.922199662960706,0.6142503709631384,33.34890554583941,1.124006496357027,212.1218863471875
2,0.0663730254537825,0.070116255867651,30.15663544719085,0.0972524413840677,211.7490551980953
