PrincipalComponent,coi,c1i,a1i,c2i,a2i
1,1.202237138723222,1.478548372280979,100.0,0.159040049025991,204.80529426307427
2,0.0212166798864391,0.0215709997205825,41.35356423799434,0.0486552266868385,225.33587940038967
