PrincipalComponent,coi,c1i,a1i,c2i,a2i
1,1.1155348688146378,0.8052711988743915,56.47667778717077,0.9375397688244844,211.99375297191295
2,0.0031823588118856,0.0019070018806908,34.590088695102274,0.00131900697213,217.2241379684976
