PrincipalComponent,coi,c1i,a1i,c2i,a2i
1,1.0292628260417584,0.6697500373298066,42.832101336716946,1.0400249660929657,212.1534364893005
2,0.0361503180863526,0.0360506485769759,31.87024318424493,0.0680868602218239,214.0098220241566
