PrincipalComponent,coi,c1i,a1i,c2i,a2i
1,0.861130380262543,0.6036521419536117,32.98817598452485,1.0975924747179815,212.6124059609947
2,0.1074526155387837,0.1189340548693887,30.52915025114174,0.1681610388057658,211.7893403508137
