PrincipalComponent,coi,c1i,a1i,c2i,a2i
1,1.0959021975835028,0.7651924285071623,54.222398502882704,0.9572033444151046,212.03391236382495
2,0.0163957193591722,0.0129481928785055,34.039291354764345,0.028933392426682,216.67805170795592
