PrincipalComponent,coi,c1i,a1i,c2i,a2i
1,1.189599913007775,1.6369108682673768,97.54394780761665,0.0,212.48982148083513
2,0.0315378518574935,0.0468469104559255,42.88036622785609,0.0821890705847087,226.87504736563483
