PrincipalComponent,coi,c1i,a1i,c2i,a2i
1,0.9178807247241672,0.6145817628995989,34.0354088120528,1.1003134450141934,212.02035241261555
2,0.0784754473206346,0.0795737712362511,30.26050370452028,0.1277522801011894,211.85859885633343
