PrincipalComponent,coi,c1i,a1i,c2i,a2i
1,1.197498773024597,1.5863097976298584,100.0,0.0854133249761091,206.3071001505615
2,0.0225697942753697,0.0278927000707093,41.75026194482263,0.0526105932633673,225.7328072006467
