PrincipalComponent,coi,c1i,a1i,c2i,a2i
1,1.1438618354669827,1.5122792797325089,85.79163406447148,0.1015445289203203,218.09416097453763
2,0.0414286887170707,0.0657342263420536,41.957700297602955,0.1370795098619293,225.6757733366372
