PrincipalComponent,coi,c1i,a1i,c2i,a2i
1,1.0220520427188085,1.1756037495098408,63.167194257862555,0.3320522883297241,218.61371674877833
2,0.0731656793615251,0.0467053207686253,37.536525881988105,0.3171986041977313,220.64472342885512
