PrincipalComponent,coi,c1i,a1i,c2i,a2i
1,1.1927843687469415,1.188459801667476,84.11866433119229,0.513727133729777,208.36975302375777
2,0.0049087038401608,0.0025269139690195,39.18214590219305,0.0066384676523527,222.6751231728442
