PrincipalComponent,coi,c1i,a1i,c2i,a2i
1,1.213471393948208,1.5015854752819433,100.0,0.1653731403734558,203.5457127221222
2,0.0103437950264969,0.0083013491936152,41.00646266159462,0.0221659672924208,224.98194186815527
