PrincipalComponent,coi,c1i,a1i,c2i,a2i
1,1.2149570887636711,1.517444328541668,100.0,0.1573968155703836,202.72471182095111
2,0.0141318087525923,0.0145028835147592,40.76979989912367,0.032973388710518,224.72463420529797
