PrincipalComponent,coi,c1i,a1i,c2i,a2i
1,1.0696688808710773,1.3087316001087796,71.75510819879933,0.2460523436797993,219.2443566730268
2,0.0583069358726761,0.0631357803628132,39.39482496509004,0.2409730075369904,222.7548435638456
