PrincipalComponent,coi,c1i,a1i,c2i,a2i
1,1.2026523841127612,1.2564822301971472,88.13453639097963,0.4356243359803323,207.4124181968516
2,0.007139049187963,0.0037481958872545,39.732979674418246,0.0109225102979721,223.3339365759659
