PrincipalComponent,coi,c1i,a1i,c2i,a2i
1,0.8131494889114183,0.5808069886327295,34.16439002257746,1.1019650429674577,214.01074040519055
2,0.1408121417391726,0.1899713181833066,32.44576160086078,0.1940474481288366,212.6227763746509
