PrincipalComponent,coi,c1i,a1i,c2i,a2i
1,1.1287297330836732,0.8476425535051457,60.98813433366876,0.8858232730824294,211.54437486433577
2,0.0058057630530902,0.0039294001922948,35.37908582816667,0.007476279881402,218.159072294609
