PrincipalComponent,coi,c1i,a1i,c2i,a2i
1,1.096916527308644,1.4043416393456836,77.91790246043975,0.1823787976570744,219.02322241647465
2,0.0488060140308808,0.0700786001223345,40.6496049102883,0.19052546433031,224.11370304602812
