PrincipalComponent,coi,c1i,a1i,c2i,a2i
1,1.1608067976052396,0.9487129304708942,68.83025982266204,0.7830260214655809,210.27326244848695
2,0.0019473202601858,0.0012424771388022,36.61368863956677,0.000170151047949,219.62856053779845
