PrincipalComponent,coi,c1i,a1i,c2i,a2i
1,1.183774149083283,1.111905949106669,80.90498609255467,0.5896556222045444,209.20174423713485
2,0.0039514478630981,0.0021627109734336,38.76340042118311,0.0033574072638702,222.16744524439355
