PrincipalComponent,coi,c1i,a1i,c2i,a2i
1,1.1092359650246275,0.8284695316686376,61.15571935231091,0.8671416392850633,211.96313386204636
2,0.0244426438462249,0.0162463913132767,35.425029912168604,0.0448777318383645,218.2944147843704
