PrincipalComponent,coi,c1i,a1i,c2i,a2i
1,1.2244977010051763,1.5230469570975027,100.0,0.1550791951141722,205.04529360940393
2,0.0037592058016149,0.0021234649127672,41.52315582086006,0.0038374697693425,225.45006324703772
