PrincipalComponent,coi,c1i,a1i,c2i,a2i
1,1.0871469747405555,1.369529633240722,73.70992153397357,0.221601380162225,219.2330399177991
2,0.0514804450671834,0.0562569557278002,39.74782416381778,0.220696000423203,223.19829658830628
