PrincipalComponent,coi,c1i,a1i,c2i,a2i
1,1.1472203000192125,0.94621766385912,69.9984431487649,0.7600782790762206,211.0124526492869
2,0.010367176459782,0.0063598671987341,36.97221547514699,0.0166614470149861,220.10600127950113
