PrincipalComponent,coi,c1i,a1i,c2i,a2i
1,1.0405332266167515,1.2311910416634029,65.32612815202806,0.3113611808306803,218.81739349653088
2,0.0667111684184954,0.0390644896472489,37.9821145013846,0.2982626131111279,221.19876455225787
