PrincipalComponent,coi,c1i,a1i,c2i,a2i
1,1.035540251732959,0.6936570965606136,46.45417998549177,0.993086222543591,212.25609536528148
2,0.0475671045747199,0.0406661000109159,32.576249437981204,0.0912902259715324,214.8796491568266
