PrincipalComponent,coi,c1i,a1i,c2i,a2i
1,1.2257327210759086,1.5593384801747443,100.0,0.1509643297465929,201.29254138022463
2,0.0090039248397616,0.0106061482463837,40.4608536751932,0.0197320849262715,224.29414389620237
