PrincipalComponent,coi,c1i,a1i,c2i,a2i
1,1.2194276270579865,1.5140187581316176,100.0,0.156973008525264,206.14524881026077
2,0.002379896971518,0.0013699659494463,41.8132157567594,0.0014843856464466,225.78609684900437
