PrincipalComponent,coi,c1i,a1i,c2i,a2i
1,1.2035596518281508,1.6796622019632588,97.66785354968847,1.487857504553313e-17,211.36064794552917
2,0.0248885266352255,0.0398192496286279,42.57016556603409,0.0639215937461287,226.56340931014543
