PrincipalComponent,coi,c1i,a1i,c2i,a2i
1,0.8576433858610881,0.609494439234599,34.033391438444774,1.0685422164444076,212.5090171873817
2,0.1209892170630998,0.1268132699805867,30.637193194227056,0.2011016586264997,211.96755615871132
