PrincipalComponent,coi,c1i,a1i,c2i,a2i
1,1.2093972612251656,1.6352657949022262,100.0,0.0758353527220163,204.8220844504973
2,0.0161572364029384,0.0219242965947929,41.3179769900153,0.0368000011166454,225.28626485944443
