PrincipalComponent,coi,c1i,a1i,c2i,a2i
1,1.11439610706619,1.4696213602955996,79.8450644608621,0.1539847637205766,218.8391028656541
2,0.0417125386292262,0.0636843948232491,40.91392120270105,0.1690665951611392,224.4949151245968
