PrincipalComponent,coi,c1i,a1i,c2i,a2i
1,1.161768304966547,1.5832609602409515,87.66940867234723,0.0677169544573206,217.63253052209456
2,0.0332196973080778,0.0603830444857765,42.147308859463585,0.1148451310431879,225.95981559664617
