PrincipalComponent,coi,c1i,a1i,c2i,a2i
1,1.2225591776937517,1.545236851116386,100.0,0.1534286989933466,201.95401443703636
2,0.0065929324326019,0.0051518874025394,40.762232970380445,0.0116128811416405,224.54587530434657
