PrincipalComponent,coi,c1i,a1i,c2i,a2i
1,0.9169668971499014,0.6234300957420456,35.60750881929536,1.0694061011413007,212.0105743131897
2,0.0918362203027145,0.0859777569041352,30.51428231075944,0.1577433526727954,212.19326750537655
