PrincipalComponent,coi,c1i,a1i,c2i,a2i
1,0.8064160183208581,0.5843931656118105,34.720622287038196,1.0752237727797225,213.5284699023203
2,0.1546977786068561,0.1987387058670255,32.208019509130445,0.2293224350613919,212.50999163794367
