PrincipalComponent,coi,c1i,a1i,c2i,a2i
1,1.1884353884034096,1.699353272420854,91.28404017627366,0.0118292965863586,215.92666238668824
2,0.0241715695960973,0.0452544173584503,42.35123976712217,0.0839023792930571,226.30088736507548
