PrincipalComponent,coi,c1i,a1i,c2i,a2i
1,0.8010574549804869,0.5696410761318051,34.46826152166122,1.0464395752478393,212.97891199978375
2,0.1668550101970103,0.2204609288199956,32.03213893531541,0.2919766888731707,212.1737423068992
