PrincipalComponent,coi,c1i,a1i,c2i,a2i
1,1.2281337374684518,1.671834069862703,100.0,0.1014315708492894,199.75449855365665
2,0.0083977340540825,0.011126294532884,40.071519753659786,0.017087644986403,223.8074799219744
