PrincipalComponent,coi,c1i,a1i,c2i,a2i
1,1.03430607282067,0.6952661302390535,47.97651980613587,0.9660805254811072,211.4031838529027
2,0.061314777112665,0.053586279022032,32.56957750353584,0.1353609434609916,214.9438935864926
