PrincipalComponent,coi,c1i,a1i,c2i,a2i
1,0.9099459729806624,0.6139860567630333,35.569226661020295,1.0470137440276837,211.4407730409341
2,0.1066057328144537,0.1025104555221643,30.267214267829313,0.2127179975029354,211.95622242182296
