PrincipalComponent,coi,c1i,a1i,c2i,a2i
1,1.2351574036087112,1.5410808182536435,100.0,0.1757548170562112,198.9561605638156
2,0.0025982987621279,0.0007597467452766,40.020630652293775,0.0008671733547515,223.6735417940293
