PrincipalComponent,coi,c1i,a1i,c2i,a2i
1,1.2261627017365202,1.7461214736234916,98.77656969201222,1.6859677049332e-17,207.88232012242773
2,0.0160363053402837,0.0249152756219515,41.76969248326827,0.0393645046510983,225.79322992034164
