PrincipalComponent,coi,c1i,a1i,c2i,a2i
1,1.0690858233508442,1.3229093246050594,69.40712939168023,0.2773359010877714,218.99373745010763
2,0.0596077425678557,0.0212559428120047,38.82281032495691,0.2685505857343946,222.25155408013003
