PrincipalComponent,coi,c1i,a1i,c2i,a2i
1,1.227311466745803,1.5309876660235806,100.0,0.1743673930481509,200.51091464820453
2,0.0034682578034899,0.0015802987774815,40.41666791376222,0.002236224683226,224.13675199562633
