PrincipalComponent,coi,c1i,a1i,c2i,a2i
1,1.1146550703581215,1.4699341878871215,77.49163873843587,0.1813450788065501,218.9346965237652
2,0.0437524178999852,0.038394974056912,40.336145545580806,0.1900905560913289,223.97364549891032
