PrincipalComponent,coi,c1i,a1i,c2i,a2i
1,1.2366354194109046,1.5660862319269486,100.0,0.1797655353031698,195.3205270639775
2,0.0026584667934952,0.001080514569298,39.1345452534869,0.0016138943737824,222.6191680777212
