PrincipalComponent,coi,c1i,a1i,c2i,a2i
1,1.2068493391448551,1.377395093160517,96.69239101579268,0.28665335074307,204.19184036143375
2,0.0091150489376887,0.0062382719972818,40.63326316392127,0.0170083432971992,224.4276821791808
