PrincipalComponent,coi,c1i,a1i,c2i,a2i
1,1.11831186663854,0.8790384509824749,67.60969289446095,0.7846442511746743,210.3305657431458
2,0.0367728267816204,0.0267721459383763,36.250738592311464,0.0777343180612561,219.3152685275686
