PrincipalComponent,coi,c1i,a1i,c2i,a2i
1,1.1425542769456405,1.5775281590095436,83.56943660649361,0.1068881474021497,218.03747338031863
2,0.0321643475256508,0.0472777504451861,41.33509137614984,0.1373730187540982,225.1021078145741
