PrincipalComponent,coi,c1i,a1i,c2i,a2i
1,0.8504397320650523,0.5974352447244059,33.801263604583326,1.0422495373202278,211.9341408027283
2,0.1347359599977509,0.1459356031263757,30.371125251141805,0.2614806476631689,211.68147645660713
