PrincipalComponent,coi,c1i,a1i,c2i,a2i
1,1.2410570241163634,1.5863456547050054,100.0,0.177053514304786,195.05517100917967
2,0.0040714417022908,0.0038510763220833,39.05537843177056,0.0055087957185469,222.52018818939155
