PrincipalComponent,coi,c1i,a1i,c2i,a2i
1,1.2426799938162851,1.8268033207502568,97.95450938246012,0.0,207.7349783468044
2,0.0071083139534444,0.0106179883228912,41.55150086653634,0.0183838623247255,225.50621916205984
