PrincipalComponent,coi,c1i,a1i,c2i,a2i
1,0.8448778407606821,0.5965916393617581,34.26362705381924,1.0041998436352988,211.4784461227306
2,0.1420711783504519,0.1845714399743501,30.73330841246124,0.3200811004240999,211.5259288710516
