PrincipalComponent,coi,c1i,a1i,c2i,a2i
1,1.2392676151869022,1.7797260996913526,100.0,0.0588247539019522,199.4961933647023
2,0.0031763147550765,0.0028166296478218,40.08921166473197,0.0033297530907056,223.72348729663983
