PrincipalComponent,coi,c1i,a1i,c2i,a2i
1,1.2361191517467067,1.624518744820847,100.0,0.1261656238943545,197.97570603726697
2,0.0050268050603852,0.0065770618255203,39.7570945261663,0.0097368446324419,223.3505481785348
