PrincipalComponent,coi,c1i,a1i,c2i,a2i
1,1.1780258584046188,1.4395159818311212,100.0,0.169712402641827,205.53525919273804
2,0.0300478474465992,0.0329164549578937,41.63129985713835,0.0706015416314801,225.55267204906292
