PrincipalComponent,coi,c1i,a1i,c2i,a2i
1,1.2397352096393408,1.6565903672733382,100.0,0.1331039211540796,194.46924844941907
2,0.0035411114478091,0.0030486736758009,38.89765380927241,0.0031676266332639,222.3350059779692
