PrincipalComponent,coi,c1i,a1i,c2i,a2i
1,0.7985325454749163,0.5649344212531893,35.24796461543181,1.0065045324889543,212.92241479183457
2,0.1749084682648127,0.2656212515780508,33.47632862922792,0.3450075266027785,212.29202940796455
