PrincipalComponent,coi,c1i,a1i,c2i,a2i
1,1.2477317876223262,1.6850873062463316,100.0,0.1313845301270068,194.44578959353188
2,0.0022832359411706,0.0012620627411595,38.876706501337615,0.0006513452855462,222.3073852373497
