PrincipalComponent,coi,c1i,a1i,c2i,a2i
1,1.0380365427321163,0.7361781573158068,53.45500494020138,0.8824584722022429,210.6927995486512
2,0.0741033443776167,0.0813819036438264,33.51683169760741,0.1831130435983284,215.91290774998384
