PrincipalComponent,coi,c1i,a1i,c2i,a2i
1,1.1331630702199962,1.0962171631337083,84.2285849733579,0.4999845668684446,208.8036263358465
2,0.049284979202766,0.0506816555931219,39.15432492061818,0.115993033813182,222.69587595928613
