PrincipalComponent,coi,c1i,a1i,c2i,a2i
1,1.1388008190535397,1.6006144270655325,80.13794520625449,0.1329357309624864,218.77527290093855
2,0.0317772616726509,0.0239255260674572,40.74776900885327,0.1532398245989154,224.52876173827536
