PrincipalComponent,coi,c1i,a1i,c2i,a2i
1,1.093406622793897,1.4481972212557328,72.74772100625044,0.232173311255442,219.1810881961032
2,0.0491473817803122,0.0080491188418489,39.48700306934159,0.2304993292743655,223.0751856233336
