PrincipalComponent,coi,c1i,a1i,c2i,a2i
1,1.2045093620112883,1.516185879967826,100.0,0.1503932323645224,202.37654200684744
2,0.0168588620294866,0.0194078898460925,40.75550914588633,0.0414161829027303,224.63804248567325
