PrincipalComponent,coi,c1i,a1i,c2i,a2i
1,1.226933652570804,1.6116816881710343,100.0,0.1227567782949811,199.49779377184663
2,0.0066131246204069,0.0095146052689012,40.12041947247558,0.0144579621789584,223.7883297774617
