PrincipalComponent,coi,c1i,a1i,c2i,a2i
1,0.9038881816933771,0.6193847185609463,36.500475510392256,1.007016410096353,210.8870830790846
2,0.1160928991598024,0.1363026125199279,30.518194437900657,0.2692939954956151,211.91824706877412
