PrincipalComponent,coi,c1i,a1i,c2i,a2i
1,1.1646165638905823,1.7123475442280955,85.8497144332887,0.0543813282407834,217.59416092879243
2,0.0212391459617565,0.0335173035680608,41.57031206837005,0.1008786317357938,225.4749726279148
