PrincipalComponent,coi,c1i,a1i,c2i,a2i
1,1.205565865407923,1.7999763664565314,91.19524670786907,0.0,215.28060541711588
2,0.0185566015331162,0.0155659971788653,41.958360601843225,0.0672716517734175,226.0420299408406
