PrincipalComponent,coi,c1i,a1i,c2i,a2i
1,0.7971155626123176,0.5965055655074606,39.58593291004103,0.8911316888627688,214.16124884030617
2,0.1865102021069007,0.3295539256478191,36.831175168851615,0.3804061256771488,213.82789075298697
