PrincipalComponent,coi,c1i,a1i,c2i,a2i
1,1.2356525917748138,1.7833922352448666,99.94334766223034,0.0,204.28498760794793
2,0.0096286881562056,0.0140862329685759,40.9102071183008,0.0231599714030588,225.002750719329
