PrincipalComponent,coi,c1i,a1i,c2i,a2i
1,1.216619147828904,1.7149600732517327,99.22265043876054,2.6938051867785007e-17,207.4272999896276
2,0.0154870901316878,0.027842513773192,41.80480603245975,0.0440524031557602,225.8112309817445
