PrincipalComponent,coi,c1i,a1i,c2i,a2i
1,1.1104465688472298,1.6117915625302786,75.19335181272288,0.1513187044068646,219.83079303242633
2,0.0332099896291541,0.0063501803241059,40.04661920334929,0.1603217269024645,223.75677752546565
