PrincipalComponent,coi,c1i,a1i,c2i,a2i
1,0.902351247173399,0.6697443884306088,42.02865440421352,0.871972558277409,211.89748969298412
2,0.1279851423164601,0.184380504632457,32.49482784867625,0.3204893451922985,213.4151889172742
