PrincipalComponent,coi,c1i,a1i,c2i,a2i
1,1.2112417482651103,1.884367483249225,88.20105442434223,0.0,217.26744573561672
2,0.0078818876299886,0.0032902001879868,41.84693673211905,0.0281420159012121,225.8616508680092
