PrincipalComponent,coi,c1i,a1i,c2i,a2i
1,1.1511719132855194,1.7570253864727785,81.11507430171923,0.0599551468408003,219.44430165670877
2,0.0183047671565819,0.0180735954265645,41.02260556500241,0.0914778254817012,224.90653577627563
