PrincipalComponent,coi,c1i,a1i,c2i,a2i
1,1.0384913627949826,0.8774847510603508,64.74115796500358,0.6455662518380095,213.23057213713017
2,0.0895045051913138,0.1229651120099727,36.819657425436866,0.2307326444586494,219.20119399920844
