PrincipalComponent,coi,c1i,a1i,c2i,a2i
1,1.2424632187570124,1.8652964850908471,98.38702854211157,0.0,207.38974627505817
2,0.0032721595385072,0.0035266065811453,41.61995845359495,0.0027358137802609,225.5321755077024
