PrincipalComponent,coi,c1i,a1i,c2i,a2i
1,0.8441038794704363,0.6322151260788462,38.58397943138024,0.8858322844401544,212.3697028900575
2,0.1502986840583372,0.2395156209696716,32.801242366682125,0.3677448286825699,212.7522682319901
