PrincipalComponent,coi,c1i,a1i,c2i,a2i
1,1.1738615307674207,1.8511171502433268,85.30072725220307,0.0,218.66177513774608
2,0.0111670248278051,0.0180090950272658,41.54388484807537,0.053189595199325,225.60794903201847
