PrincipalComponent,coi,c1i,a1i,c2i,a2i
1,1.2274560647061448,1.7356053594728889,99.38607440431946,5.3004849762317744e-17,206.53910732916532
2,0.0128952905379945,0.0224769528356127,41.53187023472792,0.0364006401071087,225.57303116353128
