PrincipalComponent,coi,c1i,a1i,c2i,a2i
1,1.2424411987519923,1.8878304795735923,93.8534891447363,3.2031264238268553e-16,212.61336041307064
2,0.0025302553114862,0.0012501626471604,41.91097738934395,0.0013915679823632,225.90053226876125
