PrincipalComponent,coi,c1i,a1i,c2i,a2i
1,1.158146781715794,1.5628702440591913,100.0,0.0022980104777296,211.81921275224465
2,0.0436875160864905,0.0642133815087012,43.42718255017914,0.1109037561406103,227.2945113450826
