PrincipalComponent,coi,c1i,a1i,c2i,a2i
1,1.2462705279193815,1.8189442516312575,100.0,4.3208484540153626e-17,204.26051563516964
2,0.0065634845118564,0.0083936019804785,41.18861587055687,0.0141453146086267,225.04754890768993
