PrincipalComponent,coi,c1i,a1i,c2i,a2i
1,1.1238968987057378,1.381623196489045,95.63782279193607,0.1265144083944859,213.48754714970752
2,0.0651109128690283,0.0886163007158966,42.95318631091583,0.1583515900103891,226.6480031072431
