PrincipalComponent,coi,c1i,a1i,c2i,a2i
1,1.188457084227874,1.6318183915864506,99.8166834579258,1.2590455911141359e-17,209.5759766578805
2,0.0295605810138662,0.0447420980023164,42.64367848781263,0.0785851994124278,226.61138737358937
