PrincipalComponent,coi,c1i,a1i,c2i,a2i
1,1.1581935244183033,1.587770904687316,94.47493983052514,0.0311513682633772,214.27969617059
2,0.03486421563136,0.0715566338187227,42.94547021269216,0.109861868617505,226.66172939738857
