PrincipalComponent,coi,c1i,a1i,c2i,a2i
1,1.110429636769608,1.741892187459002,77.5479726171979,0.0822576811130605,220.36036330417184
2,0.0202821400014032,0.0116631261215543,40.61530010207707,0.1023054500774566,224.39238936650253
