PrincipalComponent,coi,c1i,a1i,c2i,a2i
1,1.027390317517203,1.0222326154466317,73.709139954693,0.4233004639138827,216.2842778949591
2,0.0989214631017982,0.152143138000381,40.22334185285293,0.2715199637702277,222.1327988850417
