PrincipalComponent,coi,c1i,a1i,c2i,a2i
1,1.219476272566075,1.8770303586359167,94.87729325526324,0.0,212.15183784094864
2,0.006320495432894,0.0090966548856624,42.00619118383097,0.02105316245165,226.0099849386382
