PrincipalComponent,coi,c1i,a1i,c2i,a2i
1,1.0898753703564192,1.3217906980839456,88.58916517644279,0.1701580556466021,216.59717696180704
2,0.0721362455910346,0.1153470250429333,42.81334149590615,0.2003315529166585,225.8569539494341
