PrincipalComponent,coi,c1i,a1i,c2i,a2i
1,0.7739087101007536,0.6368785398587923,39.56354562129234,0.8165648925501906,221.0987118452046
2,0.2260552560172681,0.4553201625520933,65.41545561852088,0.2628884235100304,218.2074368695055
