PrincipalComponent,coi,c1i,a1i,c2i,a2i
1,1.1477321048856552,1.8756920053105104,82.20589010309324,0.0015374457374477,220.1195651730021
2,0.0069674426912063,0.019663024174994,41.25831978819959,0.0431732347190695,225.30216955018972
