PrincipalComponent,coi,c1i,a1i,c2i,a2i
1,1.1867630319396631,1.703391797541318,95.05265238639612,1.154363418340105e-16,212.6500853436476
2,0.0236448601934379,0.0431469399662609,42.3911350046308,0.0802471868872462,226.2960127613714
