PrincipalComponent,coi,c1i,a1i,c2i,a2i
1,1.222201717983345,1.9177169795895144,90.99439893540048,9.167673655248875e-17,215.43919924014844
2,0.0032197388175911,0.0026430116130456,42.0266810228573,0.003912886219062,226.0135457272327
