PrincipalComponent,coi,c1i,a1i,c2i,a2i
1,0.8407647531767053,0.6794373445436543,43.90654429473315,0.765730328394135,213.9667766554846
2,0.1564476786541606,0.272969799312431,35.66775965035526,0.4091957747162945,214.47639782631336
