PrincipalComponent,coi,c1i,a1i,c2i,a2i
1,1.1980472793457118,1.726254910020553,95.27445812998177,4.373166443312596e-17,211.93269800323503
2,0.0203619006279958,0.0376299674194675,42.20612183619415,0.0701947102641503,226.12553522549572
