PrincipalComponent,coi,c1i,a1i,c2i,a2i
1,1.1628375762191725,1.918401285394213,83.7410128057475,0.0,219.5746073798517
2,0.0074774909406111,6.01368275431914e-19,41.580271204119015,0.0328719900825225,225.4896444359693
