PrincipalComponent,coi,c1i,a1i,c2i,a2i
1,1.2218312442914427,1.8186565142017512,96.38229644004775,0.0,209.92569159875313
2,0.0119884961462036,0.0181121441072127,41.664977764851024,0.0410143825284423,225.75247238525532
