PrincipalComponent,coi,c1i,a1i,c2i,a2i
1,1.2086297203772105,1.7788064329995752,96.03751915067402,1.021632747103872e-16,210.20551739377024
2,0.0157656913765655,0.0265557310337195,41.80405997291974,0.0533593430886513,225.7869152069648
