PrincipalComponent,coi,c1i,a1i,c2i,a2i
1,1.1248643868392012,1.4656784167627968,92.1688480924988,0.0912382809071106,215.59900364411425
2,0.0500713246303706,0.0916565370536934,43.11304273583391,0.1470766916292131,226.5018911897211
