PrincipalComponent,coi,c1i,a1i,c2i,a2i
1,0.9003776623779116,0.734977100587861,48.861983753084345,0.7307542411434773,213.7467740345471
2,0.1350883799200712,0.2134915920512097,35.33066772481311,0.3639865523301119,215.48085244552004
