PrincipalComponent,coi,c1i,a1i,c2i,a2i
1,1.1972112744534242,1.9386040971611815,86.29264992833885,4.486226394041861e-18,218.55847911118553
2,0.0034190670611207,0.000508813500287,41.842554068874946,0.0068478468571641,225.78733831007617
