PrincipalComponent,coi,c1i,a1i,c2i,a2i
1,0.8880355530719554,0.8083811353018118,53.16943303560407,0.5955330857057108,215.78421192218937
2,0.1425578256734993,0.231183552804316,37.281001242969865,0.3953468948041015,217.0935770641399
