PrincipalComponent,coi,c1i,a1i,c2i,a2i
1,0.8300500584923853,0.7395387827589673,47.79197633402836,0.6460542616200494,215.68187246881655
2,0.1630364570561655,0.2934732659185222,37.67167731572556,0.4364063886259455,215.9395142213721
