PrincipalComponent,coi,c1i,a1i,c2i,a2i
1,1.0024520473266876,1.0801315889109655,73.24951952075565,0.3195582082113892,218.56082086623593
2,0.1066273256114852,0.166053466387313,41.00032197711214,0.3091889516550061,222.67629177548747
