PrincipalComponent,coi,c1i,a1i,c2i,a2i
1,1.13552696355157,1.9190514617355856,80.44558170166482,6.987771833668024e-17,220.91591343853105
2,0.006084760123347,0.0,41.3157715464828,0.0324403510540636,225.12989043104872
