PrincipalComponent,coi,c1i,a1i,c2i,a2i
1,1.1683364890091483,1.6709369983858544,89.3364453067893,0.0370744170965906,216.31054348654473
2,0.024495032959906,0.0558680034898084,42.1048162065652,0.096910739462203,225.96181075037745
