PrincipalComponent,coi,c1i,a1i,c2i,a2i
1,1.1487245810668316,1.9515234027122783,81.77298349741743,4.137890496252489e-17,220.3506923351224
2,0.0032124277244049,0.0007423301440525,41.436827770001656,0.0104906398594472,225.26236717444976
