PrincipalComponent,coi,c1i,a1i,c2i,a2i
1,1.180756207081545,1.755929533895237,91.61597643309884,0.0,215.09381345454884
2,0.0204656100834896,0.0440556568552439,42.20121305801215,0.0778656207107517,226.13015013815385
