PrincipalComponent,coi,c1i,a1i,c2i,a2i
1,1.1934413441808096,1.8643905729302832,90.70246422939948,2.12472286588864e-16,215.69651324074263
2,0.0125843240868722,0.01084336635427,41.89466030236433,0.0503307061480136,226.0225224572496
