PrincipalComponent,coi,c1i,a1i,c2i,a2i
1,1.1992532058267054,1.9176590814592775,87.45815931625717,4.2397849222741785e-17,217.80265496145543
2,0.0060243520958578,0.0039741529834176,41.901083156736675,0.0204743823734807,225.8528207017905
