PrincipalComponent,coi,c1i,a1i,c2i,a2i
1,0.7609926927654642,0.6841481000157714,41.87532355074762,0.7206385727890844,223.74328976424215
2,0.2314528376996818,0.5063325080207419,69.99108875626916,0.2499049129260356,220.09711384591205
