PrincipalComponent,coi,c1i,a1i,c2i,a2i
1,1.0885872046301828,1.3741660553071864,83.00518293605474,0.1714205165472859,218.2314487091888
2,0.0578873394065069,0.1010891786384071,41.91016525811199,0.1897694677605253,225.06842467198675
