PrincipalComponent,coi,c1i,a1i,c2i,a2i
1,1.1555665094997962,1.6308360575791996,88.21118535886801,0.0569058924277861,216.7451636001181
2,0.0279035241457607,0.0611704153937787,42.03067456364833,0.1087532129860831,225.83320400777737
