PrincipalComponent,coi,c1i,a1i,c2i,a2i
1,1.053425614260192,1.24100829698242,79.20967964302743,0.2393815046905234,218.5451815584384
2,0.0786414050641487,0.1267333320313394,41.47093186546384,0.2427641681446847,224.19865534917193
