PrincipalComponent,coi,c1i,a1i,c2i,a2i
1,1.1221033950892292,1.4894762233569216,85.58595933303613,0.1187981281098995,217.58241965097687
2,0.0430739063711263,0.0804207214862268,41.969530512167374,0.1513000194633119,225.49101914361967
