PrincipalComponent,coi,c1i,a1i,c2i,a2i
1,1.1927462021734476,1.7995580946067091,91.73100794792371,0.0,214.8068739811602
2,0.0206617149323596,0.0208008792922745,42.02892287564183,0.0767040731592465,226.04378290918976
