PrincipalComponent,coi,c1i,a1i,c2i,a2i
1,1.1069155664807326,1.8323600384507377,78.40918769206495,0.0271164486549951,221.0022759421754
2,0.0090100151430557,0.0199739779417831,40.84724665171318,0.0537896965015634,224.72863416189244
