PrincipalComponent,coi,c1i,a1i,c2i,a2i
1,1.1789832359400907,1.958362485811267,83.69745440736112,0.0,219.6420867773344
2,0.0022470301340745,0.0013643930832689,41.59419555307601,0.0009077046262943,225.4799853713024
