PrincipalComponent,coi,c1i,a1i,c2i,a2i
1,1.1054388628133396,1.4550057535619214,76.8273263689711,0.1860206500908072,218.74059278381463
2,0.0433538533024736,0.056122637266978,40.21865406289866,0.1927062347391434,223.75557525040767
