PrincipalComponent,coi,c1i,a1i,c2i,a2i
1,0.8590358201635612,0.8370523699912664,53.17443191121833,0.4792163917925987,216.90712497770855
2,0.1541890679297508,0.2307962506210433,37.00962267675376,0.4617197524831861,217.4916804625068
