PrincipalComponent,coi,c1i,a1i,c2i,a2i
1,1.1692764356743728,1.857917323434363,83.56789828767947,0.0046476922817411,219.41245859181168
2,0.0074006930807658,0.0249582303476058,41.37922139724934,0.0507933567574809,225.41173863801205
