PrincipalComponent,coi,c1i,a1i,c2i,a2i
1,1.0018261313850083,1.1039749721391474,66.84685752202547,0.3340868000618761,218.6577447076762
2,0.0896925901040219,0.1274760533214283,38.74273303597062,0.3199913989702923,221.34027962854344
