PrincipalComponent,coi,c1i,a1i,c2i,a2i
1,1.1222449089200155,1.9273906971727908,79.43175945179533,2.333740981015617e-17,221.43247262961785
2,0.0019668626357396,0.0007619922278685,41.28972059330982,0.0028147242186395,225.0712580066308
