PrincipalComponent,coi,c1i,a1i,c2i,a2i
1,0.94969036495674,0.9647804718618276,60.516544050027534,0.3998353970949348,217.8701455958731
2,0.1140746940079723,0.1675536692483538,37.69382532183898,0.3819485391647513,219.55056688260785
