PrincipalComponent,coi,c1i,a1i,c2i,a2i
1,1.1556762308821669,1.7460951614196536,84.11095573824119,0.0601816194603004,218.5008733117613
2,0.0194678258262582,0.0271084887338844,41.4279244619907,0.1013030055121311,225.3312990445314
