PrincipalComponent,coi,c1i,a1i,c2i,a2i
1,1.1346962326447658,1.5734797338069733,81.05859380250783,0.1335952499305213,218.2245835967686
2,0.0340747415495419,0.0425058278694781,40.81776929057425,0.1551997162228586,224.5534463774766
