PrincipalComponent,coi,c1i,a1i,c2i,a2i
1,1.1294609239142743,1.9435562312350991,79.96558182523424,0.0,221.05347467410004
2,0.0032784469518292,0.0002811839544711,41.27922310203616,0.0037344643205753,225.06497620877627
