PrincipalComponent,coi,c1i,a1i,c2i,a2i
1,1.1533765403291878,1.9289519461048932,80.85509465871257,0.0,220.66099391557452
2,0.0060189554265384,0.0,41.31567068276873,0.0233607992038729,225.1453382465851
