PrincipalComponent,coi,c1i,a1i,c2i,a2i
1,1.119097135935282,1.4923217566771596,78.15085743022277,0.1687427685021486,218.63204051408252
2,0.0398837113615262,0.0508471814464343,40.406665964793184,0.1796679938056754,224.0157574150867
