PrincipalComponent,coi,c1i,a1i,c2i,a2i
1,1.1518957559991252,1.6383192461591762,82.91023165423519,0.1061667899619944,218.0375110965483
2,0.0284564055210905,0.0348943102343849,41.10962684022359,0.1366424348838335,224.92992087885727
