PrincipalComponent,coi,c1i,a1i,c2i,a2i
1,1.1010692112651288,1.8793629835745207,78.80295632959388,1.0017872437870767e-16,221.92702272866487
2,0.0056906459203262,5.123195998354748e-20,41.34930990448283,0.0243194769289003,225.12634527049272
