PrincipalComponent,coi,c1i,a1i,c2i,a2i
1,1.0712299593473125,1.32549010558934,73.71787392118486,0.2371202774318696,218.9248474493044
2,0.0576111795430379,0.0764806452392293,39.80967767775,0.234489675960318,223.0968640398864
