PrincipalComponent,coi,c1i,a1i,c2i,a2i
1,1.0380115846419122,1.222969062444344,71.0687913477918,0.2775445135473999,218.98333172664368
2,0.0709383594008574,0.1001793616361762,39.5016516902357,0.2692771373385604,222.47265347011344
