PrincipalComponent,coi,c1i,a1i,c2i,a2i
1,0.8103439266372386,0.7788939543704074,49.72413642994844,0.5137218172574441,216.89205164737905
2,0.1718647050101364,0.2922963030110983,37.8402565822755,0.4986140851775054,216.80299180454895
