PrincipalComponent,coi,c1i,a1i,c2i,a2i
1,0.6419701024978047,0.7211575150708702,39.18163541940782,0.7307515285416637,214.1605245992156
2,0.1350614250900436,0.28045105069527,33.59337861508423,0.3299580496814542,213.7823127678173
