PrincipalComponent,coi,c1i,a1i,c2i,a2i
1,0.6486407301873532,0.7050430799823827,37.73011114003317,0.7066859940576607,214.07483414025373
2,0.1430697150268639,0.3206463711613316,34.04955892684395,0.3417385888942669,213.48687508445312
