PrincipalComponent,coi,c1i,a1i,c2i,a2i
1,0.6379227658507978,0.7436945324370179,39.66329565422899,0.7346211184191795,214.14981735415583
2,0.1312148021505279,0.2465031050189775,33.227108515947414,0.3109741905364306,213.8520615531519
