PrincipalComponent,coi,c1i,a1i,c2i,a2i
1,0.6451657786500083,1.0348387222439874,36.62642497834992,0.9386081670667562,213.57341832965275
2,0.0003917246559422,6.957303997730054e-19,31.149802336994835,0.0,212.93693770228887
