PrincipalComponent,coi,c1i,a1i,c2i,a2i
1,0.6137176728377786,0.8471019638127952,39.05289750821555,0.7541230415471865,214.16373865696795
2,0.0861766069554797,0.1526941815982674,32.193272479312725,0.1544948678405955,213.76354371137225
