PrincipalComponent,coi,c1i,a1i,c2i,a2i
1,0.6190347727286084,0.7988270597040547,40.321684506383775,0.7171829780013852,214.3897373868875
2,0.1166397878474074,0.2068618103375993,32.92124849609606,0.2535404938554529,214.10445154889663
