PrincipalComponent,coi,c1i,a1i,c2i,a2i
1,0.6128534816815183,0.8255274422437427,39.43075936638569,0.7347895517691841,214.2252986572013
2,0.0999619294447776,0.176303720586753,32.43901575817087,0.2009135630224957,213.8742536237945
