PrincipalComponent,coi,c1i,a1i,c2i,a2i
1,0.6296547463943536,0.7635658426277777,39.98939622295058,0.7257594354870263,214.21751296962532
2,0.1238934566678547,0.2341326793622396,33.081315320094845,0.2922133672889732,213.95001708770425
