PrincipalComponent,coi,c1i,a1i,c2i,a2i
1,0.6074175321712266,0.7243247720605268,36.00321299930384,0.5598068570159607,225.32479450983288
2,0.203073163682209,0.5254540120589157,66.36283781236814,0.1562128267114841,220.37822649500797
