PrincipalComponent,coi,c1i,a1i,c2i,a2i
1,0.6219388717351422,0.8893009236630625,38.697253299367475,0.7681140942359606,214.04618073154313
2,0.070727029874541,0.1239680028970262,31.947677388081004,0.1018400892215899,213.6360005735864
