PrincipalComponent,coi,c1i,a1i,c2i,a2i
1,0.6376180841166929,1.0122190135390068,37.30403448226374,0.8069859434952542,213.48284704317672
2,0.0210517006557012,0.036033371574083,31.19128374922297,0.0189784797277471,213.0832497292748
