PrincipalComponent,coi,c1i,a1i,c2i,a2i
1,0.5851658341753463,0.7297723980044601,35.95458782335809,0.4761009454301091,226.09735156892964
2,0.2089936375373006,0.5200258878518468,67.15604265492564,0.1839037445722224,220.5879488817035
