PrincipalComponent,coi,c1i,a1i,c2i,a2i
1,0.6390484614512262,1.0297185195449443,36.475129673567,0.862760048692836,213.34712360083665
2,0.0086481863932784,0.0125203024617695,30.94967693356023,0.0055451242499791,212.81682551914372
