PrincipalComponent,coi,c1i,a1i,c2i,a2i
1,0.6283673310888247,0.7200193188067596,35.618834387623416,0.6591914393398784,223.31411686147632
2,0.1917398619106927,0.4559144677478626,60.968900043744384,0.1930208348872462,218.86655946926535
