PrincipalComponent,coi,c1i,a1i,c2i,a2i
1,0.6341222077156424,0.9539226584042964,38.790029002911915,0.7591980091408447,214.00998376708057
2,0.0476988897454749,0.0851834023370218,31.764035210356685,0.0552653872917374,213.6231393726629
