PrincipalComponent,coi,c1i,a1i,c2i,a2i
1,0.61181837799023,0.7181650850626816,35.15281645696188,0.618993952732159,224.186550755246
2,0.1968733563534357,0.5022528916140406,64.00621084139878,0.167947345712504,219.54040026418377
