PrincipalComponent,coi,c1i,a1i,c2i,a2i
1,0.6237275678327737,0.7867787981156447,40.32441222669769,0.7175653525287925,214.37265384431063
2,0.119570078714833,0.2177770499328533,32.983330848523785,0.2645795378010673,214.09028115880804
