PrincipalComponent,coi,c1i,a1i,c2i,a2i
1,0.5926455157517205,0.7884646773882631,39.844614846014785,0.773070338705593,214.3187918134495
2,0.1180498365398954,0.200663384177581,32.785605631762415,0.2395528289330821,213.9855862407453
