PrincipalComponent,coi,c1i,a1i,c2i,a2i
1,0.6240109245482898,0.9971667856825226,36.92450939126722,0.9233751148641572,213.43342817467476
2,0.0228878168434947,0.0324308716338769,31.111583928585397,0.019896265867826,212.95719624057995
