PrincipalComponent,coi,c1i,a1i,c2i,a2i
1,0.5983460396374107,0.7623653342959081,40.52048981880872,0.7567526323889523,214.4898841929259
2,0.1340262324956805,0.2300965835430631,33.32831728274084,0.2930795506014059,214.1626021087902
