PrincipalComponent,coi,c1i,a1i,c2i,a2i
1,0.5932903995303519,0.8096732650450057,39.50941876124615,0.793633490633127,214.30034060001756
2,0.1046621766340708,0.1775378111974574,32.51084793447864,0.1916016909704145,213.92495071792695
