PrincipalComponent,coi,c1i,a1i,c2i,a2i
1,0.6206451163423324,0.9754222603651836,37.82386899482201,0.8602396456917814,213.6452146976873
2,0.0370491570753232,0.0607572323438836,31.39150814236269,0.0403281234096161,213.25253531752944
