PrincipalComponent,coi,c1i,a1i,c2i,a2i
1,0.6014459654224035,0.6857099232497953,35.268694115358194,0.7099949090607325,224.37253947935596
2,0.2173762929923917,0.4947919130203599,63.01955329027257,0.1992380090938349,219.2973509282079
