PrincipalComponent,coi,c1i,a1i,c2i,a2i
1,0.6176083562186203,0.684463804863201,39.49185086657026,0.7715454732610585,214.4387797240675
2,0.1583708632629284,0.3048022123142308,34.429341031671676,0.3645402466067924,213.96900740338813
