PrincipalComponent,coi,c1i,a1i,c2i,a2i
1,0.6083819752858106,0.7273169595044181,40.188497772604514,0.7656768807893896,214.36532120702017
2,0.1425200156382166,0.2572420702729285,33.63659294826594,0.3305184242084976,214.039684083142
