PrincipalComponent,coi,c1i,a1i,c2i,a2i
1,0.5605229292582947,0.6950830570634134,35.46938630775218,0.5377369265741501,227.2383180784622
2,0.2317854366356582,0.5646997963321166,69.29225497869339,0.1737111989755623,221.10186369570087
