PrincipalComponent,coi,c1i,a1i,c2i,a2i
1,0.6035019083663172,0.7500164115730987,40.5335010887647,0.7572433776414156,214.49181561113951
2,0.1369867300545442,0.2409637089866652,33.4350542399794,0.303874428759543,214.16314690587035
