PrincipalComponent,coi,c1i,a1i,c2i,a2i
1,0.5854734748252689,0.6843725196638115,34.73866972837196,0.6737408033263196,225.3943665460039
2,0.222150499377126,0.5445902523557313,66.34979933277035,0.1654733311238001,220.0352686595861
