PrincipalComponent,coi,c1i,a1i,c2i,a2i
1,0.615415566622867,0.7074548865653779,39.865111319377235,0.775071846417303,214.32379350184283
2,0.1512251382548186,0.2700667461416342,33.855914797706184,0.3479725372061403,213.95725646542368
