PrincipalComponent,coi,c1i,a1i,c2i,a2i
1,0.6023675059882843,0.8500562903971309,39.11885883424889,0.811261534393657,214.20215775927915
2,0.0881494315273205,0.1507022701145433,32.22173036829767,0.135451841920782,213.7898614522036
