PrincipalComponent,coi,c1i,a1i,c2i,a2i
1,0.6121720089248613,0.6793612322081979,36.38849125321057,0.7624840250887778,222.8923557552257
2,0.2067157081576748,0.4077202966372862,58.62870861623215,0.2470847922487919,218.16548109148408
