PrincipalComponent,coi,c1i,a1i,c2i,a2i
1,0.5818990148751413,0.6901051975954298,35.56335924378397,0.6172395695700305,226.53802843185653
2,0.2273684015335323,0.5697313031542736,68.71745857756635,0.1495945397092049,220.90210469824547
