PrincipalComponent,coi,c1i,a1i,c2i,a2i
1,0.6144989297399416,0.9155570082918508,39.30030811279212,0.8048484455446945,214.18048446691344
2,0.0654593411748537,0.1117371653671005,31.9909792843802,0.085111100727797,213.79887236149477
