PrincipalComponent,coi,c1i,a1i,c2i,a2i
1,0.6409008179647214,0.9296551006575158,38.43397340493578,0.734382583292576,213.8741503677203
2,0.0554308086790023,0.0875473879204969,31.700166008417657,0.0791116300535433,213.5074474389208
