PrincipalComponent,coi,c1i,a1i,c2i,a2i
1,0.6651700425205171,0.7533288145585544,37.360074084138105,0.6784963249951201,213.60694600487903
2,0.1267559538289003,0.274679078356236,32.81964949448292,0.3195543815619764,213.1549903794072
