PrincipalComponent,coi,c1i,a1i,c2i,a2i
1,0.6470398121464439,1.0440088478794167,36.03711344243309,0.8165357976320674,213.2749275279331
2,0.0014208141820168,0.0012088053540363,30.9237269442919,0.0005716748941245,212.72674798042215
