PrincipalComponent,coi,c1i,a1i,c2i,a2i
1,0.6595145835686266,0.7688471035720444,39.11244595028015,0.7013839213865962,213.9022813755304
2,0.1210636063673496,0.236624335795052,32.75392134725138,0.3030037400413823,213.62950490066424
