PrincipalComponent,coi,c1i,a1i,c2i,a2i
1,0.6504890488467321,1.0366836926013214,36.85766336122999,0.7658230011810594,213.39077006163697
2,0.0095258534868632,0.0145428219074147,30.930902611950327,0.0081377028498548,212.92582698992211
