PrincipalComponent,coi,c1i,a1i,c2i,a2i
1,0.6559720886635052,0.7916405167937204,39.651619297112,0.7044019321588015,213.9680951303157
2,0.1173815415724367,0.2037033124452018,32.58485848986582,0.2824387840194468,213.77342197812544
