PrincipalComponent,coi,c1i,a1i,c2i,a2i
1,0.6327122011748942,0.768596638017724,35.718284265877855,0.5758973896459626,224.212451497172
2,0.1785182830590893,0.449928592695215,65.1549100865875,0.1627798965244226,219.3099938652965
