PrincipalComponent,coi,c1i,a1i,c2i,a2i
1,0.6417390977403712,1.0313879321858608,36.33204439420002,0.884152008168762,213.4356936548235
2,0.0048432419716786,0.0065959586974278,31.044971145031003,0.0025822387913642,212.84211486396472
