PrincipalComponent,coi,c1i,a1i,c2i,a2i
1,0.6330558228530216,0.8895230997346656,38.91605629500623,0.7234019039688873,214.0359950146431
2,0.0712066339317858,0.1148648768799295,31.940636430803895,0.1270735017583492,213.67731622755417
