PrincipalComponent,coi,c1i,a1i,c2i,a2i
1,0.6322007407219135,0.8697567806580482,39.329973220593075,0.7054878145172547,214.1251490433741
2,0.0851662411509043,0.1370505079198679,32.128778011092166,0.171323793358439,213.7982252715908
