PrincipalComponent,coi,c1i,a1i,c2i,a2i
1,0.6505569515622853,0.7710840677027173,36.12389794294759,0.6195326207773298,223.284595002506
2,0.1719046487635208,0.4029058447882289,61.860906143769114,0.1846844824676277,218.5615812865431
