PrincipalComponent,coi,c1i,a1i,c2i,a2i
1,0.6276900117382408,0.7745170147240201,36.58296814727908,0.5137278946944692,225.451689150334
2,0.1854222277724959,0.4737574104307042,67.66561515966248,0.1534017108039556,220.1575733763251
