PrincipalComponent,coi,c1i,a1i,c2i,a2i
1,0.6040705708364554,0.7787717697164303,36.44307953431959,0.4277871615204842,226.3600179084169
2,0.1926746855071528,0.4697928178978436,68.681250765914,0.1831059136234832,220.32886505948952
