PrincipalComponent,coi,c1i,a1i,c2i,a2i
1,0.6481724620873168,0.811725465965063,40.03178331478023,0.6948241232068699,214.0865708708372
2,0.1102665073927481,0.1914751584113189,32.55201726052276,0.2631426925503685,213.9163191294894
