PrincipalComponent,coi,c1i,a1i,c2i,a2i
1,0.6392007307600964,0.8452220945967684,40.29356137972427,0.6875872058046218,214.3159199355772
2,0.1016016412071493,0.1654377705494607,32.51653232293921,0.2235910851279504,214.07650391965132
