PrincipalComponent,coi,c1i,a1i,c2i,a2i
1,0.6439466693320771,0.8337754284380214,40.37138747822208,0.6871033339800403,214.28933317978036
2,0.1049757141272256,0.1757452190930639,32.55854586197629,0.2348767975000241,214.0819639516497
