PrincipalComponent,coi,c1i,a1i,c2i,a2i
1,0.6511093581631183,0.9885731083043736,38.394820712721696,0.7234924217196002,213.8095307725488
2,0.0335541457928403,0.0533206241116094,31.548355677849447,0.037093661885744,213.4665071556759
