PrincipalComponent,coi,c1i,a1i,c2i,a2i
1,0.6733129771689412,0.8671421854614175,38.9673515275064,0.4607753163255948,226.8221377020138
2,0.1557165105955327,0.4067817831500467,74.32985191784273,0.1186464082593996,220.66495070347196
