PrincipalComponent,coi,c1i,a1i,c2i,a2i
1,0.6883374918305054,0.929584475761671,42.65113044987897,0.65457280524101,214.84619854718483
2,0.0759303515142683,0.1041398649960583,32.82913934304139,0.1618908874927338,214.78419159101625
