PrincipalComponent,coi,c1i,a1i,c2i,a2i
1,0.706594387000892,0.8396527713882028,39.171145203390026,0.6523747200481618,213.83786692831052
2,0.1048406427219773,0.2042404213366516,32.44780668282492,0.2649531343683906,213.6384430443917
