PrincipalComponent,coi,c1i,a1i,c2i,a2i
1,0.6991633373833103,0.8513359948583112,38.811719560270674,0.5761680439053775,214.0248994302428
2,0.1072507966682225,0.2516310548197281,33.00993278612898,0.288415631230575,213.6312134264843
