PrincipalComponent,coi,c1i,a1i,c2i,a2i
1,0.7050344262432914,0.8808113834354577,42.24012490734519,0.6712282881756706,214.5666598120792
2,0.0925868149277127,0.1377104219193094,32.80062912688115,0.2199663941047514,214.58275227950853
