PrincipalComponent,coi,c1i,a1i,c2i,a2i
1,0.6877582824368903,0.9983109228058444,40.31227373952672,0.6839701761079828,214.2439667650632
2,0.0304846241458213,0.037511836882404,32.03333377309282,0.042135473611203,214.06337144319548
