PrincipalComponent,coi,c1i,a1i,c2i,a2i
1,0.6970125704431056,0.9004460439597352,42.541539255035325,0.6615504376324004,214.68275784795065
2,0.0854190357256964,0.126289916296923,32.823453012996445,0.2006116003901911,214.69424270996663
