PrincipalComponent,coi,c1i,a1i,c2i,a2i
1,0.6922139629992812,1.0447191125289788,39.95293711951918,0.6652385106134501,214.2364169593531
2,0.0124546431502754,0.0142711300314832,31.841983813111284,0.0123526603027819,213.96065325727815
