PrincipalComponent,coi,c1i,a1i,c2i,a2i
1,0.7054729495434588,0.8589731695494264,41.53124192078257,0.6697852739514407,214.37796269160472
2,0.0979232911556859,0.1680202573811053,32.75251142947918,0.2427855296868445,214.35874598939273
