PrincipalComponent,coi,c1i,a1i,c2i,a2i
1,0.6573154538506125,1.047998804095247,37.00074972915469,0.7434046455178753,213.48983229347417
2,0.0059901322411878,0.0089109523381561,31.171054116989,0.0041891755825222,213.0382132252709
