PrincipalComponent,coi,c1i,a1i,c2i,a2i
1,0.6919332491785785,0.9208141727235796,42.74321666148578,0.6534042174185227,214.84842382254695
2,0.0800382511148271,0.1127681861304042,32.85701026022887,0.1731480758641755,214.8035211159318
