PrincipalComponent,coi,c1i,a1i,c2i,a2i
1,0.6382347124569739,1.0108334043254257,37.28644339844819,0.801810434980991,213.4778213875024
2,0.0215475228549914,0.0386812247790728,31.190230150547293,0.0174540628492466,213.07929126192755
