PrincipalComponent,coi,c1i,a1i,c2i,a2i
1,0.6467638807794619,0.8695076855833425,38.7447194575469,0.3703780543944059,230.3833327200669
2,0.1656373495817385,0.4071559033358572,75.89241544644695,0.1512251080490343,218.8367884747956
