PrincipalComponent,coi,c1i,a1i,c2i,a2i
1,0.6760487483917939,1.0645601310143238,38.00801409163349,0.6997104550731875,213.74184352152955
2,0.0007925578218104,0.0001517494107217,31.435346248721075,0.0,213.360169790737
