PrincipalComponent,coi,c1i,a1i,c2i,a2i
1,0.6814531181992288,0.9476368658913534,41.38457628256507,0.6718520537741158,214.5445399105929
2,0.0580618849250889,0.0797429413371687,32.43634627623613,0.1149175861154609,214.4067616403979
