PrincipalComponent,coi,c1i,a1i,c2i,a2i
1,0.6857705527624961,0.8509903140427479,38.88094920660107,0.521346300406706,214.25376255200985
2,0.1079281761131567,0.2750263164829116,33.59408537106035,0.3056639965652539,213.75584973184635
