PrincipalComponent,coi,c1i,a1i,c2i,a2i
1,0.6580279042946644,1.0228493764712467,37.7156422028234,0.7151550015411604,213.54344160325545
2,0.0199801893285509,0.0344756083158911,31.27773765882019,0.0174175294118851,213.21715937038925
