PrincipalComponent,coi,c1i,a1i,c2i,a2i
1,0.7239112992280847,1.0047591631605024,42.54847078413542,0.6821259713833151,214.77912898620605
2,0.0241088281409869,0.0279249929044862,32.6073528480571,0.0453767459242044,214.75755832229683
