PrincipalComponent,coi,c1i,a1i,c2i,a2i
1,0.7263429752806303,0.9937039839221724,43.2520485078852,0.6750761876739512,214.95621112375952
2,0.0361072168973712,0.0438662056523381,32.82115273483455,0.0741618710852379,214.97377699751536
