PrincipalComponent,coi,c1i,a1i,c2i,a2i
1,0.6940395617708196,0.9178816344042032,40.54930441010007,0.3578995847515201,214.8285008971613
2,0.0998820293210912,0.2249445387749058,33.35800865844033,0.3432736116851829,214.25683001648375
