PrincipalComponent,coi,c1i,a1i,c2i,a2i
1,0.751082278724674,0.917877961970462,43.66719593875343,0.6773263414628198,214.86323766374736
2,0.0760095087048617,0.1214988920088485,33.04773542380592,0.1941174985263586,215.0103990183985
