PrincipalComponent,coi,c1i,a1i,c2i,a2i
1,0.7521898125817691,0.937201430374448,44.42339540162475,0.6792265730403686,215.0172422664754
2,0.0692163848426661,0.0942043993641883,33.16603421519606,0.1700916429475641,215.2406258294859
