PrincipalComponent,coi,c1i,a1i,c2i,a2i
1,0.7404209230716048,0.9102011569342958,40.36278510631678,0.5804265808670481,214.3170672774506
2,0.087338561647391,0.1987607876187686,32.83953879971683,0.2538693725886102,214.09282581196663
