PrincipalComponent,coi,c1i,a1i,c2i,a2i
1,0.6330105622155204,0.9721184004085148,37.90686222273779,0.7685600798306629,213.711977356098
2,0.0401491518342291,0.0773040048562573,31.453568492652625,0.038364045041639,213.3138553711117
