PrincipalComponent,coi,c1i,a1i,c2i,a2i
1,0.7440862420999789,0.9570980170453094,44.75479903553516,0.6675521851440286,215.1514517079056
2,0.062509873271858,0.0832259132292677,33.23561803300269,0.1513641378651606,215.3679234214159
