PrincipalComponent,coi,c1i,a1i,c2i,a2i
1,0.6854452660724378,1.05559499741091,38.819513989079894,0.6770182716781155,213.95675318278816
2,0.0074043323779142,0.0108075696074926,31.624627116425863,0.0045253754171884,213.61070178200788
