PrincipalComponent,coi,c1i,a1i,c2i,a2i
1,0.738777603373216,0.9747990174116768,44.75991436491875,0.6600001855924912,215.26920695853457
2,0.0565893620216567,0.0712299672709718,33.24313613358283,0.1256093624750127,215.41425030093555
