PrincipalComponent,coi,c1i,a1i,c2i,a2i
1,0.7205491538057534,0.9191234330282548,41.12278411495389,0.4470752777861786,214.8645518502802
2,0.0925500713415114,0.2280659261655026,33.600360792293955,0.3007453106770064,214.42904258735527
