PrincipalComponent,coi,c1i,a1i,c2i,a2i
1,0.7267791698679136,1.0315273868592332,41.7960113970894,0.6754873545322388,214.68072189864284
2,0.0122357594903126,0.011945109302283,32.33938682160965,0.0189925063653911,214.53720151732185
