PrincipalComponent,coi,c1i,a1i,c2i,a2i
1,0.725008723360984,0.9104811396357986,40.220540963886734,0.5214146364185297,214.4340361034936
2,0.0884526457243109,0.2199166253429234,33.17355725717777,0.2792666385411177,214.0951828045397
