PrincipalComponent,coi,c1i,a1i,c2i,a2i
1,0.735116644005252,0.983093062290698,44.7300915185408,0.6594121267099361,215.28572676815455
2,0.0524167866695179,0.0640980319975742,33.23906777552583,0.1149849896471154,215.4175108850266
