PrincipalComponent,coi,c1i,a1i,c2i,a2i
1,0.7516508234581619,0.8973163933429873,41.081786572690035,0.6616870580732147,214.298397868468
2,0.083064859826279,0.1550529314173037,32.577253114996395,0.2199627398299283,214.23523159600185
