PrincipalComponent,coi,c1i,a1i,c2i,a2i
1,0.7208471109448252,1.064023593027144,41.11180355228283,0.6499539654753907,214.6394554212337
2,0.0019261122305368,0.0008646000592407,32.305345205019464,0.0016182689321417,214.38640696424775
