PrincipalComponent,coi,c1i,a1i,c2i,a2i
1,0.7934824536185485,0.9575704897482712,46.591335599892304,0.696240701930467,215.45803938535352
2,0.0596115923150201,0.0919590163869597,33.71606136586345,0.1476589867432378,215.8867110956928
