PrincipalComponent,coi,c1i,a1i,c2i,a2i
1,0.7965221676783477,0.9756416992355916,47.512912907614144,0.6962275675861641,215.63816234797255
2,0.0511239454374903,0.0679866657013055,33.898059252932356,0.1227332900914419,216.16833646417408
