PrincipalComponent,coi,c1i,a1i,c2i,a2i
1,0.6305301027689818,0.9362490951046168,38.96130952510741,0.7406030905884258,214.0842966159885
2,0.0593807387948939,0.1062623535814039,31.898540510313683,0.0717867674605705,213.70053562301172
