PrincipalComponent,coi,c1i,a1i,c2i,a2i
1,0.7334503009964586,0.9665164225378208,43.19100534740019,0.3516965749860951,215.5370819326456
2,0.0871809508115766,0.1828456964318925,33.749756205836334,0.3253101987593026,215.1031771693643
