PrincipalComponent,coi,c1i,a1i,c2i,a2i
1,0.781739519020146,0.9519952544888076,42.967026055500824,0.5954529779592513,214.9635635992264
2,0.0726945806025681,0.1622599589331582,33.30135589551577,0.2164094076339502,214.89877928719187
