PrincipalComponent,coi,c1i,a1i,c2i,a2i
1,0.6925558076377532,1.0359923661843264,40.273649053718515,0.6572048409849317,214.24214573570904
2,0.0200416693426453,0.0261409623010323,31.975722382915748,0.0224266706275767,214.05108701373103
