PrincipalComponent,coi,c1i,a1i,c2i,a2i
1,0.760012981960712,1.0250667325907672,44.74869242124878,0.6919276503835019,215.40875651616983
2,0.0108560040518846,0.0126106480898687,33.135519882627676,0.0184187831610973,215.4639427875413
