PrincipalComponent,coi,c1i,a1i,c2i,a2i
1,0.7803452130758667,1.0095112460940507,47.52850792868634,0.6766835044111777,215.8365092638847
2,0.0394966373423921,0.047449633691449,33.90975020145592,0.0822514702885858,216.24454335532113
