PrincipalComponent,coi,c1i,a1i,c2i,a2i
1,0.7591709024523675,0.965449143277572,43.6999406618608,0.4476501261760197,215.51148777289083
2,0.0800098874106649,0.1880442562222185,33.93696138239541,0.2771661198165762,215.2415202425101
