PrincipalComponent,coi,c1i,a1i,c2i,a2i
1,0.7416617611290391,1.0629694697785947,42.948352344623494,0.6398519791355254,215.1542028579574
2,0.0027816254324493,0.0021572761060943,32.824474881451394,0.0018607885626556,214.99177572397517
