PrincipalComponent,coi,c1i,a1i,c2i,a2i
1,0.7866478853374617,0.9939961659523472,47.65801195593233,0.6851513033299539,215.7471652139695
2,0.045270978270302,0.0577316959363336,33.93207059999912,0.1055356334122257,216.24068314088953
