PrincipalComponent,coi,c1i,a1i,c2i,a2i
1,0.7937652386031406,0.9360906674105332,43.829221330732345,0.682268899002241,214.87592130673377
2,0.0675579919096001,0.1226846326144271,33.152658925334656,0.1756350750004784,215.05886565998367
