PrincipalComponent,coi,c1i,a1i,c2i,a2i
1,0.7646221881455477,0.9537298752675027,42.7919840378387,0.5293677002940933,215.07262260846483
2,0.0755906704630256,0.1812475561140551,33.535898772576,0.2496608261894047,214.89661910343443
