PrincipalComponent,coi,c1i,a1i,c2i,a2i
1,0.7762493482167137,1.0160905680061525,47.42787382237092,0.6761449888465882,215.84020921776815
2,0.0357175025988525,0.0411923724904702,33.89937160996174,0.0726918284656316,216.22658157048951
