PrincipalComponent,coi,c1i,a1i,c2i,a2i
1,0.7583612782482797,1.0444441063353136,43.90637462213699,0.6758412184885895,215.33773994925377
2,0.0031615267499541,0.0027768822216547,33.06948877290906,0.0034550662471912,215.26531580574004
