PrincipalComponent,coi,c1i,a1i,c2i,a2i
1,0.765575820024456,1.0190397167801386,45.61464410676716,0.6904116313133996,215.45551243177465
2,0.0201300740486326,0.025274242510097,33.40060421622017,0.038703624530872,215.68889062273027
