PrincipalComponent,coi,c1i,a1i,c2i,a2i
1,0.6588694178120172,0.9941097523294766,38.88644424512145,0.6916380758666187,213.93513812734025
2,0.0372160340174426,0.0571156037773513,31.691944095894247,0.0436041822366192,213.6273148149513
