PrincipalComponent,coi,c1i,a1i,c2i,a2i
1,0.782399821609171,1.0265185912021202,46.32376638002464,0.7305698919676534,215.65005935917267
2,0.0111004960805988,0.0119126166427273,33.51737808029887,0.0183356840622569,215.8976528980318
