PrincipalComponent,coi,c1i,a1i,c2i,a2i
1,0.8186752269738271,0.992882114604972,48.52904068417739,0.7433655785517079,215.69645170008573
2,0.0382584035992765,0.0478164726948162,34.07950871100983,0.0896123499077836,216.4207392119476
