PrincipalComponent,coi,c1i,a1i,c2i,a2i
1,0.8078866674351559,1.0106637907323175,48.646402644034495,0.7309862721879803,215.78713430352897
2,0.0328747644763172,0.0384195036566446,34.11779073188488,0.0738902846560943,216.4868272480572
