PrincipalComponent,coi,c1i,a1i,c2i,a2i
1,0.7736061754240503,1.0264015593785645,45.3403070649789,0.7275914441252533,215.5895179113508
2,0.0042822873367229,0.0040052466468962,33.44214758290464,0.0052888575789814,215.6786203766937
