PrincipalComponent,coi,c1i,a1i,c2i,a2i
1,0.7667134376819155,1.0376724974866751,44.40860218948999,0.7039311638824085,215.43619835701705
2,0.001350674997292,0.0007960602637969,33.20609794821639,0.0003089140844657,215.4140768687309
