PrincipalComponent,coi,c1i,a1i,c2i,a2i
1,0.685144367837007,1.0062992603480556,40.510911695152714,0.6645037126609863,214.34988276127967
2,0.0317718704070549,0.0447362240789687,32.11624854110514,0.0458646272516581,214.14504798075552
