PrincipalComponent,coi,c1i,a1i,c2i,a2i
1,0.8172268637325134,0.958715376088668,44.94448957989152,0.7270635596648707,215.01251623548563
2,0.0553472348195068,0.0954692802450826,33.30946158431311,0.1445464414521534,215.3628063314807
