PrincipalComponent,coi,c1i,a1i,c2i,a2i
1,0.6495732265954891,0.9592371626792492,39.070685805030415,0.6929713089018437,214.03852771519684
2,0.0507848301193199,0.0801463893340556,31.846183137099818,0.07402064965183,213.7106919149055
