PrincipalComponent,coi,c1i,a1i,c2i,a2i
1,0.6192982369861243,0.8963593626317273,38.987678291987024,0.7384761372815292,214.15364741836837
2,0.0739463508815228,0.1334213058480611,32.070824804805945,0.1079814607403645,213.7463386480748
