PrincipalComponent,coi,c1i,a1i,c2i,a2i
1,0.7419594219990958,1.0459616892358747,43.33177837381908,0.6568610078919569,215.17579716217296
2,0.0077254325016819,0.0095906222694515,32.835623205085426,0.0123790608367324,215.0585052895637
