PrincipalComponent,coi,c1i,a1i,c2i,a2i
1,0.8168909354499735,0.978619891018687,47.700279785858385,0.7418987974793378,215.56015118388504
2,0.0464229362849485,0.0679132956018637,33.90766717006351,0.1150015018151156,216.17895235171
