PrincipalComponent,coi,c1i,a1i,c2i,a2i
1,0.7807771397140434,0.9955065691563754,44.79632536315151,0.4760634958266868,215.74315499542575
2,0.0692929071938136,0.1548925518371761,33.94917341868285,0.2610751019414179,215.5517423052495
