PrincipalComponent,coi,c1i,a1i,c2i,a2i
1,0.7870688161410578,0.9838231491209422,43.93770317012827,0.561315946346131,215.2822958611734
2,0.0644419581400573,0.1481810407169576,33.57880024865957,0.2292840868523145,215.21348079993456
