PrincipalComponent,coi,c1i,a1i,c2i,a2i
1,0.7547979590420236,0.9958461327289596,44.27271433817677,0.3772513146395941,215.7937031875144
2,0.0768928189065884,0.1497758520625333,33.78061845075567,0.3127145603508763,215.43719358107575
