PrincipalComponent,coi,c1i,a1i,c2i,a2i
1,0.7962670926648566,1.0292474543520282,48.29677982697342,0.7201081705405106,215.92404466229544
2,0.0239420395666867,0.0243533923652129,34.06437848833531,0.0450513210146269,216.45519795638347
