PrincipalComponent,coi,c1i,a1i,c2i,a2i
1,0.801014012146786,1.0237159583491156,48.44837584749304,0.7210301794557127,215.90360690593704
2,0.0277532780384995,0.0293708871947182,34.09439257279973,0.0536428739135946,216.4814509848412
