PrincipalComponent,coi,c1i,a1i,c2i,a2i
1,0.8050054552578552,0.9793755232910972,44.10762823380029,0.6333521491149042,215.1268418757242
2,0.061016525827672,0.1309495106131399,33.390214566834764,0.1909263299285049,215.20467714203227
