PrincipalComponent,coi,c1i,a1i,c2i,a2i
1,0.7845923787837177,1.025111693797087,45.682861774288405,0.4265681678426586,216.0353818650675
2,0.0636238062271118,0.1180436951667807,33.97318513879037,0.2935377241135601,215.82699600652785
