PrincipalComponent,coi,c1i,a1i,c2i,a2i
1,0.8300743921240904,1.0414428795286297,50.187990940649925,0.7752901659760436,216.03030569160111
2,0.0143546813671077,0.0123165309483145,34.398407087470154,0.026729331829907,216.91264342129756
