PrincipalComponent,coi,c1i,a1i,c2i,a2i
1,0.8489284121916468,1.0026518890548006,49.59627789676251,0.8029053043855051,215.53319358480343
2,0.0314579712637337,0.0445353969248455,34.2525568689571,0.0793552213410979,216.6091013603883
