PrincipalComponent,coi,c1i,a1i,c2i,a2i
1,0.8388717044634639,1.0320790847502348,50.635539001002385,0.7860519036906717,215.86093848662412
2,0.0189329443562829,0.0191427372057222,34.500230058702655,0.042576887672562,216.97093345709567
