PrincipalComponent,coi,c1i,a1i,c2i,a2i
1,0.6784684856650314,0.9665016981530778,40.86474738467577,0.6787012423932446,214.4128581657881
2,0.0471092294048951,0.0711490331919155,32.286726951414984,0.0854176805803003,214.24675249603376
