PrincipalComponent,coi,c1i,a1i,c2i,a2i
1,0.7745898760082646,1.0251111039061769,45.48843718408498,0.736175547510997,215.57400159367475
2,0.0055286694897628,0.0065332552529166,33.468026020000146,0.0093846430866496,215.7084502432461
