PrincipalComponent,coi,c1i,a1i,c2i,a2i
1,0.609380475194288,0.8490436468314301,39.036407727100645,0.738924618036814,214.17865594859143
2,0.0909258869581395,0.16634437686357,32.31619981944686,0.1645030169677029,213.77698654863775
