PrincipalComponent,coi,c1i,a1i,c2i,a2i
1,0.8501538104992822,0.9851723437014834,46.57808242695344,0.7896391615787477,215.02649549262185
2,0.039525322971727,0.067197707091511,33.55645671725986,0.1102014357036123,215.7362373001289
