PrincipalComponent,coi,c1i,a1i,c2i,a2i
1,0.8190553696580931,1.0144324259338309,45.51273720337082,0.6159068978114985,215.412374972893
2,0.0500289294764096,0.115045604915471,33.75595557463491,0.203464544677442,215.61007074571236
