PrincipalComponent,coi,c1i,a1i,c2i,a2i
1,0.8502217254220403,1.016423939583388,50.618815606143706,0.7993828655999679,215.73901183143147
2,0.0240334008235065,0.0271787388543431,34.478168447081615,0.055950707245118,216.9234928805624
