PrincipalComponent,coi,c1i,a1i,c2i,a2i
1,0.7417878733646112,1.0188544653607707,44.03487577514045,0.6814575143335185,215.1606048059636
2,0.0179447279858084,0.0261321685676354,33.00865685842063,0.0361372993357717,215.22669821079367
