PrincipalComponent,coi,c1i,a1i,c2i,a2i
1,0.6402394905856781,0.9155043412902012,39.219787570396704,0.6999859697424627,214.0792386269283
2,0.0675992091980464,0.109990635494191,32.006243307831994,0.1228090411765339,213.76241699782952
