PrincipalComponent,coi,c1i,a1i,c2i,a2i
1,0.805241292525993,1.0322237662783336,47.80582578207481,0.7791561234951755,215.8560367982309
2,0.003317859914041,0.0024284104813184,34.0152740569427,0.0036460997114599,216.33243409262775
