PrincipalComponent,coi,c1i,a1i,c2i,a2i
1,0.8244798042591513,1.0446021299669497,50.01486011523869,0.7732407381725503,216.13074065314964
2,0.011397865526668,0.0093406593629312,34.388221611087516,0.0197438648758733,216.90245601824464
