PrincipalComponent,coi,c1i,a1i,c2i,a2i
1,0.8371592515343933,1.008557395158783,45.660552940137194,0.69276134643704,215.20388328028065
2,0.0460725469763694,0.0993032324873885,33.58511900964165,0.1605709004798554,215.57931373460073
