PrincipalComponent,coi,c1i,a1i,c2i,a2i
1,0.8128006548161989,1.0267722472603842,46.36363462259953,0.5267569984354558,215.91592451677977
2,0.0548512343579975,0.1215019204514422,34.12560533994814,0.2387920016857986,215.96034354059003
