PrincipalComponent,coi,c1i,a1i,c2i,a2i
1,0.6806480977138731,0.958543519326186,41.18433236294765,0.6767576255952249,214.5004533415629
2,0.0514914340625153,0.0802982933218466,32.4035813465767,0.0969345041989748,214.35153709403417
