PrincipalComponent,coi,c1i,a1i,c2i,a2i
1,0.7456225646974886,1.0147423478591246,44.48496207369799,0.6808516806366641,215.27298215624216
2,0.021439966965929,0.0325187386244212,33.1469953501636,0.0440132393422905,215.3687670125555
