PrincipalComponent,coi,c1i,a1i,c2i,a2i
1,0.8368840976498321,1.0562352064580731,51.04672758773381,0.7750786927356624,216.27051209423385
2,0.0087652046000741,0.0061997830591558,34.71916356007901,0.0144369717444249,217.19594484415632
