PrincipalComponent,coi,c1i,a1i,c2i,a2i
1,0.8159815957498148,1.0396278568671933,48.693523067703666,0.7810128002015779,216.00166535387
2,0.0021320663439464,0.0012127124008086,34.23414432290753,0.0014278829319739,216.5865266051061
