PrincipalComponent,coi,c1i,a1i,c2i,a2i
1,0.8321680079161398,1.0298258259564637,46.39240831569011,0.6226766677070668,215.5573480487131
2,0.0471020070900004,0.1061531750647803,33.91599399166992,0.195063789160418,215.85344487936607
