PrincipalComponent,coi,c1i,a1i,c2i,a2i
1,0.8644291070742279,0.9997964476828451,47.660812686465185,0.7962087470760096,215.15074825664104
2,0.035744816892202,0.0602692040357416,33.78025841008181,0.1001124646776878,216.02437878518347
