PrincipalComponent,coi,c1i,a1i,c2i,a2i
1,0.8254476129974064,1.0429532760316438,47.23432875054864,0.532222119402774,216.07228214539057
2,0.0521471335973302,0.1123491227885057,34.27967472849011,0.2312938454069581,216.19817180993016
