PrincipalComponent,coi,c1i,a1i,c2i,a2i
1,0.8435376536020699,1.0541068892887278,51.2935647820073,0.7769164105653561,216.2691065475099
2,0.011005970959569,0.0090132617050375,34.59340181920309,0.020305160397038,217.22073905750105
