PrincipalComponent,coi,c1i,a1i,c2i,a2i
1,0.7972294974130418,1.0399483704324863,46.518125971098904,0.4321186565439631,216.21507709136085
2,0.0609684022705129,0.109463027140279,34.13898250217149,0.2869470568580157,216.07305585471244
