PrincipalComponent,coi,c1i,a1i,c2i,a2i
1,0.8648990555747463,1.0316498249369843,51.884571843712514,0.8013505924610489,215.89497069858515
2,0.0199598189430986,0.0223572201505695,34.75221267684335,0.0471272986093721,217.26426410023856
