PrincipalComponent,coi,c1i,a1i,c2i,a2i
1,0.6115328308916581,0.8374007829798142,39.32803157734536,0.7346727657310829,214.26336189559015
2,0.095747530860161,0.1780128510493741,32.508929275166416,0.1793408389437552,213.87988409450924
