PrincipalComponent,coi,c1i,a1i,c2i,a2i
1,0.8509603330165121,1.0235613307216018,46.581892807755885,0.7002410976045164,215.339479187224
2,0.0429135530220975,0.0906089300467884,33.765270248555666,0.1511609067069142,215.83102784528072
