PrincipalComponent,coi,c1i,a1i,c2i,a2i
1,0.8633206325810439,1.018178770302533,50.74660454459466,0.8067982830468821,215.67321981988823
2,0.0273559102010263,0.0391222301311803,34.495041888259294,0.0692043164371005,216.91950692260644
