PrincipalComponent,coi,c1i,a1i,c2i,a2i
1,0.7805591730344773,1.0244492999627068,46.04511712648186,0.7372083481412549,215.629084261466
2,0.007715981370186,0.0099750676356166,33.51113443080658,0.0138285942069363,215.8293382814936
