PrincipalComponent,coi,c1i,a1i,c2i,a2i
1,0.7974033783532234,1.0267013781909131,47.25049397406435,0.7729129540284991,215.8219078848084
2,0.0027092810607405,0.001879188337965,33.897598992578985,0.0015353011825789,216.1963397817894
