PrincipalComponent,coi,c1i,a1i,c2i,a2i
1,0.6421837945716705,0.9054301307925984,39.48555407756969,0.6971601186230425,214.14844611810204
2,0.0723430051806498,0.1201309039063274,32.130863514130716,0.1364599352620001,213.84738435712637
