PrincipalComponent,coi,c1i,a1i,c2i,a2i
1,0.852306542269919,1.046210070797016,51.75237905982721,0.7884076222626241,216.01319369991447
2,0.0154311860042738,0.0147629071823706,34.73091163489757,0.034952494338861,217.2718100072005
