PrincipalComponent,coi,c1i,a1i,c2i,a2i
1,0.6829763840729208,0.94365377899316,41.77168368706557,0.6685283733868176,214.6666488906303
2,0.0614603692151733,0.0920474562305274,32.60056763726795,0.122806216934327,214.5383948682937
