PrincipalComponent,coi,c1i,a1i,c2i,a2i
1,0.8735676963236192,1.060863122923451,53.3482816143772,0.7999323166171723,216.31816478919913
2,0.0099687032375598,0.0086031386514293,35.03737883781649,0.0225646708232764,217.72647286588295
