PrincipalComponent,coi,c1i,a1i,c2i,a2i
1,0.8551721709458829,1.0659271045259078,52.3542058941588,0.7865820469245859,216.50421404486747
2,0.0048391598398731,0.002674111313634,35.09727904802545,0.0066239805392398,217.58995459061893
