PrincipalComponent,coi,c1i,a1i,c2i,a2i
1,0.8625953880198218,1.0653589950111904,52.67153455546622,0.7887487836761004,216.50151633182895
2,0.0067886498639247,0.0042355472762656,35.15326829105896,0.0111480479795243,217.6600879242615
