PrincipalComponent,coi,c1i,a1i,c2i,a2i
1,0.8860410271211819,1.035327994082468,52.34696467694592,0.8221243342437723,215.83925739749117
2,0.0209293459587976,0.0296643356581218,34.83868804091987,0.0531372806014375,217.3411519364608
