PrincipalComponent,coi,c1i,a1i,c2i,a2i
1,0.7500783740479862,1.0043063401752237,45.243162409431015,0.6773493483753034,215.4463174353308
2,0.0294044595731911,0.041778188154537,33.3613435981744,0.0626388123736952,215.59795453912153
