PrincipalComponent,coi,c1i,a1i,c2i,a2i
1,0.8868879251709962,1.048677453400401,53.562656984690584,0.8129694263204287,216.0927100631292
2,0.0138494394610876,0.0146930154219289,35.086623737543114,0.0333167948940369,217.707795938422
