PrincipalComponent,coi,c1i,a1i,c2i,a2i
1,0.8877629846543987,1.0168953676041566,49.125641649062395,0.8141142771508129,215.2488633330752
2,0.0290182420988483,0.0490023174653353,34.06687851201548,0.0830711950889434,216.3929668823579
