PrincipalComponent,coi,c1i,a1i,c2i,a2i
1,0.8298090528997975,1.0425206416184445,49.74152038848677,0.7908053698475916,216.1405183109985
2,0.0016487733464626,0.0011882582761587,34.479026480953614,0.0004793897317344,216.8704125039896
