PrincipalComponent,coi,c1i,a1i,c2i,a2i
1,0.8079886372732524,1.0252319922783162,48.115013855793705,0.7794190115086245,215.94722989978973
2,0.0048755483809409,0.004350708348574,34.10479822585829,0.0068444000205401,216.4373465016451
