PrincipalComponent,coi,c1i,a1i,c2i,a2i
1,0.8553780227198547,1.0514298562270208,47.895961991032934,0.6357087104705137,215.7907184363428
2,0.0412743254064952,0.0913296396743862,34.18589948587827,0.1808432383219719,216.26807714741068
