PrincipalComponent,coi,c1i,a1i,c2i,a2i
1,0.7873929661707553,1.0192989240892516,46.84970082875233,0.7379291791154288,215.68598319905016
2,0.0130376582769107,0.0156980326651061,33.66743706110081,0.0261302457224506,216.03937899804336
