PrincipalComponent,coi,c1i,a1i,c2i,a2i
1,0.8485295111686966,1.0661530645844268,48.797382151896734,0.5422592738759242,216.3535286834905
2,0.0466559560325878,0.0968598354045392,34.5649958947519,0.218805277623216,216.6502321513132
