PrincipalComponent,coi,c1i,a1i,c2i,a2i
1,0.8752864371311788,1.0436435730541362,48.08802947186167,0.7159911461949647,215.53647086184031
2,0.0357986445495611,0.0772266880806204,34.041500011160764,0.1344113356787677,216.2357988603281
