PrincipalComponent,coi,c1i,a1i,c2i,a2i
1,0.8189254884235903,1.0616110721566612,47.88311285251948,0.4432322267208873,216.49204791100544
2,0.0558149123677955,0.0940732338438407,34.388656484318865,0.2763923646112414,216.47422000437464
