PrincipalComponent,coi,c1i,a1i,c2i,a2i
1,0.6447436100112828,0.8892292712383466,40.09497047800153,0.6846013267537969,214.3119638011963
2,0.0823330233320942,0.133168434854558,32.33621952481413,0.1663188239996265,214.03741233743503
