PrincipalComponent,coi,c1i,a1i,c2i,a2i
1,0.6134103418665299,0.8198749729254554,39.855722556135355,0.720215595479205,214.3411945829117
2,0.1058733040225908,0.1916477462859226,32.71766592231783,0.212626272215387,214.0275575198795
