PrincipalComponent,coi,c1i,a1i,c2i,a2i
1,0.6130236884521297,0.813668124429548,40.588946181710206,0.703295637997151,214.48632431834537
2,0.1169655581182145,0.2032596460308857,32.97944837273015,0.2432391931519937,214.20781022316416
