PrincipalComponent,coi,c1i,a1i,c2i,a2i
1,0.9074779176672662,1.079259093953902,55.89295584065072,0.8073604479821131,216.4982969102861
2,0.0088359930688242,0.0101532257677078,35.60410969250234,0.0215364887586741,218.37252403588136
