PrincipalComponent,coi,c1i,a1i,c2i,a2i
1,0.8925186908291833,1.0886963764539437,55.54222160564627,0.7945868623121934,216.62996786747644
2,0.0060960671614971,0.0052808615264959,35.75793407675076,0.0128831694603804,218.36291444545225
