PrincipalComponent,coi,c1i,a1i,c2i,a2i
1,0.8724838231458398,1.088899884104079,54.367512240533145,0.7802781169859991,216.78323894684425
2,0.0022966871681097,0.0012230505021005,35.57613066453941,0.0019268368841843,218.14414730800175
