PrincipalComponent,coi,c1i,a1i,c2i,a2i
1,0.8806238451987581,1.0888002759468038,54.66296290706766,0.7845406670132614,216.76021213716555
2,0.0036286395640227,0.0019607680503415,35.621714306885366,0.0047616119690553,218.2039025906648
