PrincipalComponent,coi,c1i,a1i,c2i,a2i
1,0.6838057869302819,0.9413399000000224,42.6774053912941,0.6525269562047166,214.88453703773516
2,0.0722511500664999,0.1014091619759815,32.86296351433808,0.1494384349186172,214.8081391661116
