PrincipalComponent,coi,c1i,a1i,c2i,a2i
1,0.8970650510457455,1.071922482240333,49.80169904106461,0.7240890117431953,215.78740384658377
2,0.0289558238565276,0.0676107991659175,34.39542598386267,0.1183648369971419,216.69499914616435
