PrincipalComponent,coi,c1i,a1i,c2i,a2i
1,0.8393686054604108,1.0910533935198532,49.443081730090675,0.4482069613945059,216.80939336254903
2,0.0500059413610785,0.0824235099257092,34.71551284644454,0.2648648532605911,216.92869724668853
