PrincipalComponent,coi,c1i,a1i,c2i,a2i
1,0.9091288713386144,1.0441184593981472,50.99129271274328,0.8209357823187051,215.4550777649473
2,0.0226987865278789,0.0414401223875452,34.45373869674861,0.066815918044523,216.8842978838396
