PrincipalComponent,coi,c1i,a1i,c2i,a2i
1,0.7526873435480043,1.0073443826738,46.3622172629682,0.662790001293549,215.70529946814085
2,0.0386874707096516,0.0492122708995489,33.66983756955518,0.0832657044085411,215.9350653325138
