PrincipalComponent,coi,c1i,a1i,c2i,a2i
1,0.8773073293349996,1.0805167782740326,49.67025139807291,0.6412585035856817,216.0710020667154
2,0.0352504325988069,0.0806367467919638,34.546962444956236,0.1664333857128937,216.7567225583593
