PrincipalComponent,coi,c1i,a1i,c2i,a2i
1,0.6451308857766411,0.8846023916851595,40.92850290213581,0.6678856628794371,214.5145182847205
2,0.0930134793598967,0.1442065885712568,32.59230743364004,0.1951440194298903,214.28515107755544
