PrincipalComponent,coi,c1i,a1i,c2i,a2i
1,0.8696248017788041,1.0980770890501903,50.574451519608616,0.5443088926623082,216.67411153746988
2,0.0406600732770139,0.0857060595068863,34.925558640889356,0.2058830553138879,217.15120446083307
