PrincipalComponent,coi,c1i,a1i,c2i,a2i
1,0.8167750832172587,1.0365776288838102,49.58065688827332,0.7708463321791715,216.0752182447199
2,0.0085833716100427,0.0074856323135201,34.34572350343528,0.0156751766115703,216.79058774926455
