PrincipalComponent,coi,c1i,a1i,c2i,a2i
1,0.9074665304276156,1.0659686810779472,54.501209774732494,0.821375903108589,216.0559442138067
2,0.0148320016390494,0.0229670577841747,35.282436770001816,0.0390169747778506,217.90059713570085
