PrincipalComponent,coi,c1i,a1i,c2i,a2i
1,0.7940042066269969,1.0266891736209487,48.23534752981667,0.7255517662852302,215.94125453775715
2,0.0195258986718106,0.0207839058334054,34.05712979777474,0.0406363868555025,216.44846080251472
