PrincipalComponent,coi,c1i,a1i,c2i,a2i
1,0.8417137225516962,1.0587153192268006,51.43230590092236,0.7831608662209146,216.40452315267785
2,0.0032287841560626,0.0026588838366361,34.890583977465646,0.0033511037239778,217.3466387789335
