PrincipalComponent,coi,c1i,a1i,c2i,a2i
1,0.8008366645348567,1.002355664312154,48.38107445192258,0.7406575779082267,215.78603752075793
2,0.0305476610554444,0.0333797867629516,34.065338510228344,0.0684485162174069,216.4284651607268
