PrincipalComponent,coi,c1i,a1i,c2i,a2i
1,0.9376148701888026,1.0466379874135647,50.971545842742735,0.8856779167909443,215.10374904406328
2,0.0144969725716008,0.0261049633628332,34.285618921836004,0.04274616728357,216.7561457431507
