PrincipalComponent,coi,c1i,a1i,c2i,a2i
1,0.6191311707307685,0.7771340748351522,40.6362806654613,0.700435430429064,214.44352541429305
2,0.1287939380432274,0.2280296385650679,33.16162283482826,0.2890080715250509,214.17672073531108
