PrincipalComponent,coi,c1i,a1i,c2i,a2i
1,0.9347739432740324,1.0657037005944612,54.58790941963807,0.8805593029491052,215.8249577053972
2,0.007257365002531,0.0121574743739236,35.17570885840412,0.0191140902185971,217.841122104917
