PrincipalComponent,coi,c1i,a1i,c2i,a2i
1,0.7580399741058113,0.9779190991526,46.39561777999318,0.6723182484065808,215.6221364304849
2,0.0509458547938536,0.065655022835907,33.67483632556805,0.1186415759806907,215.91107701093893
