PrincipalComponent,coi,c1i,a1i,c2i,a2i
1,0.687710032451841,0.9085266205369884,42.7044867511468,0.6547146965447066,214.80995024108145
2,0.0858342166559532,0.1220664745609785,32.881644047772724,0.1911813120840404,214.7777129807589
