PrincipalComponent,coi,c1i,a1i,c2i,a2i
1,0.8977525216985615,1.1137963909506718,50.93753823182321,0.6004884033520151,216.4747164527874
2,0.0345649197364788,0.062559440961519,34.810613719905035,0.1818436234175255,217.15962204990365
