PrincipalComponent,coi,c1i,a1i,c2i,a2i
1,0.9323121576586862,1.075284628807558,56.11839392335593,0.8603320045428594,216.1163651028708
2,0.0035748092764907,0.0039022856013132,35.71188785302017,0.006928786244079,218.3180810517547
