PrincipalComponent,coi,c1i,a1i,c2i,a2i
1,0.8270216960382276,1.016246782650699,49.68460840851672,0.7929481496330332,215.8324856693952
2,0.0166037525331152,0.0157752689646657,34.293552706486565,0.0361966722081777,216.74092219529723
