PrincipalComponent,coi,c1i,a1i,c2i,a2i
1,0.6498987814494689,0.8490150754536795,40.9431967968408,0.6671093480046807,214.3835473240976
2,0.1060370310040318,0.1673716412605289,32.63071136203006,0.2396946777880844,214.23738509511392
