PrincipalComponent,coi,c1i,a1i,c2i,a2i
1,0.8557952555777427,1.043214637612947,51.65935907582789,0.8111599490488004,216.09303666000923
2,0.008117738050871,0.0070380541045903,34.78015628139176,0.0158008954100835,217.274924173246
