PrincipalComponent,coi,c1i,a1i,c2i,a2i
1,0.9009257874822084,1.079165541466888,54.85825404132576,0.8282903904671509,216.4265118323963
2,0.0023117161390497,0.0007431590231534,35.56066732050088,0.0010006341378581,218.13300217488612
