PrincipalComponent,coi,c1i,a1i,c2i,a2i
1,0.8911323979969472,1.078260123213982,54.69217722456152,0.8188431420798394,216.50202388981563
2,0.0032237454486544,0.0013853312758304,35.55556118639938,0.0024042931537883,218.12300106668
