PrincipalComponent,coi,c1i,a1i,c2i,a2i
1,0.924835070808926,1.0804833492008756,49.85647156345091,0.7883321250900274,215.4146910518445
2,0.0218634824628953,0.0478341864619732,34.227882461579796,0.0922209050182672,216.58133909247124
