PrincipalComponent,coi,c1i,a1i,c2i,a2i
1,0.8670827943931606,1.1077666026025266,49.88402885460637,0.5016713266249717,216.6984499565596
2,0.0447968258163521,0.0590043327487891,34.650064199688735,0.2421422991205829,216.98540481001507
