PrincipalComponent,coi,c1i,a1i,c2i,a2i
1,0.9156757704668816,1.0808843079962571,55.66554299179041,0.845883016147966,216.21684441659207
2,0.0022009625085275,0.0012494939150599,35.66330785644501,0.0023844716193,218.2532676051739
