PrincipalComponent,coi,c1i,a1i,c2i,a2i
1,0.9051674136230686,1.093899075809227,49.81672941891523,0.702115267368661,215.8140961269575
2,0.027896656434109,0.058584980571931,34.378984851110474,0.1409530660296935,216.68789120389317
