PrincipalComponent,coi,c1i,a1i,c2i,a2i
1,0.9420628906732308,1.0873935386441418,56.62924425067477,0.8742619683119257,215.93312110925984
2,0.0032746768189707,0.0032934350260547,35.759172520893095,0.0025662744616899,218.37290864233444
