PrincipalComponent,coi,c1i,a1i,c2i,a2i
1,0.767169417481256,0.9455746563529144,46.170953035624606,0.6842683090370201,215.4442037447704
2,0.0628187755484775,0.095257232297337,33.66034871726351,0.1576221857704953,215.78746438019655
