PrincipalComponent,coi,c1i,a1i,c2i,a2i
1,0.8408833448630137,0.9979687187507992,49.92937666773661,0.8072907015670858,215.6162329234072
2,0.026287742735283,0.0348089177999622,34.333274077099226,0.0650583168598299,216.7246562306524
