PrincipalComponent,coi,c1i,a1i,c2i,a2i
1,0.9613491188183126,1.085732672707456,56.948083794141326,0.8956142964299574,215.78761835259132
2,0.0021476187547764,0.0012281241496393,35.7701272816726,0.0008162154428435,218.3922664992216
