PrincipalComponent,coi,c1i,a1i,c2i,a2i
1,0.6588398956534138,0.8089166969084969,40.35060312821387,0.6780809402650613,214.1288702019145
2,0.116195439788893,0.2048608499037716,32.7341997973675,0.2816118322936502,213.98561349341105
