PrincipalComponent,coi,c1i,a1i,c2i,a2i
1,0.914303974780717,1.0780521079184195,55.55738032046875,0.8385554145654615,216.25086059733616
2,0.0064466293041186,0.0092359529948215,35.598419110270115,0.0137266756461997,218.2118795032662
