PrincipalComponent,coi,c1i,a1i,c2i,a2i
1,0.6290674100043424,0.734682932915102,40.044590223299664,0.7120183973138046,214.31722710065185
2,0.1390846782315181,0.2687087363772144,33.619598573986636,0.3279333709178147,214.01752883096253
