PrincipalComponent,coi,c1i,a1i,c2i,a2i
1,0.933620905917521,1.1493186065643428,51.54904472770997,0.6521155057214608,216.36021761448575
2,0.0274821402213074,0.0364700831676216,34.75441885414148,0.1558645224314477,217.2275290313971
