PrincipalComponent,coi,c1i,a1i,c2i,a2i
1,0.96624836555982,1.0799465235653227,55.05003787286799,0.9284407885843564,215.512285869948
2,0.0029264328084846,0.0026881953380321,35.29347960086619,0.0046724949307825,217.8439329276719
