PrincipalComponent,coi,c1i,a1i,c2i,a2i
1,0.8732651134152127,1.0314972204804105,52.08053115023635,0.8284665659711659,215.7975304139981
2,0.015283327879008,0.0209504857183809,34.75785346631484,0.0384643074075148,217.27774079258216
