PrincipalComponent,coi,c1i,a1i,c2i,a2i
1,0.6965366672783233,0.8707104216907416,42.233845580971824,0.6659705843472815,214.56820764937487
2,0.0964166521902327,0.1571652322725537,32.89702131627426,0.2326713991324565,214.58051502359072
