PrincipalComponent,coi,c1i,a1i,c2i,a2i
1,0.9244293802745844,1.079904112258523,55.58606844057895,0.8531631403532685,216.1600510692124
2,0.0048195146158703,0.0068784508730197,35.61714473168637,0.0084854394622516,218.2081108944744
