PrincipalComponent,coi,c1i,a1i,c2i,a2i
1,0.9713775299416516,1.067577582302958,51.25852586714247,0.9410895875555912,214.97598407593327
2,0.0072097073324886,0.010382548886206,34.24657407129809,0.0209942776366454,216.7487138595272
