PrincipalComponent,coi,c1i,a1i,c2i,a2i
1,0.9401693619367784,1.1262736833866838,50.39398657417843,0.7567111274337046,215.59871697914156
2,0.0216136454928999,0.0340697024077664,34.31551831525572,0.1138158605716799,216.73186024375033
