PrincipalComponent,coi,c1i,a1i,c2i,a2i
1,0.8125157555059459,0.9768417824087112,48.42224206500686,0.7532486353946272,215.6632590181124
2,0.0416256948600926,0.0574221527972204,34.071921754970795,0.1030720298500557,216.38392565717095
