PrincipalComponent,coi,c1i,a1i,c2i,a2i
1,0.9596826040336524,1.1087289764742307,50.30780001941584,0.8450605454016423,215.22162858914925
2,0.0152334344276303,0.0254893285232109,34.1427769113502,0.0660578337994741,216.5991719788017
