PrincipalComponent,coi,c1i,a1i,c2i,a2i
1,0.9011948633765906,1.142041880249939,50.44621114479053,0.5538999342632744,216.60677476239812
2,0.0393127535460618,0.0330547377708888,34.62026593769174,0.2172502340457225,217.07578637370847
