PrincipalComponent,coi,c1i,a1i,c2i,a2i
1,0.6955120837190889,0.8418142694063875,40.69641596379445,0.6495837747412925,214.20896517658784
2,0.106283875218072,0.2095096190211145,32.90506321226332,0.2664940946106273,214.11066441344897
