PrincipalComponent,coi,c1i,a1i,c2i,a2i
1,0.9874688985517424,1.1562264578002042,49.614922604727354,0.8788634543209872,215.2651367297896
2,0.0059973027156535,0.0087880113493048,33.88651054344207,0.0280797783026091,216.40948055591113
