PrincipalComponent,coi,c1i,a1i,c2i,a2i
1,0.6335083892138729,0.7043676135114368,39.24942452330127,0.6945652662677517,214.48303332929723
2,0.1498947619506553,0.3288571836851853,34.64789141212372,0.3472310184084964,214.0050074988138
