PrincipalComponent,coi,c1i,a1i,c2i,a2i
1,0.9293820657381195,1.0731924878611157,53.285831524906584,0.8563435439375425,215.58666304519505
2,0.0116820456420369,0.0237516949203546,34.8683991370745,0.0347199346902018,217.4477673831131
