PrincipalComponent,coi,c1i,a1i,c2i,a2i
1,0.9636520272070452,1.2050697953926726,51.32200051759225,0.6887827402195577,216.16328670024063
2,0.0191666017887185,0.0147601005813737,34.555786880015354,0.1067095398965167,217.1058328709038
