PrincipalComponent,coi,c1i,a1i,c2i,a2i
1,0.6616928486064916,0.7780773206247458,39.054285428462755,0.6627471853885718,213.93736701145875
2,0.1239813382544124,0.2616575111108051,33.04435169814257,0.3091173027589116,213.6484575294877
