PrincipalComponent,coi,c1i,a1i,c2i,a2i
1,0.9322477681548232,1.200101164300204,50.392712764178086,0.5903777742090134,216.51625926722545
2,0.0300822846647153,0.0114577498440636,34.48769994062944,0.1652370918160309,217.0170217703341
