PrincipalComponent,coi,c1i,a1i,c2i,a2i
1,0.8096741736384002,0.9565471620995428,46.54125085701865,0.7351287410976234,215.2980811870382
2,0.0537310298886072,0.0951770048509881,33.71362644477048,0.1454839700250723,215.82373096897047
