PrincipalComponent,coi,c1i,a1i,c2i,a2i
1,0.9697097022972132,1.1782027126037162,49.92842268247023,0.7946983776493923,215.4507476242944
2,0.0123778332737931,0.0141352995735973,34.04405018666414,0.067724310059738,216.55447357698884
