PrincipalComponent,coi,c1i,a1i,c2i,a2i
1,0.7640948607324466,0.920696431754199,44.36660714964558,0.6664137232757039,215.07360462497863
2,0.0746559157451402,0.1390962733534617,33.40247145592515,0.1986372788825239,215.2474180066129
