PrincipalComponent,coi,c1i,a1i,c2i,a2i
1,0.9788508235831236,1.0935896090007604,52.7907792634017,0.9533870249241004,215.21139477533427
2,0.0032422135945168,0.0032375141997172,34.718605879024075,0.0028660894085911,217.19822456355345
