PrincipalComponent,coi,c1i,a1i,c2i,a2i
1,0.9688911148388264,1.0856767430358174,54.22259375995551,0.9157177726389087,215.422006377946
2,0.0057356363137503,0.0099922477685664,35.070549880122094,0.0126642854918181,217.6078747702789
