PrincipalComponent,coi,c1i,a1i,c2i,a2i
1,0.8403053114202975,0.9831440492706516,48.129155214130854,0.7899669262990555,215.35378606552135
2,0.0375229448195169,0.0666975230147068,33.976208926116804,0.1055251273743433,216.20847642628416
