PrincipalComponent,coi,c1i,a1i,c2i,a2i
1,0.9473573995349528,1.0826995982955114,53.88803426464301,0.889200777772698,215.45327293654927
2,0.0086274891593105,0.0154570834077461,34.88308614972796,0.0216753794633613,217.53508593968084
