PrincipalComponent,coi,c1i,a1i,c2i,a2i
1,0.8732083475046706,1.0194712492636926,50.04497481073135,0.817003130187576,215.38977282805112
2,0.0257352327961965,0.0480973082991235,34.3066444209274,0.0753972581781404,216.6604410529173
