PrincipalComponent,coi,c1i,a1i,c2i,a2i
1,0.9173801941987612,1.0688911616294696,53.13234368746879,0.8395880130728044,215.69286441700345
2,0.0140724822095,0.0284908860899689,34.90825000962154,0.0435434409613231,217.45509660443744
