PrincipalComponent,coi,c1i,a1i,c2i,a2i
1,0.9922056891291392,1.1004782459550468,49.929099737467155,0.9675068360792748,214.8239427418778
2,0.0022784064594544,0.0014510825757097,34.00090897080043,0.0021304804806345,216.39510640916916
