PrincipalComponent,coi,c1i,a1i,c2i,a2i
1,0.8381833746224133,0.9767530101113574,47.08418864730571,0.754370060884817,215.27523067812663
2,0.0428370445031833,0.0966311592106574,33.88955727271557,0.1374721389538439,215.94633611788444
