PrincipalComponent,coi,c1i,a1i,c2i,a2i
1,1.0029820252789985,1.2009202858920058,49.97257000926243,0.8665748290297138,215.4683776778295
2,0.0026260209757047,0.0020797788427541,34.114518933792084,0.0074868024944389,216.571230235285
