PrincipalComponent,coi,c1i,a1i,c2i,a2i
1,0.8075001436559451,0.9475475886613084,45.535703334528186,0.6999495918230291,215.20732897062217
2,0.058683966403254,0.1282386130356964,33.68090654912074,0.1769131169181698,215.56525629156175
