PrincipalComponent,coi,c1i,a1i,c2i,a2i
1,0.969491632686606,1.0916481231531625,52.925341362352675,0.8909854394073083,215.20858403290111
2,0.0099100708005551,0.0241104668562563,34.63406395166884,0.0356222946814768,217.2107123979507
