PrincipalComponent,coi,c1i,a1i,c2i,a2i
1,0.990203112928937,1.2300202553389856,50.66764780727288,0.7879721791230365,215.8634604116181
2,0.0061592281551089,0.0043056185436843,34.237824442428646,0.0340566436670005,216.8233129415299
