PrincipalComponent,coi,c1i,a1i,c2i,a2i
1,0.6966466294741289,0.8281511710662571,39.983616299898806,0.6216258705574538,214.19675514757736
2,0.1090945323666735,0.2507191206446725,33.2922437507309,0.2850052222071466,213.96009597830852
