PrincipalComponent,coi,c1i,a1i,c2i,a2i
1,0.6642495298210259,0.7640898166457355,38.65013973628117,0.6345008159648661,214.12050053911335
2,0.1277966081579421,0.3059345178330555,33.84486145841859,0.3215930342396146,213.684714839884
