PrincipalComponent,coi,c1i,a1i,c2i,a2i
1,0.762486968732857,0.908227487859306,43.43071233483892,0.6350741567051351,214.9848263171916
2,0.0788144123633054,0.1768759203240988,33.508706569822415,0.2249874660312874,215.01962514804313
