PrincipalComponent,coi,c1i,a1i,c2i,a2i
1,0.9549445572912648,1.2529255631482583,51.349802174495466,0.5939089648896652,216.6450176794283
2,0.0226946614341659,0.0028115585706419,34.664551418309436,0.1168439770327644,217.28004059597353
