PrincipalComponent,coi,c1i,a1i,c2i,a2i
1,0.9826517767850254,1.1091535511320831,51.835306352933465,0.9298187087608948,215.11020847203585
2,0.005683144834724,0.0112604612535429,34.38911529995749,0.0186513629596034,216.90396776254417
