PrincipalComponent,coi,c1i,a1i,c2i,a2i
1,1.000446283958516,1.129375810813251,49.61761203146619,0.9467837599376172,214.9331818764479
2,0.0027507073438408,0.0033806269878462,33.939606998549245,0.0032225931247248,216.34181194185743
