PrincipalComponent,coi,c1i,a1i,c2i,a2i
1,0.9850654641081454,1.260153427263624,52.13171582083291,0.6856582808249754,216.36869743177735
2,0.0119374517739438,0.0046518345097847,34.64656876138439,0.0653367487238561,217.33482640263983
