PrincipalComponent,coi,c1i,a1i,c2i,a2i
1,0.8718919226540509,1.0170719098403185,49.03861383385003,0.7808499586150552,215.42139845880084
2,0.030920224955044,0.0740040133877785,34.203290976864224,0.1072446097634992,216.42948933054035
