PrincipalComponent,coi,c1i,a1i,c2i,a2i
1,0.6251479196750299,0.697222039576155,36.675670582403946,0.6871799013282205,221.53096291280164
2,0.191549498791144,0.4340203622008778,57.33819553969315,0.2300012945993269,218.15405099050247
