PrincipalComponent,coi,c1i,a1i,c2i,a2i
1,0.927729326847612,1.0746828468410263,52.11113035343584,0.8249660529578116,215.5387429679842
2,0.0175675341706465,0.0439381938945256,34.703490638014024,0.0633264557467883,217.1549104127961
