PrincipalComponent,coi,c1i,a1i,c2i,a2i
1,0.947203511771562,1.0858859712730584,52.64414178624016,0.8617546155636369,215.28587927711425
2,0.0133732914101043,0.0327070613236345,34.680720310027716,0.0472434224119901,217.18904075474777
