PrincipalComponent,coi,c1i,a1i,c2i,a2i
1,0.9166233904321612,1.0690734498842662,52.07520388012876,0.8055351664753558,215.6515510266861
2,0.0199894923801353,0.0498614176978267,34.7589090294153,0.0739115448287346,217.18755356629063
