PrincipalComponent,coi,c1i,a1i,c2i,a2i
1,0.9659827569791684,1.2977418451749012,51.66703125108327,0.5824937618095101,216.79164671217936
2,0.0156940594072763,0.0,34.68107394194219,0.0753967451928948,217.380084943361
