PrincipalComponent,coi,c1i,a1i,c2i,a2i
1,0.7537148829496236,0.914289628770898,42.69248087708766,0.5839481088667887,214.94536502863505
2,0.0844032553433698,0.2015416630831507,33.63705635890804,0.2467373958384441,214.84337914777575
