PrincipalComponent,coi,c1i,a1i,c2i,a2i
1,1.0074213075744751,1.2429248658046044,50.29879156557043,0.8218190395457526,215.7557393973272
2,0.0023056874786211,0.0010779929387149,34.23271834073065,0.0010297035879776,216.72664425692471
