PrincipalComponent,coi,c1i,a1i,c2i,a2i
1,0.829189895380994,0.9871716575072824,46.357753137868066,0.6933245163088518,215.37794310904292
2,0.049453375039329,0.1163499780906969,33.908886723419236,0.1690378977838293,215.80763946658527
