PrincipalComponent,coi,c1i,a1i,c2i,a2i
1,0.9194033544510556,1.0906047584974408,51.29119586965541,0.7620063460370852,215.7705378549429
2,0.0240091475642295,0.058230559589253,34.656538554101445,0.0961300576533163,217.02616586401223
