PrincipalComponent,coi,c1i,a1i,c2i,a2i
1,0.907885090182347,1.0844409124576215,51.2043647087376,0.7423518784922565,215.8660444834555
2,0.0263120425602817,0.0646127194690637,34.68785122063039,0.1076548956072392,217.04050928418587
