PrincipalComponent,coi,c1i,a1i,c2i,a2i
1,0.7981204079872629,0.9560338197735908,44.73306832608111,0.6428924307528758,215.24562290233467
2,0.0648564649665456,0.1499320574102574,33.719260943804024,0.2053798501893712,215.39239830335657
