PrincipalComponent,coi,c1i,a1i,c2i,a2i
1,0.8626461143842545,1.028960937534212,48.24695684932164,0.718564706095173,215.54181816282687
2,0.037965813400059,0.0914775529675679,34.18451060317035,0.1407630133409695,216.282378533728
