PrincipalComponent,coi,c1i,a1i,c2i,a2i
1,0.9610895758867692,1.110450739191413,52.04379554330984,0.8309549152394657,215.45200263942644
2,0.0161987111525653,0.0357258393792335,34.58871971274908,0.0655202957171389,217.07797126567752
