PrincipalComponent,coi,c1i,a1i,c2i,a2i
1,0.648583858838904,0.7776755274338946,37.04296401359081,0.6036816563660703,222.81858078656364
2,0.1754435100417638,0.4147344057580041,62.74027666453595,0.1753304447299615,218.68338540850107
