PrincipalComponent,coi,c1i,a1i,c2i,a2i
1,0.6180993300264931,0.7046339191824196,35.990258406256224,0.6521421995157135,223.12215726767465
2,0.2017986508369869,0.4877411768593518,61.63549411126809,0.1917474492267006,219.04084055061895
