PrincipalComponent,coi,c1i,a1i,c2i,a2i
1,0.9948973176447844,1.3069609355616616,52.45081863874076,0.6636217023936352,216.69354581140067
2,0.0062263528585631,0.0010730290018125,34.82682059831345,0.0331756549557704,217.4975004269223
