PrincipalComponent,coi,c1i,a1i,c2i,a2i
1,0.997525000370506,1.276730396275954,51.07486158509639,0.7555531173004473,216.150721104591
2,0.0029443005797582,0.0013092999630458,34.49007097193315,0.0116357102395901,217.0322998977232
