PrincipalComponent,coi,c1i,a1i,c2i,a2i
1,0.9384457872543036,1.1024036728049538,51.767440620062224,0.8009127976157239,215.55234783821132
2,0.0200426483617394,0.0461718489873309,34.641235192909726,0.0785574918854321,217.0617352685519
