PrincipalComponent,coi,c1i,a1i,c2i,a2i
1,0.9776187348097352,1.1337869745825615,51.2832418150853,0.8690160026353807,215.29787208513324
2,0.009835326953905,0.020467022701058,34.280669735813596,0.0434075249199524,216.8273137875378
