PrincipalComponent,coi,c1i,a1i,c2i,a2i
1,0.6902807092790252,0.8336656906413279,39.656295699817655,0.5748544864372584,214.34964558950577
2,0.1141738160070318,0.279177009523658,33.740084383484245,0.2961494791858349,213.95755173090205
