PrincipalComponent,coi,c1i,a1i,c2i,a2i
1,1.000134979617487,1.162609463993749,49.63086116512543,0.8883609059778588,215.24515877906765
2,0.0047389869496081,0.0084942232600939,34.00007848064148,0.0169703826406513,216.42961477885453
