PrincipalComponent,coi,c1i,a1i,c2i,a2i
1,0.7365898046103116,0.9153747857438432,42.222920180595466,0.4915628485450861,215.102794885884
2,0.0906003040720512,0.2242720705621518,33.923743358705764,0.2897836425665603,214.76565266115665
