PrincipalComponent,coi,c1i,a1i,c2i,a2i
1,0.9400529489002948,1.1209165252019528,51.140061081876226,0.7175039082394233,215.95545021454907
2,0.0256231766195598,0.0461973864232778,34.597173813256774,0.1346471124481711,217.0108101723659
