PrincipalComponent,coi,c1i,a1i,c2i,a2i
1,0.9168412582178708,1.1104586843123812,50.741187536704984,0.6890430704891441,216.00295289069084
2,0.0292002823938599,0.0581765723143821,34.60990271565812,0.1480687973603128,216.94645226353336
