PrincipalComponent,coi,c1i,a1i,c2i,a2i
1,0.7787116162248733,0.9581747886976448,44.09240457014099,0.5414465403290469,215.4110960417869
2,0.0723953084696843,0.1705189758146557,33.865611228508314,0.260054660235101,215.28836672944036
