PrincipalComponent,coi,c1i,a1i,c2i,a2i
1,0.9575498341660736,1.1494799994831748,50.69014217531819,0.754882532665414,215.7529040746602
2,0.0195170769069497,0.0290095737288331,34.38282898872175,0.1074578253174318,216.83384078820944
