PrincipalComponent,coi,c1i,a1i,c2i,a2i
1,0.8861204779786572,1.090918615004252,50.23783151829047,0.6291920553114825,216.24247175977345
2,0.0358744951709698,0.0781087433517576,34.69506815520358,0.1780952985598223,216.92954341689463
