PrincipalComponent,coi,c1i,a1i,c2i,a2i
1,0.8974896406860756,1.0970538315730554,50.27707960302287,0.6501360711497859,216.14403843010592
2,0.0333343463061694,0.0716269784777135,34.635798923731954,0.165959386675029,216.90063989267736
