PrincipalComponent,coi,c1i,a1i,c2i,a2i
1,0.9687758765458154,1.3301595126795078,51.77097845627294,0.5687758659598947,217.1954792217777
2,0.0058435089497096,0.0,34.907638625644424,0.0237627673355448,217.5483747490614
