PrincipalComponent,coi,c1i,a1i,c2i,a2i
1,0.8415526896196931,1.033427229322066,47.36707684935833,0.6088414184684114,215.81566296935625
2,0.0463976734938731,0.1082874256350214,34.21959694491464,0.2066459142142607,216.1544879258848
