PrincipalComponent,coi,c1i,a1i,c2i,a2i
1,0.9984889559051588,1.2758947554171278,50.7190153524142,0.7325188268147151,216.22814319126664
2,0.0053885538234934,0.002971844150475,34.43078686691278,0.0209060204468046,216.9744880015682
