PrincipalComponent,coi,c1i,a1i,c2i,a2i
1,0.6339282081014932,0.7799257920734427,36.75799698884529,0.5292098113607613,224.6258795904881
2,0.1852131849012368,0.4665173014133734,66.86462825735481,0.1566089328894472,219.73594860342905
