PrincipalComponent,coi,c1i,a1i,c2i,a2i
1,0.9851500925571788,1.1856961751329032,49.55999842979899,0.7799815269636458,215.50470368731305
2,0.0115992742859904,0.0139516235728747,33.95529757498732,0.0667635568547095,216.48216453341408
