PrincipalComponent,coi,c1i,a1i,c2i,a2i
1,0.6665725809230767,0.8430167683953275,38.54098552847303,0.5012268959905835,225.5882368347307
2,0.1652150908521532,0.4214674820914766,71.7707793374562,0.1258525145228238,220.2029136873212
