PrincipalComponent,coi,c1i,a1i,c2i,a2i
1,0.809173372634474,0.990645907705125,45.65144758138936,0.5862605931518805,215.6115940900211
2,0.0575731098490989,0.1351965438081043,34.01433159718274,0.2299376000365789,215.70902618852568
