PrincipalComponent,coi,c1i,a1i,c2i,a2i
1,0.9930070993820634,1.339582857496958,52.65544380012706,0.6277667552595805,217.07636269172255
2,0.0020013928073709,0.0006229296632235,35.0319162276732,0.0029736601968308,217.6884703319794
