PrincipalComponent,coi,c1i,a1i,c2i,a2i
1,0.6052388128023215,0.7083951911603036,35.71580240876489,0.5839326381647985,224.54198674457396
2,0.2095543553573746,0.5356258111940142,64.9691848444317,0.1695866309824108,219.92415831130975
