PrincipalComponent,coi,c1i,a1i,c2i,a2i
1,0.9923515335268722,1.3110470961098006,51.4707990131783,0.6947094346125167,216.548439133374
2,0.0028378992659737,0.0011894254502357,34.661936878914354,0.0029994575203428,217.24708973591137
