denominator_loth,denominator_markhvida,denominator_DuNing,denominator_vitor,denominator_markov
0.23408769057434384,0.27483133021026956,0.260365984720492,0.24954400299348567,0.248499637758984
