denominator_loth,denominator_markhvida,denominator_DuNing,denominator_vitor,denominator_markov
0.3336512640221605,0.3574837545945801,0.3522785466390241,0.33449478260416154,0.3414637342688187
