PrincipalComponent,coi,c1i,a1i,c2i,a2i
1,0.5815311060957334,1.1227408019648533,37.97308969634758,0.2950289275793415,213.902546232071
2,0.0979110249030921,0.0900471682519466,31.453852011087793,0.2797823967557286,213.42149003991295
