PrincipalComponent,coi,c1i,a1i,c2i,a2i
1,0.5666199529513617,1.110703811554023,39.50351045352015,0.3229465415845537,214.3465836611408
2,0.1194348534898686,0.0971263584283818,31.888573119937696,0.3077554546386817,213.9177847076194
