PrincipalComponent,coi,c1i,a1i,c2i,a2i
1,0.5982191484654634,1.1443693309314862,37.59808484316308,0.2690416991374058,213.73928289949637
2,0.0828772048321235,0.0712286268131065,31.334336849200337,0.253549475069172,213.29846578342676
