PrincipalComponent,coi,c1i,a1i,c2i,a2i
1,0.6419015108073117,1.1944116019683348,39.8197298532385,0.2206758477987783,214.478023028124
2,0.0643798967646226,0.0438588290772363,31.97555013554945,0.2050937282103313,214.06392654025944
