PrincipalComponent,coi,c1i,a1i,c2i,a2i
1,0.7166596293098177,1.2193436955020414,44.90676293980853,0.2241952826205452,216.05733368883836
2,0.0430744030016195,0.0444134569340256,33.42118290492566,0.1232077712646805,215.742163232296
