PrincipalComponent,coi,c1i,a1i,c2i,a2i
1,0.7264609497337406,1.1918113020937404,45.00618810069669,0.2915173087606982,216.08366530153833
2,0.036545327270219,0.059414579310574,33.46273819283241,0.0899806722800363,215.76841660315105
