PrincipalComponent,coi,c1i,a1i,c2i,a2i
1,0.7412569503114064,1.1474310972159003,45.10385825157384,0.392585846036359,215.98758742680508
2,0.0280265663291666,0.0884062547388128,33.52252431515516,0.0483727415219461,215.76130030563553
