PrincipalComponent,coi,c1i,a1i,c2i,a2i
1,0.7501705524076069,1.1397938692431964,45.523651556701935,0.4124520035002886,216.076582556263
2,0.0266664241079003,0.0975463154403657,33.66315208524698,0.0365029768536554,215.89156082261889
