PrincipalComponent,coi,c1i,a1i,c2i,a2i
1,0.7727502888558246,1.1173706396853682,46.73881916971867,0.4734103477431416,216.3256119529408
2,0.0249248230490533,0.1254977425486239,34.083860960818846,0.0055876891933918,216.26760452900297
