PrincipalComponent,coi,c1i,a1i,c2i,a2i
1,0.7861854773627698,1.0784045503883208,46.252459704722455,0.5483746278015958,216.04923795640303
2,0.0323081943072363,0.1308499671020237,33.96180122379685,7.590684866375835e-19,216.07167364677383
