PrincipalComponent,coi,c1i,a1i,c2i,a2i
1,0.8035406262735664,1.0400697995221817,45.438935732326,0.6275766071221337,215.62018071230432
2,0.0397133565862495,0.1425980837911052,33.612861102706425,0.0,215.72007910010416
