PrincipalComponent,coi,c1i,a1i,c2i,a2i
1,0.8111505723803036,1.016454111862673,43.14031950475909,0.6811387342912346,214.87713139381896
2,0.0585638884543391,0.1722151187173475,32.69108883110419,5.765903217962274e-17,214.88720671254237
