PrincipalComponent,coi,c1i,a1i,c2i,a2i
1,0.8080397364491468,1.0297596405872833,42.880829033367945,0.652496139067876,214.8964703409208
2,0.062802298956613,0.1856473640859765,32.67429545468994,0.0,214.83749364573276
