PrincipalComponent,coi,c1i,a1i,c2i,a2i
1,0.7959118426679065,1.0463186440007823,43.23064393605559,0.5792676529397263,215.27170175378257
2,0.0646358869461836,0.2098356888851004,33.19414218188664,0.0,215.10766072418087
