PrincipalComponent,coi,c1i,a1i,c2i,a2i
1,0.2719265889789212,0.77823575506342,32.36706952092189,1.4575908476774642,212.4252831022239
2,0.0008490519591541,0.0656301519583697,30.190435467211262,0.0,211.4628738310312
