PrincipalComponent,coi,c1i,a1i,c2i,a2i
1,0.2466848683367209,0.8775263413498875,32.80089627503783,1.3620948737969802,212.2549821115963
2,0.0030209023468681,0.038731449561829,30.075950159006744,3.547657424431843e-18,211.49040326019855
