PrincipalComponent,coi,c1i,a1i,c2i,a2i
1,0.2018562316428452,1.065203902412068,33.36167006954287,1.136944594948338,212.34934099908253
2,0.0032287567378796,0.0033142291252497,30.330763421425115,8.463695394206775e-18,211.6968797840485
