PrincipalComponent,coi,c1i,a1i,c2i,a2i
1,0.2486218206760363,0.9307081738030134,31.80237302858244,1.2367571229142602,250.0
2,0.0226719719908548,0.0562762138794974,40.85170939106191,0.0944028828687688,222.46242553139487
