PrincipalComponent,coi,c1i,a1i,c2i,a2i
1,0.2428191712674294,0.8928309241593958,30.39441104682365,1.107229515017223,212.2356385138987
2,0.0184355430626092,0.0558013675932116,29.736798536791397,0.1130027022306487,210.92830254140864
