PrincipalComponent,coi,c1i,a1i,c2i,a2i
1,0.2879050289226404,0.7219359265949075,32.17003049761994,1.4972133388670508,212.45477972891473
2,0.0088164069474081,0.0637297988328745,30.176714538608294,0.0282711827148548,211.42360167647735
