PrincipalComponent,coi,c1i,a1i,c2i,a2i
1,0.2456023351130195,0.8360514569494291,28.904030890046577,1.2067390085974343,210.37098394291604
2,0.0222095267417231,0.0487128281829885,28.828035460633135,0.118629837414915,210.0090012639794
