PrincipalComponent,coi,c1i,a1i,c2i,a2i
1,0.2641860936220896,0.8038283654504463,32.53527727487836,1.432327475181579,212.3439780920916
2,0.0011449163502046,0.0594460293325043,30.162570064926836,4.423425815454974e-19,211.47227268473068
