PrincipalComponent,coi,c1i,a1i,c2i,a2i
1,0.2819782007953658,0.7456951098994826,31.38863737786288,1.4483992794317806,212.4887163590648
2,0.0158044558491877,0.057451647950448,30.00200743621886,0.0521093672950077,211.2425168984845
