PrincipalComponent,coi,c1i,a1i,c2i,a2i
1,0.2559340902760026,0.9134870813698746,31.961163035705574,1.3189577441879612,249.99999999999997
2,0.0256374342841562,0.0444116849288504,40.073586924992014,0.0829467368268666,222.47097748610895
