PrincipalComponent,coi,c1i,a1i,c2i,a2i
1,0.2576420205297993,0.8569179043133887,28.9022337542582,1.1002922298667748,210.3862411428183
2,0.0147135766541996,0.0636394544314104,28.820013467806664,0.115757490491908,210.0215780255584
