PrincipalComponent,coi,c1i,a1i,c2i,a2i
1,0.0918242170586441,0.5735644738181479,33.38063130997705,0.509475403696122,212.95024840231108
