PrincipalComponent,coi,c1i,a1i,c2i,a2i
1,0.2174071690171993,1.0049379449398366,33.566574426961495,1.2178439284666294,212.43607504922457
2,0.0046386961531821,0.0107026650854999,30.40919493208921,0.0,211.7734964902599
