PrincipalComponent,coi,c1i,a1i,c2i,a2i
1,0.1832437400602125,1.1333006620228934,33.19418856272389,1.0469096173519756,212.29202391282183
2,0.0005929907538938,8.431357416337173e-05,30.268658648395313,0.0,211.64126666526585
