PrincipalComponent,coi,c1i,a1i,c2i,a2i
1,0.286468514488003,0.7277841840286721,32.53538579842277,1.4960306546235953,212.53541856784665
2,0.0056847728219461,0.0647463605003008,30.268096411766734,0.0150940502102816,211.5367475425538
