PrincipalComponent,coi,c1i,a1i,c2i,a2i
1,0.2313446629957117,0.938481003735672,33.16288968496955,1.29519812815313,212.38906822662057
2,0.0037717309911202,0.0253196147377155,30.06906008131545,0.0,211.5964978404077
