PrincipalComponent,coi,c1i,a1i,c2i,a2i
1,0.2248837345040252,0.952208760477104,32.91928184913962,1.268816518275563,212.19940176360004
2,0.0060709440273943,0.0303263865134925,30.043125956011767,0.0,211.50039612197503
