PrincipalComponent,coi,c1i,a1i,c2i,a2i
1,0.2284553872896665,0.9230327234922718,29.59449769935768,1.1915117044013597,250.0
2,0.0260900222220125,0.0677020524441502,41.708593457226506,0.0975076996234466,221.8283704754636
