PrincipalComponent,coi,c1i,a1i,c2i,a2i
1,0.0867228033662786,0.5970577787172585,33.091962332877195,0.4778379276585163,212.7899710584634
