PrincipalComponent,coi,c1i,a1i,c2i,a2i
1,0.2111936303032744,1.020531329293708,33.36364329420041,1.1906062431371194,212.27493309602497
2,0.006804254414201,0.014422510286608,30.194795650297937,1.327771405947445e-18,211.63609461683015
