PrincipalComponent,coi,c1i,a1i,c2i,a2i
1,0.1767721716716613,1.1679273217660473,33.10952578678212,0.9903245821641046,212.25122237162137
2,0.0013412364932483,9.97255914133991e-07,30.228227507551285,0.0,211.61019527638547
