PrincipalComponent,coi,c1i,a1i,c2i,a2i
1,0.2655897857247914,0.7906523741132696,32.097440919564804,1.4321251356225506,212.49492619069397
2,0.003142924353182,0.071742355783743,30.195373472569223,0.0,211.43012471377463
