PrincipalComponent,coi,c1i,a1i,c2i,a2i
1,0.2494499314472792,0.924426938598143,31.65487791900336,1.2969463056647443,250.0
2,0.0265589209631914,0.0561746228872768,40.422414754270726,0.0734214668369093,222.42586703221264
