PrincipalComponent,coi,c1i,a1i,c2i,a2i
1,0.2264853670363595,0.9704358283656216,30.790727522660625,1.0916998340195565,250.0
2,0.0218625341123401,0.0778424428116683,43.75864102775781,0.0879805668146678,222.17574029483316
