PrincipalComponent,coi,c1i,a1i,c2i,a2i
1,0.2818546452440955,0.7344148927477889,31.93657860253358,1.471394687871589,212.4450332942841
2,0.0092078686580088,0.0749039250534791,30.151811275705764,0.0231454206582972,211.37151453033655
