PrincipalComponent,coi,c1i,a1i,c2i,a2i
1,0.2427201085362344,0.940858936744168,31.48452535744294,1.2157269137562394,250.0
2,0.0231733511355415,0.0690547143164099,41.51903560697303,0.0834099645132193,222.4678244098212
