PrincipalComponent,coi,c1i,a1i,c2i,a2i
1,0.2801246571994601,0.7402327903843405,32.25980265074636,1.4705464530110308,212.60355959930203
2,0.0061216381343664,0.0761283640977561,30.28411943466352,0.0099232752018601,211.50635760730876
