PrincipalComponent,coi,c1i,a1i,c2i,a2i
1,0.258044800544721,0.8157423153147706,32.24160639677612,1.40691670501116,212.25581959372033
2,0.0028803458165235,0.0660220964892358,30.069622105705964,5.038324167906876e-20,211.3752336166776
