PrincipalComponent,coi,c1i,a1i,c2i,a2i
1,0.2538856748500899,0.8685868833365962,28.895894963602156,1.0757532063027784,210.38827408033455
2,0.0135737817119901,0.0761689686399649,28.81403732079691,0.107806447671406,210.0221756895586
