PrincipalComponent,coi,c1i,a1i,c2i,a2i
1,0.1777020208131417,1.154561238001992,33.08094671064234,1.016410238692718,212.24851790055664
2,0.001957256430613,0.0007885319781622,30.225014099200727,2.746586824171002e-18,211.60051197286865
