PrincipalComponent,coi,c1i,a1i,c2i,a2i
1,0.2405807119002981,0.8903285799310577,32.55029375380459,1.3359986584245658,212.16398936919583
2,0.0049893958268153,0.0446405988062819,30.01140190481054,2.7600115729984264e-17,211.40754766325557
