PrincipalComponent,coi,c1i,a1i,c2i,a2i
1,0.1954891281486873,1.0832170489989643,33.197892972477945,1.1083158794575287,212.29118079183897
2,0.0053845746329184,0.0059331338960149,30.27308725913724,6.8215756162623476e-18,211.6435394105261
