PrincipalComponent,coi,c1i,a1i,c2i,a2i
1,0.2662121239123283,0.8460446338639693,32.64056392914467,1.42263960159935,250.0
2,0.0214767924946115,0.0729176485652343,42.24300267147884,0.0341736595079966,222.87585615011827
