PrincipalComponent,coi,c1i,a1i,c2i,a2i
1,0.2729147101174338,0.7757378389976924,32.4207801439186,1.478746503010646,212.4217721801475
2,0.0018666416503431,0.0570750491515801,30.173350916428785,0.002110909241822,211.4661118317164
