PrincipalComponent,coi,c1i,a1i,c2i,a2i
1,0.256894845238341,0.9121441516035572,32.03635051835589,1.339328419721138,250.0
2,0.0260285405727733,0.0355810134480457,39.81544621759267,0.0871079460972069,222.4763367067375
