PrincipalComponent,coi,c1i,a1i,c2i,a2i
1,0.2324669581743699,0.9347574854919908,33.18887525651267,1.3163791652464327,212.4205028211944
2,0.0036405225215559,0.0204208839952324,30.224680167836887,7.577611779825927e-18,211.635828181984
