PrincipalComponent,coi,c1i,a1i,c2i,a2i
1,0.2188871563061561,0.9995590700750732,33.576491407234045,1.239242130936443,212.43270994764995
2,0.0038041376478023,0.0075762818977142,30.41560876046593,0.0,211.77453297918055
