PrincipalComponent,coi,c1i,a1i,c2i,a2i
1,0.0928311950968677,0.5621403949039816,33.28081801466049,0.5345351799830691,212.9042526981004
