PrincipalComponent,coi,c1i,a1i,c2i,a2i
1,0.2466546969914972,0.8327957732641081,28.90269313535291,1.2269090492745016,210.36886252628645
2,0.0231172271069834,0.0405698319006026,28.8292024542736,0.1221554285938235,210.00687585557947
