PrincipalComponent,coi,c1i,a1i,c2i,a2i
1,0.2873775270689099,0.7250778763409423,32.58365227163265,1.5177345682915773,212.54625524880635
2,0.0067577569811041,0.0563020086147339,30.26386074789751,0.0168624202477862,211.5464593187759
