PrincipalComponent,coi,c1i,a1i,c2i,a2i
1,0.2433827887164293,0.8905546659913943,30.387938869303145,1.126173920994216,212.0671915646288
2,0.0196848778592626,0.0464467619695043,29.650620960803987,0.1179479562746263,210.8726604325707
