PrincipalComponent,coi,c1i,a1i,c2i,a2i
1,0.2827888789054407,0.7426385695227794,31.421765011040915,1.470283723606,212.47240982862283
2,0.016869567406484,0.0493468036401111,29.983656480660937,0.053759378110126,211.23968019309777
