PrincipalComponent,coi,c1i,a1i,c2i,a2i
1,0.2651064907200541,0.8014547089363614,32.61624832743272,1.4533152744847404,212.3582401830923
2,0.0015609975374758,0.0530142211212233,30.16718287748827,4.497950360286649e-18,211.4904484119363
