PrincipalComponent,coi,c1i,a1i,c2i,a2i
1,0.2591513307853989,0.8537466936634434,30.843027485664265,1.2531067091053096,212.2972747293703
2,0.0200701430366725,0.0426110786169294,29.78799722563879,0.1070389982147566,211.0640065033703
