PrincipalComponent,coi,c1i,a1i,c2i,a2i
1,0.2888700795664245,0.7192758094045896,32.2196079750506,1.5188203260761262,212.44660190961412
2,0.0099228981648183,0.0551104905969473,30.16177333106412,0.0301466210547192,211.4268276726717
