PrincipalComponent,coi,c1i,a1i,c2i,a2i
1,0.2584811632913718,0.8549516754647155,28.909006714220915,1.118996903105387,210.3900071172584
2,0.0159941663829703,0.0541520301940992,28.822403404760287,0.1206795168126205,210.0235425623175
