PrincipalComponent,coi,c1i,a1i,c2i,a2i
1,0.2031789728624683,1.0575121297155914,33.310146520072045,1.1598682772664142,212.32976980987516
2,0.0022606811522805,0.0016558680407724,30.317908641620583,1.1184729503579504e-18,211.6754269667659
