PrincipalComponent,coi,c1i,a1i,c2i,a2i
1,0.3002728123119729,0.7064017907995026,31.619448398990023,1.5487563853672204,212.41408235863204
2,0.0201320254024394,0.0249864859684555,29.98343868221472,0.0595235739164477,211.26317123139304
