PrincipalComponent,coi,c1i,a1i,c2i,a2i
1,0.2864574508911031,0.7944382822102007,31.260640417834015,1.411029589690493,212.5301342338612
2,0.0262161866310887,0.0097849737052159,29.918967864399885,0.0992921809950628,211.224000761045
