PrincipalComponent,coi,c1i,a1i,c2i,a2i
1,0.2840382734761774,0.7663937502425738,33.019358073695884,1.5290157980567645,212.44229931512
2,0.0026383881332151,0.0323637119984422,30.20892165123128,0.0030060676869098,211.59423687767608
