PrincipalComponent,coi,c1i,a1i,c2i,a2i
1,0.2779535877188157,0.8167125267400523,30.97614302856604,1.3271996449973054,212.1483344834372
2,0.0220753809405887,0.0187005200264456,29.764181565787144,0.117255572009722,211.0430015442537
