PrincipalComponent,coi,c1i,a1i,c2i,a2i
1,0.2915977664054696,0.7405867260065916,32.76308087773876,1.55556528928659,212.52976157439937
2,0.004384676158079,0.0323626190874215,30.303396510539457,0.0084614604761573,211.58480585205663
