PrincipalComponent,coi,c1i,a1i,c2i,a2i
1,0.1124517292686553,0.5022084944605887,33.67214901128563,0.6198605673401077,213.06761766943904
