PrincipalComponent,coi,c1i,a1i,c2i,a2i
1,0.3064570839509555,0.6844090121300722,32.51132279995585,1.5973882743863288,212.38963372992663
2,0.0131749181954295,0.0296724420093017,30.16994444494374,0.0353073656979053,211.4700934311439
