PrincipalComponent,coi,c1i,a1i,c2i,a2i
1,0.3052835600873939,0.6901453257126595,32.97408943267577,1.5958801587005915,212.51492989912904
2,0.0103384086676004,0.0307135305309328,30.285557037035847,0.0219803500457051,211.61741266613464
