PrincipalComponent,coi,c1i,a1i,c2i,a2i
1,0.2652924170208819,0.7951221426400631,28.928521900968057,1.3010297103060278,210.36515094264425
2,0.0251088886975734,0.0178886851437799,28.84004759327393,0.1319159070965377,210.010510751027
