PrincipalComponent,coi,c1i,a1i,c2i,a2i
1,0.2389419496716244,0.9519360671932618,33.81633300323134,1.318080973960004,212.45724937913732
2,0.0014887194959898,0.0013161245110887,30.4880232043981,0.0,211.8345011387932
