PrincipalComponent,coi,c1i,a1i,c2i,a2i
1,0.267179629787115,0.8368064934796849,33.217105494299055,1.4588614506458013,212.40583404112968
2,0.0021255770540189,0.0186427654764329,30.269741693178272,0.0,211.6316104302871
