PrincipalComponent,coi,c1i,a1i,c2i,a2i
1,0.2760082460051757,0.8183055072825017,28.909209081329383,1.1928403953973794,210.377492133691
2,0.0193091405594121,0.0297106031996643,28.82677122231953,0.1313963842257323,210.0175871989744
