PrincipalComponent,coi,c1i,a1i,c2i,a2i
1,0.2524661282733039,0.8930366048740254,33.59818911249611,1.393455426027476,212.48900269367775
2,0.0030637502123538,0.0080835500734714,30.453815311305632,0.0,211.7874503683403
