PrincipalComponent,coi,c1i,a1i,c2i,a2i
1,0.2620362566374576,0.8532386045061426,30.50765735115534,1.1983578288187666,211.8174262391397
2,0.0218878804364023,0.0227722991413776,29.56987017108972,0.1297699494239075,210.8246716300204
