PrincipalComponent,coi,c1i,a1i,c2i,a2i
1,0.3229753052985546,0.6508290291982962,32.93126223158535,1.6721264899331247,212.53713886144743
2,0.0130032785213215,0.0165867832033054,30.327774967616136,0.0336607012197326,211.6183010246951
