PrincipalComponent,coi,c1i,a1i,c2i,a2i
1,0.3001258495459498,0.7341831483981247,33.44767427458342,1.5996413360982618,212.5955477133949
2,0.003381608187433,0.0174979537944392,30.486111854738745,0.0054095086616533,211.77554534698376
