PrincipalComponent,coi,c1i,a1i,c2i,a2i
1,0.3075825694170114,0.7077775038345565,33.16744723751357,1.627655075947512,212.6129070241677
2,0.0047310949837535,0.0184603570983693,30.42971922381099,0.0093471452962683,211.7099305750817
