PrincipalComponent,coi,c1i,a1i,c2i,a2i
1,0.3026591775734104,0.7586688827200702,31.566270394691912,1.4870906194561226,212.67365511931152
2,0.0256134035363368,4.34859731608135e-19,30.031261662578967,0.0957821077526528,211.34120857662668
