PrincipalComponent,coi,c1i,a1i,c2i,a2i
1,0.2783845207420456,0.8181941774620551,30.810270700641844,1.2695543459266043,211.84247504674636
2,0.0228360960250918,0.0102078123870944,29.640570493906335,0.1311775146637982,210.9075610410835
