PrincipalComponent,coi,c1i,a1i,c2i,a2i
1,0.2939031376766563,0.7816439263993553,31.22460038011358,1.4011890670258176,212.2505485168357
2,0.0227294613975441,0.0063680874188703,29.84874295201207,0.1168067998182914,211.1315821981443
