PrincipalComponent,coi,c1i,a1i,c2i,a2i
1,0.2685181042363786,0.8562833109165714,33.95151538733069,1.4631373928021971,212.5602787932735
2,0.0014108762914189,0.0021502687699138,30.566022867756885,7.772674184572654e-19,211.8939713585618
