PrincipalComponent,coi,c1i,a1i,c2i,a2i
1,0.2831735262724192,0.8038340661598351,33.653247400874285,1.5272966591122197,212.57806096723212
2,0.0011421265364809,0.0094758137372538,30.510207975611728,0.0,211.8216076913388
