PrincipalComponent,coi,c1i,a1i,c2i,a2i
1,0.2914081745459356,0.781740179924623,28.908044452863443,1.2669587297058371,210.37507064480317
2,0.0193464784936659,0.0183479439972067,28.83193436389327,0.1324586607776088,210.0151018966436
