PrincipalComponent,coi,c1i,a1i,c2i,a2i
1,0.3169465622613254,0.671570669767319,32.004793835983406,1.624557435842116,212.69117109073449
2,0.0201389205513623,0.0132124613256833,30.17625615579075,0.0567476921407632,211.44491740086733
