PrincipalComponent,coi,c1i,a1i,c2i,a2i
1,0.2809649235131072,0.7585813388352451,28.95963095181283,1.3757928203358205,210.369441156142
2,0.025535487476964,0.0059826132154923,28.85663780646266,0.1321105491002708,210.016293963448
