PrincipalComponent,coi,c1i,a1i,c2i,a2i
1,0.3215488509863413,0.6570746745891168,33.36475912107368,1.6695663424544762,212.6531537835867
2,0.0098424969489682,0.0175512980156005,30.435959726765745,0.0215701697664871,211.75459143406312
