PrincipalComponent,coi,c1i,a1i,c2i,a2i
1,0.1281630091472782,0.455894036491869,34.37545103823505,0.6933939654555962,213.3912235513006
