PrincipalComponent,coi,c1i,a1i,c2i,a2i
1,0.341030870344065,0.6100655731355722,32.913817184302204,1.749727359065808,212.90445374863324
2,0.0108890984367323,0.0100897482391247,30.45330821591788,0.0247910851122871,211.7264654142952
