PrincipalComponent,coi,c1i,a1i,c2i,a2i
1,0.316593735506566,0.6948392598757874,33.41064785805781,1.6718662153730917,212.74851037091656
2,0.0023447725693908,0.0094222457584697,30.521755751627673,0.0019653428834732,211.81169390257423
