PrincipalComponent,coi,c1i,a1i,c2i,a2i
1,0.2962409519926616,0.7770794839873495,30.898922212917466,1.3424313539439765,212.1553823578408
2,0.0225585537009833,0.0036936386300542,29.74310428296711,0.12483264475096,211.02416869515696
