PrincipalComponent,coi,c1i,a1i,c2i,a2i
1,0.339485663067319,0.6166140127320016,33.29077115236251,1.745532219353841,212.9710570778763
2,0.0074857934602186,0.0104425086896096,30.55715649000148,0.0150360170221374,211.8401129049696
