PrincipalComponent,coi,c1i,a1i,c2i,a2i
1,0.3245665133422197,0.6679633001175571,33.10774884178665,1.701257648298185,212.82968346178436
2,0.0034374170279665,0.0105330897316468,30.474541988975012,0.0048579348559874,211.75334336540837
