PrincipalComponent,coi,c1i,a1i,c2i,a2i
1,0.3089431596927002,0.8115716174034621,33.14949752076041,1.5653527422016171,250.0
2,0.0221794759079294,2.175449325604158e-18,40.071765214365826,0.0835889627033894,222.93562251877148
