PrincipalComponent,coi,c1i,a1i,c2i,a2i
1,0.29909295601685,0.7159630357584558,28.936133055775176,1.4505976482781962,210.37474811868765
2,0.0250809551921543,0.0001226280732226,28.855379131290434,0.1237656101852928,210.01054849059724
