PrincipalComponent,coi,c1i,a1i,c2i,a2i
1,0.3358535719793615,0.6313355256124378,32.16924947041276,1.7007525226244316,213.26401210920727
2,0.0184181061527152,0.0069673823903358,30.369579465966087,0.0473272881914333,211.65334121377407
