PrincipalComponent,coi,c1i,a1i,c2i,a2i
1,0.1249788937234868,0.4007201915956517,28.9850654615173,0.7916125800146234,210.299304108301
