PrincipalComponent,coi,c1i,a1i,c2i,a2i
1,0.3099991593142986,0.7400934971676573,28.946592639855748,1.3386914174811255,210.39508982767305
2,0.0190823305742453,0.0114959224163835,28.8501231174742,0.126360504604094,210.0281136450673
