PrincipalComponent,coi,c1i,a1i,c2i,a2i
1,0.311871965162839,0.740813694493825,31.4021853883507,1.476593676284272,212.91903122158763
2,0.0222867346370057,0.000852963671091,30.06220056860068,0.1074946546868645,211.36998323506307
