PrincipalComponent,coi,c1i,a1i,c2i,a2i
1,0.2987899253456124,0.7633110100466018,33.62698834371465,1.5966843513707842,212.6560789359185
2,0.0014544156356724,0.0014583706652036,30.533567453777746,0.0,211.8363575193728
