PrincipalComponent,coi,c1i,a1i,c2i,a2i
1,0.3182435575622676,0.6739665606817807,28.941808123700305,1.5198844405124934,210.38209582507912
2,0.0229803076105461,1.734723475976807e-18,28.85736690426718,0.1109603572936964,210.01185010306992
