PrincipalComponent,coi,c1i,a1i,c2i,a2i
1,0.3427162463630091,0.6297316480515105,33.16766565105045,1.764213222026599,212.9881019220429
2,0.0027112725556898,0.0043457449288169,30.535988154618902,0.0017707299928765,211.81456896248133
