PrincipalComponent,coi,c1i,a1i,c2i,a2i
1,0.315248189823306,0.6916860771496826,29.00793472635194,1.5687944703075425,210.5032521612356
2,0.0207000732068288,2.0284798143489265e-19,28.931343204743907,0.0946724150498329,210.06737649632024
