PrincipalComponent,coi,c1i,a1i,c2i,a2i
1,0.3267570142886027,0.7740718763716394,33.216430219836326,1.636656629414536,250.0
2,0.0189498108535844,1.5579542369997093e-18,40.12635104948912,0.0708778518458746,222.934090890898
