PrincipalComponent,coi,c1i,a1i,c2i,a2i
1,0.3600338339425098,0.5711031242081496,32.99786135309793,1.8174482503805016,213.2792837308764
2,0.0092312567763499,0.0054847996338402,30.532523087763032,0.0167373696477461,211.84036633811735
