PrincipalComponent,coi,c1i,a1i,c2i,a2i
1,0.3579652585819146,0.5781013949115846,33.372729659450584,1.811623525438909,213.24189003389657
2,0.0062863540468941,0.0050407302539381,30.64674189391351,0.0087800334243431,211.9345537285405
