PrincipalComponent,coi,c1i,a1i,c2i,a2i
1,0.1437300313163708,0.3558375233257054,29.006661334220368,0.8494715394745477,210.31061632868355
