PrincipalComponent,coi,c1i,a1i,c2i,a2i
1,0.3294908169689097,0.6979361271457318,28.92935995570479,1.4062547442163686,210.38516605020268
2,0.0181588542917022,0.0087288925866289,28.84738821815139,0.1169236976026085,210.01958221380693
