PrincipalComponent,coi,c1i,a1i,c2i,a2i
1,0.300996473648541,0.7315432452572549,28.935892232268873,1.4291399926158128,210.36404765307583
2,0.0221740495801149,0.0002485217063812,28.84405176706388,0.1152188244880578,210.00695821597444
