PrincipalComponent,coi,c1i,a1i,c2i,a2i
1,0.3344171269914098,0.656466468604991,33.42596231014638,1.733672469345317,212.856975854424
2,0.0016270724016767,0.003283861893256,30.55752490243532,0.0003426651193626,211.84198855944143
