PrincipalComponent,coi,c1i,a1i,c2i,a2i
1,0.3561202790683923,0.594424119088116,32.5279609265178,1.7666659485589034,214.0969550265899
2,0.0169475349976057,0.0021006602966773,30.6648153214412,0.0384530167084781,211.98123041346147
