PrincipalComponent,coi,c1i,a1i,c2i,a2i
1,0.3654704196929356,0.5724919641493454,33.10809347613606,1.842930738974118,213.2632522659391
2,0.0006977746413189,0.0,30.602730668715633,3.026205956502358e-19,211.8786941439968
