PrincipalComponent,coi,c1i,a1i,c2i,a2i
1,0.3659420202488587,0.5216762894253715,29.058613815163675,1.879829555445974,210.529654720334
2,0.0127645556823202,0.0014146633706102,28.981855270732872,0.0233123704140418,210.07294471344665
