PrincipalComponent,coi,c1i,a1i,c2i,a2i
1,0.3264324786181199,0.669327286972931,28.94433110116829,1.5166159992887562,210.37989835923133
2,0.020067933760018,0.0005866164415736,28.849289241872853,0.100169851311826,210.01148647619348
