PrincipalComponent,coi,c1i,a1i,c2i,a2i
1,0.3505496185362744,0.6032550906776412,29.026915530821743,1.7489888029657277,210.5224312850874
2,0.0162419682430956,1.838961773618219e-18,28.956994537649273,0.0520102717589389,210.07195838711056
