PrincipalComponent,coi,c1i,a1i,c2i,a2i
1,0.3406774967677524,0.6278562912024502,29.00358595354955,1.6604730579147051,210.52716041905205
2,0.0191491619403044,0.0010089955388361,28.941828180047164,0.076079532065555,210.07028532659865
