PrincipalComponent,coi,c1i,a1i,c2i,a2i
1,0.3213111209770622,0.6243844063286316,26.25322656095384,1.630864029436705,212.90330363412048
2,0.0213240193334001,0.0,28.93379626301267,0.0934014820474049,210.08118356845185
