PrincipalComponent,coi,c1i,a1i,c2i,a2i
1,0.355254694614995,0.636130988965557,28.93898572502234,1.4921526250905928,210.40142324012808
2,0.0159545904747379,0.008440369188006,28.854128763143365,0.1035050679390074,210.0247247211419
