PrincipalComponent,coi,c1i,a1i,c2i,a2i
1,0.1672918584083678,0.2936526434012575,29.032517335331946,0.92200914827585,210.3229962464088
