PrincipalComponent,coi,c1i,a1i,c2i,a2i
1,0.3685160156811617,0.5003664017672194,29.062609533466944,1.9299529294754183,210.51588436946585
2,0.0049710753641122,0.0038377541200574,28.99046046043943,0.0053853010375016,210.06716573783297
