PrincipalComponent,coi,c1i,a1i,c2i,a2i
1,0.3812457086079002,0.4760798189480923,29.06967798405322,1.959868313589976,210.51475540636548
2,0.0040684614611278,0.0025370885245601,28.994802615624156,0.0034986563640279,210.07002124388828
