PrincipalComponent,coi,c1i,a1i,c2i,a2i
1,0.179108047086903,0.2680808691338421,29.04123057820458,0.9500351835255766,210.3297753447052
