PrincipalComponent,coi,c1i,a1i,c2i,a2i
1,0.363218377428108,0.5764761815322224,29.017819628082545,1.7830428024121108,210.4811363321456
2,0.0159794413097451,0.0,28.90902508206446,0.0466421147611593,210.0475442300403
