PrincipalComponent,coi,c1i,a1i,c2i,a2i
1,0.3944701939131897,0.5000601918119617,33.62282220284077,1.924360212678947,214.8150661270365
2,0.0016541805462506,0.0011259722953445,31.12453785593819,0.0002657767435202,212.45363237367368
