PrincipalComponent,coi,c1i,a1i,c2i,a2i
1,0.3790181754935963,0.4965279936755322,29.07733575644946,1.9116725340097571,210.56407303232277
2,0.0121166977074821,0.0001859066352197,28.9703629184504,0.0198935267106206,210.079399483476
