PrincipalComponent,coi,c1i,a1i,c2i,a2i
1,0.3678777309929006,0.6105363721510636,28.982540981827945,1.524010247927049,210.5117509698688
2,0.015357814877843,0.0087626290278051,28.910096067839728,0.0993524490908521,210.07530611436624
