PrincipalComponent,coi,c1i,a1i,c2i,a2i
1,0.3391078355421718,0.6425492975241055,28.94843667703351,1.5498966707356905,210.3902295198201
2,0.0192191738103203,0.0018106195233824,28.852774990374893,0.0949074895748284,210.01573723510504
