PrincipalComponent,coi,c1i,a1i,c2i,a2i
1,0.3534408225844376,0.6006652123570304,28.988214369844624,1.6944978863816864,210.4155492757588
2,0.0183989019211813,0.001911843039163,28.867890102791065,0.0703943475190907,210.02302573452212
