PrincipalComponent,coi,c1i,a1i,c2i,a2i
1,0.3368756280991753,0.6917911469998544,30.12846569653875,1.654137603398714,250.0
2,0.0215865850716901,5.1997977386714437e-20,39.38717977592728,0.0893611637444014,221.902370953008
