PrincipalComponent,coi,c1i,a1i,c2i,a2i
1,0.3651187231108676,0.6597111383108837,32.24939085475964,1.7581134125045454,250.0
2,0.0182032577628998,0.0060286357594421,39.86207792958557,0.0537581248444211,222.32213653661373
