PrincipalComponent,coi,c1i,a1i,c2i,a2i
1,0.3756895443740048,0.6586716385693528,31.019488571278057,1.591881048723649,250.0
2,0.0140899181492715,0.0146990986941601,39.71121625721965,0.0845771797560211,221.82134701271997
