PrincipalComponent,coi,c1i,a1i,c2i,a2i
1,0.4039458178903157,0.4253671437361665,29.073232820715752,2.0165469413807364,210.52905908821916
2,0.0014096771292775,0.0011761935085243,29.002967209070437,0.0,210.07459693835995
