PrincipalComponent,coi,c1i,a1i,c2i,a2i
1,0.4027815795161084,0.4435120871568294,29.06125140681701,1.9746342890461048,210.53460636222457
2,0.0080680879984175,0.0014645784944547,28.99433859082113,0.0099553153398319,210.0772748258166
