PrincipalComponent,coi,c1i,a1i,c2i,a2i
1,0.3863513128346095,0.5200559058751321,29.0539284536786,1.8515136743452376,210.5445631375881
2,0.0159139401728149,1.0842021724855044e-19,28.967637152189724,0.0334365562702018,210.08308149750263
