PrincipalComponent,coi,c1i,a1i,c2i,a2i
1,0.1992445674821112,0.2159596691465446,29.059247792129124,1.0030891114442642,210.3386153349638
