PrincipalComponent,coi,c1i,a1i,c2i,a2i
1,0.3542561187574435,0.6426312663494099,29.955585025994317,1.725904118785743,250.0
2,0.0215355407726924,0.0014314903393055,39.34636891167627,0.0736489199088586,221.80140259892485
