PrincipalComponent,coi,c1i,a1i,c2i,a2i
1,0.3594703362812818,0.5874686338514247,28.961280806093015,1.6178030390588858,210.40916028844973
2,0.0190811038446143,0.0047935830670373,28.860080394765372,0.0799920548105003,210.02378054506835
