PrincipalComponent,coi,c1i,a1i,c2i,a2i
1,0.366806420387457,0.5817870333701162,28.99645127568061,1.637588168728556,210.51434924619517
2,0.0188117280345636,0.0047633959122209,28.92528923101903,0.0703848429976415,210.07349069612496
