PrincipalComponent,coi,c1i,a1i,c2i,a2i
1,0.3841194269803759,0.6305275275199648,32.03000122677221,1.874083134277773,250.0
2,0.0136845491481161,0.0023169608477066,39.69568040597382,0.0215620984971231,222.26381370459785
