PrincipalComponent,coi,c1i,a1i,c2i,a2i
1,0.3520591372503574,0.5426379106593755,24.675567748083463,1.7609136014429627,212.6661416426689
2,0.0213476236233131,3.9776915611025815e-20,28.487511336308813,0.0627807143291005,209.6009706444393
