PrincipalComponent,coi,c1i,a1i,c2i,a2i
1,0.3957789136133993,0.55161578181753,28.95359371167464,1.606999794928875,210.43293058137635
2,0.0143171859006768,0.0093428489666876,28.860133974052097,0.0801068172455412,210.03711531552733
