PrincipalComponent,coi,c1i,a1i,c2i,a2i
1,0.3687578612618987,0.6550304877927909,31.66441687787435,1.783480169952442,250.0
2,0.017376073724993,0.0060917207656658,39.71126906969153,0.0439579218291621,222.15374500957813
