PrincipalComponent,coi,c1i,a1i,c2i,a2i
1,0.2062251431652793,0.2098311586141983,29.0606410583773,1.013574638576252,210.3438975894349
