PrincipalComponent,coi,c1i,a1i,c2i,a2i
1,0.3651696270367643,0.6729418124270073,30.159203466749524,1.7796487768544274,250.0
2,0.0174226443834315,0.0053761219432397,39.278375752877054,0.0286878693418608,221.7754863144695
