PrincipalComponent,coi,c1i,a1i,c2i,a2i
1,0.3860844290422076,0.6444267701040621,30.24494547452107,1.875356700174975,250.0
2,0.007022272765818,0.0063182202168377,39.42062804220719,0.0021171246675897,221.83202796578905
