PrincipalComponent,coi,c1i,a1i,c2i,a2i
1,0.3537600466207439,0.7024992706547448,30.077517232297804,1.6358441626353883,250.0
2,0.0177873220101761,0.009333089278978,39.41066224511729,0.0497440710400741,221.8017911865976
