PrincipalComponent,coi,c1i,a1i,c2i,a2i
1,0.3522221879329698,0.6595326828141385,27.958855353495903,1.7478354189503826,250.0
2,0.0209596291828132,0.000153111923468,38.796713219632814,0.0467259778297776,221.26591942643688
