PrincipalComponent,coi,c1i,a1i,c2i,a2i
1,0.3754874404908104,0.6750499395187334,29.19789546650965,1.6070361008253982,250.0
2,0.0142952007632426,0.0110796447971918,39.24884409934517,0.0644618498045259,221.45127938328244
