PrincipalComponent,coi,c1i,a1i,c2i,a2i
1,0.2116531403504714,0.2283416642380303,29.04065731679177,0.9816164378321718,210.35043660234268
