PrincipalComponent,coi,c1i,a1i,c2i,a2i
1,0.3608601782838602,0.7515405332844719,28.633179361718547,1.5254940862666897,250.0
2,0.018604246590997,0.0008690233873963,38.89543602405947,0.0539880895593877,221.44405994223047
