PrincipalComponent,coi,c1i,a1i,c2i,a2i
1,0.3561000983509942,0.7480042472658528,29.39715953527071,1.697078925812646,250.0
2,0.0137040682559545,3.0717066876623373e-19,39.08363104757857,0.0178183874294008,221.64587622860537
