PrincipalComponent,coi,c1i,a1i,c2i,a2i
1,0.3361501485944868,0.7342898623506096,27.312334051619153,1.6665569932635529,250.0
2,0.0207410398521659,6.413265958722595e-19,38.590329894025125,0.0326976951472134,221.17133060147515
