PrincipalComponent,coi,c1i,a1i,c2i,a2i
1,0.2038609377583435,0.3021531344401609,28.99246546989316,0.8826175836400241,210.35130342518053
