PrincipalComponent,coi,c1i,a1i,c2i,a2i
1,0.3416278976433801,0.7766856998326092,29.20722873313005,1.558948207198391,250.0
2,0.0177374383269998,0.0020585282215818,39.11082461569288,0.0364625541769434,221.6468749082
