PrincipalComponent,coi,c1i,a1i,c2i,a2i
1,0.3572528505072788,0.7795125764240161,29.037081882593988,1.4763424025973573,250.0
2,0.0158400810956604,0.0005467938990686,38.92281014223349,0.0308800609665541,221.59602952152233
