PrincipalComponent,coi,c1i,a1i,c2i,a2i
1,0.3331009343311131,0.8082509192230632,29.42921459236872,1.5024987873827844,250.0
2,0.0171984356827533,6.754127794294213e-20,38.91319747305669,0.0213340085954778,221.6841435751459
