PrincipalComponent,coi,c1i,a1i,c2i,a2i
1,0.1926485999729004,0.3344539284682117,28.953381167557943,0.8148292336215371,210.32693840462687
