PrincipalComponent,coi,c1i,a1i,c2i,a2i
1,0.3396927734560326,0.7526134322088806,27.503560151847537,1.6274342825443904,250.0
2,0.0128398765920882,0.0043302719668046,38.75769673181614,0.0042298589150349,221.246394067891
