PrincipalComponent,coi,c1i,a1i,c2i,a2i
1,0.1992731801126773,0.3153387877416636,28.920022000317473,0.7826717993682492,210.32186861773695
