PrincipalComponent,coi,c1i,a1i,c2i,a2i
1,0.3413472550577124,0.7632551474653281,26.71908393427644,1.4756759236240409,250.0
2,0.0168565179084168,0.0037355793597875,38.42868683049739,0.0193539206181155,221.0493502877809
