PrincipalComponent,coi,c1i,a1i,c2i,a2i
1,0.1792348983925485,0.3762047683914001,28.891188954476224,0.6948095800878366,210.31069327291897
