PrincipalComponent,coi,c1i,a1i,c2i,a2i
1,0.2039512232978914,0.3508148040543837,28.877899754522613,0.6736679708009895,210.3236890237741
