PrincipalComponent,coi,c1i,a1i,c2i,a2i
1,0.6694403587771917,0.9841788304774136,50.83199447223825,0.4542594562546723,217.7284092074011
2,0.1199862471186241,0.2161781148341773,36.30759383422089,0.1756758662795647,217.7364759948216
