PrincipalComponent,coi,c1i,a1i,c2i,a2i
1,0.6753202356388723,1.0105096762294885,50.644794675477776,0.4409170661353114,217.63926300263697
2,0.1150205830153101,0.1904812379541768,35.924225075899884,0.1798492444778834,217.6253109475412
