PrincipalComponent,coi,c1i,a1i,c2i,a2i
1,0.6691278346648118,0.9535736348361276,51.01018890448064,0.4741908404567579,217.8392390772489
2,0.1236629076948628,0.241573670166507,36.77534072405819,0.1685045570611651,217.85662048890225
