PrincipalComponent,coi,c1i,a1i,c2i,a2i
1,0.6673024242309666,0.8871360922685293,51.74744676058481,0.5183511541939695,218.25463504597317
2,0.1345998818548175,0.2921268132191222,38.208117717727205,0.1538671323380656,218.31764328767957
