PrincipalComponent,coi,c1i,a1i,c2i,a2i
1,0.6588289918315292,0.7901570112296602,50.17766007052835,0.6121690559137306,226.51552790943563
2,0.1873808029744512,0.4278505451335939,65.65372245345635,0.0108273358458594,224.530476817562
