PrincipalComponent,coi,c1i,a1i,c2i,a2i
1,0.6628415764651412,0.7195981810392792,49.23200935045574,0.6656736292292982,226.6924670404973
2,0.2039234944869803,0.4830094954052685,67.6634134034755,0.0014774281391388,224.70278057794224
