PrincipalComponent,coi,c1i,a1i,c2i,a2i
1,0.6605895509340884,0.7107659720689375,48.804530806100615,0.6749595070652668,226.775366089628
2,0.2061966707646385,0.4866131442415858,68.26399345059114,0.0049627760142524,224.6589261110194
