PrincipalComponent,coi,c1i,a1i,c2i,a2i
1,0.6554212075289217,0.6993189024169046,48.21923637177389,0.6847700648618363,226.71614513248704
2,0.2068232558689716,0.4999020978692374,69.21748991705702,0.0075619964446584,224.5890935489643
