PrincipalComponent,coi,c1i,a1i,c2i,a2i
1,0.6788458121755754,0.7455859311247699,48.65509653185511,0.5859153983749048,226.06143126002968
2,0.1959979915150183,0.5115633407853255,66.78656655414925,0.0266650980923428,224.1057411209079
