PrincipalComponent,coi,c1i,a1i,c2i,a2i
1,0.6890031419260001,0.7375761983760291,50.71565490153857,0.5425533191521821,226.6836606114482
2,0.198991699241661,0.518184880215228,66.15446546477862,1.8624247717576736e-18,225.05227523533765
