PrincipalComponent,coi,c1i,a1i,c2i,a2i
1,0.683058941447811,0.7281731697247803,48.598363612114305,0.5029593937047302,226.14542118135117
2,0.1987709845217093,0.5036013819450617,64.66076490030255,0.0,224.2360840466804
