Correlation_between,denominator_loth,denominator_markhvida,denominator_DuNing,denominator_vitor
0.8073605695281993,0.2941067410030439,0.33485038063896966,0.320385035149192,0.30956305342218576
