PrincipalComponent,coi,c1i,a1i,c2i,a2i
1,0.786171156916527,0.7710330518291313,47.693092694831975,0.6159764375769453,228.60474913545596
2,0.227947033616984,0.6903341542260607,82.30810182593561,4.7963809473319044e-18,225.65943633335945
