PrincipalComponent,coi,c1i,a1i,c2i,a2i
1,0.8701128105877283,0.6353829518268254,40.411475848884784,1.0652171383814757,214.80822312917567
2,0.1193259976246181,0.2416630863696791,35.771447969736066,0.0952496779491045,214.6990958972649
