PrincipalComponent,coi,c1i,a1i,c2i,a2i
1,0.8632700994069221,0.62593686448343,42.23969125912037,1.0184183923344807,214.597491986967
2,0.1488501307664225,0.279889431344801,37.409927606384514,0.163339992566707,215.0175130948044
