PrincipalComponent,coi,c1i,a1i,c2i,a2i
1,0.8605377181377594,0.9054339456314868,37.03209862819156,1.2604264678364865,250.0
2,0.0224834933216891,0.0259034175984059,40.05243474298983,0.004598020919096,223.4523884884956
