PrincipalComponent,coi,c1i,a1i,c2i,a2i
1,0.8454539432270575,0.9843519754432484,38.36954852302404,1.3272252453572655,250.0
2,0.0192568833869201,0.0061042308289762,40.04931813674963,0.0196168719647793,223.61956839110297
