PrincipalComponent,coi,c1i,a1i,c2i,a2i
1,0.8663346499374793,0.6433220758290269,41.850256767307016,1.036695592901323,214.79530785148697
2,0.1341474821407158,0.2523041381983293,36.286578713637994,0.1205030877401264,215.00207061414508
