PrincipalComponent,coi,c1i,a1i,c2i,a2i
1,0.8739279355113767,0.6383033501452189,39.550311841660914,1.090006991743888,214.79098291160224
2,0.1071137528995396,0.2260033910704926,35.23912882829717,0.0679156889937087,214.4891007891813
