PrincipalComponent,coi,c1i,a1i,c2i,a2i
1,0.8851943361199678,0.7429775158555548,35.4789606640872,1.2434609876554912,214.0470881525593
2,0.0311554041080945,0.0622700801303499,30.97495791368513,9.694309350053557e-19,212.80229913944373
