PrincipalComponent,coi,c1i,a1i,c2i,a2i
1,0.804393007350796,0.7301215696578089,45.543234750063625,0.7471823044688496,225.3444373117889
2,0.2169873696072849,0.6458297511274123,76.94158251614402,1.808883511125664e-18,223.80626466718596
