PrincipalComponent,coi,c1i,a1i,c2i,a2i
1,0.9006150936376797,0.6769904291954912,38.50632985235718,1.155443098834572,214.41972118485347
2,0.0624362087571394,0.1440415691109757,32.59901245452776,0.0052212056740421,213.81097292427745
