PrincipalComponent,coi,c1i,a1i,c2i,a2i
1,0.8965542480576382,0.6888440425374649,35.77223464564685,1.2154804429462618,213.99027110926272
2,0.0467522274472484,0.1033656144022695,31.30631991095651,2.2439289293442773e-18,212.92083533020232
