PrincipalComponent,coi,c1i,a1i,c2i,a2i
1,0.8512907419205084,0.9545446412406724,37.63262029067075,1.2787181903085114,250.0
2,0.0182744019395536,0.0137214524147429,40.042381732619155,0.0117049173084623,223.52683233268365
