PrincipalComponent,coi,c1i,a1i,c2i,a2i
1,0.8333247614325061,0.6490946915328696,41.523632175153146,0.9264266355058636,221.2999324926229
2,0.2095682267447927,0.5387326223330122,73.3293195186947,0.0,221.37880861925177
