PrincipalComponent,coi,c1i,a1i,c2i,a2i
1,0.8215948465889823,0.6839177964890337,43.92125760029992,0.8378567404000249,223.28747119337953
2,0.212186564884773,0.6047537073321907,75.3660935953032,0.0,222.69578257661223
