PrincipalComponent,coi,c1i,a1i,c2i,a2i
1,0.8695661794010121,0.626524068160718,45.43888057934065,0.971112941462209,215.68372430318593
2,0.1619473153201902,0.3441311474365185,42.857148269864624,0.1774700867687025,216.44195294327207
