PrincipalComponent,coi,c1i,a1i,c2i,a2i
1,0.8730999210982167,0.6416799306198621,39.19262276999198,1.1004322305278411,214.69174437657287
2,0.1011030483153321,0.2139352743488053,34.72299769258184,0.0567525225529542,214.32904361839763
