PrincipalComponent,coi,c1i,a1i,c2i,a2i
1,0.8843258316119077,0.6647638476190354,39.07571087047831,1.1246706741747996,214.53207418822916
2,0.0818623810070012,0.1712359736409784,33.37081381713521,0.0245365571217086,214.0787481339487
