PrincipalComponent,coi,c1i,a1i,c2i,a2i
1,0.8400754037802695,0.6074113614775695,38.30237058624926,1.2476743287758283,227.76130913051225
2,0.1647484376586361,0.2640018975601875,53.1237984006807,0.0,220.72529200522877
