PrincipalComponent,coi,c1i,a1i,c2i,a2i
1,0.8165834158495731,0.5807327868631784,39.17965775956762,1.1421328506685888,228.93325188546396
2,0.222477375526637,0.4389967656729433,66.83219270751967,1.732876979263353e-17,222.56227081613184
