PrincipalComponent,coi,c1i,a1i,c2i,a2i
1,0.8496289320930334,0.9229447598465674,39.10033159442533,1.4228951468174436,250.0
2,0.0510482136561102,0.0433023152110661,39.74550818164334,0.0,223.64598563425665
