PrincipalComponent,coi,c1i,a1i,c2i,a2i
1,0.7897709259781226,0.5663110789480323,37.957167391517125,1.0197987963978778,225.83337096501776
2,0.260650381816189,0.6740695573334227,73.84840627294766,0.0,221.51813539617248
