PrincipalComponent,coi,c1i,a1i,c2i,a2i
1,0.8587128940119064,0.9746821596322736,39.895595287621944,1.4683486901632816,250.0
2,0.0337687438145666,0.024377827369426,40.27167767639191,3.76677347915626e-18,223.84428436286788
