PrincipalComponent,coi,c1i,a1i,c2i,a2i
1,0.8272600637689094,0.5779157678465214,37.375848333951275,1.2164527992816083,227.41595957746324
2,0.1843197909468419,0.3430258722967053,57.66481705630332,0.0,220.95912027504875
