PrincipalComponent,coi,c1i,a1i,c2i,a2i
1,0.757201335304471,0.6260352391655223,39.363394132884416,0.870424783028568,226.96177979872425
2,0.2619014764387,0.7852129108992971,76.75935447022637,0.0,222.34194985538105
