PrincipalComponent,coi,c1i,a1i,c2i,a2i
1,0.874057386045096,0.6194775695033969,37.83828108043568,1.3325808379752784,216.1126318681169
2,0.0960422467242847,0.1822516574743015,33.85138607583382,0.0,214.2961178043358
