PrincipalComponent,coi,c1i,a1i,c2i,a2i
1,0.8220550154966724,0.5734774304022788,38.17612028493354,1.17214374325471,228.58325157636173
2,0.2059673677655306,0.406127401989829,63.30906869220959,0.0,221.98936104318076
