PrincipalComponent,coi,c1i,a1i,c2i,a2i
1,0.8048216795969639,0.5448108920943315,37.264871931147,1.103934244397862,226.74266510457517
2,0.2486247243990703,0.5873520648325625,73.25011060154576,0.0,221.55059014564523
