PrincipalComponent,coi,c1i,a1i,c2i,a2i
1,0.8498491198811536,0.8591741854778603,38.45449259189907,1.4037953753487789,250.0
2,0.0660389948741675,0.0640104146664552,39.62501805631971,4.015004695390606e-17,223.54230330579213
