PrincipalComponent,coi,c1i,a1i,c2i,a2i
1,0.7753614183853696,0.5904431658857486,38.6686595773247,0.9463158681953184,226.28162410130577
2,0.2601646965385409,0.7428480136540204,75.7191127850068,0.0,221.85232736710617
