PrincipalComponent,coi,c1i,a1i,c2i,a2i
1,0.857048891274199,0.760405406367919,38.30808474947086,1.3699481378354548,250.0
2,0.0929713325043679,0.1097569789986812,43.11373458223117,8.48215207777061e-18,224.24845529976943
