PrincipalComponent,coi,c1i,a1i,c2i,a2i
1,0.8262937576313778,0.5745929558994086,37.39031573434821,1.2042772413704323,227.60191749182647
2,0.1913355082795995,0.3658797519536809,59.38014450700373,0.0,221.19201385001188
