PrincipalComponent,coi,c1i,a1i,c2i,a2i
1,0.8110062190289334,0.5644607673631856,38.77993596994143,1.1199581686811926,228.9852990369573
2,0.240168711734647,0.5032012919741267,71.61350268926942,0.0,222.65720920337728
