PrincipalComponent,coi,c1i,a1i,c2i,a2i
1,0.7417576821135379,0.6610859087568988,41.4442380952393,0.7520535571115314,229.00553054688615
2,0.2687932365341221,0.8251063874138934,80.59861146434278,0.0,223.8010303826704
