PrincipalComponent,coi,c1i,a1i,c2i,a2i
1,0.8769400436879542,0.6044656777628811,41.2486530721711,1.2609195595837646,217.23773660913983
2,0.1135609061360551,0.2391456608734914,36.92852530224559,0.0,215.79894063738857
