PrincipalComponent,coi,c1i,a1i,c2i,a2i
1,0.8118330715066164,0.8149309131028206,33.338370068586805,1.626559623691202,250.0
2,0.0495326755843383,0.053287074477939,39.207356163700986,0.0072335279026213,222.39602701471077
