PrincipalComponent,coi,c1i,a1i,c2i,a2i
1,0.7262289269758102,0.532873017668918,31.541217481969433,1.164306915172307,240.7940585619976
2,0.304961688909536,0.5859882466286902,90.57443701183672,0.0544046838770753,220.40772225621703
