PrincipalComponent,coi,c1i,a1i,c2i,a2i
1,0.8264098854604659,0.8595920204514548,34.07990273909023,1.6945295814219774,249.99999999999997
2,0.0289895635454931,0.0293173571551828,39.286076767508376,4.520296144965893e-18,222.49184961544225
