PrincipalComponent,coi,c1i,a1i,c2i,a2i
1,0.6940887156431501,0.5627138360226334,31.086586270816856,1.019854755204369,232.31471468941203
2,0.3112892960128988,0.7489293232924045,90.09453523879108,0.0444024915194301,219.33158032851912
