PrincipalComponent,coi,c1i,a1i,c2i,a2i
1,0.7580678990540595,0.5624943099749591,32.42527789277352,1.3040277867822945,250.0
2,0.2261911586989337,0.3491229306707664,72.19437807387845,0.0414331490329803,226.01678034439615
