PrincipalComponent,coi,c1i,a1i,c2i,a2i
1,0.8067089142528234,0.7575524866111578,32.381942999990805,1.5899377869372602,250.0
2,0.0673619767606383,0.075361769288956,39.193681365165325,0.0162942265507378,222.2632317714953
