PrincipalComponent,coi,c1i,a1i,c2i,a2i
1,0.7285439778352031,0.5532490135871063,31.794255989667032,1.2012411766200084,250.0
2,0.2925414953086369,0.4889633417224703,87.87185895010234,0.0729932982927277,223.710377112612
