PrincipalComponent,coi,c1i,a1i,c2i,a2i
1,0.7530956267294772,0.5614171931732708,32.036772995866166,1.2910725357192323,250.0
2,0.2365710692004242,0.3711864712244999,74.96478483559099,0.0417361067769901,226.0219522520605
