PrincipalComponent,coi,c1i,a1i,c2i,a2i
1,0.7719317090611607,0.5802250769658747,32.109371983408764,1.3611075855165091,250.0
2,0.1931123565778691,0.2702793069986438,62.07026917967639,0.0446170275164639,225.34569160595993
