PrincipalComponent,coi,c1i,a1i,c2i,a2i
1,0.7910410762780518,0.6141242534969416,29.02151722963243,1.4948194367572212,250.0
2,0.12804122903477,0.1752214785352942,45.959488410591234,0.0362757149807652,222.76322621793616
