PrincipalComponent,coi,c1i,a1i,c2i,a2i
1,0.7957254299364369,0.5928500466384002,32.36536322148351,1.4076210368391464,250.0
2,0.1626179359656694,0.2243460644997586,54.924533383249695,0.0395275547595519,224.6601932094194
