PrincipalComponent,coi,c1i,a1i,c2i,a2i
1,0.8165938653586332,0.6658540378402856,33.512890831669644,1.5167692749272856,250.0
2,0.0993646725481216,0.1232204525135095,41.58597297837637,0.0301706735002674,222.97331139843035
