PrincipalComponent,coi,c1i,a1i,c2i,a2i
1,0.7348947296601199,0.5652666998019938,32.20473075507887,1.2315569688868382,250.0
2,0.2712134701784547,0.4194539948731309,80.30470048208136,0.0780381930981083,224.96466567944907
