PrincipalComponent,coi,c1i,a1i,c2i,a2i
1,0.7071246373707667,0.5402005990157592,30.34484602369532,1.0913776332949416,232.746229823746
2,0.3118544939190376,0.6424049499779452,85.24673601158496,0.0916116950042853,218.73769311092587
