PrincipalComponent,coi,c1i,a1i,c2i,a2i
1,0.6681652951318808,0.618906118686755,34.11166405956896,0.8435511549543474,234.872621091834
2,0.3161768972228224,0.8494064877254555,95.24843845281792,0.0191771850741484,221.9267033277187
