PrincipalComponent,coi,c1i,a1i,c2i,a2i
1,0.6788047359452868,0.5956879862631911,32.25126777787726,0.9469253645496556,233.17250853108385
2,0.313405129453042,0.8262699386297943,93.35401854332058,7.938578525473353e-18,220.51540996922384
