PrincipalComponent,coi,c1i,a1i,c2i,a2i
1,0.7404929047739485,0.5607294823830389,31.44117698303811,1.262659120212729,250.0
2,0.2538541617183584,0.393544353330477,77.29254632652265,0.0662412783916553,225.40832028121105
