PrincipalComponent,coi,c1i,a1i,c2i,a2i
1,0.7065125101745255,0.5925480709117561,34.1931910089761,1.0722612247722123,240.18955313855287
2,0.3063789712486885,0.4252616574312239,81.86475742241647,0.1286085294177706,222.8149480290905
