PrincipalComponent,coi,c1i,a1i,c2i,a2i
1,0.6684992478577398,0.6524973211594628,37.338446869133506,0.8023631281208576,227.4933480433613
2,0.3236592755861149,0.6660483106844169,81.24747979458705,0.164187830022822,221.1574764625551
