PrincipalComponent,coi,c1i,a1i,c2i,a2i
1,0.6906050545919816,0.5851090053798429,33.87938630279976,0.9614284138991,225.6154360260896
2,0.320990213544334,0.5349405881741139,74.54877737313784,0.20130908291087,218.65138103956193
