PrincipalComponent,coi,c1i,a1i,c2i,a2i
1,0.7820657306883976,0.6516836468167351,34.95807361864403,1.2702831049952756,250.0
2,0.1706438702449917,0.1995846780404226,55.57795095530982,0.0488703195472028,225.38089404849924
