PrincipalComponent,coi,c1i,a1i,c2i,a2i
1,0.7207246498478965,0.6160119174473647,34.38606917745879,1.1310865521715654,250.0
2,0.270868519942808,0.3852591184481947,82.09882180550309,0.0515471967381453,227.28703934183295
