PrincipalComponent,coi,c1i,a1i,c2i,a2i
1,0.8185607675795374,0.910518705430322,35.35396134001916,1.5670933828915417,250.0
2,0.0284534003062052,0.0147754586723724,39.626937270825955,0.0004407356714119,222.85857393169724
