PrincipalComponent,coi,c1i,a1i,c2i,a2i
1,0.8020653995879452,0.8697532376784748,34.66745017768781,1.4998099657644766,250.0
2,0.0508834598678183,0.034213158341329,39.68364383084231,0.0078890240973755,222.79690341857355
