PrincipalComponent,coi,c1i,a1i,c2i,a2i
1,0.7868832869719827,0.6677163193389357,33.52867566435268,1.3445801816413958,250.0
2,0.1411748820529841,0.1523384278438994,46.30112108860135,0.0426674405890374,223.8140886314888
