PrincipalComponent,coi,c1i,a1i,c2i,a2i
1,0.6799874838227369,0.6149078629503663,35.52451893217282,0.8818256615736488,225.93265298344176
2,0.3218129265261586,0.6069004378312729,78.22571210729461,0.1902754548844403,219.7068361971281
