PrincipalComponent,coi,c1i,a1i,c2i,a2i
1,0.7562056065204451,0.6388915946480765,34.89467548334567,1.2243946566067718,250.0
2,0.2037284267481079,0.2450572840568602,63.135238898190785,0.0534405703762714,226.2343336471257
