PrincipalComponent,coi,c1i,a1i,c2i,a2i
1,0.7149022506354777,0.6202579589774615,35.29256253105221,1.099522914278533,250.0
2,0.2906424187921337,0.4288605259097891,88.23730856338685,0.0411008913826742,227.33093021728007
