PrincipalComponent,coi,c1i,a1i,c2i,a2i
1,0.7950830383837708,0.8128038058988599,34.00369584121605,1.4608202215897192,250.0
2,0.0722498921198211,0.0548176900450505,39.69915846019243,0.0183771275116796,222.7294185040763
