PrincipalComponent,coi,c1i,a1i,c2i,a2i
1,0.7330146953585477,0.6192356973155002,34.002055079964016,1.1797998187673155,250.0
2,0.2394970208491421,0.3272555153668745,74.11830422119034,0.0456870165713769,226.9489603821538
