PrincipalComponent,coi,c1i,a1i,c2i,a2i
1,0.7900032069923113,0.7221900632134287,33.55731352389213,1.4004213879135552,250.0
2,0.1075551171270705,0.1009535924482402,41.316660785058545,0.0364159886632399,223.00211156927713
