PrincipalComponent,coi,c1i,a1i,c2i,a2i
1,0.6981455589601551,0.5707332586566572,32.75757740092249,1.0472963543618443,230.7322919464008
2,0.3148575457219452,0.4768170662515506,78.52910166605145,0.1670460008867668,219.0725186904403
