PrincipalComponent,coi,c1i,a1i,c2i,a2i
1,0.6580939421111754,0.6790023043744091,39.18640990001174,0.6974577457949197,228.8802921227529
2,0.3241672670525835,0.671737797377839,81.53485747524982,0.2035501622101584,222.2901122815763
