PrincipalComponent,coi,c1i,a1i,c2i,a2i
1,0.8143112203670674,0.5853195900699144,36.264977080166986,0.9771041488543588,213.23326652153392
2,0.1765198170774085,0.2151135098088752,31.290465504922253,0.2144655568864351,212.75738706687548
