PrincipalComponent,coi,c1i,a1i,c2i,a2i
1,0.7899982906205472,0.732194511405764,53.007717885905336,0.5328440227016542,217.70236393130972
2,0.2246261139273901,0.3949755452925643,39.630092273469465,0.4242026493350765,218.46703426956992
