PrincipalComponent,coi,c1i,a1i,c2i,a2i
1,0.7649920084194227,0.7162911958834842,49.12854393366763,0.4897639920647316,217.14579785498924
2,0.2174182116061407,0.4074125972133758,37.70969867856182,0.4733321061043771,217.31463738799312
