PrincipalComponent,coi,c1i,a1i,c2i,a2i
1,0.842572544182915,0.6975995249919411,32.24793461968193,1.2018065199122807,249.99999999999997
2,0.09003103430145,0.0988184030205313,40.7908938847035,0.0050427750437714,222.80786935712536
