PrincipalComponent,coi,c1i,a1i,c2i,a2i
1,0.8383406417637547,0.7475269219029624,31.538204402538344,1.2540724536982018,250.0
2,0.0610609575083249,0.0566567839881326,39.27535674886856,9.746197006574585e-19,222.33970276265455
