PrincipalComponent,coi,c1i,a1i,c2i,a2i
1,0.8251917412824336,0.8659094422923501,32.46157436604816,1.323928652118222,249.99999999999997
2,0.0288404230157554,0.0191155580408201,39.07873140378855,0.0003954196886318,222.38089179199247
