PrincipalComponent,coi,c1i,a1i,c2i,a2i
1,0.8166874839545517,0.5814060810712217,34.36827911180837,1.0374194899281115,213.5353824370259
2,0.1571148938186423,0.1940248301842711,31.31753449633577,0.1444784533207979,212.52239523572896
