PrincipalComponent,coi,c1i,a1i,c2i,a2i
1,0.807934787298118,0.5697455960478163,36.64236400894925,0.9460434742592904,212.75018466261184
2,0.1910779909324534,0.2392633109193319,30.885370554520623,0.2759042247405042,212.6092427180865
