PrincipalComponent,coi,c1i,a1i,c2i,a2i
1,0.8164877056923513,0.5844134747331563,34.115923022816695,1.0501935190393463,213.6654983382757
2,0.1513690628029362,0.1842370751755152,31.296860182312955,0.1278646155107577,212.50419916596977
