PrincipalComponent,coi,c1i,a1i,c2i,a2i
1,0.8313294586857807,0.8269527683752521,31.739899587116756,1.2987988184113126,249.99999999999997
2,0.0365811653750587,0.0207441463659138,38.933961184841365,6.699947294034236e-19,222.25494959983848
