PrincipalComponent,coi,c1i,a1i,c2i,a2i
1,0.8049510331019323,0.866082685168653,33.01248242744633,1.377542651172112,249.99999999999997
2,0.0440228220726071,0.0393448311920539,39.442404957174,0.0059094510837206,222.50756027789672
