PrincipalComponent,coi,c1i,a1i,c2i,a2i
1,0.8347860450790606,0.6001971104166345,34.10477919038277,1.0887088290086455,214.1151479892352
2,0.1267851907394801,0.151365600298985,31.239604299780925,0.0772905707447032,212.6194867993647
