PrincipalComponent,coi,c1i,a1i,c2i,a2i
1,0.8158272102711025,0.5788383375069246,34.97618651551888,1.0080230055422992,213.3018620599831
2,0.1648478060766805,0.2063207179560468,31.23565948251512,0.18165783971855,212.5422098486486
