PrincipalComponent,coi,c1i,a1i,c2i,a2i
1,0.8024138842715124,0.6087266142391453,43.206946565433874,0.7792092188728779,213.72491421137985
2,0.2114646965834845,0.3402446199278633,33.82684381270192,0.372001930814869,214.55523402806816
