PrincipalComponent,coi,c1i,a1i,c2i,a2i
1,0.8558546648760135,0.6143943485587915,33.677813309997354,1.1287168248720458,214.43410302919148
2,0.1031577354928293,0.1247892877547508,31.051408064176787,0.0456443089129649,212.58052054326603
