PrincipalComponent,coi,c1i,a1i,c2i,a2i
1,0.8036774188632587,0.566438343886782,37.78180858714824,0.9040782227502644,212.48067298574227
2,0.1997361978842696,0.2828902200685802,31.39655769899801,0.332425220960216,212.76265994959863
