PrincipalComponent,coi,c1i,a1i,c2i,a2i
1,0.7997572595923623,0.6671386964598971,49.12453282880091,0.6515552793117964,215.74087718491285
2,0.2180351291582241,0.373251226250667,37.097978611355536,0.4067786087837768,216.7745090088955
