PrincipalComponent,coi,c1i,a1i,c2i,a2i
1,0.8290238477334647,0.8016532219385444,30.86556574551641,1.1839616336547254,250.0
2,0.0553637505459615,0.0612283137247572,39.42638724725713,0.0133472243063961,222.24000125335692
