PrincipalComponent,coi,c1i,a1i,c2i,a2i
1,0.8789065649998083,0.7354180628596217,47.11571089176757,0.6073208897666679,214.36032795101605
2,0.1720502105835502,0.2760595990252744,34.31469044673889,0.3350709908540824,215.40507183438515
