PrincipalComponent,coi,c1i,a1i,c2i,a2i
1,0.7827390945830729,0.7713956188324006,31.551549169270423,1.229538119981657,250.0
2,0.1009549174894224,0.1113156513937205,40.662737380153025,0.0215246172944974,222.5867169809147
