PrincipalComponent,coi,c1i,a1i,c2i,a2i
1,0.9180215193292294,0.6575979279692397,31.77110132761739,1.0406751538731895,212.90675709848307
2,0.0695674398458757,0.0623135377049094,29.868056205082855,0.0115391408150055,211.6383942859364
