PrincipalComponent,coi,c1i,a1i,c2i,a2i
1,0.8909315403445333,0.6441928620743169,32.27733010481067,0.9839426259309786,212.2778832571067
2,0.1062533646031952,0.1050142185898159,29.89860765252,0.0717464019865382,211.5715117217465
