PrincipalComponent,coi,c1i,a1i,c2i,a2i
1,0.8600548419934548,0.7960547381551275,30.061939841696816,1.1652294583596077,249.99999999999997
2,0.0341275930599247,0.0332312894752044,38.748679082335386,0.0071464693884676,221.9865062930576
