PrincipalComponent,coi,c1i,a1i,c2i,a2i
1,0.8333038449066704,0.7920869648975936,47.35704310529351,0.4320439865599366,215.9219625061315
2,0.1819558806487033,0.3029995674101059,34.813145695720465,0.4154612907206654,216.0400888067424
