PrincipalComponent,coi,c1i,a1i,c2i,a2i
1,0.8831730149513117,0.643601303022089,35.598118227741516,0.8610459235461011,211.44537745825352
2,0.1516021706088499,0.1841583797472569,30.05116469897648,0.2538693772764879,211.90088795830036
