PrincipalComponent,coi,c1i,a1i,c2i,a2i
1,0.8840040179501555,0.6402747004918049,33.05235820009005,0.95309725109186,212.19131032535077
2,0.1264307822391731,0.1253939936555567,30.000325055309663,0.1143020089532448,211.70608760114385
