PrincipalComponent,coi,c1i,a1i,c2i,a2i
1,0.8900152373711656,0.642541435066229,32.502014298930064,0.9746265263145956,212.2368794838171
2,0.1131345488458469,0.1135117350132478,29.93882634884246,0.0849764687832749,211.61123164592345
