PrincipalComponent,coi,c1i,a1i,c2i,a2i
1,0.8809892772182957,0.679755226842629,40.74800816622185,0.7384371823252835,212.5020961037176
2,0.1637363807216589,0.2430586862203024,31.707947757689432,0.2969274400415934,213.34198652373576
