PrincipalComponent,coi,c1i,a1i,c2i,a2i
1,0.907082893413088,0.6587280555454984,28.74634651686394,1.0999266098420135,210.65942397957812
2,0.0509765975245964,0.0442414507443722,28.624621931312795,3.349792613858013e-19,210.2444652597788
