PrincipalComponent,coi,c1i,a1i,c2i,a2i
1,0.8799254467143518,0.6363890899409663,34.45128232261237,0.9026903107132034,211.78958775943545
2,0.1499817346484107,0.1518770236840247,29.87135142522026,0.1973972813598098,211.82422350201384
