PrincipalComponent,coi,c1i,a1i,c2i,a2i
1,0.8973332726425736,0.6859231821499334,28.723908125890976,1.1311569163307058,210.6187701723211
2,0.0337740143973276,0.0276193127898312,28.59006950183444,6.594487508055027e-19,210.2107020637111
