PrincipalComponent,coi,c1i,a1i,c2i,a2i
1,0.8687392994994074,0.8042893281992255,51.48144486115722,0.4779454653246704,216.3034495585437
2,0.1799391755706071,0.2938804159562185,36.36003078512674,0.3619363082664038,217.07919393351688
