PrincipalComponent,coi,c1i,a1i,c2i,a2i
1,0.9032577923092032,0.6516738106355073,32.47566162910009,1.0078154739997394,212.66021041564775
2,0.0890382278447608,0.0803563951625176,29.968270752468243,0.0338575696404133,211.73305832277765
