PrincipalComponent,coi,c1i,a1i,c2i,a2i
1,0.8827250519232058,0.6456380869850845,34.294867236652486,0.9265221423502964,212.23015434351575
2,0.1390314432002215,0.1343764811988781,30.16109222210482,0.1426215270461727,211.97696830286276
