PrincipalComponent,coi,c1i,a1i,c2i,a2i
1,0.779934313274583,0.6726258423852812,33.47392386716522,1.178813575389962,250.0
2,0.149810846158999,0.1769788685007506,47.99596649941307,0.0056959765551059,224.49804235924944
