PrincipalComponent,coi,c1i,a1i,c2i,a2i
1,0.9508903593299488,0.8767152740494405,58.89816175461354,0.4586641621971621,216.75657462463548
2,0.1608007668122379,0.1889706276496192,37.10866407251442,0.2983517737402479,218.75129708014975
