PrincipalComponent,coi,c1i,a1i,c2i,a2i
1,0.9757563891314832,0.6681654391009323,37.591242191819966,0.9370928026587296,213.36565655746577
2,0.0673836899237345,0.0326494080291265,31.108726491816057,0.0343466058798212,213.16011953931223
