PrincipalComponent,coi,c1i,a1i,c2i,a2i
1,0.9814046457905216,0.6616075572045534,35.960390866477155,0.9744194424888372,213.18402486039187
2,0.0535853288463299,0.0225415498143528,30.7207952232903,0.0170002071239725,212.72001033028917
