PrincipalComponent,coi,c1i,a1i,c2i,a2i
1,0.9681928283722842,0.6928025990185975,41.38504323890892,0.8497658815542755,213.38012404945587
2,0.1116006848225199,0.0676207675357437,31.856272198234173,0.1262193701698263,213.97987956481523
