PrincipalComponent,coi,c1i,a1i,c2i,a2i
1,0.95666931889059,0.7073721661897144,44.35875885331613,0.7767191657800344,212.88436751910092
2,0.1419720427992188,0.1118847167521536,32.265919578702075,0.2246158131030263,214.34078078605376
