PrincipalComponent,coi,c1i,a1i,c2i,a2i
1,0.9654223647279292,0.6693187826403109,37.96992923831856,0.9148596868272556,213.1041183404134
2,0.0860263268188764,0.0499133264450355,31.15568438501676,0.0648873937253128,213.15848017005203
