PrincipalComponent,coi,c1i,a1i,c2i,a2i
1,0.8675100766108725,0.6410806574289999,28.777370422929888,1.130467289388678,210.65768984811973
2,0.0572439254129322,0.0751337779162981,28.655291695420463,0.0160995989048026,210.23600987795615
