PrincipalComponent,coi,c1i,a1i,c2i,a2i
1,0.9626049594804468,0.7841999388638937,51.0662702512755,0.6238813270814041,214.4798691485964
2,0.1472352750304429,0.1562163313449359,34.37291615574679,0.2648335902520408,216.30410796645256
