PrincipalComponent,coi,c1i,a1i,c2i,a2i
1,0.9294785252517124,0.9434668530188054,61.04630596103833,0.3424434495232127,218.36259093130724
2,0.1693972873364515,0.2074789403268077,38.149877067934746,0.3264511515368871,219.75989826867243
