PrincipalComponent,coi,c1i,a1i,c2i,a2i
1,0.9628621488608669,0.649169622779608,32.1337305315487,1.036285543510414,212.9165244158341
2,0.0410738276437696,0.0180123269601735,29.86365292984549,0.0086586911178153,211.721645569585
