PrincipalComponent,coi,c1i,a1i,c2i,a2i
1,0.9212036051313568,0.6460436658194155,28.725622800298435,1.0958300925382698,210.63102893185663
2,0.0350492440022134,0.0271546861036948,28.60453592545258,0.008866204725617,210.22463095254372
