PrincipalComponent,coi,c1i,a1i,c2i,a2i
1,0.8221889157093444,0.6952634283719605,32.8868879389462,1.1388004739956603,249.99999999999997
2,0.1080085126672584,0.1287868325393299,44.65930146067298,1.4570322584219825e-17,223.72850538816613
