PrincipalComponent,coi,c1i,a1i,c2i,a2i
1,0.9628096724449464,0.6773769214818783,39.15333926916746,0.8850278029407398,213.14424865271417
2,0.1029629835007495,0.0617018459907066,31.403894422647067,0.1010752123746571,213.42103462856
