PrincipalComponent,coi,c1i,a1i,c2i,a2i
1,0.8772834873628601,0.8657858985387403,50.970744212677275,0.3923932869629416,216.67257844007412
2,0.1732825824565335,0.2214327904626824,35.17919357791692,0.3756554426023969,217.01782613669664
