PrincipalComponent,coi,c1i,a1i,c2i,a2i
1,0.9570704906990386,0.6877188500899458,41.655624743841194,0.8307850773221674,212.9492621087325
2,0.1316535722967869,0.0814360974288582,31.715491521108753,0.1747934159479706,213.8453442131051
