PrincipalComponent,coi,c1i,a1i,c2i,a2i
1,0.9651195281012788,0.6727119988896473,38.38630820004586,0.90479543264591,213.12359246677863
2,0.0928131267378426,0.0547045790492097,31.257714546471092,0.0766619585564146,213.25602358475055
