PrincipalComponent,coi,c1i,a1i,c2i,a2i
1,1.039054265119295,0.6336479450893594,41.726246385996376,0.9561056860443116,211.12000659802072
2,0.0650357022492565,0.0470417259532325,31.221515312374343,0.0335503968291494,213.44960768093807
