PrincipalComponent,coi,c1i,a1i,c2i,a2i
1,0.9837173891454232,0.5842693151563407,28.709722592606287,1.094165667513472,210.64760018759955
2,0.0342002358004894,0.0291209824161648,28.593946699277243,0.0087436275445451,210.24123560669136
