PrincipalComponent,coi,c1i,a1i,c2i,a2i
1,1.035428003494254,0.6276051247269737,40.87133466854638,0.9653629430965094,211.20618215992832
2,0.060659300249855,0.0432773706018473,31.08825478346584,0.0267720489163161,213.2822549147069
