PrincipalComponent,coi,c1i,a1i,c2i,a2i
1,1.0463582453396283,0.6725826915121619,48.34385375037867,0.8797357973835969,210.9268715899538
2,0.0891426142254992,0.0576576898702565,32.285982527944114,0.0712904574078061,214.8782589910775
