PrincipalComponent,coi,c1i,a1i,c2i,a2i
1,0.9923197839591668,1.0619638947096184,71.95213794437694,0.2727328792208623,218.00274193626493
2,0.1607365477392103,0.1564775959400101,39.24236674453116,0.2619529149079539,222.10051031707172
