PrincipalComponent,coi,c1i,a1i,c2i,a2i
1,1.0376813417821718,0.6421729845679776,43.37680289196756,0.9364828017600022,210.9412305403967
2,0.0769561421450684,0.0529922124370698,31.45261365525543,0.0505780758132157,213.75869953554235
