PrincipalComponent,coi,c1i,a1i,c2i,a2i
1,0.8188132766405998,0.5216908565846575,28.804781613499507,1.1606630400938884,210.73634615968183
2,0.1231623083119031,0.1761480727329533,28.721955524936455,0.0526448259258594,210.2704612431944
