PrincipalComponent,coi,c1i,a1i,c2i,a2i
1,0.8662839626744282,0.5417472416081501,28.789664280243247,1.1361410588652685,210.72312158289697
2,0.0941452935947288,0.123894206711685,28.691590786326586,0.0406231669342902,210.26929657722752
