PrincipalComponent,coi,c1i,a1i,c2i,a2i
1,1.0343127507229597,1.0999487450603211,79.71879529446349,0.2441332135807622,216.2587346400479
2,0.1493048527582917,0.1411109802324708,40.02415056820095,0.2302353609923413,223.28592977661629
