PrincipalComponent,coi,c1i,a1i,c2i,a2i
1,1.03824572904673,0.617342802618992,39.20445267826599,0.9848512510779684,211.8132485250925
2,0.0444158737253317,0.0320841958310123,30.955936888983985,0.0100339712166639,213.0880476304455
