PrincipalComponent,coi,c1i,a1i,c2i,a2i
1,1.032099083143999,0.6016177822454899,36.08354674734375,1.0225422425590345,211.5818047840765
2,0.0369159018426337,0.0273530771526369,30.292151504809013,0.0040845014160118,212.2785560931866
