PrincipalComponent,coi,c1i,a1i,c2i,a2i
1,0.9364426511984452,0.9606093258436756,60.58557032708914,0.3401519656174141,217.75716439815375
2,0.1744504964293019,0.1619111377025313,36.76466636568512,0.322836756971691,219.5131492926179
