PrincipalComponent,coi,c1i,a1i,c2i,a2i
1,1.0497214818280831,0.7559330182498327,59.47520882907901,0.7309546165154888,208.53599800688093
2,0.123781516832555,0.0862901652344698,33.20349076631683,0.1550727549649398,216.44055462651505
