PrincipalComponent,coi,c1i,a1i,c2i,a2i
1,1.048292162259777,0.6836500778630391,50.906237464203265,0.8483471861567012,209.5495441698306
2,0.1030893028221532,0.0651852461177536,32.12579043020934,0.109987955894586,214.95941241865532
