PrincipalComponent,coi,c1i,a1i,c2i,a2i
1,0.7796587401199451,0.4981644402373619,28.79713955060298,1.2003332475812392,210.6788997755131
2,0.1529956873657659,0.2142207375597314,28.72623413819936,0.0810933137092051,210.24342942393392
