PrincipalComponent,coi,c1i,a1i,c2i,a2i
1,1.0441019551243522,0.9294247008142182,70.87152074228844,0.4768407721137743,212.43991173334103
2,0.1425533914782045,0.1198661226485307,36.67941035194623,0.1970855819084044,220.11544869885373
