PrincipalComponent,coi,c1i,a1i,c2i,a2i
1,0.9469881712707212,0.5699828023478977,28.74118402848196,1.114882361540389,210.6590046991675
2,0.0451381445612055,0.0524831670776631,28.631400770333663,0.0198996213030028,210.24735718490203
