PrincipalComponent,coi,c1i,a1i,c2i,a2i
1,0.8654248296690118,0.5263401521085286,36.55247761674363,0.9666542098225446,214.2283530564515
2,0.177899807214572,0.1970875402360832,34.06081853946863,0.1036771894687637,213.54503240007057
