PrincipalComponent,coi,c1i,a1i,c2i,a2i
1,1.0686756460106055,0.6497836498964622,48.330690890893905,0.8467109538787905,212.95222939789804
2,0.0713357089826419,0.0602652968429109,33.38509872328597,0.0476024429791662,215.62990113287316
