PrincipalComponent,coi,c1i,a1i,c2i,a2i
1,1.0923731786426163,1.27410750252002,77.93448046217021,0.1469107662889066,219.1809987834998
2,0.1132004303568392,0.1339307386676275,41.04025852083632,0.1539108427386785,224.1071927838748
