PrincipalComponent,coi,c1i,a1i,c2i,a2i
1,1.0518752965418912,1.1519180486710547,67.81771225283433,0.2275649222293355,219.2204199317747
2,0.118609210079772,0.1383433520204028,38.88752628623315,0.2178811363560835,221.73843362887857
