PrincipalComponent,coi,c1i,a1i,c2i,a2i
1,1.1634951094937436,1.397402435763632,92.14216648085272,0.0354556773711171,215.8712566858184
2,0.0966099102128228,0.092298845327506,42.6308257487061,0.0928861117169431,226.5309249305696
