PrincipalComponent,coi,c1i,a1i,c2i,a2i
1,0.9611920947189008,0.5696594629540763,39.30783410735263,0.9350479537574092,212.75824540609267
2,0.1226990600731606,0.1120221374342409,32.20656422824715,0.0771580534666051,213.4980315658503
