PrincipalComponent,coi,c1i,a1i,c2i,a2i
1,1.205500721269927,1.3734937187034035,100.0,0.0361875718812983,214.957739329512
2,0.0494721961104359,0.0321083940446725,43.87172277311254,0.0089926138576918,228.4133530532951
