PrincipalComponent,coi,c1i,a1i,c2i,a2i
1,1.2001683679652038,1.2579447844802063,94.70192328257468,0.1571767566861908,215.4532692539526
2,0.0449093786014832,0.0293399854707926,42.94339406371989,0.0056769178019411,227.3201268032573
