PrincipalComponent,coi,c1i,a1i,c2i,a2i
1,1.125188189687149,1.3352280749562233,85.50808875218013,0.0940490127252778,217.8577609734242
2,0.1079872182910473,0.1202252066915944,42.1410316077911,0.1223998618732667,225.51992812928088
