PrincipalComponent,coi,c1i,a1i,c2i,a2i
1,1.1691327177325184,0.9646165082390752,77.60369244939484,0.4735548229149324,215.85827752724177
2,0.0408600167404905,0.0317643305993509,39.70431685203757,0.0079653258865022,223.41637190987296
