PrincipalComponent,coi,c1i,a1i,c2i,a2i
1,1.1932936264914369,1.1797749878279855,90.80655654350836,0.2409360029963218,215.58104449418065
2,0.0419994371607363,0.0289075187675626,42.20948075778021,0.0042498812023356,226.4460305473052
