PrincipalComponent,coi,c1i,a1i,c2i,a2i
1,0.8304486430590017,0.5075921765438155,38.86644222163049,0.9749368328042496,216.20356729533364
2,0.2077012850271195,0.2612960647505247,37.45530097309699,0.1016711384011657,215.0155327783585
