PrincipalComponent,coi,c1i,a1i,c2i,a2i
1,1.1879361818017071,1.4418529103265416,99.29229525272936,1.2641965836442337e-17,211.70863191110053
2,0.0864377278258843,0.0538754667374682,42.82550794874634,0.0686602591726312,227.0852159604677
