PrincipalComponent,coi,c1i,a1i,c2i,a2i
1,1.1996060414470902,1.4238072179210108,100.0,0.0079275929689636,212.15323002070633
2,0.0676247362093794,0.0395278216612975,43.04003407011442,0.0380777741072199,227.48629387908468
