PrincipalComponent,coi,c1i,a1i,c2i,a2i
1,1.2023951162621378,1.410034907454892,100.0,0.0093777959636172,214.33590213553987
2,0.0567625813375304,0.0338718080593166,43.660631037704675,0.0179569761297104,228.1936325705561
