PrincipalComponent,coi,c1i,a1i,c2i,a2i
1,0.8004449288272173,0.4955611988131681,40.92428023570266,0.9983092615829506,218.7060631238691
2,0.2421679142455255,0.308248455640972,42.53654514849089,0.1082002550803757,216.79483152099505
