PrincipalComponent,coi,c1i,a1i,c2i,a2i
1,1.1458985359806155,0.8390963496173355,68.8795878580413,0.6077007090350717,215.14325826353885
2,0.048787883945253,0.0409949960920688,37.84584164234792,0.0200168739640553,221.1421136417249
