PrincipalComponent,coi,c1i,a1i,c2i,a2i
1,0.7458369093432842,0.5185759046298299,40.85141840108077,0.9408636421604292,216.1367797456557
2,0.2424651820750678,0.2694071510908032,38.326513189472536,0.2424091148036866,215.22126502371125
