PrincipalComponent,coi,c1i,a1i,c2i,a2i
1,1.1104609089122586,1.189120571408376,92.16670029388452,0.2848722109648418,216.45047216712572
2,0.0574591170693871,0.0383186315285929,42.80864141117103,0.051183645126707,227.0440452551264
