PrincipalComponent,coi,c1i,a1i,c2i,a2i
1,1.1503040042298804,1.4129101722539588,100.0,0.1056390047986832,214.37383642712956
2,0.041158196157153,0.0230718573360701,43.789448779980376,0.0217931664718293,228.25922823265657
