PrincipalComponent,coi,c1i,a1i,c2i,a2i
1,1.1562491265812416,1.4394183157030458,100.0,0.1018673268962351,213.219234975389
2,0.0396212981748149,0.0234666421578309,43.491387705031634,0.0159243443124921,227.899604472797
