PrincipalComponent,coi,c1i,a1i,c2i,a2i
1,0.719282105553199,0.5106964762180795,42.66522678833435,0.9601401963185904,219.33691512514713
2,0.2738818630180434,0.3205334850245621,45.36267287164424,0.2435933656389542,217.21433538260732
