PrincipalComponent,coi,c1i,a1i,c2i,a2i
1,1.0371915376761287,1.341827384417896,75.33409100689373,0.1887139552409077,219.6382642909847
2,0.0929552184354253,0.1017514110726586,40.302425393471026,0.1913801185516695,223.70183527627717
