PrincipalComponent,coi,c1i,a1i,c2i,a2i
1,1.1649915212319246,1.4887688324767547,100.0,0.1006531080284156,209.26065339064473
2,0.0441013152670604,0.0278856003175547,42.47117734688305,0.020615895454573,226.6862708476083
