PrincipalComponent,coi,c1i,a1i,c2i,a2i
1,1.1422359594570757,1.3950983007803035,100.0,0.108443866810292,214.93966345372007
2,0.0432295442658339,0.0247290563757784,43.95759097187671,0.026224933775295,228.44558027860552
