PrincipalComponent,coi,c1i,a1i,c2i,a2i
1,1.08132136116274,1.493253757591732,85.65699443544555,0.0834138688291165,218.77557593820163
2,0.0807592266313631,0.1018788228924118,42.2012657455569,0.1192127888849732,225.8752898423188
