PrincipalComponent,coi,c1i,a1i,c2i,a2i
1,1.1616289331457552,1.4748459206583435,100.0,0.0870630988918288,212.2039302844586
2,0.0388496712220019,0.024462404928187,43.22458396439403,0.014359558941126,227.57931410708736
