PrincipalComponent,coi,c1i,a1i,c2i,a2i
1,1.0716346003157418,0.9946709473440012,82.59558978919733,0.46258033206969,216.12970413140803
2,0.0814022621996965,0.0583692296512876,40.826963203398265,0.0835729930056305,224.66466846583157
