PrincipalComponent,coi,c1i,a1i,c2i,a2i
1,1.1574166618889652,1.561445607921487,100.0,0.04991098809587,208.49604071529268
2,0.0543768420914329,0.0389620988488205,42.28509653016261,0.0372696408039316,226.4122493847686
