PrincipalComponent,coi,c1i,a1i,c2i,a2i
1,1.119363171136619,1.5861306380696367,94.0087914655228,0.0007451897364664,216.46449823523471
2,0.068610243376955,0.0935274760668345,43.32584400316918,0.0799674167325064,227.2111786096834
