PrincipalComponent,coi,c1i,a1i,c2i,a2i
1,0.9840974645020346,0.7108063884964572,59.913075966751805,0.762950485726232,214.20190292708105
2,0.1228398548413564,0.0842157058859331,35.83419192516917,0.1388470166208667,218.6712478174053
