PrincipalComponent,coi,c1i,a1i,c2i,a2i
1,0.8815245619330129,0.587715261773071,46.53473037448002,0.8891225370696982,213.55235808416617
2,0.1669197388946295,0.1333481061546319,33.72584955394615,0.1875291723316021,215.30358488675608
