PrincipalComponent,coi,c1i,a1i,c2i,a2i
1,0.7818219944773513,0.5342962850498337,39.56290184645684,0.9341033189681358,214.14979977050243
2,0.2155045343570988,0.2077909943875352,34.530819069968544,0.2382394488195743,213.9497149877257
