PrincipalComponent,coi,c1i,a1i,c2i,a2i
1,1.1444702170288397,1.5952570386021787,97.69764684389834,5.510770427630743e-17,213.27913319595183
2,0.0681975468822989,0.0599824131842068,43.12075935230457,0.0668848738269571,227.18695181354988
