PrincipalComponent,coi,c1i,a1i,c2i,a2i
1,1.17954658829866,1.7250983573590508,100.0,0.0340155344402454,190.36135218978575
2,0.0396966557550878,0.0344505081723085,37.79714000464685,0.0466043128322144,221.1218018471389
