PrincipalComponent,coi,c1i,a1i,c2i,a2i
1,1.1536172528217878,1.3670135190980324,100.0,0.2558757678815271,184.80296860528992
2,0.0488433373557487,0.0356472762474747,36.11899738709993,0.0591219844596921,219.58740922869953
