PrincipalComponent,coi,c1i,a1i,c2i,a2i
1,0.8858342649397364,0.5714083739630795,39.79071478305707,0.9510770184406404,207.66963169051692
2,0.1571148283496794,0.1290629850985492,28.484598240035087,0.2811869980808469,211.5551268220684
