PrincipalComponent,coi,c1i,a1i,c2i,a2i
1,0.9934434907948198,0.7374534481523801,64.64770122821483,0.7582543508381444,205.699356824402
2,0.1290982148510431,0.1052795766895575,32.8622675646501,0.2064314586075048,216.88340229945268
