PrincipalComponent,coi,c1i,a1i,c2i,a2i
1,1.134261439145141,1.73245812080542,93.93682317059508,0.0,211.0723101269327
2,0.050410660094207,0.0649879537177867,41.71914965400153,0.0889360976107607,225.545202655981
