PrincipalComponent,coi,c1i,a1i,c2i,a2i
1,1.1853144275982574,1.3737615336412925,100.0,0.3346675464216068,163.1445211309536
2,0.0341836656114636,0.0265572436883449,31.118099634674408,0.0292387108060899,213.39354001599511
