PrincipalComponent,coi,c1i,a1i,c2i,a2i
1,1.120242413491452,1.3060996278442225,100.0,0.2450526673537198,190.88530786351564
2,0.068269389539863,0.0528830169132665,37.14212317633905,0.0948088732815328,221.2550698865801
