PrincipalComponent,coi,c1i,a1i,c2i,a2i
1,1.1351579602046262,1.3367682182952885,100.0,0.2416631093870337,189.8761853922556
2,0.0604532949626436,0.0446279629131493,37.08694146449629,0.0818859028447937,221.0053183458953
