PrincipalComponent,coi,c1i,a1i,c2i,a2i
1,0.7032441982665657,0.5077366807326841,28.587721027343623,0.956955012905124,210.24133934901073
2,0.228748375162987,0.2375934650470846,28.53784245642413,0.4316640911894328,209.8345014502714
