PrincipalComponent,coi,c1i,a1i,c2i,a2i
1,1.1628866015968156,1.7541552222061747,98.40208402617672,0.0,202.3004408926854
2,0.0442209349122991,0.0467437482055657,40.499552821527736,0.0681065204006652,224.11832101316952
