PrincipalComponent,coi,c1i,a1i,c2i,a2i
1,1.191286451531174,1.492203282613935,100.0,0.2659710056451251,166.40820586877237
2,0.0324480208294315,0.0260861247233736,31.864328385939313,0.0288048551345024,214.3181890019745
