PrincipalComponent,coi,c1i,a1i,c2i,a2i
1,1.047655007766842,0.9251329072923364,79.59786020990057,0.5920027959802492,202.80065778410577
2,0.1045224068757261,0.0815166751918727,35.51725524275065,0.1522908525011014,219.71068565181744
