PrincipalComponent,coi,c1i,a1i,c2i,a2i
1,0.7724753419796826,0.5294834008539498,28.673995241548894,0.9960473703452368,210.43100793716243
2,0.1920400361968402,0.1730077807082444,28.60221900176327,0.3498379579652048,210.0319230839532
