PrincipalComponent,coi,c1i,a1i,c2i,a2i
1,0.668325323134122,0.4890772385289328,28.559750085676058,0.9622197479241672,210.14123180629863
2,0.2448042474708709,0.2880222428945713,28.51039855939673,0.4636920514482594,209.7352241506331
