PrincipalComponent,coi,c1i,a1i,c2i,a2i
1,0.6358878810778452,0.4823996158281436,28.53910333205999,0.9830405712718616,210.0547469276019
2,0.2677121402916752,0.3092101317394468,28.489529746279068,0.5110741861514491,209.64720827300047
