PrincipalComponent,coi,c1i,a1i,c2i,a2i
1,1.0927411889620664,1.5541609924705988,83.40081021608344,0.1342527946971011,216.28770719812655
2,0.0615923898202034,0.060224330909379,40.87938309824048,0.1602860364875158,224.58564077681064
