PrincipalComponent,coi,c1i,a1i,c2i,a2i
1,1.167924266390715,1.3989073116737842,100.0,0.2608750755299485,180.3469334832801
2,0.0401182980069633,0.0332666075374328,35.253422705147926,0.0424257387133627,218.32051054981991
