PrincipalComponent,coi,c1i,a1i,c2i,a2i
1,1.0753401100098947,1.380304471168302,100.0,0.1699474597175108,176.2975500645306
2,0.1078064600347901,0.0552403093815976,31.92130758604122,0.2058258765086297,217.00873505164793
