PrincipalComponent,coi,c1i,a1i,c2i,a2i
1,0.6842128541654354,0.5475167346523953,28.56075302769394,0.9121171859455492,210.12701409314573
2,0.2388891819120953,0.2334491444304036,28.490054768880317,0.5663320531134732,209.730479341694
