PrincipalComponent,coi,c1i,a1i,c2i,a2i
1,1.1970746913839203,0.8669723595418296,100.0,0.974116627069488,115.98293492813065
2,0.0372823634349625,0.014036434015999,19.646712326039264,0.0472238607411789,200.00860474803977
