PrincipalComponent,coi,c1i,a1i,c2i,a2i
1,1.10717214889727,1.7256288527849504,86.94074224495452,0.0945088799244355,213.3688876997848
2,0.0583347764908711,0.0312470096997992,40.78700105660915,0.1407743160848687,224.56926013079752
