PrincipalComponent,coi,c1i,a1i,c2i,a2i
1,1.1175458166241872,1.4170545239999426,100.0,0.2212285042012446,163.9207215549659
2,0.0807373522673135,0.0382477871577486,30.084721187783128,0.1511331527064851,213.6526775582608
