PrincipalComponent,coi,c1i,a1i,c2i,a2i
1,1.1810391909338953,1.715969626775643e-17,96.93635029611254,1.758610072596733,108.67910707300126
2,0.0415329640854803,0.023066293790348,16.88187523602442,0.0766176554267499,197.0190907965734
