PrincipalComponent,coi,c1i,a1i,c2i,a2i
1,1.1728355583165182,1.887201782976028,99.3251483073047,0.0,191.90905854732475
2,0.0416189759371193,0.0191400116622491,37.95073907517271,0.0586049449605069,221.3455762000296
