PrincipalComponent,coi,c1i,a1i,c2i,a2i
1,0.8454740099900019,0.5859298654790002,53.7007972790418,0.7736241349505998,190.13388774988223
2,0.1326755441090157,0.222282275382653,12.105224602671676,0.5106573890320898,206.1785575160247
