PrincipalComponent,coi,c1i,a1i,c2i,a2i
1,0.8997439738638235,0.6581592198467688,54.728523894992165,0.7821437214033253,198.1499891829408
2,0.1754511910032592,0.1277716215778316,23.907156921660174,0.4134159103363522,211.6219950663168
