PrincipalComponent,coi,c1i,a1i,c2i,a2i
1,1.1457409956369071,1.8734066346680327,94.91600908033688,0.0,204.87398183448624
2,0.0502921745234056,0.0194237552067154,40.220731635561805,0.0881114234237482,223.964135438542
