PrincipalComponent,coi,c1i,a1i,c2i,a2i
1,1.184601807492085,1.824405218357804,100.0,0.0597371583931761,171.18349858191215
2,0.0389919856531933,0.0123020474750264,33.04095477596529,0.043200850932157,215.68667032230735
