PrincipalComponent,coi,c1i,a1i,c2i,a2i
1,1.0914778431576777,1.402292181229153,100.0,0.1792621953316643,174.08454016016836
2,0.0987398153325278,0.0492280342740773,31.794246378172595,0.1867996517836483,216.4474575831946
