PrincipalComponent,coi,c1i,a1i,c2i,a2i
1,0.9896725902510928,1.0272505797589555,87.55208595366703,0.3871030003160812,194.90167571630337
2,0.1616491629722689,0.1001522197872923,31.05539697073372,0.330464023837543,218.82822989001457
