PrincipalComponent,coi,c1i,a1i,c2i,a2i
1,0.6537912055062273,0.5255958465176312,28.533669575410496,0.921372162083324,210.03375568321977
2,0.2503511123797597,0.2874541163403708,28.46508209001114,0.5940711744779481,209.64066708702092
