PrincipalComponent,coi,c1i,a1i,c2i,a2i
1,1.143476253607488,1.41515130106357,100.0,0.2761445766576224,153.1802518262571
2,0.0629588048049613,0.0317859296900048,28.049865236218334,0.1188193414096041,210.5933956980212
