PrincipalComponent,coi,c1i,a1i,c2i,a2i
1,0.6231127081977,0.5143490512089103,28.51073019519377,0.9488318362182117,209.95636038343628
2,0.2716779118362971,0.3128918721244035,28.44565310567901,0.6350074472055308,209.553212987041
