PrincipalComponent,coi,c1i,a1i,c2i,a2i
1,1.0277099111727883,1.1854318320812962,94.19551218359136,0.2821215975361961,191.52879688989177
2,0.1382054348383915,0.0818463378163656,33.274197712144016,0.2683891469927751,219.7737018985938
