PrincipalComponent,coi,c1i,a1i,c2i,a2i
1,1.0218414798221434,1.3439133561711798,94.09894746107678,0.1928362338745926,206.7617225890158
2,0.0983953169197493,0.1560574921181785,42.03507298441062,0.2295687895799156,224.28594402951717
