PrincipalComponent,coi,c1i,a1i,c2i,a2i
1,1.0811864782869405,1.690981846499899,100.0,0.0309118804101803,198.0540282326361
2,0.0676447283714307,0.0899509541031108,40.41928285048259,0.143119548476737,223.34447388491137
