PrincipalComponent,coi,c1i,a1i,c2i,a2i
1,1.007776280662566,1.2912612354070163,92.70466814856007,0.2194813769110837,207.1281091931984
2,0.1042849111235905,0.1643040826985947,42.17199927356113,0.2445479540926805,224.03606715065317
