PrincipalComponent,coi,c1i,a1i,c2i,a2i
1,1.1052781814701274,1.984872201982485,91.7924585502324,1.291940141423521e-16,214.612223035527
2,0.0278757605672196,0.0283721616286324,42.017851282810746,0.0391173591757435,225.9689831493459
