PrincipalComponent,coi,c1i,a1i,c2i,a2i
1,0.6393347774062342,0.5058273764212282,31.45341034202036,0.939852463466094,220.78282966526217
2,0.2737904749764363,0.596176386029698,68.00062154935054,0.3298247607122344,215.06499519183365
