PrincipalComponent,coi,c1i,a1i,c2i,a2i
1,1.13910295808413,1.929512139596758,97.89880323189786,5.628674214501897e-17,205.85920504392297
2,0.0302945654703265,0.0341193798697701,41.17479572055409,0.0461904832297002,224.97018917566777
