PrincipalComponent,coi,c1i,a1i,c2i,a2i
1,1.124591383109555,1.976108937696976,95.04932599762068,0.0,210.89732387718007
2,0.0271891145160017,0.0276534347664774,41.73870966948336,0.0351137928809633,225.68884823274416
