PrincipalComponent,coi,c1i,a1i,c2i,a2i
1,1.1138409589468177,1.8381111436016089,100.0,0.0016139848027056,197.34154630632923
2,0.044880743114464,0.0583799576497184,39.85691906536314,0.0918232376371211,223.1195844279717
