PrincipalComponent,coi,c1i,a1i,c2i,a2i
1,0.8785835648351773,0.7302897579595474,61.87915348586166,0.6499101906477162,209.11176613541275
2,0.1599578191115067,0.2312291382446032,37.80926957708644,0.4229578739369643,216.4484364215257
