PrincipalComponent,coi,c1i,a1i,c2i,a2i
1,0.9693124282525352,1.13547679841523,88.22256723811853,0.2961671778369258,209.8139196735617
2,0.1258879409506952,0.1941112925805385,42.8078794498613,0.2948397886742864,223.55548230247308
