PrincipalComponent,coi,c1i,a1i,c2i,a2i
1,0.7296668020930336,0.5341320119253907,38.74005834967727,0.8340494729980019,212.8813731855141
2,0.1954857241089095,0.3741035946298749,39.77506425474902,0.5152808761256154,212.63738546661727
