PrincipalComponent,coi,c1i,a1i,c2i,a2i
1,1.043063776544768,1.4448461441466682,96.8922973689684,0.1382060805568901,205.0995336433807
2,0.0874677363941873,0.1418594903117385,41.90104944605863,0.2003294982627502,224.55725461050133
