PrincipalComponent,coi,c1i,a1i,c2i,a2i
1,0.7855627721269359,0.5815362642414391,42.10587439563261,0.8192114910802843,210.05334494301
2,0.1714960535121104,0.2787687708375795,34.766696047889475,0.4894470102820926,212.28013855862056
