PrincipalComponent,coi,c1i,a1i,c2i,a2i
1,0.677388544049638,0.5102074031738207,32.9645913875193,0.8915112272163281,216.0298379316694
2,0.2415082489572531,0.499599476206674,58.68233282645964,0.3991308174622908,213.5300394777429
