PrincipalComponent,coi,c1i,a1i,c2i,a2i
1,1.0782313550210365,1.9375851365568708,88.34010384392853,0.0,217.63346871212107
2,0.0318412290405955,0.0354729392903961,42.13745242196066,0.0703763498176303,226.0486229738674
