PrincipalComponent,coi,c1i,a1i,c2i,a2i
1,1.062471316599652,1.5527717283039304,99.58136068982122,0.0764383641439035,203.37934733750413
2,0.077789390467644,0.1326808840695026,41.97695553299676,0.1701025970009453,224.73026400221733
