PrincipalComponent,coi,c1i,a1i,c2i,a2i
1,0.943208332559252,1.0134765768890737,84.15053010637136,0.362452825102394,210.2905731198115
2,0.1437175455301234,0.2184241600386934,43.00587766457437,0.3425564990696116,222.4179195675639
