PrincipalComponent,coi,c1i,a1i,c2i,a2i
1,0.8207742493926999,0.8437617148736596,56.21042694575331,0.4676872242888047,216.768439392763
2,0.1530366810265339,0.2574430226265581,37.28968089926518,0.4475817689491949,218.16358814792875
