PrincipalComponent,coi,c1i,a1i,c2i,a2i
1,0.8878541934793489,1.0409172660614718,66.05672516385964,0.3594407820197744,218.1678319229397
2,0.1249667796680751,0.2094223362766708,39.225184460604126,0.3428871227712128,221.0049757060171
