PrincipalComponent,coi,c1i,a1i,c2i,a2i
1,0.6360925629372931,0.6626433373727965,41.956416966207065,0.6540611489200234,226.80637130772564
2,0.2673378702807325,0.658388980090013,74.49116111919835,0.2895952413285367,221.5930615939176
