PrincipalComponent,coi,c1i,a1i,c2i,a2i
1,0.7150354716533877,0.7277489032985923,49.10851814171288,0.5208666434373445,227.6130866019972
2,0.2234400819799873,0.4728843564034003,64.95037251353861,0.3909698797209838,216.41565048809372
