PrincipalComponent,coi,c1i,a1i,c2i,a2i
1,0.7702663765317497,0.7585427266882262,51.8026719503272,0.5155900915442375,216.39394299274556
2,0.1657898695801751,0.3107765599918601,37.431759042489205,0.4972396563509879,217.02396881891025
