PrincipalComponent,coi,c1i,a1i,c2i,a2i
1,0.9799253516804712,1.3397513394973175,76.86005241047441,0.2338456611304083,218.10057203664493
2,0.0865576387496386,0.151456482436278,40.809736976484466,0.2350722968519699,223.56869142773095
