PrincipalComponent,coi,c1i,a1i,c2i,a2i
1,0.862470437908801,0.9493414557285133,62.3811453560497,0.4025570439141114,217.77293573099175
2,0.1381101668777377,0.2358321275936569,38.68972105918541,0.3836758443042175,219.9910796629306
