PrincipalComponent,coi,c1i,a1i,c2i,a2i
1,1.0125117837489754,1.461179016174941,81.24362496670565,0.1818307317746976,217.36370902536348
2,0.0747748327577381,0.1282146992888854,41.3210831581012,0.1969754884168382,224.36943911912837
