PrincipalComponent,coi,c1i,a1i,c2i,a2i
1,0.9598975858784562,1.2691186049658965,74.4328773645143,0.2649815806516483,218.23943596559488
2,0.0950986049021033,0.1592333607725765,40.41388590017725,0.2600818511175654,223.05718152744203
