PrincipalComponent,coi,c1i,a1i,c2i,a2i
1,1.044486757060052,1.6249676716770394,84.49376280465928,0.1152282020328875,217.07435205429195
2,0.0565394522122431,0.104266461022748,41.5924728321682,0.1491676626068558,225.01985649008708
