PrincipalComponent,coi,c1i,a1i,c2i,a2i
1,1.0709551542991025,1.8321679208279664,85.40616542246507,0.0228289902578373,218.18102913290303
2,0.0323387963308588,0.0713709947961342,41.74737493961449,0.074292478395302,225.5391107074694
