PrincipalComponent,coi,c1i,a1i,c2i,a2i
1,0.9386287790156586,1.196962575350293,71.65016715276273,0.2969960673768265,218.22277697122783
2,0.1042730488446278,0.1710696819878506,39.954676097475776,0.2868062984698936,222.3746026687589
