PrincipalComponent,coi,c1i,a1i,c2i,a2i
1,1.065656716194888,1.935248459268176,84.36518327218776,0.0,218.96161530294853
2,0.0275980929738538,0.0341436499416469,41.64190622917224,0.0522610008795375,225.50119002277353
