PrincipalComponent,coi,c1i,a1i,c2i,a2i
1,0.6777324591834645,0.6852433334404857,45.49868016928503,0.579737637331837,225.05223375190215
2,0.2385207614291072,0.5586204223383585,66.52641415248284,0.3616766973979637,220.48919570218072
