PrincipalComponent,coi,c1i,a1i,c2i,a2i
1,1.035687375343756,1.955381893551153,80.52104830749214,1.1084515825271355e-16,220.37941052454835
2,0.0207401612827502,0.0323147663824557,41.22076764610366,0.0316177766838026,225.017348991938
