PrincipalComponent,coi,c1i,a1i,c2i,a2i
1,1.0526326444687093,1.969280165145401,82.30208921286007,9.081615592078865e-17,219.6206525318291
2,0.0236336194549021,0.0283156221329891,41.3638436027092,0.0358473536772455,225.18656514347555
