PrincipalComponent,coi,c1i,a1i,c2i,a2i
1,0.9253995117479435,1.158661766664248,70.36104160689514,0.3121378778625596,218.1557443370205
2,0.108440459197761,0.1789949782483912,39.8123591479844,0.2997950647279851,222.04971189448133
