PrincipalComponent,coi,c1i,a1i,c2i,a2i
1,0.8912602900393702,1.1796954252677558,69.94578506381032,0.2026563279953924,250.0
2,0.1287440460590917,0.1635295303165877,74.54843653437388,0.3474173150604434,188.71584324426027
