PrincipalComponent,coi,c1i,a1i,c2i,a2i
1,1.007073035869684,1.620417335824429,77.06409896539135,0.1716302303098957,219.3671320589017
2,0.0516298538508051,0.0598296538772957,40.488861430522334,0.1836347496554496,223.9868492526751
