PrincipalComponent,coi,c1i,a1i,c2i,a2i
1,0.9047784119811848,1.1037254152867988,62.825303679935175,0.3897673182575248,217.81361827755137
2,0.0999388672826763,0.1291112150802849,37.62920925541455,0.3718204423202028,220.19133966323784
