PrincipalComponent,coi,c1i,a1i,c2i,a2i
1,1.015903519204162,1.9036474113928776,80.91738731465684,0.0202432083993793,220.71373016219803
2,0.0191118056942003,0.0461797628131049,41.54068027003765,0.057150786142976,225.24953171456505
