PrincipalComponent,coi,c1i,a1i,c2i,a2i
1,1.015812153902312,1.7955387837571557,79.9997461718252,0.08259961919138,219.9817482489402
2,0.0333561190047575,0.0459249397756757,41.196597130543694,0.1107633273854775,224.84600228331396
