PrincipalComponent,coi,c1i,a1i,c2i,a2i
1,0.6674823930350882,0.6759085297395698,46.5088607211222,0.529681192276715,231.093452933794
2,0.221415180862159,0.524321470951336,64.41829008907466,0.4382918624246187,214.8284377906949
