PrincipalComponent,coi,c1i,a1i,c2i,a2i
1,1.0078900101454853,1.939272359668183,80.78411861088195,3.396424772291273e-17,221.19700038422584
2,0.0182113703450359,0.0231285900450012,41.544788541094285,0.0381834948539293,225.3731199396338
