PrincipalComponent,coi,c1i,a1i,c2i,a2i
1,0.6969737780036942,0.7027937159375522,47.45852047155587,0.4955877792355143,233.53094105299095
2,0.2085849672602089,0.4611689231534666,66.06107108109059,0.4419370736864376,211.7371935422818
