PrincipalComponent,coi,c1i,a1i,c2i,a2i
1,0.8013124810285828,0.8993405778561282,59.147612301051765,0.3340630024354805,250.0
2,0.1799013305850353,0.293253804763022,77.02474120113015,0.3992010710239,195.27924570625393
