PrincipalComponent,coi,c1i,a1i,c2i,a2i
1,0.7509010927379121,0.8087849512166241,54.21319906919671,0.4033014472078822,249.33329927091572
2,0.200763035924499,0.3849758073918471,79.74025319603489,0.3858774611532343,199.55796886501835
