PrincipalComponent,coi,c1i,a1i,c2i,a2i
1,0.8852155578631246,1.0415781632109855,59.9692902598936,0.4141231161291704,217.47953356462267
2,0.1058994329465401,0.1422798695420828,37.06558349760823,0.3951758618723595,219.39292808224616
