PrincipalComponent,coi,c1i,a1i,c2i,a2i
1,0.9548908953443708,1.264772893744063,69.8831035174641,0.3278391839580373,218.19876043881965
2,0.0841773206100726,0.1008296254621372,39.01789389203191,0.3160402387614162,221.9459189163748
