PrincipalComponent,coi,c1i,a1i,c2i,a2i
1,0.8603811972538707,1.0818755033590837,67.0965755801007,0.2291528579215414,250.0
2,0.144308116957917,0.21737189941404,75.55027538505908,0.3551138285542137,193.1570606586039
