PrincipalComponent,coi,c1i,a1i,c2i,a2i
1,0.6315399652385665,0.6620567265725731,45.221669058878305,0.5883750112920021,230.74797043267463
2,0.2499154350375177,0.5846975986030634,68.35386250826431,0.4098762580725122,216.4164668963072
