PrincipalComponent,coi,c1i,a1i,c2i,a2i
1,0.9832647116183548,1.4111741263440472,73.79621313425976,0.2732017415741981,218.38662575482368
2,0.0711152863511266,0.0796512872121673,39.70605594416848,0.2699320806594699,222.90166340787783
