PrincipalComponent,coi,c1i,a1i,c2i,a2i
1,0.8400093460213376,1.0089297792716856,65.23469532752485,0.2525863487224915,250.0
2,0.1602188995029603,0.2668530659272593,77.51874540663951,0.3583152498918048,195.8217408197946
