PrincipalComponent,coi,c1i,a1i,c2i,a2i
1,0.6118469316842088,1.2023804138072884,46.39573190585889,0.2398445656125641,216.63884186877536
2,0.1115907246459307,0.1512046237849217,34.05621790349349,0.2250675613637324,216.22186795326888
