PrincipalComponent,coi,c1i,a1i,c2i,a2i
1,0.6205685364826427,1.1282810768393527,35.420965458737314,0.2092586905137169,213.0370200682588
2,0.089244148289265,0.1129865574795653,30.650106206458144,0.1934135917553871,212.56842893367892
