PrincipalComponent,coi,c1i,a1i,c2i,a2i
1,0.6939357921433674,1.202108618106026,43.11266688404111,0.1431976925873126,215.58391827835732
2,0.085625908948852,0.0808244924243471,32.86666768508515,0.1276003647557996,215.1793957745044
