PrincipalComponent,coi,c1i,a1i,c2i,a2i
1,0.7483048950235762,1.0331532162998385,49.38151889737003,0.4686282714682874,217.28456839837096
2,0.0715607068698293,0.1910119921139363,35.31353214068979,1.450216927276207e-19,217.27766627760803
