PrincipalComponent,coi,c1i,a1i,c2i,a2i
1,0.751222399550473,0.9110751622034318,48.10592392615872,0.6897604803518893,216.3338608698628
2,0.074443871854405,0.2225269536076935,35.48435469944061,1.860601261774771e-17,216.7922885113063
