PrincipalComponent,coi,c1i,a1i,c2i,a2i
1,0.7738109332988673,0.8996214415510938,48.28214710214308,0.7420855597811007,216.0597848669686
2,0.0878011069182847,0.2425144279823264,35.73860777579207,2.61874582306007e-19,216.7842805181738
