PrincipalComponent,coi,c1i,a1i,c2i,a2i
1,0.7467134964412004,0.845691636182485,41.11487786678032,0.8448854869261386,214.9025863019342
2,0.0708642852390563,0.3072705837449926,35.03621338244867,0.0,214.91426302879748
