PrincipalComponent,coi,c1i,a1i,c2i,a2i
1,0.7498694828832045,0.9248752733205,41.70411025475083,0.6772704865436253,215.43337382512505
2,0.0825075925144283,0.3142739720953168,35.2692284437836,0.0,215.22596504950803
