PrincipalComponent,coi,c1i,a1i,c2i,a2i
1,0.1173790530461349,0.94629117339837,21.451427326917894,0.5702876392100799,250.0
2,0.0868420794087359,0.4794795361677812,48.796595075964134,0.0753558341303915,221.74359934839765
