PrincipalComponent,coi,c1i,a1i,c2i,a2i
1,0.0939631434759965,1.4853505478755744,27.380560125537347,0.2960849908177116,209.9732048737617
2,0.0128145672647473,0.0346226780461748,28.18692391415947,0.054355757581841,209.5438008688035
