PrincipalComponent,coi,c1i,a1i,c2i,a2i
1,0.1162682701256471,0.9809365247916242,22.518410484174765,0.3525439165869821,221.28749511645228
2,0.1020405659144625,0.4966483839649223,52.486812219107165,0.0557659258489518,215.36221882057748
