PrincipalComponent,coi,c1i,a1i,c2i,a2i
1,0.1225139356409271,0.9167575631043574,20.77441408349578,0.6788522140386728,250.0
2,0.0823593392697617,0.4340576080250691,45.78672113675136,0.1178549528896417,220.9016018686571
