PrincipalComponent,coi,c1i,a1i,c2i,a2i
1,0.1429982892259801,1.0430052077718246,25.857650132818577,0.5671174749397054,209.6630218560766
2,0.0623632633049137,0.1457402407988654,27.90447587204394,0.3282327262064837,209.12244506613985
