PrincipalComponent,coi,c1i,a1i,c2i,a2i
1,0.0881924244667646,1.3896686891649266,26.8045896528165,0.343604210700914,209.81164915198977
2,0.0217790882194147,0.0603257022619636,28.08918544151051,0.1169340986534916,209.35365771732776
