PrincipalComponent,coi,c1i,a1i,c2i,a2i
1,0.1241816956806278,1.1529704247763517,26.95946710938398,0.4613341171972094,210.04335813932624
2,0.0507642674694235,0.109770874002433,28.23799169434147,0.2888128494243163,209.48660833327313
