PrincipalComponent,coi,c1i,a1i,c2i,a2i
1,0.107513795271671,1.5286858780075734,26.857365613159768,0.3370210823603228,209.885331732409
2,0.003141429224199,0.0067606571756105,28.080977834225727,0.007327362107353,209.4013351624973
