PrincipalComponent,coi,c1i,a1i,c2i,a2i
1,0.0576569825404843,0.7438907018125093,25.797925368650404,0.2098005865674297,208.80550583346957
