PrincipalComponent,coi,c1i,a1i,c2i,a2i
1,0.0950189543422522,1.2977873130894468,26.801762090760388,0.3824745430865102,209.8789211928219
2,0.0299741235088323,0.0759005118391766,28.114463231437696,0.1812970299794574,209.38543939795835
