PrincipalComponent,coi,c1i,a1i,c2i,a2i
1,0.153058292077588,0.986418512847276,25.40501219696645,0.610268700931817,209.5519195510917
2,0.0633040098570719,0.1816371558214631,27.834420194621615,0.3335062776695647,208.95141803593697
