PrincipalComponent,coi,c1i,a1i,c2i,a2i
1,0.137888099382071,0.9237843329671478,21.72630872910521,0.6989238115099475,250.0
2,0.1199882871246327,0.4320985982369187,69.2065761104321,0.0496146887764057,225.36877725979625
