PrincipalComponent,coi,c1i,a1i,c2i,a2i
1,0.1523883766426644,0.9508670671892304,23.486449778343335,0.6922009672818883,250.0
2,0.1016595086952422,0.2582252853389279,52.44723091295022,0.2365075574433606,224.09149713866964
