PrincipalComponent,coi,c1i,a1i,c2i,a2i
1,0.1305363849678477,1.132326755662017,27.01508853523912,0.4700685591058708,210.06374708873537
2,0.0539764427125492,0.1180242126337299,28.25414983953028,0.3001328340774431,209.5149728721359
