PrincipalComponent,coi,c1i,a1i,c2i,a2i
1,0.105283327698097,1.2319602073981024,26.806055239704804,0.4189778009032874,209.92726425545175
2,0.039891657408502,0.0866322419842484,28.142883071124917,0.2328328958427395,209.401237000228
