PrincipalComponent,coi,c1i,a1i,c2i,a2i
1,0.1380504994612126,1.0880085713209198,26.607136076207446,0.517100245978246,209.8965214000044
2,0.0592703845532217,0.1281772074948861,28.117576271546383,0.3216855269192739,209.37704252441225
