PrincipalComponent,coi,c1i,a1i,c2i,a2i
1,0.1404348586349796,0.9957670610530648,25.77473587695825,0.5667631953407591,209.57358509722863
2,0.0775826338109003,0.1394716620484976,27.78748362606138,0.390874795997489,209.04126033438928
