PrincipalComponent,coi,c1i,a1i,c2i,a2i
1,0.156013715136498,0.8637600699005388,22.74825300262273,0.7476445573122812,250.0
2,0.116974324096604,0.2581028687889123,45.77224336105203,0.3165294935187913,224.07380280935163
