PrincipalComponent,coi,c1i,a1i,c2i,a2i
1,0.075069422913848,0.6661122042445985,24.274154989926277,0.3288419017578414,208.15939982124073
