PrincipalComponent,coi,c1i,a1i,c2i,a2i
1,0.1328241156340803,1.0380239742021309,26.20494616161268,0.5201725859504571,209.7128244498539
2,0.0722424487725607,0.1310521782627454,27.936848006115532,0.3695521176523919,209.20144148764723
