PrincipalComponent,coi,c1i,a1i,c2i,a2i
1,0.1220826431138829,0.8595018789038522,20.83763117668348,0.6413162845398103,249.99999999999997
2,0.0988054023852185,0.468746821578318,42.5331821561803,0.1563569649439023,220.6794895123242
