PrincipalComponent,coi,c1i,a1i,c2i,a2i
1,0.1002288773348403,1.1996498274595937,26.150836165607988,0.4391431604321743,209.71873010396232
2,0.0464931705156326,0.0928608358665884,27.912703047889327,0.2428113572835434,209.1797202551197
