PrincipalComponent,coi,c1i,a1i,c2i,a2i
1,0.1150752816780388,1.429203709133738,26.04522470907907,0.4394226331784223,209.52916295472812
2,0.0123466222734647,0.0266493890269275,27.75444465639016,0.0275327851710355,209.07598782216385
