PrincipalComponent,coi,c1i,a1i,c2i,a2i
1,0.1182185206663872,0.8984491949539207,21.89239609051826,0.4233880957998108,222.90925529117376
2,0.1257433252592817,0.4893106179877572,50.52531412518113,0.1125878355046898,215.34296814912545
