PrincipalComponent,coi,c1i,a1i,c2i,a2i
1,0.1263557289345841,1.0593189461684973,26.16662645590976,0.510559652599872,209.7118349952351
2,0.0692733861352684,0.1221508145547941,27.9388254262211,0.3590011505095534,209.204872791805
