PrincipalComponent,coi,c1i,a1i,c2i,a2i
1,0.1088377248683783,1.1369671653713491,26.09571751268517,0.4707836661192062,209.74558516022148
2,0.05774700272693,0.1003437197043336,27.917079459721396,0.2997053752188666,209.18884269381007
