PrincipalComponent,coi,c1i,a1i,c2i,a2i
1,0.1271468321635696,1.4003377509132036,25.012730774378873,0.5316171705235613,209.31432176051877
2,0.0054481118540335,0.0095332045410492,27.47477897793531,0.0083795944851515,208.74127331058045
