PrincipalComponent,coi,c1i,a1i,c2i,a2i
1,0.12620940653855,0.8294527403697652,20.100624197906185,0.7461808293450813,250.0
2,0.0971289057693636,0.4301267641293053,40.456749037911415,0.1920811781689685,220.1638896817912
