PrincipalComponent,coi,c1i,a1i,c2i,a2i
1,0.099345886151217,1.3809250214583428,26.64153015813356,0.378721982560935,209.76704660603457
2,0.026103216420528,0.0582393904956692,28.014245067310306,0.0935399386061306,209.3023368908945
