PrincipalComponent,coi,c1i,a1i,c2i,a2i
1,0.1465119091401251,0.9520387472382263,25.06119146900174,0.6165672456121425,209.3810423815411
2,0.0805245921820297,0.1561910769954443,27.577790656443185,0.3957319588598788,208.7879304430068
