PrincipalComponent,coi,c1i,a1i,c2i,a2i
1,0.0929934804930504,1.2877709620718587,26.122416703897912,0.4120788372856459,209.66270471859
2,0.0375586532734156,0.0813056720874389,27.885223218493877,0.1678956075695479,209.15394223589615
