PrincipalComponent,coi,c1i,a1i,c2i,a2i
1,0.157356154647029,0.8953926502181088,24.579169623597636,0.6619684556581594,209.29123131633392
2,0.0808787050046014,0.1924528668639893,27.48414830691384,0.3980702528845817,208.61735321728796
