PrincipalComponent,coi,c1i,a1i,c2i,a2i
1,0.1411380280086215,0.8345134168543608,21.04545124658531,0.7607391220292551,250.0
2,0.1392248951431713,0.4094511191963743,60.573347171542,0.1483956285850251,224.4396676701821
