PrincipalComponent,coi,c1i,a1i,c2i,a2i
1,0.0985452032198248,1.5551600044382332,28.67705890039844,0.2446755004607073,210.28409358540443
2,0.0055890337585067,0.0151622125382333,28.462025270733182,0.0235916216218485,209.94713965226268
