PrincipalComponent,coi,c1i,a1i,c2i,a2i
1,0.1070542610878052,1.3058775607257742,27.96694157317589,0.4050951062377321,210.28563406402583
2,0.0303447702628143,0.0631653701545083,28.49563020788369,0.1714618422973737,209.7922309752809
