PrincipalComponent,coi,c1i,a1i,c2i,a2i
1,0.118796733767023,1.0203608247207168,22.493998160946543,0.5110130199076375,229.45929799639393
2,0.0934582265750089,0.4701700687058203,62.516662920125654,0.0,218.98504295498037
