PrincipalComponent,coi,c1i,a1i,c2i,a2i
1,0.1438545726008518,1.1215071256895506,27.099124245024463,0.5538506084297392,210.1365129566472
2,0.0528203056430088,0.1168771735610812,28.325336881389298,0.2688702383058232,209.54913052784443
