PrincipalComponent,coi,c1i,a1i,c2i,a2i
1,0.0909367829467536,1.4634083981719437,27.969197625658634,0.3106915954321669,210.1767039259927
2,0.0134767157094694,0.0363404178779097,28.39318441026732,0.0724380446177976,209.7472725580145
