PrincipalComponent,coi,c1i,a1i,c2i,a2i
1,0.1313233905746413,1.2097722941119344,28.240140991110643,0.45837832200174,210.467749556632
2,0.0448809048218217,0.0916989834838791,28.651950257380516,0.236501079857589,209.91945685937972
