PrincipalComponent,coi,c1i,a1i,c2i,a2i
1,0.0592403282142399,0.791387751723175,28.666242597804334,0.1261727162969032,210.25889956306293
