PrincipalComponent,coi,c1i,a1i,c2i,a2i
1,0.1387801092124502,1.165610876425165,27.84727910927521,0.5053841552009705,210.35076867644185
2,0.0501067164004722,0.1011623956261995,28.538585463821537,0.2590864223609143,209.79737869497532
