PrincipalComponent,coi,c1i,a1i,c2i,a2i
1,0.0969878163393947,1.372624383721866,27.96822776058869,0.3612706542593734,210.2254432454311
2,0.021221839647145,0.0512758267809114,28.4735412880985,0.126187383799438,209.7628806055031
