PrincipalComponent,coi,c1i,a1i,c2i,a2i
1,0.1253596445851434,1.2289398451973257,28.161512820249296,0.4509178568729667,210.42654956382876
2,0.0411923031472428,0.0848393741331985,28.616607405510983,0.2241101401935422,209.88327561868743
