PrincipalComponent,coi,c1i,a1i,c2i,a2i
1,0.1528311819002298,1.0679370307925835,26.68637452761553,0.5913542038987609,210.0322208400193
2,0.0548168291949561,0.1492173592567743,28.27348416829568,0.2806376047456335,209.4293170762593
