PrincipalComponent,coi,c1i,a1i,c2i,a2i
1,0.1235235194299044,0.9922560658742444,21.87618868980758,0.6285827831960701,238.80341599670564
2,0.1033604067126346,0.4430452017280292,68.15770345591736,0.0,221.99855830152697
