PrincipalComponent,coi,c1i,a1i,c2i,a2i
1,0.114821481494449,1.064110799969224,23.5115612083951,0.3044535044049825,223.3551074138555
2,0.09279718354881,0.489946064465551,59.697187725755455,0.000448541348121,217.05201383059224
