PrincipalComponent,coi,c1i,a1i,c2i,a2i
1,0.1363476468394305,1.0051465940033206,22.907366592746637,0.6606090880857769,250.0
2,0.1017067688265141,0.4166184509548181,74.23539807637066,0.0055042043405714,225.66186677188557
