PrincipalComponent,coi,c1i,a1i,c2i,a2i
1,0.1554458341915714,0.9944376164634616,24.28436827049792,0.6543354807071426,209.334252479831
2,0.0504521507348956,0.2018168554512694,27.71409025902167,0.2702360295684855,208.6304049212131
