PrincipalComponent,coi,c1i,a1i,c2i,a2i
1,0.149891830444886,1.205224645932795,28.910608708100067,0.5961100685505205,210.45454507418611
2,0.0386682142617194,0.0470726969141902,28.758176180599023,0.1687826442697165,210.0652654608874
