PrincipalComponent,coi,c1i,a1i,c2i,a2i
1,0.1175795055638078,1.3302594021329883,28.814098139496107,0.4968338146737841,210.35511115183783
2,0.0182700476749182,0.0239944866333793,28.65347324477528,0.0820702306957822,209.99871688500843
