PrincipalComponent,coi,c1i,a1i,c2i,a2i
1,0.0449552041518563,0.7788650950155791,28.681801653507836,0.1420928165601343,210.24422512630196
