PrincipalComponent,coi,c1i,a1i,c2i,a2i
1,0.1630683823213905,1.124013220293825,27.976715692403612,0.658627421169382,210.51355431208813
2,0.0470441184873537,0.0771269311203073,28.599012663241815,0.2127242442368731,209.8636032952694
