PrincipalComponent,coi,c1i,a1i,c2i,a2i
1,0.0984607163140742,1.4790738014887683,28.760281634925832,0.3684196969753234,210.46503412224516
2,0.0046821431308743,0.0061074095562348,28.560273787971227,0.0164591601218152,210.001203943852
