PrincipalComponent,coi,c1i,a1i,c2i,a2i
1,0.1467038103199588,1.0843352088769351,24.621559626399627,0.6708021989139503,250.0
2,0.0667863556463344,0.2365256492369437,57.26595932614315,0.1333452848257086,223.18916421538623
