PrincipalComponent,coi,c1i,a1i,c2i,a2i
1,0.1542087345027481,1.1661113361494184,28.150710165047744,0.6392961274897319,210.5159951314331
2,0.0422453075562132,0.0570376969948025,28.6200059221047,0.185098844432456,209.9011894429352
