PrincipalComponent,coi,c1i,a1i,c2i,a2i
1,0.1053971070975995,1.3944147282756358,28.78234386574504,0.4407565638018247,210.29146349873997
2,0.0109915332544744,0.0150278500614908,28.58646744260353,0.048878367195596,209.96791922453335
