PrincipalComponent,coi,c1i,a1i,c2i,a2i
1,0.138227363169286,1.2459582877588076,28.895764097214684,0.5579288883207165,210.43767921810013
2,0.031720459407816,0.0428451432255785,28.739671747044255,0.1425135752346033,210.0538921037754
