PrincipalComponent,coi,c1i,a1i,c2i,a2i
1,0.1659136005551489,1.0577307615145588,25.723054334143196,0.7015779608666335,209.86564390988397
2,0.04553775614483,0.1178793140899785,27.98119788893489,0.2244206557736301,209.11548181583737
