PrincipalComponent,coi,c1i,a1i,c2i,a2i
1,0.1210203477964461,1.1660426459961737,24.96059514569424,0.2784003423423081,235.590105641236
2,0.0829891223883763,0.407435968016826,76.17816897638635,2.1969612303405466e-19,221.25285480505613
