PrincipalComponent,coi,c1i,a1i,c2i,a2i
1,0.133183684644957,1.0850039985165991,23.775324226655624,0.6212379394324248,250.0
2,0.0743794456332571,0.3140403517225625,66.2119501010158,0.069601669612971,224.26540491366563
