PrincipalComponent,coi,c1i,a1i,c2i,a2i
1,0.1333404563573517,1.2617943926431705,28.875392443728774,0.5513683600069217,210.4151156010818
2,0.0288062046521868,0.0379773511311161,28.723588230473567,0.1286535798983282,210.03735329689428
