PrincipalComponent,coi,c1i,a1i,c2i,a2i
1,0.1287347188431805,1.1233173965186791,24.44724943502087,0.4917767996832602,250.0
2,0.0864108392916261,0.3839734089121631,80.19722456392431,1.2307893188933372e-18,226.3078020261663
