PrincipalComponent,coi,c1i,a1i,c2i,a2i
1,0.1822735295402948,1.092139675098835,27.802278133495665,0.817414944395906,210.5339496341626
2,0.0379454692977504,0.0369636447394563,28.541321457315327,0.1580309914712202,209.81565151530128
