PrincipalComponent,coi,c1i,a1i,c2i,a2i
1,0.1152531287389581,1.3357704501830383,28.16076925826079,0.5919717631762204,210.48836143467364
2,0.0040965808183549,0.0025156849825527,28.574285978363925,0.0101931215771642,209.87875389016537
