PrincipalComponent,coi,c1i,a1i,c2i,a2i
1,0.1603070797499997,1.1977439146059654,28.8608987647791,0.7245641852706559,210.32719027433575
2,0.021875429850123,0.0175342185570228,28.691201667316964,0.0790049867722726,209.99712220741935
