PrincipalComponent,coi,c1i,a1i,c2i,a2i
1,0.1374415350920723,1.274503866045755,28.71195724614945,0.6524487612846404,210.27746810088004
2,0.0085799830902261,0.0079491572187479,28.53188107108349,0.0299409464942095,209.9260529293293
