PrincipalComponent,coi,c1i,a1i,c2i,a2i
1,0.1849641903917495,1.0358861894929,25.69638041030061,0.8443728107410863,209.92791356097035
2,0.0392407275789971,0.0673063155107557,27.93249694512561,0.1827014853182342,209.11563502871695
