PrincipalComponent,coi,c1i,a1i,c2i,a2i
1,0.1659337280057602,1.082247542843772,24.96512607321062,0.7889002707653899,250.0
2,0.045439990007559,0.1442979775106696,44.22440175531325,0.1712190249493212,221.84456445013927
