PrincipalComponent,coi,c1i,a1i,c2i,a2i
1,0.0572394269472807,0.7063681217472828,28.715201485191137,0.24378977193123,210.24278584372223
