PrincipalComponent,coi,c1i,a1i,c2i,a2i
1,0.1728202409887658,1.1608266254380584,28.876920604737492,0.7628193967156998,210.35475724628148
2,0.027436127488163,0.0187722776851678,28.72099554880566,0.1047427734888599,210.01254832769484
