PrincipalComponent,coi,c1i,a1i,c2i,a2i
1,0.1334376522823728,1.184862307811534,25.23669047429253,0.3572629410405257,250.0
2,0.0633950849079345,0.293844097899529,75.30019507530176,0.0889483145329053,224.38116241999916
