PrincipalComponent,coi,c1i,a1i,c2i,a2i
1,0.1509480900723986,1.0892256559720086,24.156522308522725,0.7203301284259691,249.99999999999997
2,0.0502104003722762,0.1902531196027188,49.97464046521496,0.1620462446730191,222.1808039322562
