PrincipalComponent,coi,c1i,a1i,c2i,a2i
1,0.1738622911544101,1.1270341624370563,27.854276907579795,0.8060369542427388,210.44438631882215
2,0.0310129815922292,0.0243192258477075,28.52513484324289,0.1242222090279754,209.79155274567512
