PrincipalComponent,coi,c1i,a1i,c2i,a2i
1,0.1549408614600803,1.2119581164976163,28.84068108323497,0.7165913502571959,210.31344713198652
2,0.0186591861247823,0.0152864457245504,28.670545346617175,0.0661905243581602,209.9852834664228
