PrincipalComponent,coi,c1i,a1i,c2i,a2i
1,0.1916961935477525,1.0475094884119789,25.40479814274668,0.9135799306142112,250.0
2,0.0328101088733579,0.1045584022484737,40.97502389399338,0.1586017432269459,221.56776289228455
