PrincipalComponent,coi,c1i,a1i,c2i,a2i
1,0.1755536725318267,1.0578275762722258,24.53641531130109,0.8332940923209571,250.0
2,0.0357406674440568,0.1418304813422918,44.874014107465285,0.1710200919633302,221.6238177185296
