PrincipalComponent,coi,c1i,a1i,c2i,a2i
1,0.1939540308460105,1.098916307386858,28.81178460993111,0.9103291804237996,210.2965621790009
2,0.0183029706111453,0.0051990893218175,28.67530484134025,0.0633962688603218,209.9658534491801
