PrincipalComponent,coi,c1i,a1i,c2i,a2i
1,0.1610388182701336,1.1312236206923991,25.478534301254747,0.4468612918833488,209.7112240954019
2,0.018983133328752,0.1564356842444013,28.071820440275783,0.2531846853576929,209.02910764683364
