PrincipalComponent,coi,c1i,a1i,c2i,a2i
1,0.1568813139288617,1.205548156693331,28.79620720811074,0.7793828495689459,210.44840133953593
2,0.0034722351899181,0.0009989607086189,28.732318243311425,0.0069990862200484,210.0160921959438
