PrincipalComponent,coi,c1i,a1i,c2i,a2i
1,0.1811079782516102,1.1340300279661644,28.75975320087019,0.8691020845251394,210.28341768587583
2,0.0127757689677483,0.0056374686262252,28.616900424619622,0.0411933562479726,209.9410843611862
