PrincipalComponent,coi,c1i,a1i,c2i,a2i
1,0.1699112539537305,1.0999887452203732,25.217274393248097,0.6866789377202254,249.99999999999997
2,0.0362204191467896,0.1769948453001008,51.85792327978357,0.167147584060698,222.3234137380906
