PrincipalComponent,coi,c1i,a1i,c2i,a2i
1,0.1967215013332393,1.067876231547091,27.88740874593281,0.9515737391398869,210.69288586120985
2,0.0220768871104645,0.0081632007605276,28.594316042141827,0.0827190402357764,209.86306245691057
