PrincipalComponent,coi,c1i,a1i,c2i,a2i
1,0.2062406584949121,1.0380689112533643,27.8808532353933,0.9627031939801046,210.85792845986697
2,0.0284376246877799,0.0157165099647958,28.65524924742124,0.1162655461123905,209.9252662443951
