PrincipalComponent,coi,c1i,a1i,c2i,a2i
1,0.206996803147644,1.04225538200709,26.898916427473093,0.9890091210630088,250.0
2,0.0361947269567651,0.0410043351376996,38.031355907943635,0.1418357742136347,221.86925275831155
