PrincipalComponent,coi,c1i,a1i,c2i,a2i
1,0.1750646722069187,1.1470297820680353,28.742308461256982,0.8585643439412587,210.29268019681624
2,0.010133348852164,0.0048669849084722,28.568787465052257,0.0307758703062565,209.9293677608164
