PrincipalComponent,coi,c1i,a1i,c2i,a2i
1,0.0705311995527863,0.6306900804666444,28.760279275588168,0.3485488427330904,210.24415128421415
