PrincipalComponent,coi,c1i,a1i,c2i,a2i
1,0.2235774376812284,1.082716848695256,29.340156843461873,1.068211195825332,250.0
2,0.0154423392939126,0.0009015175434463,39.01652937680066,0.0535270089787744,221.96977264650243
