PrincipalComponent,coi,c1i,a1i,c2i,a2i
1,0.2071607765341974,1.0834076340408645,28.876170811827173,0.9804853939553816,210.4163983694336
2,0.0065767681531636,0.0017563029667644,28.701581951282854,0.017878461528976,209.99813309963895
