PrincipalComponent,coi,c1i,a1i,c2i,a2i
1,0.0894739379516029,0.5758587465337649,28.799963538726814,0.4379629077335675,210.2571178955313
