PrincipalComponent,coi,c1i,a1i,c2i,a2i
1,0.2167086074938135,1.021563165366223,25.608617687955956,1.0236358745031382,250.0
2,0.025885739425615,0.080392085536773,39.89894549412121,0.1405894896067501,221.32594515745103
