PrincipalComponent,coi,c1i,a1i,c2i,a2i
1,0.2198988291264171,1.049202818937364,28.820728791500944,1.027758542784554,210.3820166193769
2,0.010994647627251,0.0003454713357785,28.63617041659727,0.0356423369625623,210.0093934934121
