PrincipalComponent,coi,c1i,a1i,c2i,a2i
1,0.2341604341360557,1.008785430629296,27.059430135812725,1.107910068549514,250.0
2,0.0273495764192568,0.026212405838295,38.312142521405136,0.1127333445335025,221.60939072777396
