PrincipalComponent,coi,c1i,a1i,c2i,a2i
1,0.1938433913208573,1.0770977366568175,25.385862965077443,0.7853669897119859,250.0
2,0.0263443276120114,0.1440438241548079,48.008794229801794,0.172280835670067,221.6831667231976
