PrincipalComponent,coi,c1i,a1i,c2i,a2i
1,0.2001610396667994,1.0956907888319074,28.811580838341374,0.9674562802861332,210.4596522344596
2,0.0044991371072075,0.0016873800103633,28.77129553786889,0.0105173521187241,210.0262170569872
