PrincipalComponent,coi,c1i,a1i,c2i,a2i
1,0.1852653917507726,1.10100466307162,25.51708211742781,0.5425558532027005,209.81778877290836
2,0.0154563884276576,0.1313628325303847,28.083791328498155,0.2452147961062543,209.057089076238
