PrincipalComponent,coi,c1i,a1i,c2i,a2i
1,0.2331226347834512,1.0557678831412427,29.402087871770725,1.0818630367478532,250.0
2,0.0228503277018869,0.005877814753997,38.98143870448733,0.0842929706718853,222.212157175805
