PrincipalComponent,coi,c1i,a1i,c2i,a2i
1,0.2240699423439019,1.071001503389742,26.127229725615894,0.6564900615164565,210.1549470198022
2,0.0129419279129015,0.103239196127042,28.258009439103347,0.2244845391607504,209.29996095762596
