PrincipalComponent,coi,c1i,a1i,c2i,a2i
1,0.2684268611913565,0.9652932396791976,28.899953678074223,1.1923206276401164,210.4860255608386
2,0.006222135901297,4.515573742041388e-19,28.788321918684883,0.0201010853704498,210.03452322675707
