PrincipalComponent,coi,c1i,a1i,c2i,a2i
1,0.2510191580184738,1.031887483105677,30.119673612690235,1.082938832735068,211.56981713949529
2,0.0010941713059769,0.0,29.362659403227266,0.0016074505602466,210.67668501714135
