PrincipalComponent,coi,c1i,a1i,c2i,a2i
1,0.2725902194902578,0.9718681383439312,27.665190249785763,1.2454061629512867,250.0
2,0.0193021815494856,0.0148895691865432,38.55303485871739,0.072145020234453,221.4750194725565
