PrincipalComponent,coi,c1i,a1i,c2i,a2i
1,0.253243269703788,0.9958091769352108,28.881781539405143,1.1551267895351145,210.4923025636095
2,0.003471429720603,0.0,28.81806651293885,0.0092669951467908,210.04922677648085
