PrincipalComponent,coi,c1i,a1i,c2i,a2i
1,0.2553107576518366,0.9936441396947684,26.28917515485348,1.1554992472522183,250.0
2,0.0187446174227671,0.057558111359774,39.20267106356016,0.1071705452611888,221.2171361596761
