PrincipalComponent,coi,c1i,a1i,c2i,a2i
1,0.2385499925514338,1.0086009376755207,25.414093857788263,1.060277441552894,250.0
2,0.0205958544443948,0.0853987904897614,40.80534125699369,0.1420314559004851,221.06744687347432
