PrincipalComponent,coi,c1i,a1i,c2i,a2i
1,0.1153653159067912,0.5211904370760247,28.850381643161946,0.5398544732305758,210.279485552238
