PrincipalComponent,coi,c1i,a1i,c2i,a2i
1,0.278565913374953,0.9394463686862476,28.86081045729243,1.214995779032495,210.38080719383743
2,0.0120788517420093,0.0020616839068448,28.692819660845338,0.043410036662618,209.99368016451643
