PrincipalComponent,coi,c1i,a1i,c2i,a2i
1,0.2325971219085867,1.053530419726851,26.165466086130166,0.9041790964089644,250.0
2,0.0184737301606459,0.1103342539639426,44.31881592519948,0.1602270913529981,221.35572387755627
