PrincipalComponent,coi,c1i,a1i,c2i,a2i
1,0.2835972108766497,0.9599593279567388,27.642942186537795,1.2837520019569548,250.0
2,0.0153943106691694,0.0180674393586393,38.60168820027483,0.0547257111617504,221.37247858891425
