PrincipalComponent,coi,c1i,a1i,c2i,a2i
1,0.2482828943758731,0.9982748914553023,25.329558571137348,1.1005066175887537,250.0
2,0.0173432911796728,0.0879738902782773,41.22355135546741,0.1224212841099553,221.01964269560463
