PrincipalComponent,coi,c1i,a1i,c2i,a2i
1,0.2823428654158064,1.0021196314857086,30.02843852374708,1.2531959620705366,250.0
2,0.0096566618869677,0.0045032426105232,39.052289331367746,0.0298819160737392,221.91472270130677
