PrincipalComponent,coi,c1i,a1i,c2i,a2i
1,0.2424126954255891,1.0434078646772638,26.09951868856744,0.943512539835243,250.0
2,0.0152184634062882,0.1128229501197789,44.69912081117784,0.141171061199461,221.33518827419996
