PrincipalComponent,coi,c1i,a1i,c2i,a2i
1,0.1236966724119871,0.5092187507261804,28.860320651224747,0.5609616135501758,210.28650092041747
