PrincipalComponent,coi,c1i,a1i,c2i,a2i
1,0.263327934109952,0.9829384564104144,28.89343808579621,1.1818681458138114,210.49935214312964
2,0.0022179002066675,0.0002091984091599,28.825050536237637,0.0039170151994767,210.05353227784155
