PrincipalComponent,coi,c1i,a1i,c2i,a2i
1,0.266157876137485,0.9825184510140232,26.238007563873676,1.1955886522717472,250.0
2,0.0150129920956097,0.0600438743850046,39.50581079214783,0.0880138789782946,221.15206459889657
