PrincipalComponent,coi,c1i,a1i,c2i,a2i
1,0.2786078995621839,0.9516337352204548,28.862127277792336,1.2231385173681588,210.49285811523865
2,0.0045476299233663,0.0006451577362217,28.822886317978664,0.0115874108846048,210.05167113620948
