PrincipalComponent,coi,c1i,a1i,c2i,a2i
1,0.2303686496816714,1.09585606377378,26.52143867550072,0.7042536714919511,250.0
2,0.0174180190146939,0.1319112259539958,48.9781233607369,0.1674093291355846,221.21485574739037
