PrincipalComponent,coi,c1i,a1i,c2i,a2i
1,0.283701095594138,0.9972146432462372,29.37789900795579,1.3084989450441904,250.0
2,0.0022195879014356,0.0003072558638701,39.103673144767704,0.0028892505047394,221.74075411456312
