PrincipalComponent,coi,c1i,a1i,c2i,a2i
1,0.1417142391827236,0.4734958361436931,28.882342854412336,0.6250764747403081,210.29950221611315
