PrincipalComponent,coi,c1i,a1i,c2i,a2i
1,0.2432340203100133,1.0820261464051502,26.233174764202136,0.7797710533324441,249.99999999999997
2,0.0146518200197168,0.1103473860726258,45.6590820698464,0.1713454296025055,220.72556950004736
