PrincipalComponent,coi,c1i,a1i,c2i,a2i
1,0.2953445769066969,0.9732257667125196,29.36438133571759,1.3426203349326773,250.0
2,0.0057200463756125,0.0040764317998386,39.08528012643863,0.0143065823447922,221.72345879479943
