PrincipalComponent,coi,c1i,a1i,c2i,a2i
1,0.2611953088330064,0.981548393955546,24.86733228747792,1.1865110007921646,250.0
2,0.0131293070331627,0.07696040651525,40.4116411408865,0.10838654197525,220.7268820898908
