PrincipalComponent,coi,c1i,a1i,c2i,a2i
1,0.2789400396909734,0.962207751863754,25.687948454740543,1.2848102775934516,250.0
2,0.010995758840306,0.0528092258486685,39.20081122694128,0.0706807721672069,220.9071812522255
