PrincipalComponent,coi,c1i,a1i,c2i,a2i
1,0.2550435595011883,1.0276878472030684,25.710850163880295,1.0260765558037472,250.0
2,0.0115510788268998,0.0981511879393013,42.92763699866054,0.1335092309281406,220.9623347115988
