PrincipalComponent,coi,c1i,a1i,c2i,a2i
1,0.2970201406150385,0.9350884203325204,27.00410754986081,1.3747221582978617,250.0
2,0.0108791685234492,0.015015675797699,38.482669250310735,0.0360884461610531,221.13078723101532
