PrincipalComponent,coi,c1i,a1i,c2i,a2i
1,0.2896980072582869,0.9454179019148428,25.106577252155702,1.3547482954600565,249.99999999999997
2,0.009169499535849,0.0456199628692364,38.77178849313505,0.0570567124174766,220.7104121295013
