PrincipalComponent,coi,c1i,a1i,c2i,a2i
1,0.1597000912896317,0.4426938812045158,28.8956274481926,0.6734534940447778,210.31203750436725
