PrincipalComponent,coi,c1i,a1i,c2i,a2i
1,0.306245109110291,0.948838502059766,28.58071913852182,1.4109039179307274,250.0
2,0.0034098037779114,0.0025385081193225,38.92116638262507,0.005348315023475,221.5231440227762
