PrincipalComponent,coi,c1i,a1i,c2i,a2i
1,0.2730565276170332,0.9669594120092736,24.333150387706407,1.2542549324303247,250.0
2,0.0102825073591699,0.0669322932815696,39.61471258700513,0.0976291434444277,220.50799162855864
