PrincipalComponent,coi,c1i,a1i,c2i,a2i
1,0.2661698005028828,1.0141206702630177,25.1896139034325,1.0925201092634742,249.99999999999997
2,0.0088556767358476,0.0860263820995999,41.506455666170496,0.1260631454755821,220.68629773402023
