PrincipalComponent,coi,c1i,a1i,c2i,a2i
1,0.2539748943552216,1.0702253267973514,25.76034448808018,0.8432897555620634,250.0
2,0.0122539299497555,0.0941857339655132,43.350792225647815,0.1697054314761365,220.421472094377
