PrincipalComponent,coi,c1i,a1i,c2i,a2i
1,0.3090307950068233,0.913556618114962,26.32516424597438,1.4453387598763314,249.99999999999997
2,0.007885279739369,0.0122191505984545,38.26180317981842,0.0222150508159748,220.94538231724383
