PrincipalComponent,coi,c1i,a1i,c2i,a2i
1,0.2730063156003363,1.0764649703136897,26.05051055754611,0.8975227869279537,249.99999999999991
2,0.0098249164915261,0.061973858132662,40.674244552182834,0.1676396971075214,220.24822465306363
