PrincipalComponent,coi,c1i,a1i,c2i,a2i
1,0.2856840151091849,1.017989634996996,25.41080974145328,1.1537904590011063,250.0
2,0.0051895127962369,0.0587976757924584,39.87929948940864,0.1150170670713131,220.55609265558692
