PrincipalComponent,coi,c1i,a1i,c2i,a2i
1,0.3094459358267623,0.9415572355917498,25.202377744723204,1.4198156609491297,250.0
2,0.0046100960019457,0.0292268950201355,38.374269125971054,0.0392656364334023,220.66093850447945
