PrincipalComponent,coi,c1i,a1i,c2i,a2i
1,0.3279978954940083,0.9013291526462948,26.32058328363362,1.5060330084249531,250.0
2,0.0037556811846001,0.0047346430691437,38.406235759090706,0.0082692299723229,220.94860427275725
