PrincipalComponent,coi,c1i,a1i,c2i,a2i
1,0.2925478308097796,0.967359255127328,24.506343099743084,1.317623452962773,250.0
2,0.0066879569399525,0.0445565294770894,38.773848371050725,0.0826590909256455,220.44484295869245
