PrincipalComponent,coi,c1i,a1i,c2i,a2i
1,0.1755261126057335,0.4201385736065547,28.914798387139296,0.7183104241264969,210.32522956082877
