PrincipalComponent,coi,c1i,a1i,c2i,a2i
1,0.1734683374086668,0.3997533710840115,22.951080405913203,0.7707370283354682,209.53883636877356
