PrincipalComponent,coi,c1i,a1i,c2i,a2i
1,0.3205148180074139,0.9376179940533472,23.69193305374634,1.4896569869358782,249.99999999999997
2,0.0020617303783137,0.0117837092579456,37.711954244278665,0.0154193338015535,220.26753723078585
