PrincipalComponent,coi,c1i,a1i,c2i,a2i
1,0.2995908469804716,1.017959084171413,24.193236480212068,1.2356290532883545,250.0
2,0.0032582463575661,0.0332497372013564,38.30241057601965,0.0808231144927745,220.3480917526852
