PrincipalComponent,coi,c1i,a1i,c2i,a2i
1,0.2884972071849844,1.0772062654039758,24.927686375763113,0.9799612524446648,250.0
2,0.0075971599132057,0.0335633588116542,38.60149532710468,0.1339653375994207,220.3035879250204
