PrincipalComponent,coi,c1i,a1i,c2i,a2i
1,0.3049186640521087,0.9679487630642624,23.184475006218715,1.395266902495301,250.0
2,0.0037826171814368,0.0226245545515583,37.74841152128882,0.0500949485741655,220.1412181415616
