PrincipalComponent,coi,c1i,a1i,c2i,a2i
1,0.2848466786750731,1.1575475932583923,25.065559050089064,0.9785347926103416,249.99999999999997
2,0.0065977951835345,0.0097500597814666,37.96480589796509,0.0784043608647171,220.65910595123128
