PrincipalComponent,coi,c1i,a1i,c2i,a2i
1,0.1585881243651153,0.4662110260638491,22.24727612242565,0.7142032012920849,208.71556847278083
