PrincipalComponent,coi,c1i,a1i,c2i,a2i
1,0.2962123402109859,1.047374205791638,23.138830390259145,1.3765766792518588,250.0
2,0.0027280832569754,0.002208799050893,37.59163179295817,0.0144395800324629,220.19175537099488
