PrincipalComponent,coi,c1i,a1i,c2i,a2i
1,0.2863618105321424,1.1443635834589858,24.23531954275079,1.1939116562582115,250.0
2,0.0019734711441828,0.0018108458498753,37.79672871013892,0.0071512939498616,220.50017704364956
