PrincipalComponent,coi,c1i,a1i,c2i,a2i
1,0.2796801518002504,1.2024258062594768,25.045346996377152,0.9598712472753024,250.0
2,0.0049566397421205,0.0021237441824856,37.807289065354894,0.0375610756273517,220.74442545494463
