PrincipalComponent,coi,c1i,a1i,c2i,a2i
1,0.1476448154801252,0.5091846228443663,22.068281942998834,0.654436556846,208.36645223338667
