PrincipalComponent,coi,c1i,a1i,c2i,a2i
1,0.2823957419891487,1.2652367752289035,26.36144936038892,0.8467819219366616,249.99999999999991
2,0.0029300040647906,0.0,38.231656074254126,0.0153091208671028,221.12958474547787
