PrincipalComponent,coi,c1i,a1i,c2i,a2i
1,0.1470886627362234,0.5740747012385633,24.86239352786463,0.5256949381503626,209.23075802636183
