PrincipalComponent,coi,c1i,a1i,c2i,a2i
1,0.1567208229272161,0.6447518513288195,28.718124221913133,0.3064155616400474,210.3272400089924
