PrincipalComponent,coi,c1i,a1i,c2i,a2i
1,0.1291767513522938,0.8226153407199468,20.091968659565556,0.7503727411462576,249.99999999999997
2,0.0980635683589784,0.4245840014567683,40.408579638353565,0.2058155864964658,220.2090650440879
