PrincipalComponent,coi,c1i,a1i,c2i,a2i
1,0.1120480693242386,1.128243190421078,26.117948920645077,0.4781599773101495,209.76155966955957
2,0.0595190386735569,0.0958346560726818,27.926051458298417,0.3094335588126051,209.20119588102787
