PrincipalComponent,coi,c1i,a1i,c2i,a2i
1,0.1030301187407233,1.3695138589829594,26.635475827145232,0.3914410809451907,209.77496765669176
2,0.0269718181516483,0.0564919672517902,28.016705700272485,0.098386943195942,209.30316293011273
