PrincipalComponent,coi,c1i,a1i,c2i,a2i
1,0.1219678274501651,0.8904653660017818,21.94444666296273,0.4285961101186535,223.13282405442715
2,0.1274838278735519,0.4813992805956685,50.39826862384205,0.1277311714939994,215.32274861016515
