PrincipalComponent,coi,c1i,a1i,c2i,a2i
1,0.1247869801022388,0.8528864217062377,20.827036047131948,0.6457496602167974,249.99999999999997
2,0.1001361319565237,0.4625916494550718,42.52617971606209,0.1702198234902925,220.61634334873904
