PrincipalComponent,coi,c1i,a1i,c2i,a2i
1,0.1311814467388985,1.3875293924486736,24.97921737761805,0.5482876908103226,209.2868788976324
2,0.0056535567048804,0.0093628858302296,27.441888548607903,0.0093822687865993,208.71960005554865
