PrincipalComponent,coi,c1i,a1i,c2i,a2i
1,0.129266842664747,1.0514980796292428,26.181181193647888,0.5166189095617153,209.7179874118324
2,0.0712691886477505,0.1166300134756255,27.94120266869342,0.3702700155032995,209.20889364067904
