PrincipalComponent,coi,c1i,a1i,c2i,a2i
1,0.1494284373192249,0.9447647141898268,25.07140079229749,0.6214483011522933,209.38773103686145
2,0.0825379161532905,0.1501230906533245,27.57604432116386,0.4081419982697239,208.7923396905531
