PrincipalComponent,coi,c1i,a1i,c2i,a2i
1,0.1434415062237427,0.988352101391638,25.795028434913583,0.5718214197387873,209.58051554160335
2,0.0796372777858681,0.1334804219785894,27.790099027917737,0.4030186744995321,209.0479185225142
