PrincipalComponent,coi,c1i,a1i,c2i,a2i
1,0.1479553243518846,1.3534860689210302,24.364728516289013,0.6952578398615429,249.99999999999997
2,0.0002120547795032,0.0001412715903231,37.85638289612833,1.829591166069289e-19,220.6986073767902
