PrincipalComponent,coi,c1i,a1i,c2i,a2i
1,0.0962287301224448,1.277157907503227,26.117638557867288,0.4228512149928468,209.67133952512808
2,0.0389172741252972,0.0788434264675543,27.886856612420736,0.1744973670539807,209.1554392419556
