PrincipalComponent,coi,c1i,a1i,c2i,a2i
1,0.1190023039140603,1.41685077901444,26.02997424763716,0.4545367370965068,209.5045660686012
2,0.0128864755028815,0.0259164845693373,27.747704237691117,0.0299413014852642,209.063411369537
