PrincipalComponent,coi,c1i,a1i,c2i,a2i
1,0.1603798145025174,0.8881590295083862,24.58130458190231,0.6666562862105846,209.29736510246263
2,0.0825311249261914,0.1866602445909725,27.475976505618306,0.4105724061578183,208.61906744887537
