PrincipalComponent,coi,c1i,a1i,c2i,a2i
1,0.1439718051976906,0.8277744698189657,21.03669299403688,0.7650118758223285,250.0
2,0.1384784889344852,0.3997064189583411,59.48581224156055,0.1695008860893416,224.2090527169733
