PrincipalComponent,coi,c1i,a1i,c2i,a2i
1,0.1357554486966178,1.0304602097624798,26.22777408613892,0.525776269271387,209.72018762860043
2,0.0741867435907107,0.1254251693275604,27.940756942145036,0.3811352971367046,209.20814720126845
