PrincipalComponent,coi,c1i,a1i,c2i,a2i
1,0.1035442503431845,1.1899188719584974,26.15541128881224,0.4481279875774909,209.7291999109604
2,0.0479583450667896,0.0893548776261976,27.91644073185874,0.2511920049039198,209.1851766277635
