PrincipalComponent,coi,c1i,a1i,c2i,a2i
1,0.1591514752750439,0.8567265207558831,22.749902043160414,0.7520946094398665,250.0
2,0.116629413881319,0.251354044749861,44.88301444008279,0.3333807096906956,224.00212433533704
