PrincipalComponent,coi,c1i,a1i,c2i,a2i
1,0.1248682825683155,1.3541969136193737,25.86407713783659,0.4848360639252785,209.55102998885928
2,0.0200905682562265,0.0466115564093549,27.753322346375608,0.0435626436228037,209.04082508885895
