PrincipalComponent,coi,c1i,a1i,c2i,a2i
1,0.1555295677595853,1.3082899182118066,24.155767783758076,0.7352082570544866,250.0
2,0.0053035924197023,0.006401031055222,37.81776302125749,0.0036697714585961,220.65063824206413
