PrincipalComponent,coi,c1i,a1i,c2i,a2i
1,0.1089096014840981,1.311117322653249,26.61940388074911,0.4140935253966817,209.81565754607223
2,0.0366645046673475,0.0718038699167474,28.00576350588574,0.117822372908012,209.31730816936948
