PrincipalComponent,coi,c1i,a1i,c2i,a2i
1,0.1614123955825906,0.8420352900580921,24.588223076623645,0.6964423653817958,209.31184299392635
2,0.0981911980040411,0.1893002740228558,27.375440339543616,0.4218673027744591,208.61640348436504
