PrincipalComponent,coi,c1i,a1i,c2i,a2i
1,0.1095670983120326,1.1388221224487074,26.29694630773569,0.4681626110613354,209.79776993326848
2,0.0599508176143,0.0967750625356056,27.924604635929736,0.2708590284543875,209.2565328168027
