PrincipalComponent,coi,c1i,a1i,c2i,a2i
1,0.1376522185903167,1.3287017284786815,24.797208812609902,0.5798286518648904,209.19273692110536
2,0.0124527188275955,0.0263522022256625,27.397756557905865,0.0211527829861317,208.65983361555476
