PrincipalComponent,coi,c1i,a1i,c2i,a2i
1,0.1404671710532689,0.9853417890927018,26.310308614946017,0.5494952240551552,209.7346408883867
2,0.0863255867939347,0.1270595937168813,27.897202928100185,0.3983286357585897,209.2266656137276
