PrincipalComponent,coi,c1i,a1i,c2i,a2i
1,0.115837095848307,0.8653893165357355,21.370919426202388,0.4835566005483476,249.99999999999991
2,0.1226914566249012,0.4767229560885309,45.19528959071565,0.1593000632142809,221.44264063278737
