PrincipalComponent,coi,c1i,a1i,c2i,a2i
1,0.147304969671368,0.7845921731192134,21.025731502104115,0.8008199141061308,249.99999999999997
2,0.1006902898899329,0.3578427357293809,34.1519929890848,0.2940923749519333,220.68771239992716
