PrincipalComponent,coi,c1i,a1i,c2i,a2i
1,0.1285487628509611,0.8098946704962525,20.72231372036588,0.687824104276182,250.0
2,0.1107397435829506,0.4597245060044221,41.12194894793212,0.1785586946608247,220.3928082464789
