PrincipalComponent,coi,c1i,a1i,c2i,a2i
1,0.1601139657324698,0.8133709583465873,22.772101633142597,0.7830335684720809,250.0
2,0.1261542940447041,0.2481361072162862,40.10920604863594,0.3582911840933006,224.1222519492461
