PrincipalComponent,coi,c1i,a1i,c2i,a2i
1,0.1470029996854853,0.9446036771276672,25.858938437197583,0.5961417207505878,209.5920124879519
2,0.0926660850838637,0.1340187216559221,27.73639589302431,0.4195748219936529,209.0636460096528
