PrincipalComponent,coi,c1i,a1i,c2i,a2i
1,0.1339122829133655,1.0062976076812138,26.26670708786897,0.5393730425979605,209.73032019069868
2,0.083471397495633,0.118426999757449,27.90235908683783,0.3883344169756903,209.2258347132279
