PrincipalComponent,coi,c1i,a1i,c2i,a2i
1,0.1172508886108166,1.0799615797415782,26.25275241409576,0.4988411466518614,209.77267093478648
2,0.0720498680959817,0.1004623478031524,27.910331353783167,0.3287565512535398,209.25474523139272
