PrincipalComponent,coi,c1i,a1i,c2i,a2i
1,0.1523501077920875,0.9002782814880406,25.103684252466863,0.6480301892766023,209.39874968310448
2,0.0961728162827623,0.1513672062402733,27.49997569755805,0.4225057458805293,208.79793184386688
