PrincipalComponent,coi,c1i,a1i,c2i,a2i
1,0.1034196300581228,1.2227423437785074,26.22523341276729,0.4433688428091145,209.7340774062471
2,0.0495748308086964,0.0895069726252387,27.89760925138836,0.1939741308596295,209.20319067835845
