PrincipalComponent,coi,c1i,a1i,c2i,a2i
1,0.1176641152728802,0.9145424250975784,21.22563131170311,0.5925330582819709,250.0
2,0.0900485306484657,0.471273013766053,45.91419177722951,0.1169553979208095,221.21027636224665
