PrincipalComponent,coi,c1i,a1i,c2i,a2i
1,0.1372228902593014,0.8926594679054544,21.48219483643767,0.717251852084832,250.0
2,0.1260129250980958,0.4169687745725195,65.36649759661844,0.0996567088728707,224.86334159362949
