PrincipalComponent,coi,c1i,a1i,c2i,a2i
1,0.1532219157209123,0.954569767986726,25.130577126190655,0.6239529521205947,209.4427519396212
2,0.0696802213586472,0.1826405997648183,27.69549988386899,0.3657127979047221,208.82724507156507
