PrincipalComponent,coi,c1i,a1i,c2i,a2i
1,0.1288565308535098,1.4039433295999322,24.83446586555229,0.5996717078519481,250.0
2,0.0034694695089526,0.0051623666275242,37.94336972017935,0.0036980089236946,220.83285789685812
