PrincipalComponent,coi,c1i,a1i,c2i,a2i
1,0.1084183298795073,1.4939506752622704,26.515865338888016,0.3794436514426332,209.73119699414363
2,0.005776065753712,0.0111900674716806,27.823978782182245,0.0142113962752451,209.2357966412634
