PrincipalComponent,coi,c1i,a1i,c2i,a2i
1,0.1048447197303995,1.1985079444325666,26.55235667624539,0.4347956917316976,209.85637526232577
2,0.0462905591745686,0.089187263789184,28.058247753320124,0.2639090289968299,209.3205442496254
