PrincipalComponent,coi,c1i,a1i,c2i,a2i
1,0.1233995507054738,1.1207245562839807,26.689538726571932,0.474787306456486,209.93203112206683
2,0.0575940920705078,0.1108691093862968,28.132990976267667,0.3224060787393181,209.3956435072445
