PrincipalComponent,coi,c1i,a1i,c2i,a2i
1,0.152532470511795,0.9203067106247418,23.23665740837427,0.7074439417048801,250.0
2,0.1058183859765549,0.2527794224126483,48.98631786284925,0.2788030261055628,224.0260529989728
