PrincipalComponent,coi,c1i,a1i,c2i,a2i
1,0.0953863831894765,1.2629241430596776,26.56788052341046,0.4010663547449396,209.8172331049387
2,0.0357776345701627,0.0798328760666482,28.042209286228225,0.2093742562274363,209.30921393957095
