PrincipalComponent,coi,c1i,a1i,c2i,a2i
1,0.0944727519716612,1.447827608415586,27.085630866860757,0.3286770592102801,209.89341339926125
2,0.0168937471309909,0.041368331776042,28.12411665060238,0.0703556507814667,209.44931849323805
