PrincipalComponent,coi,c1i,a1i,c2i,a2i
1,0.1297517300609964,1.0998773089121487,26.748307881028445,0.4832989695621489,209.92527597103089
2,0.060879374326322,0.1192768618519439,28.138218807557905,0.3338764399954987,209.4138026871376
