PrincipalComponent,coi,c1i,a1i,c2i,a2i
1,0.1371188297185194,1.0559333328457403,26.34114941315044,0.5296034764916581,209.76875503292516
2,0.066541342798966,0.1290794319384652,28.001334990335987,0.355820079986772,209.27445426210485
