PrincipalComponent,coi,c1i,a1i,c2i,a2i
1,0.1426201795906516,1.0114343658059188,25.605293914888488,0.579527370276501,209.55250176029585
2,0.0693984613542572,0.1463104040372914,27.78401457401209,0.3617876241644274,209.00631473612916
