PrincipalComponent,coi,c1i,a1i,c2i,a2i
1,0.1159790587454425,0.9501088388951596,22.30823582447365,0.3749322046387934,221.03720845316167
2,0.1075953595074846,0.4869421817672339,50.3291764382127,0.0937595150712113,214.85493618649923
