PrincipalComponent,coi,c1i,a1i,c2i,a2i
1,0.1175977137560589,1.4578178696089672,25.45946149604357,0.4669594222998628,209.45145433465868
2,0.0011285365508972,0.0007313253366734,27.670590017382025,0.0013407400352435,208.9160301011254
