PrincipalComponent,coi,c1i,a1i,c2i,a2i
1,0.1065092433867974,1.5744000296043723,27.86956361080359,0.2793901890406708,210.21811777187912
2,0.0007125216281402,8.313076032045624e-05,28.380625179245147,3.6928517620230414e-20,209.74935289018063
