PrincipalComponent,coi,c1i,a1i,c2i,a2i
1,0.114416727488103,1.0616219787571444,23.45851287553794,0.3062123836513521,223.17532854768567
2,0.0928178543319872,0.4757947081717315,58.64012096243483,0.0218236263048716,216.66442873590623
