PrincipalComponent,coi,c1i,a1i,c2i,a2i
1,0.1548287251850488,0.9917604758852944,24.20445388958492,0.6564592672408268,209.29440893461697
2,0.0528050081556865,0.1943975508515801,27.659325844512516,0.2802482253678593,208.59301526737235
