PrincipalComponent,coi,c1i,a1i,c2i,a2i
1,0.1072227150468824,1.5185668238258396,26.714264929809374,0.3510264809663864,209.84032218841776
2,0.0037850281271372,0.0069325127072472,28.039070339989937,0.0071761417418362,209.35169834923457
