PrincipalComponent,coi,c1i,a1i,c2i,a2i
1,0.1014275645384407,1.5458304270197252,28.67240486983009,0.2548763899831027,210.2845784999569
2,0.0055919772470281,0.0137557098302367,28.46039531390679,0.0249725450814686,209.9454894515877
