PrincipalComponent,coi,c1i,a1i,c2i,a2i
1,0.1384224552925041,1.1609213278041686,27.736108104996873,0.5111168118159417,210.3109636984701
2,0.0518264106704226,0.0954782113022589,28.495305963993356,0.2664069384528963,209.75473596046265
