PrincipalComponent,coi,c1i,a1i,c2i,a2i
1,0.1431804299046034,1.117385195574479,26.984252365655355,0.5589824125658873,210.09640138577296
2,0.0548890353455205,0.1106574866052718,28.284813144465513,0.2766941222541404,209.5095513180754
