PrincipalComponent,coi,c1i,a1i,c2i,a2i
1,0.1143095509844713,1.4192971103161696,25.918634959226765,0.452007297982665,209.46776811366004
2,0.0136849686766957,0.0269599179922609,27.713364416681504,0.0279714558693639,209.02443844936585
