PrincipalComponent,coi,c1i,a1i,c2i,a2i
1,0.1218557521212057,0.9977710170346282,21.88287359907777,0.6348953979873599,250.0
2,0.0792452459732597,0.406855099804871,53.79225921484283,0.0755092257603139,222.02020051725265
