PrincipalComponent,coi,c1i,a1i,c2i,a2i
1,0.1068249347939177,1.3001802099573692,27.827472577239316,0.41343365845629,210.2356280582168
2,0.0314329474227212,0.0585358132912364,28.45110610676304,0.1767758141134653,209.74144875746967
