PrincipalComponent,coi,c1i,a1i,c2i,a2i
1,0.1185169001448405,1.0195760792452315,22.45871059349888,0.5121262447195196,231.42629374517395
2,0.0972660863464379,0.4700029574659987,64.80582310540558,0.0,219.73187980029223
