PrincipalComponent,coi,c1i,a1i,c2i,a2i
1,0.1523000524399854,1.0643190203745665,26.58374809172571,0.5952376717908859,209.99335972463916
2,0.0569319701742428,0.1424793649124804,28.228387602410994,0.2894737664146157,209.39136502014907
