PrincipalComponent,coi,c1i,a1i,c2i,a2i
1,0.1249709985916257,1.2235097198991345,28.04453474227309,0.4580064667443756,210.38187417007796
2,0.0428952277378463,0.0798003574539771,28.573248826708827,0.2302940460301402,209.83956867028456
