PrincipalComponent,coi,c1i,a1i,c2i,a2i
1,0.1357321282218261,1.003174004886071,22.83915020802114,0.661977349725858,250.0
2,0.1011595573490494,0.396933482834491,72.17080874697449,0.03452125519867,225.1848443041496
