PrincipalComponent,coi,c1i,a1i,c2i,a2i
1,0.0963720458801994,1.3657871328939066,27.807999834444058,0.3713885369773118,210.16869420184827
2,0.022333359840863,0.0477281612526446,28.4223307249564,0.1302765529675249,209.7051583964758
