PrincipalComponent,coi,c1i,a1i,c2i,a2i
1,0.1306113396666655,1.2047761562357706,28.125873655870965,0.4648519377589307,210.42233442587485
2,0.0468394314956967,0.0863392269870473,28.608510934916673,0.2432087750830033,209.8755484575082
