PrincipalComponent,coi,c1i,a1i,c2i,a2i
1,0.0969247016047321,1.571541734151092,29.149857691268753,0.2545077044111681,210.67950255102596
2,0.0012157957179281,0.0009228130215254,28.787368545574235,0.0029101692947599,210.20049715060853
