PrincipalComponent,coi,c1i,a1i,c2i,a2i
1,0.128235575506485,1.0706460674242273,23.252631285194052,0.611676919541638,250.0
2,0.0829635362586951,0.3859204821511219,73.56305360999562,0.0051489764292561,225.33732140036037
