PrincipalComponent,coi,c1i,a1i,c2i,a2i
1,0.1241289140464819,1.1032450939458336,23.880258027376595,0.4825280196954533,240.45247166415248
2,0.0862587023465179,0.4091122902341823,74.086438130406,0.0,223.17965494936436
