PrincipalComponent,coi,c1i,a1i,c2i,a2i
1,0.1154694046226728,1.336985553953353,28.8470777409228,0.452989083330931,210.40363660479025
2,0.0207904158520758,0.0333308117059964,28.68794633334769,0.1074372424752024,210.02691199996295
