PrincipalComponent,coi,c1i,a1i,c2i,a2i
1,0.0953720272783874,1.5086732889973966,27.309974167697785,0.2997142477041026,209.9230454389243
2,0.0102382856349075,0.0270627984759745,28.128390902579945,0.0347482270982372,209.5083349157292
