PrincipalComponent,coi,c1i,a1i,c2i,a2i
1,0.1358677356804014,1.2496215734586271,28.91366999212139,0.511815635266575,210.4738714992576
2,0.0347535570869833,0.0545053706088548,28.76168506920841,0.1708539360554242,210.0769449618194
