PrincipalComponent,coi,c1i,a1i,c2i,a2i
1,0.131261940027802,1.2658643055689476,28.899827137080507,0.5050032000445588,210.45270023983133
2,0.0312952288390172,0.0497472079693446,28.74455664899201,0.1568782775617095,210.06502385824413
