PrincipalComponent,coi,c1i,a1i,c2i,a2i
1,0.1590672157470973,1.12084405144122,27.72959839524916,0.6227400106004196,210.40216989832115
2,0.0479515809729378,0.0964903541321079,28.532509896172847,0.2343385894112791,209.7744890154259
