PrincipalComponent,coi,c1i,a1i,c2i,a2i
1,0.0959630669113259,1.4896159577545955,28.69876545405734,0.3370705063934455,210.27825203395523
2,0.0061109251108014,0.0117392832607875,28.49200309407988,0.0309662117344517,209.9418882008372
