PrincipalComponent,coi,c1i,a1i,c2i,a2i
1,0.1419898214360167,1.0721352195841884,24.145055666125806,0.6528679558087624,249.99999999999997
2,0.0747053587640746,0.2889844839313253,63.923189169533615,0.0980058235453782,223.9652656476662
