PrincipalComponent,coi,c1i,a1i,c2i,a2i
1,0.1029866209478298,1.576598095116266,28.813919867996876,0.2368413780264279,210.46485988855497
2,0.0038461812436593,0.0090946975066178,28.592401895260608,0.0109189359825494,210.04081941208935
