PrincipalComponent,coi,c1i,a1i,c2i,a2i
1,0.1503747228528268,1.1664404592370266,27.983340138084003,0.5981564923740051,210.42884941409025
2,0.0439652374394317,0.0727803348597069,28.569141799001052,0.2109052557470834,209.83901377726255
