PrincipalComponent,coi,c1i,a1i,c2i,a2i
1,0.161533931527783,1.0515982013185383,25.367239678778148,0.6730361294916879,209.73851032360344
2,0.0448003343944804,0.1415970693099256,27.907226612527538,0.2395495064661494,208.99745735948335
