PrincipalComponent,coi,c1i,a1i,c2i,a2i
1,0.1036309124289217,1.4022932643681738,28.791877514448945,0.4012104712429848,210.34928665958515
2,0.0131815244510519,0.0228626242360067,28.62168444916272,0.070416379989083,209.9939084249333
