PrincipalComponent,coi,c1i,a1i,c2i,a2i
1,0.1004815003310442,1.4028352200803071,26.54423627381834,0.3889516540658952,209.72263146612036
2,0.0228150957973176,0.0528006600478725,27.95941901255136,0.067692720573671,209.26204668159824
