PrincipalComponent,coi,c1i,a1i,c2i,a2i
1,0.1480732205897169,1.2073313286444305,28.906267941656804,0.5508662206026486,210.48531167683103
2,0.0406642285982025,0.0606974935011262,28.7740407315835,0.1963087815663701,210.07784231947497
