PrincipalComponent,coi,c1i,a1i,c2i,a2i
1,0.1176893835240291,1.1465238431541056,24.547071941396208,0.2716520990804093,228.1360210835847
2,0.0797539616512676,0.4155472483601677,66.44298814247061,0.0240879479474302,218.40825803764145
