PrincipalComponent,coi,c1i,a1i,c2i,a2i
1,0.1253559425579624,1.1887199825556036,25.148085932083823,0.2882966266113418,244.2632856228741
2,0.0825173652652719,0.3834388161158107,84.54624546260199,0.0,224.1891021339496
