PrincipalComponent,coi,c1i,a1i,c2i,a2i
1,0.1128272334754241,1.383701217478479,28.70779408179798,0.4805201196968661,210.3006646129495
2,0.0076923280029289,0.0083817501044013,28.515646825134,0.0298836058485853,209.9415005010822
