PrincipalComponent,coi,c1i,a1i,c2i,a2i
1,0.1057447499239974,1.4652098620633065,28.726557536090088,0.3988307268237454,210.4403514663998
2,0.0024558232483993,0.0020703952478156,28.65358787427617,0.0062803573142659,210.01447945723575
