PrincipalComponent,coi,c1i,a1i,c2i,a2i
1,0.1580481690975371,1.060160468095651,24.403091260516277,0.684396278564311,209.49900766470137
2,0.0335132955333408,0.1679723875969189,27.714189436798197,0.2138704652026904,208.69416884458488
