PrincipalComponent,coi,c1i,a1i,c2i,a2i
1,0.1705452032240464,1.12612847608387,27.995953714186857,0.6998236400977087,210.53764622076685
2,0.0453183799911861,0.0570529500722376,28.5965111919534,0.1909908580202624,209.8729604569472
