PrincipalComponent,coi,c1i,a1i,c2i,a2i
1,0.1013169332544584,1.5292602836845617,28.73369486135326,0.2459697311706507,210.3537332366556
2,0.0091195147156062,0.0232179654236864,28.55473566922715,0.0408611794714603,209.9928220515879
