PrincipalComponent,coi,c1i,a1i,c2i,a2i
1,0.0983582015291059,1.3504867726137924,26.582951049923693,0.3714565663515489,209.77535115589515
2,0.0320853415578934,0.0710337298498389,28.000667620421005,0.1207903696015885,209.29576147236608
