PrincipalComponent,coi,c1i,a1i,c2i,a2i
1,0.1584598664065674,1.201615831489699,28.87829519880252,0.643268879801358,210.42937459555745
2,0.0352064199218291,0.0327855032798349,28.737396249169603,0.1417994448131989,210.04456766843396
