PrincipalComponent,coi,c1i,a1i,c2i,a2i
1,0.1413440361541033,1.2549565074245288,28.824692783473072,0.5997289625128351,210.36716739941477
2,0.0253187057886804,0.0271897144300253,28.686871131394103,0.1008470440115452,210.00518323970095
