PrincipalComponent,coi,c1i,a1i,c2i,a2i
1,0.1462167160039057,1.2402203910806862,28.849231193875607,0.6063566909816901,210.38976563152912
2,0.0292559924477227,0.0297709098615137,28.70821311594369,0.1149607416515903,210.0200969083952
