PrincipalComponent,coi,c1i,a1i,c2i,a2i
1,0.1397714995720851,1.099757142456614,24.034050404872488,0.638836170699337,250.0
2,0.066421934630691,0.254592277432804,59.62815285011283,0.1149431285318523,223.38646742454983
