PrincipalComponent,coi,c1i,a1i,c2i,a2i
1,0.100543710581505,1.5376938945910752,29.128135535935876,0.2926255672969925,210.68298035307467
2,0.0022569156734219,0.0014046711994472,28.78938057784467,0.0027401718816699,210.1936469698262
