PrincipalComponent,coi,c1i,a1i,c2i,a2i
1,0.1266487946399721,1.3210093009204598,28.806568830380357,0.5407628879692341,210.30860694465576
2,0.0142854628269245,0.0157084302813872,28.62459337273705,0.0578115153503981,209.97958184750644
