PrincipalComponent,coi,c1i,a1i,c2i,a2i
1,0.1343928883261799,1.1398336734027452,24.68350061353996,0.5053616597037813,250.0
2,0.0726551935635675,0.325315380176534,72.67260222180806,0.0509335626046348,225.12627097713167
