PrincipalComponent,coi,c1i,a1i,c2i,a2i
1,0.1730029368316572,1.0633633512070682,25.803802278052743,0.7371337996461367,209.8899759565121
2,0.0450465318639589,0.0940233395865147,27.96974762782125,0.207579039810652,209.137699857195
