PrincipalComponent,coi,c1i,a1i,c2i,a2i
1,0.0939134688306669,1.4557521167907284,27.305740525788952,0.2941528641195617,209.954012974879
2,0.0172819063822992,0.0467367629772854,28.193531288447065,0.076787185754596,209.5246125915295
