PrincipalComponent,coi,c1i,a1i,c2i,a2i
1,0.152333253185201,1.220332762237917,28.83369589788417,0.7148669523228706,210.34431454052725
2,0.0175350591011292,0.0161280882611206,28.67509304055752,0.0622555278022673,209.99399207782943
