PrincipalComponent,coi,c1i,a1i,c2i,a2i
1,0.1521914790704426,1.1102421731649403,24.92100534248103,0.5560441525601637,209.6194452461686
2,0.0214830562243809,0.1868552192342933,27.959227094298885,0.2331818512157751,208.87489679609155
