PrincipalComponent,coi,c1i,a1i,c2i,a2i
1,0.1542088650184625,1.0963394098294357,24.50258632860734,0.7106466785679885,250.0
2,0.0488844833046905,0.1880531833780964,49.84987532486522,0.1634336139679416,222.33497419622591
