PrincipalComponent,coi,c1i,a1i,c2i,a2i
1,0.1724664531121538,1.047936096658515,24.751344757420306,0.7695195598422463,209.65687024811228
2,0.0284570886643696,0.1323497058333437,27.74615790959485,0.2001525718221546,208.81140160683915
