PrincipalComponent,coi,c1i,a1i,c2i,a2i
1,0.1574906502382547,1.2061778239927798,28.86542353367245,0.7226515054896075,210.32499396935748
2,0.0210949879179397,0.0181998174878353,28.690062707563737,0.0751719775472863,209.99658374335957
