PrincipalComponent,coi,c1i,a1i,c2i,a2i
1,0.1103976469228733,1.4208533866809936,28.74291087991195,0.4813249606865126,210.4399499737504
2,0.0013440276809323,0.0004235535520743,28.670262843956387,0.000255970589393,210.01253925906
