PrincipalComponent,coi,c1i,a1i,c2i,a2i
1,0.1932253497445903,1.0989336843131383,28.87373030616573,0.8006957719408655,210.41133661493305
2,0.0368334418159509,0.0366959561735517,28.758545421035905,0.1545483702262032,210.0338088773496
