PrincipalComponent,coi,c1i,a1i,c2i,a2i
1,0.1871820335119346,1.0427018412948823,26.051159697018285,0.8383488545384499,210.0434597503165
2,0.038296644095112,0.0678913108454738,28.038824510471343,0.1790448097130536,209.23822384646564
