PrincipalComponent,coi,c1i,a1i,c2i,a2i
1,0.1348552415791475,1.2831292254049032,28.72265945173951,0.6495083329981989,210.2933672535725
2,0.007766645956464,0.0082881330056679,28.527243144885457,0.0270866418922908,209.93058228681264
