PrincipalComponent,coi,c1i,a1i,c2i,a2i
1,0.13680697236558,1.1924706438880517,25.57235144926337,0.346605544334906,250.0
2,0.0623211988443704,0.2918031814054483,75.71540311971006,0.090120424182675,224.6389323673525
