PrincipalComponent,coi,c1i,a1i,c2i,a2i
1,0.120657056951014,1.343459567439195,28.727331564076103,0.5780472952165708,210.4290299933208
2,0.0035071752082415,0.0026814414046448,28.684839889485815,0.0087935489364014,210.00554423731467
