PrincipalComponent,coi,c1i,a1i,c2i,a2i
1,0.0926480909616377,1.2879717027344124,26.376473548348628,0.395134445234463,209.75322149957924
2,0.0385879442611566,0.0888482360879264,27.963386604548703,0.1753219982960606,209.24544223840252
