PrincipalComponent,coi,c1i,a1i,c2i,a2i
1,0.0947851488156232,1.487512256256703,28.777891166570377,0.3598447993434373,210.3797698706963
2,0.0049463352899444,0.0068831925068061,28.449375355860077,0.0187900133050321,209.96768815443104
