PrincipalComponent,coi,c1i,a1i,c2i,a2i
1,0.1837995444192193,1.1329243493312904,28.86972476776173,0.790313123013211,210.38082206259065
2,0.0305784220259978,0.0251345024115584,28.735774044151423,0.1200331587433991,210.0211409197968
