PrincipalComponent,coi,c1i,a1i,c2i,a2i
1,0.0911868629080787,1.4693154581011891,28.26049587872069,0.294208842439535,210.28574795067988
2,0.0145424917246138,0.0385913683586075,28.492252512941818,0.078033871618224,209.8545586588901
