PrincipalComponent,coi,c1i,a1i,c2i,a2i
1,0.1698967932738409,1.169091076019031,28.882802652469447,0.7610197419274634,210.34686742152164
2,0.0267579760508521,0.0196758745576052,28.72068666993317,0.1007008166370319,210.01076264626968
