PrincipalComponent,coi,c1i,a1i,c2i,a2i
1,0.0877725420657347,1.39270269770489,27.065489540046674,0.3272819014288858,209.9123331903677
2,0.0231052389409893,0.0651170862799576,28.17755990792119,0.1233602608146075,209.45081205060188
