PrincipalComponent,coi,c1i,a1i,c2i,a2i
1,0.1907757029620468,1.139262808111014,29.77732861845142,0.8765439377264082,211.03830381014137
2,0.0128603661534406,0.0039251033260067,29.024269680909473,0.0380945690121971,210.4171881836889
