PrincipalComponent,coi,c1i,a1i,c2i,a2i
1,0.1553660447796815,1.208880609215151,28.8126432433366,0.799750898552489,210.4535173035488
2,0.0029803269739824,0.0010555009250939,28.741600653380676,0.0052382323135843,210.0196512183811
