PrincipalComponent,coi,c1i,a1i,c2i,a2i
1,0.0958820925445799,1.2953640051699746,27.13299948984924,0.3794089262789944,210.0024945016159
2,0.0323999186908723,0.0802837144482561,28.222526187242416,0.1979705226394811,209.50548621362643
