PrincipalComponent,coi,c1i,a1i,c2i,a2i
1,0.179183832115695,1.0677898800505663,24.980872308666928,0.8386905388231405,250.0
2,0.0348879866724567,0.1314509964263269,44.05689487669867,0.1834767306765217,221.70345231188625
