PrincipalComponent,coi,c1i,a1i,c2i,a2i
1,0.0996542471076284,1.1950638674348792,26.40869316182764,0.4353726105469187,209.81186752887135
2,0.0491738691648987,0.0993496233484646,27.99156582022901,0.2618115448334112,209.27467865069548
