PrincipalComponent,coi,c1i,a1i,c2i,a2i
1,0.1378366828378342,1.2643246833966613,28.79276319864649,0.7150285203130592,210.4444458802004
2,0.0014660705966851,0.0004770025199188,28.721605062947106,0.000610546863718,210.0141630461045
