PrincipalComponent,coi,c1i,a1i,c2i,a2i
1,0.1227818384677996,1.3362789810676206,28.80464537831566,0.5973294724519119,210.46657997214956
2,0.003686160060973,0.0042280570390818,28.70974582946133,0.0128859019269531,210.02842281279337
