PrincipalComponent,coi,c1i,a1i,c2i,a2i
1,0.0988821082866515,1.3717762381779588,28.335528423603815,0.3602683744511038,210.36294241501116
2,0.0232884386935804,0.0541211728416503,28.57660139344974,0.139884831551936,209.8999828259636
