PrincipalComponent,coi,c1i,a1i,c2i,a2i
1,0.1613065223214751,1.1622863374129897,26.007438755519935,0.46496802902386,250.0
2,0.040886679043759,0.1982684885635932,60.89306067318144,0.1752022015958241,222.603107035727
