PrincipalComponent,coi,c1i,a1i,c2i,a2i
1,0.2108391961255379,1.050002250596448,27.365496152385795,0.9997133122456116,250.0
2,0.0358652381436706,0.0355731187101139,38.09413551206099,0.1446966717216596,222.08099433259991
