PrincipalComponent,coi,c1i,a1i,c2i,a2i
1,0.1842118723099003,1.1514605201843848,29.65395854857283,0.8678239826359875,211.11392614256567
2,0.0098231937266812,0.0038006052776863,28.967836474763946,0.0273522061904322,210.3974840654327
