PrincipalComponent,coi,c1i,a1i,c2i,a2i
1,0.1917388524199937,1.1042772543097708,28.789635941961514,0.9322438397379218,210.28391757904384
2,0.018379870882701,0.002869327468854,28.666057535263185,0.0606861097705076,209.95423030574577
