PrincipalComponent,coi,c1i,a1i,c2i,a2i
1,0.2156154897188812,1.041659833713335,28.89375884468255,0.9695655459293409,210.3563035625906
2,0.029002898368036,0.0125569194096087,28.7620465359921,0.1151996790366143,210.01324824026605
