PrincipalComponent,coi,c1i,a1i,c2i,a2i
1,0.1032778675017521,1.395710535190221,28.80910887727116,0.451848352567555,210.29811898167733
2,0.0114606125800848,0.0169231231666808,28.60690632609105,0.0561823430266092,209.9770110789821
