PrincipalComponent,coi,c1i,a1i,c2i,a2i
1,0.1737477421327985,1.1102467232044635,25.65904692874247,0.6908383119137365,250.0
2,0.0349214568761193,0.1652792682756864,50.86998901211019,0.1823841555625047,222.32514797117065
