PrincipalComponent,coi,c1i,a1i,c2i,a2i
1,0.1944433709084627,1.0573645934550908,25.86342744907421,0.920617639952604,250.0
2,0.0329767252001201,0.0959618747618189,40.48700757520326,0.1671630773339937,221.71200005114392
