PrincipalComponent,coi,c1i,a1i,c2i,a2i
1,0.2060830581549601,1.0707745099266346,28.846007883577546,0.9602347563644692,210.31667220671775
2,0.0221326389552993,0.0060210232790516,28.712405596049596,0.0803140438706592,209.9837665095228
