PrincipalComponent,coi,c1i,a1i,c2i,a2i
1,0.1447763493093057,1.242494621063066,28.79901038585534,0.7465002782403467,210.4478096127953
2,0.0021290705884241,0.0013907228055023,28.72832126799473,0.0021867936436443,210.01553399443333
