PrincipalComponent,coi,c1i,a1i,c2i,a2i
1,0.1043015571107608,1.3426401373822288,28.327652444108253,0.3784475234154807,210.38963506905577
2,0.0253472170820853,0.0622327730655415,28.588548342518603,0.1550430702011111,209.91265694491756
