PrincipalComponent,coi,c1i,a1i,c2i,a2i
1,0.1864476309764704,1.0647986625054575,25.27133618292464,0.7134813467806796,209.83828231501275
2,0.0177964341155999,0.1264120508751059,27.99886088582827,0.2321238493623839,208.99712406700792
