PrincipalComponent,coi,c1i,a1i,c2i,a2i
1,0.188936072181193,1.0595434426949657,25.101532968026383,0.874066114015586,250.0
2,0.0325965069084575,0.1193773354139645,43.36810682351723,0.1830154568405714,221.54698958599275
