PrincipalComponent,coi,c1i,a1i,c2i,a2i
1,0.1016610278241486,1.2657176665693135,27.130502247157786,0.3948903335195821,210.01786975494537
2,0.0349987869718893,0.0882721724844591,28.23650717846588,0.2154655343564953,209.50871165687897
