PrincipalComponent,coi,c1i,a1i,c2i,a2i
1,0.1737777883683486,1.1310567850409432,25.94622898490711,0.484239267678585,209.8918577325664
2,0.0194761522398754,0.1359055267491604,28.191512313256503,0.2617452495010559,209.19255388326732
