PrincipalComponent,coi,c1i,a1i,c2i,a2i
1,0.2031092614820074,1.1202435048275046,29.95316130795265,0.9165310030514304,211.16821352295045
2,0.0099831834631522,0.0018359855771267,29.053881271340035,0.0292752701171317,210.49653737672216
