PrincipalComponent,coi,c1i,a1i,c2i,a2i
1,0.195861017270584,1.1320319872935602,29.81300058615228,0.9068335522009078,211.1913452595686
2,0.0074788078745997,0.0020983760923497,29.08777602413494,0.019663347172563,210.46227860826616
