PrincipalComponent,coi,c1i,a1i,c2i,a2i
1,0.2259295064561781,1.0248364774511571,28.888464128637004,1.015389640366302,210.3522261231975
2,0.0263837413880701,0.0080250831298393,28.757089898812644,0.1028865322392405,210.00893166582264
