PrincipalComponent,coi,c1i,a1i,c2i,a2i
1,0.1094055703875707,1.3689307916824682,28.83421819471383,0.4738004876880634,210.32761005140856
2,0.0134790130374926,0.0222905113690743,28.63723848557585,0.0672461010288336,209.99382776012183
