PrincipalComponent,coi,c1i,a1i,c2i,a2i
1,0.2171645141462674,1.0528906907649245,28.851241351550712,1.004844086397357,210.35711572363113
2,0.019024269048832,0.0025390855994789,28.717530600254467,0.0690094774321277,209.99692476844044
