PrincipalComponent,coi,c1i,a1i,c2i,a2i
1,0.2024485259755749,1.0856227008299908,28.799337484188975,0.9759790169539944,210.2767091243761
2,0.0151958129352255,0.0006041406019256,28.644697431716917,0.0500867959076939,209.9479686717193
