PrincipalComponent,coi,c1i,a1i,c2i,a2i
1,0.1045299201816892,1.1663236182210472,26.377285262182063,0.4486091049698586,209.81871965275545
2,0.0523998365495968,0.1065457281329799,27.99545004080985,0.2817620638162476,209.27344641084883
