PrincipalComponent,coi,c1i,a1i,c2i,a2i
1,0.1642852214559735,1.187841691679233,28.81764080547932,0.8366949329952849,210.45522637227785
2,0.0015456910550871,0.0012184726391221,28.748087813038183,0.0014619873982244,210.0206707695047
