PrincipalComponent,coi,c1i,a1i,c2i,a2i
1,0.2240502308695099,0.9783495859105203,26.337791556796883,1.038276972452114,210.282569386923
2,0.0297252742824082,0.0280888892635535,28.18475153490743,0.1365681663426614,209.37135179792935
