PrincipalComponent,coi,c1i,a1i,c2i,a2i
1,0.207563368647873,0.995295363549078,25.065980821498908,0.9511757990033416,209.8949002749074
2,0.0238324563863822,0.0790940798206313,27.83953824818769,0.1752098069021989,208.95298655134823
