PrincipalComponent,coi,c1i,a1i,c2i,a2i
1,0.1290467692467378,1.3127934132871462,28.823731684598172,0.6234507932928033,210.42624055507616
2,0.0051848827750179,0.0067617513805863,28.52817940361982,0.0195403902734514,209.9837574662257
