PrincipalComponent,coi,c1i,a1i,c2i,a2i
1,0.2340471878010259,1.0225314798699856,28.834478705678016,1.0788852381289116,210.29872180148072
2,0.0139538445639844,2.1684043449710093e-19,28.66116725319175,0.0505575144026511,209.96153079311273
