PrincipalComponent,coi,c1i,a1i,c2i,a2i
1,0.2243677117319892,1.0297664082932836,26.359915510534,1.025544715748647,249.99999999999997
2,0.0270781324183692,0.0714918115912197,39.48481852960195,0.150013521488322,221.58934620409428
