PrincipalComponent,coi,c1i,a1i,c2i,a2i
1,0.1775011721031041,1.1539854261305502,28.831322955140937,0.8932616507485762,210.46072695205845
2,0.0011947228037435,0.0012175264989437,28.76152195248329,0.000555912806935,210.0247223880619
