PrincipalComponent,coi,c1i,a1i,c2i,a2i
1,0.2045160478820247,1.045073048529474,25.510656418300428,0.7722159969322813,209.97617581910504
2,0.0167880181677892,0.1109863021354014,28.05651890276986,0.2254082256458459,209.09406990142057
