PrincipalComponent,coi,c1i,a1i,c2i,a2i
1,0.1115990854092924,1.1247480473672835,26.493080786923393,0.4666619136578798,209.84449634776144
2,0.060763632245708,0.1136663420035454,28.02879022154174,0.3166880858586229,209.3215629965852
