PrincipalComponent,coi,c1i,a1i,c2i,a2i
1,0.1556492150209966,1.207172443026599,28.77672960054642,0.7962737774570793,210.44098130420596
2,0.0036435472216738,0.0030555590833641,28.733826459998767,0.0083401170431743,210.01344951960283
