PrincipalComponent,coi,c1i,a1i,c2i,a2i
1,0.2072613321076589,1.0428678497675274,25.43385092197928,0.9350480124533916,250.0
2,0.0292067210320264,0.102309024711358,41.99738926110502,0.1791441380017251,221.4463584923888
