PrincipalComponent,coi,c1i,a1i,c2i,a2i
1,0.1372526856282754,1.2741543135654656,28.746210837772107,0.6668085588029012,210.29026069455432
2,0.0086348397627593,0.011432711809353,28.57167262299967,0.0334583715913314,209.9429819637629
