PrincipalComponent,coi,c1i,a1i,c2i,a2i
1,0.231067410609134,1.0548060274404338,29.86547882236881,1.0341324538776022,211.3216821798323
2,0.0096989817952972,0.0,29.089498036473596,0.0330838568354017,210.5206090261553
