PrincipalComponent,coi,c1i,a1i,c2i,a2i
1,0.1190014340003265,1.2973973421647085,28.907810671679552,0.3973962399915468,210.4921222538933
2,0.0317039187124931,0.0728324249379145,28.755095174268305,0.1820967562629312,210.09036454839924
