PrincipalComponent,coi,c1i,a1i,c2i,a2i
1,0.116770157604761,1.3267907067100118,28.81415891400548,0.5096265308546657,210.36349153059757
2,0.0185179315279915,0.0306748530704575,28.66558329716453,0.0875827678407197,210.00077120153372
