PrincipalComponent,coi,c1i,a1i,c2i,a2i
1,0.1923407088874288,1.110646754630513,26.207385118527053,0.5392629074325086,210.0349552948848
2,0.0181847397011011,0.1212895696403221,28.262227349899128,0.2582375743615335,209.29429595151572
