PrincipalComponent,coi,c1i,a1i,c2i,a2i
1,0.2429640949407995,0.995402401997182,28.862347004698083,1.091926364496069,210.32725122469665
2,0.0215554540392179,0.0038877706016058,28.73668634969303,0.0824772919911726,209.9905692221407
