PrincipalComponent,coi,c1i,a1i,c2i,a2i
1,0.1092643317229881,1.2223946856680226,27.24069345334346,0.4166671479159204,210.08549800158727
2,0.0422938106466025,0.097557080450005,28.288018790977254,0.2469017565066276,209.55887811161023
