PrincipalComponent,coi,c1i,a1i,c2i,a2i
1,0.2130558152525576,1.1006419401120828,30.01441337852226,0.9702414032776956,211.32531568352215
2,0.0045778886376159,0.0002383696038513,29.263703520601695,0.0095810666939871,210.58198646581172
