PrincipalComponent,coi,c1i,a1i,c2i,a2i
1,0.2431979410664526,0.9512862755975028,26.47262139233232,1.111169717072681,210.45407741136603
2,0.0256215814040112,0.0211426144286075,28.25689092116454,0.117055119657837,209.45177366888743
