PrincipalComponent,coi,c1i,a1i,c2i,a2i
1,0.2209902716628533,1.0891491628016914,30.18263413146374,0.9819594897364372,211.38620391103495
2,0.0064885096903813,0.0,29.31320648993373,0.0168051184148668,210.6366642783828
