PrincipalComponent,coi,c1i,a1i,c2i,a2i
1,0.1648613509111158,1.177771311240342,28.820159088110245,0.8320511965213515,210.4589978471328
2,0.0065435669225918,0.0044212813949758,28.61198758474602,0.0202261540246987,209.99037026175216
