PrincipalComponent,coi,c1i,a1i,c2i,a2i
1,0.2344826767740006,1.0617253512176943,30.11771082950925,1.0402428808158388,211.4438398664844
2,0.0033180209961752,0.0,29.32531431973882,0.0078836305541353,210.63927210211236
