PrincipalComponent,coi,c1i,a1i,c2i,a2i
1,0.1153923770016869,1.262380737256223,28.32014554288705,0.4232363473692834,210.4601459368936
2,0.0385478757486128,0.0811256399065939,28.64503765434281,0.2137553189619286,209.93288986488992
