PrincipalComponent,coi,c1i,a1i,c2i,a2i
1,0.2599006131311389,0.9702244308246004,28.859359879346343,1.1574646057958546,210.31734061114864
2,0.0162201871493685,0.0010668000454929,28.714522603203296,0.0650896092088601,209.98049541259775
