PrincipalComponent,coi,c1i,a1i,c2i,a2i
1,0.2068485025542255,1.0975336965962363,26.25805870791878,0.5921061860586315,210.09952436387192
2,0.016425539538068,0.1062843015446907,28.261560722630445,0.2523077382388889,209.319974749094
