PrincipalComponent,coi,c1i,a1i,c2i,a2i
1,0.2502703229866971,0.9964220865265898,28.84891981063584,1.1411598307958208,210.41648864673405
2,0.0084158743033315,0.0,28.6557969220705,0.0354733093127532,210.0213340423956
