PrincipalComponent,coi,c1i,a1i,c2i,a2i
1,0.2213900350482469,1.0314769455126138,25.49010025024582,0.9926095201139762,250.0
2,0.0250528402541841,0.0880611370405215,40.872339417428215,0.1728398326117582,221.2825144177336
