PrincipalComponent,coi,c1i,a1i,c2i,a2i
1,0.2555460028941081,0.9974732763831275,27.799767995713523,1.1805764870006694,250.0
2,0.0240732183734182,0.0151851566948813,38.50771186392314,0.0991109401525809,221.73280079639457
