PrincipalComponent,coi,c1i,a1i,c2i,a2i
1,0.1137300168263038,1.1856921023688365,27.171181050042815,0.4310734860317255,210.08477714588065
2,0.049013542063159,0.1064523146379064,28.27521762136806,0.2809168367807006,209.5508707419212
