PrincipalComponent,coi,c1i,a1i,c2i,a2i
1,0.2388968395064526,1.015891598831944,26.37948064343653,1.08866672586535,250.0
2,0.0228452303689405,0.0606380937689576,39.09429109624866,0.1369215123107354,221.44606151491104
