PrincipalComponent,coi,c1i,a1i,c2i,a2i
1,0.226476298414545,1.073074138505098,30.00738050393424,1.0252682750673572,211.44408221894523
2,0.0022611513945505,0.000221973803244,29.29834913220188,0.0032127178521845,210.61057265753064
