PrincipalComponent,coi,c1i,a1i,c2i,a2i
1,0.1444999352441618,1.243833005506355,28.8108203118193,0.6944756186023718,210.2966188461565
2,0.0138566487487138,0.0137474839033631,28.638802228139102,0.0528257603808513,209.9689749446602
