PrincipalComponent,coi,c1i,a1i,c2i,a2i
1,0.1219548472995098,1.293888529940708,28.858631245130415,0.5305858581170165,210.40292383035413
2,0.0252872238349954,0.0359433511553477,28.706560875895473,0.1138737048869738,210.0260547649446
