PrincipalComponent,coi,c1i,a1i,c2i,a2i
1,0.1875316280561253,1.1257190420387104,28.84155426746816,0.9370409631273816,210.4659053547602
2,0.0025268609999528,0.0020414861796869,28.77178693127144,0.0045679335570208,210.02865817145852
