PrincipalComponent,coi,c1i,a1i,c2i,a2i
1,0.235858988243509,1.026788354295533,28.89243080808702,1.1074807295069031,210.477383523142
2,0.0056902561604638,2.824031681740969e-19,28.77844720560155,0.0204059046758978,210.02839252209984
