PrincipalComponent,coi,c1i,a1i,c2i,a2i
1,0.2155245168583253,1.0764456985119213,26.232963490774527,0.8367608398654411,250.0
2,0.0231751869176067,0.113120535618267,44.80689593968453,0.1901528303484323,221.56430148156332
