PrincipalComponent,coi,c1i,a1i,c2i,a2i
1,0.1163689226653028,1.089740588932839,26.47966653217012,0.4766646573597445,209.78199113220313
2,0.0683344835362519,0.1203921053801096,28.000796186574423,0.3541514911720733,209.30874773508663
