PrincipalComponent,coi,c1i,a1i,c2i,a2i
1,0.2819573345080976,0.9884264136219554,29.45164281705596,1.2862409432577802,250.0
2,0.0086586086596383,5.879040103173904e-05,38.98034591692466,0.0351730366780593,221.809010396234
