PrincipalComponent,coi,c1i,a1i,c2i,a2i
1,0.2425045411024721,1.0400168198231876,25.901094037728974,0.9556550057870832,250.0
2,0.0160028152788781,0.0935718371824513,42.486107703348104,0.1690863456308294,221.15607921197756
