PrincipalComponent,coi,c1i,a1i,c2i,a2i
1,0.1392515235105061,1.223778338936394,28.887587535601043,0.5773375176052152,210.44441729266725
2,0.0365208399524951,0.0440234088325563,28.74718614346518,0.1532299010272519,210.05378833411632
