PrincipalComponent,coi,c1i,a1i,c2i,a2i
1,0.2510406135195818,0.998185973762886,28.888744009559296,1.1496677907915047,210.49283615133
2,0.0017654090978945,0.0007149395306839,28.819721097769797,0.0013326061667173,210.05078208695727
