PrincipalComponent,coi,c1i,a1i,c2i,a2i
1,0.1277672628998205,1.0150821904892076,26.0359303840024,0.525138877812563,209.6199376310047
2,0.0806452354064992,0.1347571010413566,27.828500929659675,0.3952696814122041,209.11653989649156
