PrincipalComponent,coi,c1i,a1i,c2i,a2i
1,0.1627409909607205,1.1776323749784794,28.855206406341154,0.7465776942996684,210.35072819912085
2,0.0245680865804442,0.0177463808772851,28.702320221178887,0.0864540766768172,210.00386101127648
