PrincipalComponent,coi,c1i,a1i,c2i,a2i
1,0.1845180625260748,1.1143159546376011,28.773711266431548,0.8936283548703582,210.30338286127463
2,0.0146350740557884,0.0055769818487652,28.64213983676203,0.0457835551527686,209.953475693175
