PrincipalComponent,coi,c1i,a1i,c2i,a2i
1,0.1248905399842486,1.1089983122247091,26.74474594825491,0.4819686161483283,209.932358421284
2,0.0612406140516371,0.1224432034888162,28.139420755644093,0.3207619298993023,209.4166113995002
