PrincipalComponent,coi,c1i,a1i,c2i,a2i
1,0.2688690895280977,0.9629649191418632,28.89945029913052,1.2106959308598113,210.50033644601416
2,0.0019288692595614,0.0002293196996104,28.831480311526597,0.004441457089021,210.05658728487384
