PrincipalComponent,coi,c1i,a1i,c2i,a2i
1,0.2314241767027439,1.0927268167543556,26.39332318633469,0.7153805863086893,250.0
2,0.01811700660404,0.1079726948445254,45.58791173467315,0.2008261602052445,220.988957211356
