PrincipalComponent,coi,c1i,a1i,c2i,a2i
1,0.2655148903281629,0.9746791802819216,25.875538026525053,1.2158623621457203,250.0
2,0.0155093668360234,0.0497635482462355,38.90446830823674,0.1036777096043737,221.0738761844085
