PrincipalComponent,coi,c1i,a1i,c2i,a2i
1,0.2701989779223337,1.0111236368862075,29.397795790975472,1.2620400141586718,250.0
2,0.00349715798256,0.0,39.11880183520311,0.0134386084382667,221.78110268045592
