PrincipalComponent,coi,c1i,a1i,c2i,a2i
1,0.2835345301554873,0.9486964997913896,27.16434002953482,1.3114056218435024,250.0
2,0.0149077676725962,0.0115976897841277,38.48522188424761,0.0635002045148533,221.28473348769808
