PrincipalComponent,coi,c1i,a1i,c2i,a2i
1,0.1261426179882175,1.186982940971953,27.90733323881721,0.4758607513610472,210.36138544050507
2,0.0508327101876233,0.0952110045484086,28.540269764021392,0.2532149823620663,209.8077352312388
