PrincipalComponent,coi,c1i,a1i,c2i,a2i
1,0.2105448717739229,1.063921882726978,28.852940262238647,1.0070051584452726,210.44543740057784
2,0.0079250457116809,0.0016512707326938,28.689592478330045,0.0209262792060654,209.99787302477483
