PrincipalComponent,coi,c1i,a1i,c2i,a2i
1,0.2414623869877173,1.010459754557688,28.88124197915445,1.1265000212528573,210.48953357144043
2,0.0032295254710792,5.500202321959439e-05,28.81319663675896,0.0035761140772432,210.04605296994785
