PrincipalComponent,coi,c1i,a1i,c2i,a2i
1,0.2486227381121024,0.993965639860567,25.092018773414267,1.1148404163128172,250.0
2,0.0175889465555355,0.0726309651609446,39.94594846898774,0.1446398568769578,220.92751464323857
