PrincipalComponent,coi,c1i,a1i,c2i,a2i
1,0.268411935176451,0.953467002057234,28.907806108673466,1.20293933936931,210.44481900445908
2,0.0065271298276244,0.0024096862995696,28.736590015170982,0.0200454726377299,210.015591797958
