PrincipalComponent,coi,c1i,a1i,c2i,a2i
1,0.2078241265291046,1.0518542760934406,28.870762787104407,0.9453116148003208,210.3660452011883
2,0.0224279618224139,0.0134591802282885,28.737413564301395,0.0859772518387546,210.00842177856092
