PrincipalComponent,coi,c1i,a1i,c2i,a2i
1,0.1431384918511639,1.0219402143495602,26.12088783540416,0.5522584863459341,209.70409685435487
2,0.0665035149798384,0.1566374326450612,27.956622043875193,0.3494724859606239,209.1801472227457
