PrincipalComponent,coi,c1i,a1i,c2i,a2i
1,0.2960127570624861,0.9622915199073684,28.978814673571517,1.3741826987215855,250.0
2,0.0021452391417038,0.0005477270079388,39.015697031520446,0.0017918976828646,221.6264709096172
