PrincipalComponent,coi,c1i,a1i,c2i,a2i
1,0.2590834324764071,1.0704571479721738,26.308204921803284,0.8356677944911427,250.0
2,0.0143133314538307,0.0789607525894071,42.03257340532992,0.1858512841767788,220.43767198340737
