PrincipalComponent,coi,c1i,a1i,c2i,a2i
1,0.3138122039261342,0.9094780551816346,26.77451040246541,1.4456857703552206,250.0
2,0.0080353927196572,0.0057494035427745,38.24815359284304,0.0279638302938235,221.06464430251577
