PrincipalComponent,coi,c1i,a1i,c2i,a2i
1,0.1450715184516771,0.9293218305784008,25.3142927295532,0.5969527767664725,209.4081216347948
2,0.0862795697259451,0.1684326863357655,27.59321317337272,0.4220660993149684,208.84050262826264
