PrincipalComponent,coi,c1i,a1i,c2i,a2i
1,0.2861118676518719,0.986958922326676,29.734968325141427,1.3137321756710123,250.0
2,0.0028789600598443,0.00279290374604,39.190109358433034,0.00281242846311,221.8280827881957
