PrincipalComponent,coi,c1i,a1i,c2i,a2i
1,0.1622149936878948,1.147790238752467,28.913140947959224,0.6264443792901426,210.47825541479432
2,0.0439596848246289,0.0653030895731077,28.78291677018914,0.1969791602212126,210.07351776884155
