PrincipalComponent,coi,c1i,a1i,c2i,a2i
1,0.2941667493604492,0.9451364837793322,25.642945703019972,1.3493561959127836,250.0
2,0.0115101209978009,0.0329020573389917,38.46202980787032,0.0689921863883908,220.81245963732616
