PrincipalComponent,coi,c1i,a1i,c2i,a2i
1,0.2773308313094042,0.968066125771034,24.901090559566793,1.2446422538687605,250.0
2,0.0138595426241985,0.0509069996478727,38.9323551097432,0.1146511720739291,220.59215048165504
