PrincipalComponent,coi,c1i,a1i,c2i,a2i
1,0.1745828425547317,1.1113513212450314,28.025609473471818,0.8065179564030452,210.58959183734044
2,0.032369647430205,0.0312759251102862,28.60306068116759,0.1313161980940897,209.8786553241384
