PrincipalComponent,coi,c1i,a1i,c2i,a2i
1,0.1443989855014564,1.1015530294681406,27.347441832226657,0.5429378957994639,210.21886660175517
2,0.0558702283378613,0.1274168197122207,28.41280692765898,0.2861567062284593,209.64355013763185
