PrincipalComponent,coi,c1i,a1i,c2i,a2i
1,0.2785768817633633,0.9405510665531408,28.88625618173493,1.233163985205369,210.50829651794967
2,0.0045869869008502,0.0032397817218492,28.836409207461337,0.0113774448976124,210.06153143610015
