PrincipalComponent,coi,c1i,a1i,c2i,a2i
1,0.2261341672525783,1.0700339585427885,29.601588605112916,1.073645591930529,250.0
2,0.015674382778827,0.0056179864139491,39.03490169832654,0.0539285258279817,222.0285575458551
