PrincipalComponent,coi,c1i,a1i,c2i,a2i
1,0.3101397675731056,0.9427936708181376,29.01848099036454,1.4128929034379838,250.0
2,0.0033675274871962,0.0,39.02326380796748,0.0083613281045396,221.62687485370037
