PrincipalComponent,coi,c1i,a1i,c2i,a2i
1,0.2714036521411955,1.0157773373127867,25.762485778954854,1.0828956751578191,250.0
2,0.0112998758312684,0.0689922678386883,40.43673553902867,0.144014390690466,220.70755832197213
