PrincipalComponent,coi,c1i,a1i,c2i,a2i
1,0.3280640621356561,0.9093465556109016,27.796026014575347,1.5072475392840172,250.0
2,0.002786630698896,0.0034056849245793,38.73818916594561,0.0027881438275337,221.2914003213964
