PrincipalComponent,coi,c1i,a1i,c2i,a2i
1,0.1510806117884965,0.9562961465932404,24.833446917066407,0.6576627917339596,250.0
2,0.1045672096058978,0.2460611194694944,50.42862048429036,0.2799538781461869,225.54774186550603
