PrincipalComponent,coi,c1i,a1i,c2i,a2i
1,0.1574859638627995,0.8281806902720207,23.619422911651945,0.6942674513104696,209.02663852406783
2,0.0850084475747183,0.2415929063256362,27.215959381364556,0.4107486762561921,208.24688840285123
