PrincipalComponent,coi,c1i,a1i,c2i,a2i
1,0.2870182555088887,0.9727561078305782,29.253708699863463,1.2874094457841667,250.0
2,0.0120525981034782,0.0132873313002805,38.93820163550674,0.0439039497187787,221.74486604359672
