PrincipalComponent,coi,c1i,a1i,c2i,a2i
1,0.276001948543494,0.984597122712146,29.286897565732342,1.2491475862457693,250.0
2,0.0158142325364735,0.0106453418238807,38.91515114511921,0.0608326005800326,221.85845355120932
