PrincipalComponent,coi,c1i,a1i,c2i,a2i
1,0.3190749924126735,0.9354142429119844,24.74701443399916,1.4748789066653514,250.0
2,0.0025868524726035,0.0167176636982223,37.95998192512613,0.0302998230110057,220.5150886344096
