PrincipalComponent,coi,c1i,a1i,c2i,a2i
1,0.1857155215527349,1.047262837828009,26.9784910483671,0.8411360159105441,210.29486175988455
2,0.0394245875092899,0.060309258488853,28.30873497533984,0.1832281306949142,209.54355554759732
