PrincipalComponent,coi,c1i,a1i,c2i,a2i
1,0.3023022500717764,0.9636766260817256,24.10264095437663,1.37338838997687,250.0
2,0.0045453624801853,0.0295824812365075,38.17519192546966,0.0731358723944817,220.3222826156129
