PrincipalComponent,coi,c1i,a1i,c2i,a2i
1,0.2997589277891684,0.9461649627465084,28.57597725020894,1.379161796672374,250.0
2,0.0079648058457777,0.0112599220167948,38.77116739449362,0.0257417049258212,221.490975356592
