PrincipalComponent,coi,c1i,a1i,c2i,a2i
1,0.284928255102011,1.0729895719865057,25.785964399438324,0.9524010138414752,250.0
2,0.0077726559214513,0.0436741485272128,39.34707685058195,0.1600503793657988,220.27260628247288
