PrincipalComponent,coi,c1i,a1i,c2i,a2i
1,0.3109411170560022,0.9235255857786558,27.810273706634845,1.4499320887603453,250.0
2,0.0053315694578494,0.0086835862028824,38.678843251089376,0.0135305870174373,221.29140210920147
