PrincipalComponent,coi,c1i,a1i,c2i,a2i
1,0.1543774393352621,1.0040228846523986,25.59904998910604,0.6281189279770076,209.6761734627293
2,0.0546041606822055,0.1938226968097135,28.044557524710125,0.2944188678920404,209.04440515618575
