PrincipalComponent,coi,c1i,a1i,c2i,a2i
1,0.211165946059593,0.997744950203031,27.17973054054732,0.986124500649792,210.4706733494291
2,0.0304547740311107,0.0338213974325114,28.41573843608229,0.1396653109474094,209.6352261851383
