PrincipalComponent,coi,c1i,a1i,c2i,a2i
1,0.1658911711643331,1.0697327425825187,27.03994052986484,0.6875780066884275,210.2554834107212
2,0.0473863996967986,0.1101743531558289,28.359147654385737,0.234599686362185,209.55825974811847
