PrincipalComponent,coi,c1i,a1i,c2i,a2i
1,0.2366027242014575,0.956579501669956,27.06892666241654,1.1107783857241746,210.6253732739791
2,0.0231706578784814,0.0206845968197397,28.43143333319993,0.1052237371615205,209.6439095703601
