PrincipalComponent,coi,c1i,a1i,c2i,a2i
1,0.2961883785189242,1.0144587542713626,25.09936022495333,1.2086000408990425,250.0
2,0.0038721351303929,0.0416266589443679,38.900948313006474,0.106902171683504,220.45979384742907
