PrincipalComponent,coi,c1i,a1i,c2i,a2i
1,0.3362441583031663,0.8870500370370541,25.692018218343172,1.5565067683851732,250.0
2,0.0021956362998927,0.001095330302425,38.251154913046186,0.0039743967186496,220.77499038015867
