PrincipalComponent,coi,c1i,a1i,c2i,a2i
1,0.2887595773685488,0.941872348548739,26.92301282854249,1.3744551282978843,249.99999999999997
2,0.010979925699997,0.0336758125043326,38.78148758229823,0.0444271012290334,221.132520007526
