PrincipalComponent,coi,c1i,a1i,c2i,a2i
1,0.2858016088085924,1.1105211881833237,25.337836353964825,1.003125668595095,250.0
2,0.0068967090439353,0.0214486462329016,38.280935516152894,0.1194344434784322,220.5240453946751
