PrincipalComponent,coi,c1i,a1i,c2i,a2i
1,0.3286454448551406,0.90468023342732,24.50275853032731,1.5689390684880833,250.0
2,0.0023366015283621,0.0045197667520081,37.968398870448155,0.0017859167669587,220.47451700746595
