PrincipalComponent,coi,c1i,a1i,c2i,a2i
1,0.314513969358843,0.9680545000222542,23.93596953622535,1.5061400308147028,250.0
2,0.0017088461703367,0.0038510630181799,37.80944841558274,0.0093793269552266,220.343863087618
