PrincipalComponent,coi,c1i,a1i,c2i,a2i
1,0.3010575069114835,0.922459532561656,26.254808115411993,1.4459818974285028,250.0
2,0.0077821205298269,0.0284026964501742,38.49934011422465,0.030002981810635,220.92723133505643
