PrincipalComponent,coi,c1i,a1i,c2i,a2i
1,0.146891046375964,0.987492323921074,24.27505138595911,0.6873935453012519,250.0
2,0.1020025584733136,0.3368942097268805,66.45969612803827,0.1093541279338215,225.17765315396215
