PrincipalComponent,coi,c1i,a1i,c2i,a2i
1,0.2018056039408237,1.032278226680842,26.78406837375916,0.9861302952141684,250.0
2,0.0349374427339345,0.0760118298570239,38.402297907404005,0.1509633022394675,221.8848056970487
