PrincipalComponent,coi,c1i,a1i,c2i,a2i
1,0.2754988467485563,0.9642576726123644,27.569133595359755,1.282022168165552,250.0
2,0.0160495471658078,0.0388276319034192,38.867683542392875,0.0640122925373584,221.37680602236264
