PrincipalComponent,coi,c1i,a1i,c2i,a2i
1,0.160955319371189,1.029157092771575,25.415680193010772,0.7098600133876691,209.82355299124424
2,0.0387688585768062,0.1714519190831455,27.990814327946328,0.2292535555910636,209.03906091857024
