PrincipalComponent,coi,c1i,a1i,c2i,a2i
1,0.1492126898875957,0.8142936773074813,22.245337147896095,0.7722663966844137,250.0
2,0.1349007365471131,0.3457238962520349,52.058928592177054,0.2607070748153985,224.84081421417045
