PrincipalComponent,coi,c1i,a1i,c2i,a2i
1,0.227048319130919,1.0052471757173091,26.971173358045963,1.103853948352968,250.0
2,0.0271559718613428,0.0551104941937796,38.4601450799136,0.1235781470960254,221.61484936519005
