PrincipalComponent,coi,c1i,a1i,c2i,a2i
1,0.1462823488075369,0.9027600829748788,22.978727810623955,0.7175670316557125,250.0
2,0.1200341484612371,0.3585640191778122,61.13375150264301,0.161439662520249,225.27135206063016
