PrincipalComponent,coi,c1i,a1i,c2i,a2i
1,0.2965233520789685,1.0527815526354114,24.603059274529112,1.2571247370888796,250.0
2,0.0025013925659078,0.0191764122911406,38.02248766510268,0.0690341222785449,220.45961570803925
