PrincipalComponent,coi,c1i,a1i,c2i,a2i
1,0.2651766089444567,0.9749762339919196,27.64942293315658,1.2414862490333065,250.0
2,0.0196868894843285,0.0368019646628614,38.62495601529226,0.0829406525270641,221.4784766473208
