PrincipalComponent,coi,c1i,a1i,c2i,a2i
1,0.3185433297133108,0.9164010077430336,26.28821312754328,1.5089301352277311,250.0
2,0.0039810636844216,0.0158249990921061,38.321549341676175,0.0140377418631227,220.8838904625528
