PrincipalComponent,coi,c1i,a1i,c2i,a2i
1,0.1796562860627893,1.019353987366549,25.50979544712778,0.8438908985645123,209.8997792127596
2,0.034171524350795,0.1082831122549742,27.904150920190308,0.195251515915078,209.0644130259986
