PrincipalComponent,coi,c1i,a1i,c2i,a2i
1,0.2934240268822931,1.1528045855148414,25.7632058135404,0.9989642878948592,250.0
2,0.0068135605061786,0.0065780693300333,38.08655533799789,0.082489302875831,220.8001401019819
