PrincipalComponent,coi,c1i,a1i,c2i,a2i
1,0.3169983650388561,0.9295948443194342,25.892782808537486,1.4493866396163144,250.0
2,0.0041406047120635,0.0355812085830156,38.729732285117734,0.0338144176494491,220.8420010421183
