PrincipalComponent,coi,c1i,a1i,c2i,a2i
1,0.329135821327323,0.9253581756186798,24.35799660973782,1.518322305538384,250.0
2,0.0019113287660225,0.0160368994220893,37.92685091381917,0.0121446272522544,220.4303708605048
