PrincipalComponent,coi,c1i,a1i,c2i,a2i
1,0.1418429285582472,0.8813545964911808,22.056930493048423,0.7223162834463722,250.0
2,0.0808736190526482,0.3937192082516938,40.55381665959923,0.195242606419585,220.41853426741335
