PrincipalComponent,coi,c1i,a1i,c2i,a2i
1,0.2226684750695174,1.0038716164167805,26.265352605331977,1.0486658762934409,250.0
2,0.0284111196444631,0.0927423349876946,40.91315937375447,0.1373090980347484,221.58697343800304
