PrincipalComponent,coi,c1i,a1i,c2i,a2i
1,0.2850189256106734,0.9478982415238018,26.370837570582474,1.3136528122532884,250.0
2,0.0126282933178596,0.0617873829356163,39.86985810693809,0.064707129042375,221.1196989311125
