PrincipalComponent,coi,c1i,a1i,c2i,a2i
1,0.2615492601444694,0.977747078217534,27.01253849255618,1.182880001683402,250.0
2,0.0203819021451771,0.068504400534831,39.927773194271985,0.1019724654909992,221.4380359688666
