PrincipalComponent,coi,c1i,a1i,c2i,a2i
1,0.145940593640136,0.7950158291327687,21.368162317255862,0.7833157524893247,250.0
2,0.093330806625926,0.3961263062668467,36.05173694202975,0.2690326558211258,220.60769883530477
