PrincipalComponent,coi,c1i,a1i,c2i,a2i
1,0.1532477743013464,1.053618664691975,25.122585872600567,0.6949134903869173,250.0
2,0.0746767669142985,0.2711559682372456,61.02008605734344,0.1121032128070312,223.96305084363345
