PrincipalComponent,coi,c1i,a1i,c2i,a2i
1,0.1758386241126988,1.0144317937678202,24.8819713777196,0.8019928660418221,209.77202374710112
2,0.030594920845761,0.1501478050281159,27.855156375553115,0.2038233241782006,208.8776225640221
