PrincipalComponent,coi,c1i,a1i,c2i,a2i
1,0.3039765620571288,1.0936358102050014,25.01284419138072,1.2476520979774817,250.0
2,0.0021279752020755,0.0057458544031172,37.74533537623056,0.0375471276738903,220.6064246218164
