PrincipalComponent,coi,c1i,a1i,c2i,a2i
1,0.3066498465061365,1.038732329305893,23.83455851134854,1.4000974970643028,250.0
2,0.0021064621284469,0.0013976188664815,37.747929392175735,0.0161041610131168,220.34725535461456
