PrincipalComponent,coi,c1i,a1i,c2i,a2i
1,0.1424143810787541,0.9637139208151752,23.27442385438826,0.6842552711832884,247.17167346718273
2,0.1148035552871777,0.44339019612478,74.69640451310406,1.3353430954889615e-17,225.37948832932187
