PrincipalComponent,coi,c1i,a1i,c2i,a2i
1,0.2718976121490828,0.9678297657697114,26.960302610190983,1.2231195049591603,250.0
2,0.0168620500061746,0.0701069367487918,40.27135570193675,0.0825694326440439,221.38828514355848
