PrincipalComponent,coi,c1i,a1i,c2i,a2i
1,0.2968007354297529,0.9320773619858242,25.780424492867713,1.3844266405705783,249.99999999999997
2,0.0091549931950607,0.0537671995256286,39.27037545409184,0.050983362916476,220.90012894949345
