PrincipalComponent,coi,c1i,a1i,c2i,a2i
1,0.2003937422504083,0.9764560545942323,25.1418357144709,0.9284062708150296,209.97097214158003
2,0.0248753550310083,0.1106982429514671,27.92005755148127,0.1774967680610996,208.9985707404781
