PrincipalComponent,coi,c1i,a1i,c2i,a2i
1,0.3177808120693745,1.000453465015695,24.11895632992301,1.473594026182422,249.99999999999997
2,0.0021481447159785,0.0007129861094201,37.82638607097109,0.0017947113972743,220.3944751847595
