PrincipalComponent,coi,c1i,a1i,c2i,a2i
1,0.175108764648496,1.0536500060828748,24.89471423201168,0.7880837331700917,250.0
2,0.037833685367061,0.1904956786236052,51.22101791853718,0.1525410845063982,222.32068719626105
