PrincipalComponent,coi,c1i,a1i,c2i,a2i
1,0.2493198679913768,1.0011560430496989,25.790731916655087,1.0546199915037666,250.0
2,0.0142210438225715,0.1226101764345199,44.62022237039773,0.1181423728407592,221.43383871191267
