PrincipalComponent,coi,c1i,a1i,c2i,a2i
1,0.292814358586448,0.977706033030926,25.06460624188522,1.269514282668836,249.99999999999997
2,0.0031075986212046,0.0677216613609719,40.055380362243845,0.0872952786805946,220.6291968820405
