PrincipalComponent,coi,c1i,a1i,c2i,a2i
1,0.3002973071110817,1.065316574491223,24.012776169080222,1.3308325144665174,250.0
2,0.001442909235247,0.01045889944749,37.727209641000435,0.0182726618544265,220.3670519112212
