PrincipalComponent,coi,c1i,a1i,c2i,a2i
1,0.2865384659530879,1.2317053128157214,26.11667948633225,0.923820123919762,250.0
2,0.003465101009912,0.0,38.139511324564225,0.027444369086611,221.0249616803287
