PrincipalComponent,coi,c1i,a1i,c2i,a2i
1,0.1331404496919691,1.068738251499136,24.04564750355748,0.5837441802713552,250.0
2,0.0904395882146435,0.399087382098381,77.30568534663155,4.462741691418221e-18,226.04660250912937
