PrincipalComponent,coi,c1i,a1i,c2i,a2i
1,0.1224639521481629,0.9607286725212826,22.031753990150108,0.5923710317192432,230.44914687322265
2,0.1008021665272309,0.4947227963703194,61.98515590458528,3.6675939804467585e-18,219.1307347680257
