PrincipalComponent,coi,c1i,a1i,c2i,a2i
1,0.2912520700684374,1.110648982653298,23.93985034781935,1.2875865011772596,250.0
2,0.0022065424589639,0.002525434737669,37.74347764001218,0.0023589199693131,220.4013078971162
