PrincipalComponent,coi,c1i,a1i,c2i,a2i
1,0.1224208890457177,0.8897131433183413,21.0384241803313,0.6472087766939395,250.0
2,0.0875471378488979,0.4970752450228883,46.67491166932961,0.0928547569065046,221.3776205526235
