PrincipalComponent,coi,c1i,a1i,c2i,a2i
1,0.3072854749670749,0.9811866583258674,23.868913941643513,1.3483476823765506,250.0
2,0.0006075792753624,0.0385845188743087,38.33205263308879,0.0560199683541249,220.31970642218997
