PrincipalComponent,coi,c1i,a1i,c2i,a2i
1,0.1999292330435057,1.0330889918844317,25.090757735741015,0.8900752594407356,250.0
2,0.0269353372982072,0.1551339468015081,47.58532304189605,0.1548357197472424,221.7373579070643
