PrincipalComponent,coi,c1i,a1i,c2i,a2i
1,0.150520582596554,1.0800672863425893,24.46349899500216,0.6777631508270916,250.0
2,0.0563492348805079,0.2536694513993366,58.60453378063596,0.1239280633829455,223.25667232983105
