PrincipalComponent,coi,c1i,a1i,c2i,a2i
1,0.2922408730725355,1.1706781234988275,25.258900333964178,1.1534406330736544,250.0
2,0.0016855092727939,0.000484745406765,38.01281348870503,0.0039929859655588,220.75173103497852
