PrincipalComponent,coi,c1i,a1i,c2i,a2i
1,0.1274868334018631,0.806905457687732,20.45500249640469,0.7129758926687985,250.0
2,0.0987856914399163,0.4831025925669156,40.75831944788981,0.1783828567305889,220.37894768119008
