PrincipalComponent,coi,c1i,a1i,c2i,a2i
1,0.2623077034260684,0.9859424907399448,25.3564078560411,1.1397195574470698,250.0
2,0.0095464471514621,0.1086779318071213,43.074395194565575,0.1071974007965312,221.06460074641316
