PrincipalComponent,coi,c1i,a1i,c2i,a2i
1,0.2737134281840772,0.9733011882557132,24.845633054668223,1.207055453195992,249.99999999999997
2,0.0067384530389367,0.095320401103372,41.65103498318699,0.0992331717530235,220.7742528310592
