PrincipalComponent,coi,c1i,a1i,c2i,a2i
1,0.2383185315608156,1.0117871051884857,25.846133666317243,1.0137669714742947,250.0
2,0.0182794014026609,0.1198036188927615,44.24743206907592,0.1388253208077702,221.42696519121628
