PrincipalComponent,coi,c1i,a1i,c2i,a2i
1,0.8672353379090151,0.6627232829673317,45.60002258649623,0.8289768028224798,215.47865572089455
2,0.1857242223704665,0.1439080262324636,34.24254598321394,0.2907477581152861,215.66033804447753
