PrincipalComponent,coi,c1i,a1i,c2i,a2i
1,0.8433763608054634,0.5558219259911693,44.718692426396714,0.8768523941175183,216.0805056661522
2,0.2123900647996877,0.2439755438886434,37.5103510976198,0.2729308352973643,215.959324166032
