PrincipalComponent,coi,c1i,a1i,c2i,a2i
1,0.7979452346282273,0.5180222125093595,44.362223114006504,0.845778834692911,215.9536669603737
2,0.2468277950204351,0.3085072112454375,39.650100829946666,0.4105389792461332,215.62776002702745
