PrincipalComponent,coi,c1i,a1i,c2i,a2i
1,0.8267227644140794,0.5676856638481164,47.45928610442814,0.7285228668162952,216.3581437566164
2,0.2258269657562043,0.323439216663792,38.207424819241155,0.4327189881280963,216.37290749915252
