PrincipalComponent,coi,c1i,a1i,c2i,a2i
1,0.8242888146501516,0.5147885617572173,45.29259767586628,0.8816475594392648,216.8686148657661
2,0.2372042334300683,0.2874411375708366,40.38660361410891,0.2981797298039445,216.5203425960259
