PrincipalComponent,coi,c1i,a1i,c2i,a2i
1,0.8154293208041035,0.5157633564372005,45.77935692543172,0.8485206916244621,216.7359676664327
2,0.2565139655590137,0.3003299641334043,40.46897232124556,0.356027108241488,216.42764708352223
