PrincipalComponent,coi,c1i,a1i,c2i,a2i
1,0.8562229227903188,0.6090972483524932,45.06957214231756,0.8525706266553894,215.61493385744149
2,0.196434394730229,0.1973046870913671,35.4321242789,0.2807239086631059,215.68984200872305
