PrincipalComponent,coi,c1i,a1i,c2i,a2i
1,0.7628458110191604,0.5705149789713125,40.4808118039472,0.8144009600364198,214.38300560220867
2,0.224587716204296,0.3157180355953245,36.41986449359663,0.4424638423349925,214.01584558535464
