PrincipalComponent,coi,c1i,a1i,c2i,a2i
1,0.7701846761698943,0.6147669602552931,41.67627660862566,0.6486683500705092,229.54968158583785
2,0.266620065136787,0.414693612482202,69.62550885857799,0.238393389218129,222.4481497830034
