PrincipalComponent,coi,c1i,a1i,c2i,a2i
1,0.8343834387452104,0.6233818488618925,56.370094685882535,0.6116265427255916,220.39622418492905
2,0.2305427275374784,0.3443603982123847,45.39995858652575,0.3786843928706472,220.2221185070524
