PrincipalComponent,coi,c1i,a1i,c2i,a2i
1,0.8342681187985488,0.5340710811039913,45.4357621915474,0.878193618853676,216.6204245688234
2,0.2240835860742712,0.272119374820852,39.26244426396943,0.2806884497511739,216.42698258134791
