PrincipalComponent,coi,c1i,a1i,c2i,a2i
1,0.8146730865014757,0.51190793126999,45.90205248261421,0.8474736768633013,216.78261655000836
2,0.258493318590106,0.2986588225214623,40.640179170682075,0.3689718782871671,216.43043454784177
