PrincipalComponent,coi,c1i,a1i,c2i,a2i
1,0.8223224384353144,0.5181026367541259,46.2896657132341,0.8621828430012518,217.1382943200053
2,0.245100654138969,0.3002990984065793,41.09741013781223,0.3185879494455665,216.8116089551604
