PrincipalComponent,coi,c1i,a1i,c2i,a2i
1,0.7712676737218012,0.6063599068363243,41.31303744936181,0.7113166715247045,225.86878179030276
2,0.2402643218287816,0.4422225136418725,64.88956926357835,0.2294152551072195,221.5092341797719
