PrincipalComponent,coi,c1i,a1i,c2i,a2i
1,0.8087411656983834,0.5081467207006172,45.43326343899366,0.8470998532973492,216.50747148293695
2,0.2547755307245339,0.3039086126700991,40.52364004800737,0.3922591183722309,216.1538539408978
