PrincipalComponent,coi,c1i,a1i,c2i,a2i
1,0.8330079756261541,0.5739569758757821,50.57204943539461,0.6267814580026644,219.0088578771532
2,0.2328469917201323,0.3270091346349376,42.31354537361462,0.3800260949145725,218.38366562086048
