PrincipalComponent,coi,c1i,a1i,c2i,a2i
1,0.8580502777733138,0.6334992050943542,44.569721582262105,0.8448828623339415,215.34585290733824
2,0.1908351132882463,0.1693966789033621,34.46076139077327,0.2875045562286942,215.41046267248973
