PrincipalComponent,coi,c1i,a1i,c2i,a2i
1,0.8186540518971936,0.6070060884677759,44.56072044809563,0.8926527044048668,215.92371007874587
2,0.2214395750664692,0.213963667888415,36.16359748728251,0.3044071815612178,215.6841424569656
