PrincipalComponent,coi,c1i,a1i,c2i,a2i
1,0.7899388202666805,0.5061353469262232,46.44602379186451,0.907608434674685,219.3146656009502
2,0.2726653062233717,0.335963432605534,46.29646396011742,0.3003655147349943,217.9860347368325
