PrincipalComponent,coi,c1i,a1i,c2i,a2i
1,0.7383469213396056,0.5130524667612609,38.395639201365334,0.91624542698817,225.95226598379497
2,0.3091313864521309,0.4356419402298185,68.38438120790002,0.2801234658338888,219.98947503089275
