PrincipalComponent,coi,c1i,a1i,c2i,a2i
1,0.7995227161382216,0.5228853211430244,46.49484675868365,0.9062367654828092,218.7464344757574
2,0.2582953836898674,0.3194850487514144,44.399379592158915,0.2868317831634959,217.7355114574252
