PrincipalComponent,coi,c1i,a1i,c2i,a2i
1,0.81771201656389,0.5834344845213361,45.336744440483685,0.8974056439273947,216.52660619028504
2,0.2283857075588467,0.2438603383105957,37.913817434996375,0.2948077514275428,216.21853911882368
