PrincipalComponent,coi,c1i,a1i,c2i,a2i
1,0.773784789791069,0.5036084492009658,46.45860487256236,0.8718435045931661,219.00714300024035
2,0.2916341682513517,0.3495171802596947,46.85491967086662,0.3931486641120202,217.4662608213411
