PrincipalComponent,coi,c1i,a1i,c2i,a2i
1,0.7882999143560179,0.5088551269464586,47.311405894003485,0.8887261883302494,219.61029259485096
2,0.2806920431225375,0.3499612605609968,47.20072642256793,0.3190018496750677,218.24241619900693
