PrincipalComponent,coi,c1i,a1i,c2i,a2i
1,0.8265733193783111,0.6362900857526963,45.13447761284964,0.8806296928527683,215.7462609456105
2,0.2151884778571644,0.1852520088399452,35.331159517263366,0.310230255861165,215.66821553296631
