PrincipalComponent,coi,c1i,a1i,c2i,a2i
1,0.7543106280920897,0.5071820249959882,39.5154574737847,0.9198160230804758,228.33495527795904
2,0.3200234733454092,0.4307762444031785,70.433807386148,0.2352286972748045,221.61434287491068
