PrincipalComponent,coi,c1i,a1i,c2i,a2i
1,0.724272656252853,0.5948644348362034,39.64070095635176,0.7166363012228338,231.7050817082383
2,0.301628696259274,0.4983911811539102,75.37511091381228,0.1863907416573283,223.56220056127196
