PrincipalComponent,coi,c1i,a1i,c2i,a2i
1,0.7563538650338975,0.509519382457529,39.67731092229981,0.919838396355226,227.90015194394283
2,0.3173874904861111,0.4275451204692916,69.05033258979677,0.2294035007402258,221.5909880318078
