PrincipalComponent,coi,c1i,a1i,c2i,a2i
1,0.7921011759038397,0.5511670098904039,47.86630370642682,0.7699877102996865,217.9341007657219
2,0.2601407077191934,0.3687417655991188,42.5703211093512,0.4332098076415341,217.17997718548895
