PrincipalComponent,coi,c1i,a1i,c2i,a2i
1,0.7242939213483787,0.5856218123952991,38.69147202106385,0.7799291140698078,228.142864118913
2,0.274766124763528,0.5269172338384526,71.11395263876226,0.1782176273336307,222.3781006085101
