PrincipalComponent,coi,c1i,a1i,c2i,a2i
1,0.7715292971181272,0.5515072356331813,43.196658622800086,0.7293271796058873,230.36612709001017
2,0.2964512090445593,0.4826076453301401,72.91377490225533,0.2037734801790719,224.03765202075456
