PrincipalComponent,coi,c1i,a1i,c2i,a2i
1,0.7711309959549806,0.5769022785246288,46.60311251766731,0.741571830906829,230.12222587961017
2,0.2918216619513122,0.5212914983644222,76.22342425387501,0.1819230088758636,224.8754081229918
