PrincipalComponent,coi,c1i,a1i,c2i,a2i
1,0.7090900009876111,0.563677308593751,36.43673727364931,0.8782586116893745,223.5013153017412
2,0.29082399268471,0.4415733268842504,65.3974113431923,0.3073181145641486,217.99014072568545
