PrincipalComponent,coi,c1i,a1i,c2i,a2i
1,0.8077905740621215,0.5386339642684963,45.651557165235026,0.910999566028022,217.8128657414691
2,0.246308184476474,0.2913753259119803,41.753440637424845,0.2811790110696717,217.06032919736884
