PrincipalComponent,coi,c1i,a1i,c2i,a2i
1,0.9133490867197332,0.6897864851013387,46.46799263923429,0.7975054107150976,215.3428034765487
2,0.1611798057518955,0.0881260452449487,33.72707771031182,0.2769159229317375,215.80555229103024
