PrincipalComponent,coi,c1i,a1i,c2i,a2i
1,0.9018933906158628,0.639527130883421,45.485951725302016,0.8236578339732017,215.0512453062856
2,0.1703425638659859,0.1335364397142529,34.06982595519461,0.2720029377199449,215.50449887529405
