PrincipalComponent,coi,c1i,a1i,c2i,a2i
1,0.8860919985411805,0.5839484705153963,44.34803058464759,0.8550461443506071,214.8692191549026
2,0.1845412241761665,0.1761454455973513,34.86830746271299,0.2699702645398259,215.230264322397
