PrincipalComponent,coi,c1i,a1i,c2i,a2i
1,0.8220063333973049,0.6390156291505419,44.84211080612077,0.5897624547806963,216.1870125899645
2,0.2082521116843846,0.2447975854667749,36.1740454199011,0.4136797803996958,215.63523671472927
