PrincipalComponent,coi,c1i,a1i,c2i,a2i
1,0.9044478635792088,0.662393406626158,45.273361824862505,0.8144330689026624,215.04351083653037
2,0.1655985411627911,0.1095824978808199,33.62884060733689,0.2757007475924982,215.4406893145003
