PrincipalComponent,coi,c1i,a1i,c2i,a2i
1,0.7962273908866867,0.5949936885387394,39.76878865557085,0.8010703799199105,213.0159302684895
2,0.2014295489582707,0.2502388304896182,33.30911633991323,0.4383765662293446,213.182625613692
