PrincipalComponent,coi,c1i,a1i,c2i,a2i
1,0.8701150781614908,0.6059968064541329,50.50008032453919,0.5910810998610632,217.52283275952328
2,0.2075819668832806,0.253815344104959,38.492774953297605,0.396548101729951,217.45709586735185
