PrincipalComponent,coi,c1i,a1i,c2i,a2i
1,0.8725880510077998,0.6639528339331473,56.9885696928903,0.5659118193485235,218.8747602640647
2,0.2054004490997421,0.2643838505765092,41.01176937112787,0.401639923146428,219.36636469263615
