PrincipalComponent,coi,c1i,a1i,c2i,a2i
1,0.8518917511698073,0.5325172250264995,45.04006367886039,0.8358818106568594,214.82005882801857
2,0.2311564047030783,0.2311375299051354,36.32855229422975,0.3698282022562106,215.20727825672105
