PrincipalComponent,coi,c1i,a1i,c2i,a2i
1,0.8270988050088939,0.6404360083205063,46.234850207715915,0.6406494547205392,216.5980954086724
2,0.1843304461666337,0.2888154421383458,38.22081940183238,0.3806797243745701,216.3091056957313
