PrincipalComponent,coi,c1i,a1i,c2i,a2i
1,0.859266325826416,0.5402846790699362,45.35038543471196,0.8504968287993929,215.15646473422456
2,0.2184491125368775,0.2300126338584441,36.82088980792196,0.3205496032844263,215.53638224649885
