PrincipalComponent,coi,c1i,a1i,c2i,a2i
1,0.8524074535413101,0.536543173731913,44.81966190885907,0.8376080690984514,214.79697601101304
2,0.2293095238465606,0.2321972536777366,36.23270738877561,0.3569680050567816,215.1858300819913
