PrincipalComponent,coi,c1i,a1i,c2i,a2i
1,0.8446833785476802,0.5287095576865863,44.52149744943434,0.8363687496374839,214.51838939366397
2,0.2280854968269272,0.236466317828252,36.155475451837766,0.3929132298725988,214.92015742490833
