PrincipalComponent,coi,c1i,a1i,c2i,a2i
1,0.861684222609446,0.5368339225186424,44.224886723411394,0.8702599421110301,214.92573104639095
2,0.2099517397794096,0.2184428833321164,36.31071106348209,0.2985906539466497,215.25000975081463
