PrincipalComponent,coi,c1i,a1i,c2i,a2i
1,0.87359581525846,0.5597693799304688,44.64982311488523,0.8620403965815369,214.98847757885588
2,0.1964796629195422,0.2031858330281813,35.80992230522106,0.2797284656928175,215.3774042874848
