PrincipalComponent,coi,c1i,a1i,c2i,a2i
1,0.8635601651492031,0.6001676623786864,47.67126044270854,0.6985978506320025,215.27225289047783
2,0.2037285554046904,0.2539803786680548,35.453262120029635,0.4350371657984341,215.79707376637697
