PrincipalComponent,coi,c1i,a1i,c2i,a2i
1,0.8330258937331353,0.5386148668403424,43.361858698536125,0.8356668039193356,214.05835340787877
2,0.220742139183638,0.24151207623043,35.47004508400369,0.4104717603609511,214.436954639448
