PrincipalComponent,coi,c1i,a1i,c2i,a2i
1,0.9777476877775928,0.6469530084672458,53.72943418299316,0.7842467331328716,214.84862527579355
2,0.1454668660264683,0.1175701897912853,35.442275526453976,0.2325735655767712,217.3574588985388
