PrincipalComponent,coi,c1i,a1i,c2i,a2i
1,0.9117758048938972,0.7311649270276905,53.14894867180411,0.5589209976609393,216.69503549559633
2,0.1472161706155442,0.1937357293024515,36.705640511075615,0.352230313938785,217.67497498830727
