PrincipalComponent,coi,c1i,a1i,c2i,a2i
1,0.9483283116740072,0.6139715355291006,55.28630685632894,0.7666532425109804,214.3532850705104
2,0.1876136888312297,0.1546969471565493,35.764431589965454,0.310281290554168,217.3008483499681
