PrincipalComponent,coi,c1i,a1i,c2i,a2i
1,0.9634828857999588,0.6203145432119062,53.435282473028494,0.7988677508042425,214.40527259693013
2,0.1601437911790257,0.1341400907550762,35.523579243991556,0.2488711940326969,217.11853563873584
