PrincipalComponent,coi,c1i,a1i,c2i,a2i
1,0.9589987170844952,0.8192815284726749,68.94019151478996,0.4064973576160867,219.73305202867357
2,0.1680896518277505,0.1703699904607009,40.42047981729297,0.3714494048123947,222.1428903665916
