PrincipalComponent,coi,c1i,a1i,c2i,a2i
1,1.0069061647645878,0.7336432968398389,53.14249692523132,0.7409984815926111,215.8436312736136
2,0.1162280564259155,0.0419523805790872,34.846700150528065,0.2228560995748584,217.5641538906828
