PrincipalComponent,coi,c1i,a1i,c2i,a2i
1,0.958446089975494,0.6272283911517653,55.25284350960375,0.7764163604365727,214.65739439309516
2,0.1712793285351047,0.1476287032347717,36.055486806692635,0.2672879529679705,217.54269076131249
