PrincipalComponent,coi,c1i,a1i,c2i,a2i
1,0.8889768571850392,0.6641768163389512,47.50104243552033,0.7492991004835845,212.89062575673896
2,0.1659250135317865,0.1683295079929116,33.07788333452538,0.377919722347725,214.89597471556644
