PrincipalComponent,coi,c1i,a1i,c2i,a2i
1,0.939286325663985,0.6081188816564176,54.638583279609264,0.7706459343611383,213.9045925611474
2,0.1861879660482925,0.1601838806118624,35.51041595700864,0.3321995786836529,216.9378893806924
