PrincipalComponent,coi,c1i,a1i,c2i,a2i
1,0.9496769255431368,0.6182067304437021,54.88702852086422,0.7682292735617704,214.37219820294203
2,0.1850689674915327,0.1548356720897936,35.682317608987496,0.2982350094493485,217.25311455408817
