PrincipalComponent,coi,c1i,a1i,c2i,a2i
1,0.9269142371939992,0.6158343956808103,52.97499216636882,0.7731470402500976,213.50236959786844
2,0.1806027411340705,0.1636207078431376,34.89992407101731,0.3499512380317351,216.37222479538232
