PrincipalComponent,coi,c1i,a1i,c2i,a2i
1,0.9102589140279996,0.7203479506950021,51.269934122421695,0.513402115268695,216.71784988945697
2,0.1681741514883021,0.157567994932616,35.583683612317806,0.3812465136157265,217.1531600521108
