PrincipalComponent,coi,c1i,a1i,c2i,a2i
1,0.9917184012538626,0.6689236218392612,53.13441195233548,0.7749674327710969,215.12247356590044
2,0.1332254699465244,0.0933045156595139,35.089142561419834,0.2233506239488284,217.30954111977812
