PrincipalComponent,coi,c1i,a1i,c2i,a2i
1,1.0145311729234234,0.7589382990359136,54.56760123189004,0.7213664161919926,216.25656787408005
2,0.1125832431317457,0.0273283153727723,35.21957037667315,0.2218332041660273,218.04676549273387
