PrincipalComponent,coi,c1i,a1i,c2i,a2i
1,0.95824425438899,0.7124278434929079,59.66515152165952,0.4846039025465396,218.11217729681096
2,0.1682052282194501,0.1649882633825655,37.86176690612881,0.365531878824743,219.56157642212963
