PrincipalComponent,coi,c1i,a1i,c2i,a2i
1,1.005837412131624,0.7211452145422735,53.93203669553938,0.7418721517157377,215.7818809944432
2,0.1203233602697262,0.0590753445148345,35.08379509125551,0.2220035485934257,217.71650722617315
