PrincipalComponent,coi,c1i,a1i,c2i,a2i
1,0.954993420407552,0.7095684450389453,58.364205860171666,0.5953130736264252,215.91468245509424
2,0.1686975625007502,0.168034699051606,35.855343588062404,0.384537504248291,218.39267213962873
