PrincipalComponent,coi,c1i,a1i,c2i,a2i
1,1.0895270987661052,0.8220141485150643,67.26058407021156,0.615442973761293,216.4060130928873
2,0.0898534533648957,0.0490336678343013,37.73913144345291,0.1727939015370689,221.08383228036632
