PrincipalComponent,coi,c1i,a1i,c2i,a2i
1,1.022152215991086,0.7998497810909018,71.52260728614324,0.5860486407657568,214.3565249655495
2,0.1466561462919954,0.1186131541025079,37.83295706506422,0.2839619963373842,221.09212777885745
