PrincipalComponent,coi,c1i,a1i,c2i,a2i
1,1.0291436426489786,0.9257537400401494,73.44119325853522,0.3341832060940767,219.84466641594608
2,0.1302264554177429,0.1209387837834274,40.09800371548089,0.3230991044536377,223.33678783324768
