PrincipalComponent,coi,c1i,a1i,c2i,a2i
1,1.0470258379457344,0.8082534738234993,73.84316661193458,0.5699049507157035,215.42871275829793
2,0.1465740924841454,0.1084131408464765,38.65826106543263,0.2481222856275884,222.081373491151
