PrincipalComponent,coi,c1i,a1i,c2i,a2i
1,1.0453809914512269,0.9173916281451454,74.77994468117652,0.3833787330399272,217.94788709752729
2,0.1354725663146141,0.1170325197134447,38.950284518626326,0.3284884479976266,222.98306261188023
