PrincipalComponent,coi,c1i,a1i,c2i,a2i
1,1.0669554650767077,0.8003028306026343,70.59226717162097,0.6129421166992353,215.53950238871772
2,0.1150607530151575,0.0839721149486998,38.26663856686712,0.1955320385974139,221.53953698306435
