PrincipalComponent,coi,c1i,a1i,c2i,a2i
1,1.098752372498641,0.8569884199189153,66.43092799881782,0.5985160784446587,217.1677472256567
2,0.0788322204230341,0.0232378989294668,37.75755454529678,0.1696245432267328,221.1576646678658
