PrincipalComponent,coi,c1i,a1i,c2i,a2i
1,0.9811191490673378,0.8071646347951413,61.62032361394275,0.6098593722211386,213.97008512135156
2,0.1382052011363242,0.1183075145659595,35.572612675863475,0.3138054737085004,218.66535379953032
