PrincipalComponent,coi,c1i,a1i,c2i,a2i
1,1.0983191104767762,0.8546388816978251,64.84271590138576,0.6114149474947506,217.19986266763183
2,0.0751481246057818,0.0116238947769589,37.4746622287204,0.1691096244210163,220.80785037592483
