PrincipalComponent,coi,c1i,a1i,c2i,a2i
1,1.1037506708350564,0.8798590111235809,66.33648852063207,0.5889430689786731,217.6632133960952
2,0.072274215352869,0.0022636363731865,37.92756173491771,0.1667320485828697,221.31815944354892
