PrincipalComponent,coi,c1i,a1i,c2i,a2i
1,0.9954145088510524,0.8744478326195937,63.55653752258466,0.419561266258733,218.3630756248464
2,0.1148318280312023,0.1370372340791573,38.14460535474386,0.3118072468064896,220.6264705960048
