PrincipalComponent,coi,c1i,a1i,c2i,a2i
1,1.0603326571369522,0.8212167802651674,72.99030721645913,0.5782529995739932,215.8425391262602
2,0.126830355999867,0.0975671747696892,38.80153378715068,0.2109671707745224,222.1323168906937
