PrincipalComponent,coi,c1i,a1i,c2i,a2i
1,1.0785031255646311,0.8174129359897336,69.3541664380541,0.6079889652465241,216.0679164319767
2,0.1008369600432604,0.0691299090663343,38.1125950181003,0.181241708741293,221.44747775266583
