PrincipalComponent,coi,c1i,a1i,c2i,a2i
1,1.0363388055209886,0.8034507553409143,73.93424957404814,0.5714717379044698,214.8010833979711
2,0.1486286908699297,0.1151695989040016,38.4956368270246,0.2676190606257669,221.84479971040037
