PrincipalComponent,coi,c1i,a1i,c2i,a2i
1,0.9946071044200064,0.8399424705083377,60.108673300824094,0.4001858233249545,218.3602374006223
2,0.1331119941282258,0.10426791221471,37.05467804495681,0.3415091381274438,219.7824520362956
