PrincipalComponent,coi,c1i,a1i,c2i,a2i
1,1.0497472105082168,0.8115295706504849,73.15151838053927,0.5719135364410133,215.5215023994569
2,0.1430419832039802,0.1071840035020623,38.55548670471585,0.2375685399618412,221.9756979032598
