PrincipalComponent,coi,c1i,a1i,c2i,a2i
1,1.0401227247863554,0.8644684178493893,70.4672793980155,0.3371310179666006,219.7668242856705
2,0.131705707599885,0.1144822686295102,39.447671385206775,0.3236095727829602,222.6514053660471
