PrincipalComponent,coi,c1i,a1i,c2i,a2i
1,1.0897742780639008,0.960838700702797,73.9729368107549,0.2822832333202413,220.17716708174564
2,0.0973729422285595,0.0933436198744786,40.02788847000779,0.2741145450920058,223.67634893489944
