PrincipalComponent,coi,c1i,a1i,c2i,a2i
1,1.095593457406017,1.210782319162272,97.4095493757505,0.1618656515291733,216.30452659410284
2,0.1141852623211187,0.0971022152849973,43.4229215136223,0.2153481983840195,227.8908225602665
