PrincipalComponent,coi,c1i,a1i,c2i,a2i
1,1.0974472856666924,1.073584547122655,82.37939248275254,0.2634199179504007,218.83065043008943
2,0.1044897331325196,0.097373152005362,40.88529410726757,0.2663928909565183,225.15457994703695
