PrincipalComponent,coi,c1i,a1i,c2i,a2i
1,1.1267335833791787,1.2546963601025545,100.0,0.1105131477417311,217.7269687852054
2,0.1063774292254354,0.0825437192461717,44.29409831782824,0.1740705454606846,229.05253993247996
