PrincipalComponent,coi,c1i,a1i,c2i,a2i
1,1.0519920293475011,1.0413762651590768,72.93430421297778,0.2720081659434301,220.10766890141855
2,0.0875223466867026,0.1072180116600952,40.13843135918024,0.2645605170834474,223.3921720128428
