PrincipalComponent,coi,c1i,a1i,c2i,a2i
1,1.1101713187278304,1.2309250101325364,100.0,0.1320859633385622,216.6616923136618
2,0.1135489299007369,0.0929281427713486,44.03254038372352,0.2000451097486808,228.66002587131487
