PrincipalComponent,coi,c1i,a1i,c2i,a2i
1,1.050666742692814,0.9586815143704644,66.69189020078798,0.3085809222379485,219.65067036721385
2,0.1015328069948465,0.0791802138488442,38.489880114435934,0.2953917877804499,221.78042388511489
