PrincipalComponent,coi,c1i,a1i,c2i,a2i
1,1.1433388590062887,1.2229223510086042,97.56196298242207,0.1647835807085398,217.8948131774248
2,0.080059578777518,0.0613741131586383,44.12698985958298,0.1366645988134294,228.67435144112255
