PrincipalComponent,coi,c1i,a1i,c2i,a2i
1,1.1596220866882074,1.1419544597991875,89.12903251264716,0.2735171636885671,218.80792718619415
2,0.0584345827578178,0.031738951662432,42.65878709404576,0.1189309766545246,226.98964334828904
