PrincipalComponent,coi,c1i,a1i,c2i,a2i
1,1.0795907266742726,1.034748524405225,77.26691180294095,0.2708833988041421,220.2789407492989
2,0.094970527040096,0.0993968539333428,40.747885015949905,0.2677824762666267,224.45232182554685
