PrincipalComponent,coi,c1i,a1i,c2i,a2i
1,1.166379964191145,1.1390634287451495,84.87717153084357,0.30531190515688,219.92930873060385
2,0.043391678676063,0.0,42.170012400697615,0.1117606366609338,226.37737533775103
