PrincipalComponent,coi,c1i,a1i,c2i,a2i
1,1.1518204830046452,1.1902850103133034,93.67832581037445,0.2112270229352998,218.48850080886305
2,0.0678344448603622,0.0480854097316609,43.50870498630216,0.1254238423038682,227.95909723871216
