PrincipalComponent,coi,c1i,a1i,c2i,a2i
1,1.058717195180607,1.1565818424101246,86.28162995321145,0.2367424630158023,216.65692682526813
2,0.1135326401551018,0.0929520186653998,41.26574662334944,0.2487333128169802,225.34988738094648
