PrincipalComponent,coi,c1i,a1i,c2i,a2i
1,1.1629080034411272,1.1105196721461648,83.47566160390323,0.3336116163050344,219.49506901413287
2,0.0467780097532321,0.0038379810449545,41.75945362758167,0.1154338498034678,225.89151415896023
