PrincipalComponent,coi,c1i,a1i,c2i,a2i
1,1.136837761450249,1.2689599470611903,100.0,0.1081490248683834,218.2176140373367
2,0.0907391004440779,0.0731120882990904,44.617448499424434,0.1502515706185963,229.2778064524112
