PrincipalComponent,coi,c1i,a1i,c2i,a2i
1,1.1645496711903212,1.1373579764384667,85.94026110911523,0.2962336440957386,219.5357191398932
2,0.0495372543201347,0.0120750912285005,42.22998433654781,0.1161748605188934,226.47485098934376
