PrincipalComponent,coi,c1i,a1i,c2i,a2i
1,1.0918712640257886,1.2743608251092808,89.62294069506835,0.1716603494489211,216.43979031450144
2,0.0890857338330535,0.0694866841133067,41.970102642676515,0.202253062447975,226.1892436042919
