PrincipalComponent,coi,c1i,a1i,c2i,a2i
1,1.1907992214645655,1.2699743046798952,91.7297417596256,0.1882388524514471,219.94913145501388
2,0.0301783904216567,1.2730180034730388e-20,43.50374018151823,0.0763420773454311,227.9544007241396
