PrincipalComponent,coi,c1i,a1i,c2i,a2i
1,1.0813624539222806,1.1266691645861588,74.8525075524803,0.235840394869443,220.2846318550088
2,0.0661759863614726,0.0781337286223462,40.375264268201015,0.2329791200924859,223.9280801383915
