PrincipalComponent,coi,c1i,a1i,c2i,a2i
1,1.1188854511903106,1.0428572106611906,75.96116501490269,0.2466044860280802,220.38267816774092
2,0.0755754271305326,0.067425007126393,40.442496713804054,0.2431242758153285,224.2537454289813
