PrincipalComponent,coi,c1i,a1i,c2i,a2i
1,1.1666350599785105,1.3507458484221129,100.0,0.0829669421166317,217.58057747910576
2,0.0646155745137587,0.0482775480087576,44.48887186103333,0.1120477006908118,229.12540353453775
