PrincipalComponent,coi,c1i,a1i,c2i,a2i
1,1.109114174785311,1.1271273495381318,79.8626202124235,0.2261104522901225,220.49062708652852
2,0.0729448408839391,0.0760083911907744,41.25054569409584,0.2306612201769653,225.1749412090195
