PrincipalComponent,coi,c1i,a1i,c2i,a2i
1,1.1734078938581731,1.3410628037008592,100.0,0.0927410271926903,217.4676403628669
2,0.0555876765894574,0.0398875585084931,44.499730377645875,0.0989177146568561,229.1342393067973
