PrincipalComponent,coi,c1i,a1i,c2i,a2i
1,1.1547233609667038,1.3265955316187548,100.0,0.0978414743703447,216.78899181924723
2,0.0811954992524471,0.0584387832694919,44.1618500572052,0.142069871345343,228.83378552878477
