PrincipalComponent,coi,c1i,a1i,c2i,a2i
1,1.0818018791890338,1.0364391951225371,68.89878762226417,0.2755681829809531,219.96693696259987
2,0.0787193953390175,0.0535202470369216,38.96534505397019,0.2650554316136959,222.44665384422925
