PrincipalComponent,coi,c1i,a1i,c2i,a2i
1,1.1297667033577052,1.3379054878429246,100.0,0.090172444125863,215.88824349239
2,0.0867905066097498,0.0714861883852933,43.876899540719826,0.170484800918181,228.5011773483779
