PrincipalComponent,coi,c1i,a1i,c2i,a2i
1,1.127833282066698,1.1797690419416127,85.81859859720633,0.2056901369050169,218.85129473069833
2,0.0829648231751026,0.0764946507854475,41.68387515622551,0.222361931592872,226.0356109969808
