PrincipalComponent,coi,c1i,a1i,c2i,a2i
1,1.182872282039838,1.3667082039374887,100.0,0.0648597869646422,218.47800780266635
2,0.0460771776348355,0.0301320424054487,44.75155274872729,0.0882781873846007,229.4500836276825
