PrincipalComponent,coi,c1i,a1i,c2i,a2i
1,1.158845659662275,1.3392570318756527,100.0,0.0857067483480796,217.05901623001557
2,0.0779178032721585,0.0567961461344617,44.23187325445243,0.1332528512691428,228.9250776390389
