PrincipalComponent,coi,c1i,a1i,c2i,a2i
1,1.141699827813512,1.321455158850794,100.0,0.103809029909535,216.01986306902376
2,0.0854009475383155,0.0652413841211011,43.94240597296051,0.1583488429379493,228.5713193964298
