PrincipalComponent,coi,c1i,a1i,c2i,a2i
1,1.1927147073874216,1.3021051193903186,93.28066937484806,0.1541353642376394,220.3519624413889
2,0.0271531483837642,5.737529120422547e-19,43.903060912241344,0.0716004477693409,228.45524737497703
