PrincipalComponent,coi,c1i,a1i,c2i,a2i
1,1.1934597785917416,1.3128491413798022,94.4292205817044,0.1357566991285025,219.95225483029455
2,0.0322615618758539,0.004753027775817,44.02644693718913,0.0781735938024437,228.58524556501015
