PrincipalComponent,coi,c1i,a1i,c2i,a2i
1,1.19359050966833,1.4211155930679915,100.0,0.0876714475716262,214.3719311062893
2,0.0536287056294215,0.0316288044261905,43.62485879813591,0.0971385992935429,228.14237124315272
