PrincipalComponent,coi,c1i,a1i,c2i,a2i
1,1.1592620454643523,1.1527201712586972,79.29573517962986,0.2024746766351958,220.1886045457255
2,0.0522900177177839,0.0409313740921061,41.0349756787403,0.2072919509117511,224.9977266977864
