PrincipalComponent,coi,c1i,a1i,c2i,a2i
1,1.2174069104353873,1.4437228103562396,100.0,0.0481496253222217,217.11355860742887
2,0.0235866086171371,0.0094029058652682,44.346250106618314,0.0434666991552783,229.00907254712607
