PrincipalComponent,coi,c1i,a1i,c2i,a2i
1,1.138823991143156,1.433017684965387,94.36979252896528,0.0860041269172227,214.36515463859195
2,0.0602299154699871,0.0463634732043649,42.51124490267125,0.1487724601744626,226.76322607018423
