PrincipalComponent,coi,c1i,a1i,c2i,a2i
1,1.145124892090912,1.2512085667070327,83.85751012275391,0.1687973363608847,220.25748445205008
2,0.0541759210789336,0.0533857691688943,41.978487752825785,0.1870913762571356,226.0636467587296
