PrincipalComponent,coi,c1i,a1i,c2i,a2i
1,1.2010659528468794,1.438677519523539,100.0,0.0726935103175718,215.21975211974325
2,0.0405450299302495,0.0261557127635714,43.88543503305365,0.0704713156786575,228.4166294899213
