PrincipalComponent,coi,c1i,a1i,c2i,a2i
1,1.204655187813735,1.4207623511170784,100.0,0.0868692256602142,215.05336174906253
2,0.0345289691272005,0.0213827431326131,43.87729737410532,0.0587930193109674,228.3957445711322
