PrincipalComponent,coi,c1i,a1i,c2i,a2i
1,1.2180888169655744,1.4582169490334396,100.0,0.0321909425875564,219.10631772318095
2,0.0179748467762042,0.0026775438898738,44.80371845195308,0.032569329330497,229.59010278003703
