PrincipalComponent,coi,c1i,a1i,c2i,a2i
1,1.1815712891728445,1.4186311849378783,100.0,0.0936235336039946,213.5052059776072
2,0.0570828660923328,0.036938076686857,43.41180150283087,0.1116145647177094,227.87429237366567
