PrincipalComponent,coi,c1i,a1i,c2i,a2i
1,1.2199555840264078,1.4626394132619602,100.0,0.0279478094660376,218.4980072170867
2,0.0200385631536554,0.0033637243765431,44.65374523098493,0.0382917078428651,229.40992258907033
