PrincipalComponent,coi,c1i,a1i,c2i,a2i
1,1.1686105689709434,1.4442868253140446,100.0,0.0718680858999617,213.3178037299892
2,0.0585842737894749,0.0410775278226912,43.34372056210177,0.1244779731712467,227.80221198764863
