PrincipalComponent,coi,c1i,a1i,c2i,a2i
1,1.1175896363567623,1.2383590128908186,77.99322933009645,0.1917239913766812,220.08428664162057
2,0.0475401703116843,0.0494759001266118,40.81031784045665,0.1968035965619008,224.62711428384424
