PrincipalComponent,coi,c1i,a1i,c2i,a2i
1,1.197250002247518,1.431987885365085,100.0,0.0757349654308854,214.6580271608057
2,0.050844016027841,0.0306126437779747,43.68776193069193,0.0895959895667843,228.22668810990345
