PrincipalComponent,coi,c1i,a1i,c2i,a2i
1,1.1703068297836814,1.3233634692294942,90.35286578617024,0.1330346957372484,217.76717448086148
2,0.0582167284682181,0.0533898209048169,42.46230656805746,0.1724802383256338,226.82226559892533
