PrincipalComponent,coi,c1i,a1i,c2i,a2i
1,1.2188693172805587,1.4590260775217103,100.0,0.0298524253953973,218.84785637494136
2,0.0190888711291981,0.0018303570508136,44.74033492796532,0.0357929158273257,229.51714357732305
