PrincipalComponent,coi,c1i,a1i,c2i,a2i
1,1.1212273855153492,1.140760650454166,72.67171308707297,0.2336178833322732,220.09383916292995
2,0.0579807549501384,0.0293200994669129,39.71689187989617,0.2284331065805475,223.39162607993367
