PrincipalComponent,coi,c1i,a1i,c2i,a2i
1,1.210223346295147,1.439570883279099,100.0,0.061731267526475,216.3003708475417
2,0.0281970617107382,0.0159170573954648,44.1648038910382,0.0494333975174713,228.76986701523273
