PrincipalComponent,coi,c1i,a1i,c2i,a2i
1,1.1943377686525558,1.44521051496439,100.0,0.093988675332426,212.93785285783036
2,0.0507394867992641,0.0307531017230387,43.25716563398431,0.0982860880570416,227.70212279847613
