PrincipalComponent,coi,c1i,a1i,c2i,a2i
1,1.1839431802524036,1.3697419214964928,91.568512599306,0.1105708303891612,217.5320251099375
2,0.0527069143335294,0.0465093383681728,42.63021014493727,0.1581760170953071,227.03270753974263
