PrincipalComponent,coi,c1i,a1i,c2i,a2i
1,1.214805253518234,1.443327347732415,100.0,0.0865670723252877,214.51153117179575
2,0.0303771743177629,0.0178825614673261,43.70228303266396,0.0482470869776817,228.21053252541213
