PrincipalComponent,coi,c1i,a1i,c2i,a2i
1,1.1816277097606125,1.4725959348714142,100.0,0.070887390302445,212.72372970611505
2,0.0520604101526784,0.0345776982345023,43.19517383094762,0.1106968098128846,227.6270334487588
