PrincipalComponent,coi,c1i,a1i,c2i,a2i
1,1.1534321271293329,1.4833943627490915,95.62620821899594,0.0595598457946033,213.974098640338
2,0.0535674150729875,0.0401954144409445,42.63977625002918,0.1337106876626969,226.94394614178665
