PrincipalComponent,coi,c1i,a1i,c2i,a2i
1,1.2269305921971103,1.4783277324548048,100.0,0.0309592297219501,218.05832994045943
2,0.0183427687235355,0.0041539418051283,44.497409083811355,0.0282882929258541,229.2501758857031
