PrincipalComponent,coi,c1i,a1i,c2i,a2i
1,1.1712466765279808,1.1871557490204812,80.1206179372036,0.1899402614472935,220.1572392495878
2,0.0480165880690943,0.0334721609596538,41.17467469218125,0.1975479515632734,225.18369310584015
