PrincipalComponent,coi,c1i,a1i,c2i,a2i
1,1.2254835084807008,1.462013300429417,100.0,0.0496340522467977,216.655093022905
2,0.0214700772145259,0.0081759682487211,44.18306126858238,0.0334439687216238,228.8431977602252
