PrincipalComponent,coi,c1i,a1i,c2i,a2i
1,1.2061351435134138,1.446712787184955,100.0,0.0878118319186644,213.75820661016044
2,0.0475559409639261,0.0258721715515215,43.464090353402455,0.0845684834021339,227.94753147075608
