PrincipalComponent,coi,c1i,a1i,c2i,a2i
1,1.2122450975969692,1.46221671007559,100.0,0.0728464909833559,214.74800561573937
2,0.0358935949083564,0.0213289456931369,43.75539697343997,0.0594713237574,228.25947680960624
