PrincipalComponent,coi,c1i,a1i,c2i,a2i
1,1.2246363171300376,1.4692403436770431,100.0,0.0388497731954158,218.61434738400115
2,0.0168386615803438,0.0051434688330783,44.663128911476335,0.0223541465560264,229.42375960545593
