PrincipalComponent,coi,c1i,a1i,c2i,a2i
1,1.2258662240211082,1.4711572405539917,100.0,0.0360181945035291,218.378227555016
2,0.017457598099937,0.0037373516245309,44.59659309820526,0.0256022879507347,229.36731502002263
