PrincipalComponent,coi,c1i,a1i,c2i,a2i
1,1.133742854905367,1.1741121513564974,73.67473930276893,0.221446772671166,220.12425407736845
2,0.0536366298038255,0.0224335973047972,39.91796776932044,0.2182431399798865,223.64087360456864
