PrincipalComponent,coi,c1i,a1i,c2i,a2i
1,1.1570123161539692,1.2905183504744049,84.94327541550656,0.1515511376520294,220.19696719414145
2,0.0499657738183491,0.0475348879433929,42.158801437166815,0.1746901426633531,226.29759658425556
