PrincipalComponent,coi,c1i,a1i,c2i,a2i
1,1.2092175175794655,1.459663842407152,100.0,0.0730270952546701,214.07784791963607
2,0.044923517940601,0.0250757207064778,43.5379434728314,0.0775094344695667,228.04262109019027
