PrincipalComponent,coi,c1i,a1i,c2i,a2i
1,1.1291562274340612,1.273390789500039,78.94880545852848,0.1780353041274863,220.0829922999979
2,0.0442117064375599,0.0426781224816839,40.98255336925041,0.1861955671518926,224.8430407686388
