PrincipalComponent,coi,c1i,a1i,c2i,a2i
1,1.2191876702656208,1.460415497915342,100.0,0.0619022937639357,215.7201124213884
2,0.0251740423899281,0.0132575708250694,43.979650534386025,0.0394511627558619,228.56908174199137
