PrincipalComponent,coi,c1i,a1i,c2i,a2i
1,1.2311393289870367,1.4893847529010142,100.0,0.0467779093466843,217.2521135250487
2,0.0164233911390169,0.0078549684445326,44.33277149970921,0.0108015279565188,228.9866536943868
