PrincipalComponent,coi,c1i,a1i,c2i,a2i
1,1.188422531639445,1.249873890189434,82.40213593683563,0.1620014758497518,220.02800533577604
2,0.0404382229457074,0.0256666422408321,41.57306279487701,0.1770885365978114,225.67712392574305
