PrincipalComponent,coi,c1i,a1i,c2i,a2i
1,1.174677768653816,1.3643329156267106,87.41261687765345,0.115458717615923,219.9551943502467
2,0.0419443028770051,0.0392516943102028,42.56631138786429,0.1502158825446878,226.7902899787359
