PrincipalComponent,coi,c1i,a1i,c2i,a2i
1,1.2218998529261895,1.4848385280913736,100.0,0.0938182426119108,212.3052850782764
2,0.0376944614480731,0.0185461859788363,43.123156868554965,0.0622619436457047,227.50321537206793
