PrincipalComponent,coi,c1i,a1i,c2i,a2i
1,1.1527812307855947,1.235096901976214,76.11126389341898,0.1950855828592016,220.16960799456788
2,0.0453047157738257,0.0140478190469406,40.380004635116144,0.1970681171217607,224.24270768168785
