PrincipalComponent,coi,c1i,a1i,c2i,a2i
1,1.2110328465874578,1.4846124100587357,100.0,0.1008795981961928,211.31499609335168
2,0.0400580583467971,0.0225016413339945,42.88163837849945,0.0744454654524623,227.21540349429463
