PrincipalComponent,coi,c1i,a1i,c2i,a2i
1,1.204735275319286,1.4576024356282626,94.40390872831289,0.0630121815682955,216.70446002853305
2,0.042061978030476,0.0374709021404567,43.02308301152162,0.130447707596048,227.4467406987273
