PrincipalComponent,coi,c1i,a1i,c2i,a2i
1,1.232760737573125,1.4984138073315565,100.0,0.0409432353902483,216.99790651998768
2,0.0171142011544018,0.0066612528891252,44.21382745575261,0.0136126389282959,228.90335192048963
