PrincipalComponent,coi,c1i,a1i,c2i,a2i
1,1.2250883916086543,1.4963661093081877,100.0,0.0785515240587079,213.4456125092908
2,0.0285827462428743,0.0159985952057635,43.39553718204576,0.0403232574178842,227.85140215810583
