PrincipalComponent,coi,c1i,a1i,c2i,a2i
1,1.2246618523876218,1.4952513002058625,100.0,0.0807514296477704,212.64865024783484
2,0.0358024647593183,0.0179421995726335,43.18970646444863,0.0560165187019014,227.60377114556496
