PrincipalComponent,coi,c1i,a1i,c2i,a2i
1,1.232937059866999,1.486360120847899,100.0,0.0577525680554266,215.5700155421512
2,0.0186835939709317,0.0083179543274539,43.854250733938706,0.0183714462386857,228.49073898733528
