PrincipalComponent,coi,c1i,a1i,c2i,a2i
1,1.2292633166627105,1.4856963685698916,100.0,0.050385813783724,217.5066397198584
2,0.0165009973245793,0.0100040027616902,44.392724308178074,0.0080007372018273,229.060020150232
