PrincipalComponent,coi,c1i,a1i,c2i,a2i
1,1.22835871393925,1.4892161914241258,100.0,0.0677250459682066,214.55288120748315
2,0.021048563043481,0.0112704372902852,43.62909450202239,0.023245626011441,228.1881302473236
