PrincipalComponent,coi,c1i,a1i,c2i,a2i
1,1.1450303200891765,1.3371215741807858,81.16663410359124,0.149422214830853,219.95453395034275
2,0.0384145871353673,0.0344412869199264,41.34471402144255,0.1649587718039419,225.3146462179915
