PrincipalComponent,coi,c1i,a1i,c2i,a2i
1,1.2257600411804637,1.4743407773356714,100.0,0.0930887141419648,213.20947007181627
2,0.0247875275950756,0.0141883574804647,43.33881014779459,0.0302463080782253,227.79930095947893
