PrincipalComponent,coi,c1i,a1i,c2i,a2i
1,1.1985887585107664,1.513065758680036,100.0,0.0784309544302857,211.07628738775452
2,0.0409484297875256,0.0260329095356673,42.82718346884959,0.0853708632245033,227.14422002732724
