PrincipalComponent,coi,c1i,a1i,c2i,a2i
1,1.1746850624871494,1.5785982823949545,98.40170333063244,0.0044455056442221,212.4836899690752
2,0.0417251219907141,0.0323771412193346,42.84973937759057,0.1053099900074516,227.17106168272988
