PrincipalComponent,coi,c1i,a1i,c2i,a2i
1,1.2358233491323418,1.523083025876359,100.0,0.0644706209045136,213.48622552474023
2,0.0185998614715857,0.0121695965611178,43.33856146912727,0.0113976262394907,227.8610422352394
