PrincipalComponent,coi,c1i,a1i,c2i,a2i
1,1.2353357892098211,1.5160419081070464,100.0,0.0454805304434997,216.05763714769216
2,0.0165556847009999,0.0131255868324554,44.04090468672516,0.0010818191475436,228.6142498932179
