PrincipalComponent,coi,c1i,a1i,c2i,a2i
1,1.1705321342091717,1.2902873495625908,78.04065803888578,0.1720317482225646,220.05789807037735
2,0.0371632179180871,0.011041191410094,40.71480561050974,0.1791290056688754,224.64741480381124
