PrincipalComponent,coi,c1i,a1i,c2i,a2i
1,1.2346941653421066,1.5118534117933964,100.0,0.0884669858516117,211.93318614422896
2,0.0206819046496129,0.0140012589253847,42.967051226042514,0.0167118904897903,227.38851657419173
