PrincipalComponent,coi,c1i,a1i,c2i,a2i
1,1.1906053629140982,1.436498468978124,89.55493620407098,0.0799798133130345,219.53537696409063
2,0.0349855683561049,0.0355909658132224,42.86746858319534,0.1270296409696235,227.1304776112225
