PrincipalComponent,coi,c1i,a1i,c2i,a2i
1,1.233189940688404,1.5099958398532218,100.0,0.0503520412929995,216.3341972421236
2,0.0170806123745747,0.015259695800856,44.0642053605197,5.21926103335284e-19,228.6882126347162
