PrincipalComponent,coi,c1i,a1i,c2i,a2i
1,1.2352319913191578,1.524944083214275,100.0,0.0930407215955286,210.8445959741828
2,0.0297036548456391,0.0160864679271027,42.72855479955663,0.0438399259549863,227.0456983813035
