PrincipalComponent,coi,c1i,a1i,c2i,a2i
1,1.2253984019701338,1.5255628657886693,100.0,0.1012455175397828,209.64406329784703
2,0.0310367537725728,0.0195686696277164,42.46592701080369,0.0542836486051431,226.69915298966376
