PrincipalComponent,coi,c1i,a1i,c2i,a2i
1,1.160075468955667,1.3974405192820178,83.1203787851839,0.1220422614956547,219.71240049223337
2,0.0325965043146835,0.0320869841168854,41.64520161042217,0.1453725398129162,225.67234935393608
