PrincipalComponent,coi,c1i,a1i,c2i,a2i
1,1.1905852846984244,1.627329228522164,98.72453389781153,1.63884067920795e-17,210.7820878996386
2,0.0345918624188256,0.0209110384740771,42.5076993964667,0.0891115374768613,226.72609320994655
