PrincipalComponent,coi,c1i,a1i,c2i,a2i
1,1.2389335440235838,1.5180156223697483,100.0,0.0544559721334236,214.37044848168827
2,0.0172338913851057,0.0109378253901401,43.55038425942247,0.007689651930864,228.10092734677863
