PrincipalComponent,coi,c1i,a1i,c2i,a2i
1,1.2371937458909463,1.5357103912598,100.0,0.0785833162918363,211.11920081601923
2,0.0281480355973735,0.0159247374007993,42.775007403626816,0.0385739774506903,227.12398356134665
