PrincipalComponent,coi,c1i,a1i,c2i,a2i
1,1.237391647677093,1.5263551784987373,100.0,0.0394299067104346,215.91192280220932
2,0.0166884100143706,0.0112248922440011,44.00425291262423,0.0037869805891335,228.5674766417339
