PrincipalComponent,coi,c1i,a1i,c2i,a2i
1,1.2026477505514823,1.3076591667210224,84.08137004355659,0.1378867576279914,219.76629615671112
2,0.0349090401719034,0.0215166455712193,41.81973472603445,0.1598421599211518,225.96851335402047
