PrincipalComponent,coi,c1i,a1i,c2i,a2i
1,1.213650630676542,1.5540166199603933,100.0,0.0806329048962831,209.42005600446905
2,0.031469334878715,0.0223759231520098,42.42920642490068,0.0642563230371239,226.63345965888848
