PrincipalComponent,coi,c1i,a1i,c2i,a2i
1,1.222972215618837,1.5423215397557768,96.7449776993766,0.0167166827624737,215.55937888647793
2,0.0328169457594678,0.0337387666646909,43.21458563736721,0.1047552412461528,227.6315944287928
