PrincipalComponent,coi,c1i,a1i,c2i,a2i
1,1.2354613661342582,1.5346621942655363,100.0,0.0757194449559664,212.05117234659593
2,0.023128944592063,0.0151442858799536,42.99721032616811,0.0247831774663349,227.40670508243136
