PrincipalComponent,coi,c1i,a1i,c2i,a2i
1,1.2532896585872657,1.5589996745242507,100.0,0.1154264985612636,207.6683280280565
2,0.0223282161654254,0.0119716398060412,41.832956132148574,0.0163943905521806,226.0754911831455
