PrincipalComponent,coi,c1i,a1i,c2i,a2i
1,1.2229528022446683,1.4036715934964938,87.93197654936029,0.0945050162106463,218.94429315047427
2,0.0305670996162078,0.0127051375769083,42.33923051017621,0.1333267247238184,226.62112398745597
