PrincipalComponent,coi,c1i,a1i,c2i,a2i
1,1.1829917045245877,1.4993727559018606,87.11251688689244,0.0742173400358136,218.8189884258149
2,0.0269029168338084,0.0226236984577397,42.178553179678424,0.1156896268625421,226.3245127232316
