PrincipalComponent,coi,c1i,a1i,c2i,a2i
1,1.2326939621710382,1.5843000821119442,100.0,0.1195016397531629,205.1567984291774
2,0.0227340844738706,0.0151345579790501,41.299374674659695,0.0349403471259146,225.36465823277956
