PrincipalComponent,coi,c1i,a1i,c2i,a2i
1,1.243708861535448,1.5526057897800187,100.0,0.140056662862082,205.6551573138447
2,0.0230360723094546,0.013651288884551,41.390835866411095,0.0273582497609279,225.50003435129443
