PrincipalComponent,coi,c1i,a1i,c2i,a2i
1,1.2443436592306745,1.5370837144033016,100.0,0.0962577608003108,210.4720413610886
2,0.0195091773720443,0.0140737948989611,42.56777746347658,2.021124067608169e-19,226.9301951830139
