PrincipalComponent,coi,c1i,a1i,c2i,a2i
1,1.2368487183287884,1.5087606729639484,100.0,0.0865712926499539,213.47224187234545
2,0.0236837258382003,0.019527925584434,43.35296928989131,6.8100946932253e-19,227.83391346316537
