PrincipalComponent,coi,c1i,a1i,c2i,a2i
1,1.1937412773776883,1.3823248937658568,82.26841842032204,0.1304930850101388,219.52319245269413
2,0.0316336717802,0.0039923693829203,41.36803724696869,0.15053092742672,225.46530421631428
