PrincipalComponent,coi,c1i,a1i,c2i,a2i
1,1.2519247424601807,1.5499044517920235,100.0,0.1301565917320747,207.1786064599899
2,0.0228825203830316,0.0118767571069516,41.73217490574123,0.020008806099726,225.93512078987095
