PrincipalComponent,coi,c1i,a1i,c2i,a2i
1,1.245744904555037,1.529319864939042,100.0,0.1211295219573707,208.81652898952632
2,0.0189733486562818,0.0141385067777031,42.137656372034904,0.0021284469469069,226.43543250772984
