PrincipalComponent,coi,c1i,a1i,c2i,a2i
1,1.2485180440504449,1.556068824499315,100.0,0.1087364453480614,208.9976602202948
2,0.0193390388368817,0.0138467027846361,42.18559413696347,0.0068880026801991,226.4765599139928
