PrincipalComponent,coi,c1i,a1i,c2i,a2i
1,1.2115829015752932,1.6971671974541636,100.0,0.0,206.19762089997025
2,0.0247705498127654,0.0123680522990324,41.579808826621466,0.0553186364373631,225.67136834567432
