PrincipalComponent,coi,c1i,a1i,c2i,a2i
1,1.242263509825265,1.5311742362482077,100.0,0.0725025501544079,213.0631675363679
2,0.0213547353143752,0.015477170923169,43.1913406880773,0.0,227.69233606644283
