PrincipalComponent,coi,c1i,a1i,c2i,a2i
1,1.245568633045633,1.6290296356218217,98.78799966725757,1.535782542075929e-16,212.59605034251916
2,0.0268034518316591,0.0112159055463638,42.866786585863125,0.0812872005586172,227.21181915674129
