PrincipalComponent,coi,c1i,a1i,c2i,a2i
1,1.245531682690011,1.5270970811618032,100.0,0.0875223253942652,211.3089092380724
2,0.0200921069680144,0.0138917973459434,42.747900519610646,8.862744405293697e-20,227.18586386336295
