PrincipalComponent,coi,c1i,a1i,c2i,a2i
1,1.2396347121465638,1.5166785349497662,100.0,0.0816873725736938,213.1478626809963
2,0.0222958601617806,0.0167554198535378,43.23632892500109,3.6132826813107464e-19,227.72914201513305
