PrincipalComponent,coi,c1i,a1i,c2i,a2i
1,1.1982976013050854,1.6299136680014883,89.91621277044098,0.0166462114479207,218.2801955340672
2,0.0220116053179749,0.0195504640377595,42.51915895695752,0.0785997072140838,226.75671750228423
