PrincipalComponent,coi,c1i,a1i,c2i,a2i
1,1.2450485094554358,1.6075625770874762,100.0,0.0913584009386658,207.5452511696869
2,0.0255823957670828,0.0149085115181182,41.81580134414388,0.0,226.03043566285064
