PrincipalComponent,coi,c1i,a1i,c2i,a2i
1,1.2504251525469912,1.6406466035415337,100.0,0.0767974831521237,207.90099486310064
2,0.0230641644703008,0.013884903853907,41.77525366985845,4.562421123170233e-19,226.08724662024815
