PrincipalComponent,coi,c1i,a1i,c2i,a2i
1,1.2371443875578076,1.5875233394122632,100.0,0.0509424923884447,211.35670786131263
2,0.0295885858858425,0.0314642975579171,42.95960133643296,0.0,227.18919963063587
