PrincipalComponent,coi,c1i,a1i,c2i,a2i
1,1.2311961618299223,1.5546711912712898,100.0,0.0724895520652325,211.6719322160826
2,0.0319395033217294,0.0401585746459613,43.25455083079884,0.0,227.33290066152588
