PrincipalComponent,coi,c1i,a1i,c2i,a2i
1,1.2267512088558834,1.7748666964758393,100.0,0.0,205.1219579647492
2,0.0188240178181183,0.0065852333943134,41.159610904911275,0.0278101541022294,225.2836971298444
