PrincipalComponent,coi,c1i,a1i,c2i,a2i
1,1.241642831653456,1.593889633127557,100.0,0.0596401697736283,209.8591543841172
2,0.0279505603489631,0.0240325298236031,42.482790138544345,1.2245423347039376e-19,226.73299911352285
