PrincipalComponent,coi,c1i,a1i,c2i,a2i
1,1.2413798825825992,1.6812448283989818,100.0,0.093055802703785,204.1509037887718
2,0.0194338198820062,0.0107047589538936,40.96451436502766,0.0130608386972681,225.01184208255313
