PrincipalComponent,coi,c1i,a1i,c2i,a2i
1,1.2339741114956206,1.5681101858020188,100.0,0.0638206511165387,211.39329941300448
2,0.0308980861719465,0.0346433355162801,43.062638799356186,0.0,227.2239103991972
