PrincipalComponent,coi,c1i,a1i,c2i,a2i
1,1.2272413216763478,1.6607787642117116,94.37315975960878,2.640936414119414e-16,217.23884758632187
2,0.0268277227713856,9.281469748621422e-18,43.12775583064075,0.0745747226249018,227.4911150053743
