PrincipalComponent,coi,c1i,a1i,c2i,a2i
1,1.2589566066621034,1.714361762805198,98.60241407556474,2.8962798479997985e-17,211.2638020679426
2,0.0213507362542504,0.0027351459092063,42.36520198440259,0.0480769736239832,226.699890216464
