PrincipalComponent,coi,c1i,a1i,c2i,a2i
1,1.2575770684985723,1.6417012233346175,100.0,0.099850403723326,206.1931239642007
2,0.0228285282884565,0.0095151130344905,41.395992680264264,0.0054156851892344,225.5886757179221
