PrincipalComponent,coi,c1i,a1i,c2i,a2i
1,1.2507272139590648,1.6472383366293737,100.0,0.1121281142550538,204.52622778304536
2,0.0212474098942705,0.0104599119349072,40.94156884814168,0.0084689071038867,225.09748925418387
