PrincipalComponent,coi,c1i,a1i,c2i,a2i
1,1.2066116197904964,1.4997351503379868,85.31972815589344,0.0801981871970896,219.0591263455518
2,0.0285118340263754,0.0062211299195854,41.81944901673763,0.1154881057008605,225.9681153535183
