PrincipalComponent,coi,c1i,a1i,c2i,a2i
1,1.2416186134168494,1.6097580298460077,100.0,0.0671836556302992,209.06956142369376
2,0.0269936286554626,0.0189821264516979,42.22488942135811,0.0,226.4858064248103
