PrincipalComponent,coi,c1i,a1i,c2i,a2i
1,1.2375304553127326,1.5266828741753296,90.51075133665516,0.0424298134372792,218.280551922268
2,0.0256068194991019,0.010197458279823,42.63229273784382,0.0998018370695408,226.9584178463941
