PrincipalComponent,coi,c1i,a1i,c2i,a2i
1,1.2565976137132555,1.7773590572562146,95.2702195212614,0.0,214.20061560465513
2,0.0185260464144602,0.006646921269692,42.36144993915116,0.0145937457771658,226.6869797942016
