PrincipalComponent,coi,c1i,a1i,c2i,a2i
1,1.19572460294619,1.7210345290565352,87.93904084409566,0.0,218.9086736928881
2,0.0231260925285619,0.0094147251977873,42.18117845407566,0.0452308534852489,226.38742041767236
