PrincipalComponent,coi,c1i,a1i,c2i,a2i
1,1.223377446131546,1.6217889739035478,99.37444626858824,0.0,214.4177222163154
2,0.0395015533275913,0.0752865300906496,44.19078488476365,0.0,227.9726942326015
