PrincipalComponent,coi,c1i,a1i,c2i,a2i
1,1.2207460242363797,1.6140624814186282,99.77488380553726,0.0,214.74563368947673
2,0.0408643895313232,0.0825735428445348,44.532119915415706,6.927556368621122e-19,228.19212939723693
