PrincipalComponent,coi,c1i,a1i,c2i,a2i
1,1.2405508161299257,1.7007812249904324,100.0,0.0,211.71450155115684
2,0.0332886648054058,0.0350681233641608,43.00134679508633,0.0019302609292392,227.204944274994
