PrincipalComponent,coi,c1i,a1i,c2i,a2i
1,1.2481177672624617,1.7260517368886623,99.75798669218264,0.0,211.72510183759152
2,0.0303958257022483,0.0287952110929759,42.82201953062008,0.0009722163203381,227.11146279239523
