PrincipalComponent,coi,c1i,a1i,c2i,a2i
1,1.2060237187300809,1.6250973527962116,86.00288319566538,0.0149068385516754,219.72116924020793
2,0.0254572532932282,0.0214657958260587,41.999741594371145,0.0613139158421743,226.21598131996075
