PrincipalComponent,coi,c1i,a1i,c2i,a2i
1,1.249089118432512,1.7827171334362375,100.0,3.371269481674053e-17,209.4747080640664
2,0.0250531666175321,0.0159493260700945,42.19592462328917,0.0,226.4814619353702
