PrincipalComponent,coi,c1i,a1i,c2i,a2i
1,1.2430509952788908,1.8035744811990249,100.0,2.556779571804556e-17,209.11732794932436
2,0.022598134291552,0.0150069372846522,41.995896733989746,1.5532866482646831e-18,226.3477463776278
