PrincipalComponent,coi,c1i,a1i,c2i,a2i
1,1.2565354898762235,1.7593611389552544,100.0,2.2412109415988266e-17,210.51901003470957
2,0.0278019859130291,0.0177379980878504,42.436926814749015,0.0006596400598956,226.78102756490117
