PrincipalComponent,coi,c1i,a1i,c2i,a2i
1,1.2345542485972614,1.6398141635977168,89.4480753893786,1.3167388985130302e-16,219.02649747232095
2,0.0282471535725389,0.0028624616698258,42.478895113525795,0.0615894294843005,226.8201337612918
