PrincipalComponent,coi,c1i,a1i,c2i,a2i
1,1.2332470582618835,1.6500230360133306,99.02496949029312,0.0,213.44245996984176
2,0.0371132993887339,0.0520581177647293,43.4692319129641,0.0055643637664278,227.52003753983203
