PrincipalComponent,coi,c1i,a1i,c2i,a2i
1,1.2350808036147902,1.6767569202299566,99.2284985918614,1.1763976984534573e-17,212.8050153231949
2,0.0357238249122841,0.0421848481213466,43.19383283236923,0.0046687491197443,227.3575408580536
