PrincipalComponent,coi,c1i,a1i,c2i,a2i
1,1.226863561356606,1.6316430745882164,98.90959084292057,2.653996789103304e-17,214.46824360723176
2,0.0390070269692361,0.0669932943454109,43.915628198378926,0.0030733212703408,227.83550481124252
