PrincipalComponent,coi,c1i,a1i,c2i,a2i
1,1.2217304198028305,1.8269721414850983,96.46995754413972,1.1013465832518217e-17,210.22516714670127
2,0.0179540552368894,0.0139964816599708,41.71161464986432,0.0034877146555863,225.8527448068134
