PrincipalComponent,coi,c1i,a1i,c2i,a2i
1,1.2257800423700005,1.7337188394616012,91.78655089161852,0.0,218.2996349830223
2,0.0246021239839233,0.0029406823007966,42.69678012729192,0.0301902720799134,227.1006878024197
