PrincipalComponent,coi,c1i,a1i,c2i,a2i
1,1.2356916908301356,1.811539083253145,93.00399200911674,0.0,216.0685970629805
2,0.0204676236896646,0.0166101368197466,42.208103351237945,0.0017645846159116,226.6394265647348
