PrincipalComponent,coi,c1i,a1i,c2i,a2i
1,1.2068365640751073,1.677794122556186,95.72456897219932,0.0,215.62163307893965
2,0.0437718863827278,0.0582445673641477,43.3684380925314,0.0242400775019954,227.33277747618396
