PrincipalComponent,coi,c1i,a1i,c2i,a2i
1,1.194921515797654,1.6153175273684846,95.9481083744327,0.0,216.9286276183792
2,0.0471837958465792,0.0996118127097069,44.53673616709577,0.0192923414744088,227.8950673385303
