PrincipalComponent,coi,c1i,a1i,c2i,a2i
1,1.2075752379132445,1.7780752850356545,90.00581642536558,0.0,219.0638223910422
2,0.0241873697723948,0.0123593532189551,42.52357399771221,0.0062887779397788,226.87116920184096
