PrincipalComponent,coi,c1i,a1i,c2i,a2i
1,1.2314381368865606,1.7963376854578803,97.94600677323412,0.0,212.57103659251385
2,0.0294205046343267,0.0281350712896461,42.63244459632659,0.0042757817581097,226.8727702849516
