PrincipalComponent,coi,c1i,a1i,c2i,a2i
1,1.221216250826329,1.7329359585576865,96.407563174623,1.4025944822052742e-16,214.68954209581045
2,0.0374547954713179,0.0427428239588299,43.06755676944589,0.0155554795889503,227.1689956639445
