PrincipalComponent,coi,c1i,a1i,c2i,a2i
1,1.2152103777194732,1.693493152348021,88.03553429785919,0.0,219.4699727240582
2,0.0303044833087022,0.007726720584981,42.26786669350651,0.0317615428700681,226.5654931334828
