PrincipalComponent,coi,c1i,a1i,c2i,a2i
1,1.1770918097267309,1.7708192360582042,86.49678214170153,8.348601919916187e-17,219.5116626430901
2,0.0226541388330474,0.0193205015850769,41.96966853425388,0.015173512012782,226.1953769051916
