PrincipalComponent,coi,c1i,a1i,c2i,a2i
1,1.204741402360907,1.6480438811346585,95.52888367303416,0.0,216.10233368845377
2,0.0451756284596318,0.0708849107330048,43.659046123849926,0.0257411351381685,227.46054913153472
