PrincipalComponent,coi,c1i,a1i,c2i,a2i
1,1.2235909501308633,1.8220235945001435,97.54500041890309,0.0,212.32440168549863
2,0.0256883655070933,0.0268540811123974,42.461315483550784,0.0007099856641039,226.7004102864321
