PrincipalComponent,coi,c1i,a1i,c2i,a2i
1,1.198030640351203,1.6265671309016745,95.43487609510169,1.2652335139748814e-16,216.9551353048175
2,0.0469929125383186,0.0887763344996755,44.17205719373017,0.0239843395851521,227.7295083425772
