PrincipalComponent,coi,c1i,a1i,c2i,a2i
1,1.1868127027808342,1.6912467463663232,85.41454527295315,8.619309902840671e-17,220.0473616363708
2,0.0305751374879792,0.0199260429578047,41.958787488828094,0.0380348505069218,226.1445504025092
