PrincipalComponent,coi,c1i,a1i,c2i,a2i
1,1.2134553743931322,1.7043431824612838,96.58967026432263,0.0,214.6725324256234
2,0.0407819688905913,0.0497590984992233,43.194924631333784,0.0193778925387696,227.2443811275357
