PrincipalComponent,coi,c1i,a1i,c2i,a2i
1,1.1921356721453733,1.6067566987684496,96.34140781973215,0.0,217.24158143113684
2,0.0478807209368318,0.1095506425076527,44.90514073279497,0.0176791458727263,228.10691703533936
