PrincipalComponent,coi,c1i,a1i,c2i,a2i
1,1.234321044235285,1.7708510963995012,97.32818434145469,0.0,213.4780076630589
2,0.0333864579663502,0.0301075577719065,42.78405535203199,0.0095843016232303,226.99783907373228
