PrincipalComponent,coi,c1i,a1i,c2i,a2i
1,1.2004624748081627,1.8534431301750416,93.88645479087675,3.100304621338812e-17,213.3743364245445
2,0.0196197952633313,0.0240903785774081,41.90381584573939,2.6501153245199255e-17,226.12046218723896
