PrincipalComponent,coi,c1i,a1i,c2i,a2i
1,1.233270697445629,1.760539224672241,96.7613165791178,6.410833269676783e-17,213.80583903579245
2,0.0338402145150827,0.0332239443484689,42.78087539230326,0.0112609499696618,226.96524459995547
