PrincipalComponent,coi,c1i,a1i,c2i,a2i
1,1.205479041616904,1.7881119374833754,93.9580519668317,1.180970552976495e-16,215.9198685470581
2,0.036695010302072,0.0331935394361081,42.74121262175791,0.0227910498131677,226.89306022074257
