PrincipalComponent,coi,c1i,a1i,c2i,a2i
1,1.1936168162142935,1.719093171571646,92.03938152402868,7.782560250947113e-17,217.53145801937532
2,0.0459250228873286,0.0467120392756802,42.90607032121686,0.0428700200972867,226.94509131531208
