PrincipalComponent,coi,c1i,a1i,c2i,a2i
1,1.1653543454443294,1.5951571090496353,91.18675666535272,0.0,219.41111468375263
2,0.056642014693976,0.1068272357531154,44.15540860291328,0.0514866891820263,227.42501424786585
