PrincipalComponent,coi,c1i,a1i,c2i,a2i
1,1.1984282204889374,1.816196022326074,93.73207104175268,0.0,215.64525431248623
2,0.032290271219977,0.0318290914059034,42.5914380567539,0.0166335532119145,226.7510353761436
