PrincipalComponent,coi,c1i,a1i,c2i,a2i
1,1.1685742050383752,1.6069325942905912,90.7299850564923,0.0,219.36784737217488
2,0.0565629707824697,0.0954057140474961,43.80771625137549,0.0564165983522772,227.26256056453332
