PrincipalComponent,coi,c1i,a1i,c2i,a2i
1,1.1696953356277755,1.7173150278547742,83.5835885409135,0.0,220.61041508199077
2,0.0285873240284585,0.0329347909885775,41.744396645767345,0.0103189899412248,225.86848762197909
