PrincipalComponent,coi,c1i,a1i,c2i,a2i
1,1.1770461793475833,1.8528790187852544,90.41193723299172,4.1923750978851474e-17,216.08331113442
2,0.0236103667737181,0.0297769862198188,41.949178598076266,0.0105224339673314,226.07816312802672
