PrincipalComponent,coi,c1i,a1i,c2i,a2i
1,1.206958637630901,1.7488908398959075,92.63637661390588,1.2522214699685404e-16,216.894165436403
2,0.0415799439423653,0.0378516910624121,42.77208085208484,0.0346736151536846,226.8774179300809
