PrincipalComponent,coi,c1i,a1i,c2i,a2i
1,1.185846396623602,1.79279121897614,87.32326556604917,2.9904373252827826e-17,219.9967515428209
2,0.0278980239472097,0.0171834029579716,42.23616819738015,2.43498655261466e-19,226.50624650929225
