PrincipalComponent,coi,c1i,a1i,c2i,a2i
1,1.2129106572630337,1.81798773777336,89.79420054295207,1.924399558296068e-17,217.87668987394133
2,0.0243810478178538,0.0219071762902346,42.15427708738475,0.0043116066845923,226.4279821114093
