PrincipalComponent,coi,c1i,a1i,c2i,a2i
1,1.177869567616559,1.6609984359028402,91.14302345851438,1.1150042194825864e-16,218.40420094697984
2,0.0532619601233337,0.0628920131066103,43.141808224015946,0.0548780324528276,227.01678242473844
