PrincipalComponent,coi,c1i,a1i,c2i,a2i
1,1.157941952268167,1.790469839230194,84.2015653364462,1.602837712841356e-16,220.34388266809685
2,0.0225326620077854,0.0281234890660537,41.74188501779852,4.170892048672637e-19,225.8971461181524
