PrincipalComponent,coi,c1i,a1i,c2i,a2i
1,1.1854900985412615,1.6885093159528477,92.08511531456944,0.0,217.7101525858837
2,0.0498775194977203,0.0534689255311203,43.08597404490245,0.0490908296809311,227.0281610901176
