PrincipalComponent,coi,c1i,a1i,c2i,a2i
1,1.208170164073923,1.7601981441847754,93.2554556639058,0.0,216.6449616563556
2,0.040908883562147,0.0351072557290468,42.79934129029496,0.0313365533460774,226.94160633081495
