PrincipalComponent,coi,c1i,a1i,c2i,a2i
1,1.1960625868642338,1.7167520916100865,85.85386722867446,0.0,220.23873441733727
2,0.0309621834046761,0.0176738907227975,42.02515441998152,0.0099490632793924,226.2758931803777
