PrincipalComponent,coi,c1i,a1i,c2i,a2i
1,1.175530202616105,1.6295848912382829,90.85000378909665,9.86059161795261e-17,218.80709047911725
2,0.0548071959011363,0.0760109823480073,43.35877403447568,0.0579080913260312,227.08815116646304
