PrincipalComponent,coi,c1i,a1i,c2i,a2i
1,1.1730960048517234,1.698550237828306,83.95105873912048,2.3934928956272445e-17,221.0663703610452
2,0.0342071112921423,0.0269636133445784,41.941595406615576,0.0040387102844867,226.1061976191754
