PrincipalComponent,coi,c1i,a1i,c2i,a2i
1,1.1603355872414456,1.6229372874309471,86.49999089943293,0.0351650711551615,219.92964653177935
2,0.0509799353908913,0.0696169904470249,42.39784211478271,0.0821947224219474,226.3250078110269
