PrincipalComponent,coi,c1i,a1i,c2i,a2i
1,1.1758220827144634,1.67260686191009,88.07102506698307,0.0134769031336548,219.52617815652047
2,0.0456493734143159,0.0614843496861521,42.53920972374865,0.069941824559137,226.56221697309545
