PrincipalComponent,coi,c1i,a1i,c2i,a2i
1,1.1367652046652426,1.497311769611517,83.02798788645019,0.077089136363413,220.4094958982163
2,0.0623964691892616,0.095318364859348,42.091851188653266,0.1061228656106878,225.6937954184858
