PrincipalComponent,coi,c1i,a1i,c2i,a2i
1,1.1777882285817716,1.693322553329345,89.14775310233831,0.0029010174680359,219.40427538066768
2,0.0452041940880566,0.0584033678153741,42.6969151047815,0.0654639045448016,226.78443981914415
