PrincipalComponent,coi,c1i,a1i,c2i,a2i
1,1.1416501608773375,1.801801248575576,86.49041995909631,0.0,218.68871442440155
2,0.037471201131864,0.028681060932513,41.933555221630776,0.0562173807115854,225.95545840190803
