PrincipalComponent,coi,c1i,a1i,c2i,a2i
1,1.158289608225073,1.7610771885738594,84.62949260420065,0.0,220.83373383641583
2,0.0352009202381429,0.0225028915141232,42.05641098926449,0.0149009359909654,226.1588460782604
