PrincipalComponent,coi,c1i,a1i,c2i,a2i
1,1.125725135079501,1.4608103530456165,82.89045940561856,0.0787089283411682,220.8606017126228
2,0.0652818472903917,0.1215335869001303,42.54876390375643,0.1062762313446142,225.8185959152006
