PrincipalComponent,coi,c1i,a1i,c2i,a2i
1,1.1827365199330606,1.774417136315568,86.22594174230713,0.0,219.60530566260468
2,0.0341085544076996,0.0198700829321191,42.02446842980226,0.0417774945801622,226.14097564731165
