PrincipalComponent,coi,c1i,a1i,c2i,a2i
1,1.1643459397761189,1.7582488723257916,89.56346545408424,1.8122874758887773e-17,218.5949901492285
2,0.0454491665871004,0.0317510935316859,42.543515395252854,0.0677323181796427,226.64521525796857
