PrincipalComponent,coi,c1i,a1i,c2i,a2i
1,1.130743918248945,1.7664877228736668,81.98404557466972,0.0,220.99800293890024
2,0.0291717888888874,0.0356510248665123,41.57967386691033,0.0042380041526041,225.60300597237233
