PrincipalComponent,coi,c1i,a1i,c2i,a2i
1,1.1734740948275797,1.7268024454261974,89.84464039007104,0.0,218.82700426454187
2,0.045873511269942,0.0428449284371196,42.681291769500554,0.0674667247679466,226.7832628993664
