PrincipalComponent,coi,c1i,a1i,c2i,a2i
1,1.1408112862202355,1.537333821950736,84.01109954130935,0.0666819534438868,220.2322142408899
2,0.0602133009113469,0.0835254643288957,42.117102726351135,0.1004473460397771,225.8609376510187
