PrincipalComponent,coi,c1i,a1i,c2i,a2i
1,1.1503590624161455,1.5788357324964162,85.74634235420899,0.0499808370479622,219.9628830943145
2,0.0557899376875351,0.0753379079141095,42.33497596957326,0.0917753404690227,226.1726084904253
