PrincipalComponent,coi,c1i,a1i,c2i,a2i
1,1.1454262240633613,1.7068594192323572,82.11186127433464,0.0,221.2623403907546
2,0.0354082233023337,0.0373182241069997,41.65855314610198,8.417830168271192e-19,225.7442444805179
