PrincipalComponent,coi,c1i,a1i,c2i,a2i
1,1.1291457661646598,1.4705322630899165,82.51457980953282,0.0813995949458644,220.75323475980713
2,0.0646565326369716,0.1126867974448714,42.294614454900696,0.1080732992086056,225.6839062802811
