PrincipalComponent,coi,c1i,a1i,c2i,a2i
1,1.1231619282310463,1.4518231210164927,83.13922798195748,0.078160692923801,221.02341620774553
2,0.0661507285680921,0.1304368607666225,42.79097387207573,0.1062240171997588,225.93335068896224
