PrincipalComponent,coi,c1i,a1i,c2i,a2i
1,0.6930572371026849,1.3070234358854342,49.44257208874778,0.6195847409049648,216.9959154660237
2,0.0202179747725951,0.0207010707049922,34.501101247436985,1.7431332398014225e-19,216.9901188430215
