PrincipalComponent,coi,c1i,a1i,c2i,a2i
1,0.5908006966369919,0.7361303891917939,46.171875489133555,0.6483170958997759,225.97129720328073
2,0.2192358204000433,0.4897155129821831,70.03671041625057,0.0629499443483746,222.8431714632013
