PrincipalComponent,coi,c1i,a1i,c2i,a2i
1,0.6386437299546521,1.1096340217783789,39.12518912989283,0.6900518200916653,214.1264235704724
2,0.0466509336511243,0.0506438158256386,31.73927697644294,0.0345773260694502,213.71576172932765
