PrincipalComponent,coi,c1i,a1i,c2i,a2i
1,0.6451314358210184,1.0871192737594093,41.682871615807606,0.8791801138740305,214.69238100167493
2,0.0472121068049681,0.0255371941355181,32.438159711769515,0.0446997597065601,214.46418533752387
