PrincipalComponent,coi,c1i,a1i,c2i,a2i
1,0.6409575630886957,0.9428501044334822,46.21667334573364,0.4870491378867473,216.52924751036045
2,0.1349549855189223,0.2824327720567737,35.272817672435544,0.0637055449418265,216.38603287372257
