PrincipalComponent,coi,c1i,a1i,c2i,a2i
1,0.5680987011064519,0.7048972022778994,34.369721415038306,0.5924545795587515,225.98583156727983
2,0.2104901065704667,0.7218020508832697,71.11033320276856,6.415006612249997e-18,221.4783392488609
