PrincipalComponent,coi,c1i,a1i,c2i,a2i
1,0.6301938709903689,1.082084621033118,40.75830987268251,0.4706267406301179,214.70553668898108
2,0.0765729867957803,0.1367862704193342,32.363385506608196,0.0289098802271968,214.3455646509487
