PrincipalComponent,coi,c1i,a1i,c2i,a2i
1,0.3462526592760995,0.6682200931380409,45.121277349580566,0.2612456813595876,218.8799944350529
