PrincipalComponent,coi,c1i,a1i,c2i,a2i
1,0.6015747010055494,0.6852719475400905,35.80617139031682,0.6374227113621337,225.6491680399463
2,0.2182924799530043,0.6873823832940753,69.84713617499737,0.0088797111539114,221.6527310721572
