PrincipalComponent,coi,c1i,a1i,c2i,a2i
1,0.642547010905898,1.026400139443021,42.00872006375988,0.4904750807297581,215.03049044042177
2,0.0892313959625302,0.184576543993299,32.9676159718416,0.0402436421475943,214.78626254271165
