PrincipalComponent,coi,c1i,a1i,c2i,a2i
1,0.6580330209036096,1.1276250975508617,44.61559039553817,0.8753675087982832,215.44977104375016
2,0.0351601838339594,0.0290756172280947,33.239787463325534,0.0292288680494972,215.379203129556
