PrincipalComponent,coi,c1i,a1i,c2i,a2i
1,0.6024077018085179,0.6159149609020766,36.10857060733995,0.7902349188795544,221.86833510044772
2,0.2014933001181118,0.6096923208907898,62.113001780562115,0.097389070271348,219.47675867330065
