PrincipalComponent,coi,c1i,a1i,c2i,a2i
1,0.639057736500428,1.1049610922340505,38.239116026703485,0.5518105586047714,213.86484219068717
2,0.0596744399400715,0.092157944235104,31.50666586563186,0.0275827309536692,213.4551749596413
