PrincipalComponent,coi,c1i,a1i,c2i,a2i
1,0.6168150892228,0.8168423845518333,48.26305624474029,0.5863900628158435,217.56687042382947
2,0.157738762513273,0.3322183053241684,38.140534341323374,0.1438761671047002,217.42919326612505
