PrincipalComponent,coi,c1i,a1i,c2i,a2i
1,0.6138170554294259,0.705454747921609,45.49748995618646,0.6548223159445721,221.90741220097
2,0.2303107764423142,0.4763848657664873,63.43990637398277,0.1733264197567088,220.01708777973136
