PrincipalComponent,coi,c1i,a1i,c2i,a2i
1,0.3658859121908719,0.6768844460153335,54.40744631692163,0.3425419689361342,222.9008715432782
