PrincipalComponent,coi,c1i,a1i,c2i,a2i
1,0.6681888363397116,1.0548549691653564,45.135342739754904,1.032953161527041,215.5207259227735
2,0.0409613926779169,0.0370181425677648,33.41864520112439,0.0105358910985616,215.51143326348145
