PrincipalComponent,coi,c1i,a1i,c2i,a2i
1,0.6184020316187333,0.9835293979001296,45.225862549794854,0.5678221905929717,216.1010041901652
2,0.1091872551306291,0.2162272007440078,34.249108953620436,0.0439835024388953,215.91469681021
