PrincipalComponent,coi,c1i,a1i,c2i,a2i
1,0.6330651970652618,1.0016403529980364,41.96277359993604,0.6677809626346265,215.0603480693338
2,0.0867754184126912,0.1685379269806472,32.90502879326516,0.0329866302268131,214.73535852398092
