PrincipalComponent,coi,c1i,a1i,c2i,a2i
1,0.6874386052412441,1.1327214834424126,48.51604961458318,1.004818948700784,216.42790695926345
2,0.0237469235609946,0.0140277209280956,34.23958897213103,0.0047715920338668,216.5521193722115
