PrincipalComponent,coi,c1i,a1i,c2i,a2i
1,0.5726708535231416,0.6878154744559772,50.689549787718626,0.6546596272654847,232.1841658877943
2,0.2577249134915547,0.6527951659442285,85.36128635658669,0.0176685999455752,226.8955226728365
