PrincipalComponent,coi,c1i,a1i,c2i,a2i
1,0.6279892779403882,0.938320830338796,47.38918373582408,0.5604810532505629,216.6275983135886
2,0.1267656000225639,0.2618504692314052,35.50501440769583,0.0696308653963451,216.68545163305564
