PrincipalComponent,coi,c1i,a1i,c2i,a2i
1,0.5504103157120103,0.6301430077569059,34.662574258635736,0.673522852096675,228.05468595798465
2,0.237925824158577,0.8190320776007167,75.53884468095801,0.0,222.18095238380636
