PrincipalComponent,coi,c1i,a1i,c2i,a2i
1,0.5838796260650408,0.7355084693198729,49.49454919150715,0.6638867891897021,229.55240779106552
2,0.2314234842133662,0.5303268462005735,72.23405791183397,4.620490753587994e-18,226.22887600635235
