PrincipalComponent,coi,c1i,a1i,c2i,a2i
1,0.6228926380465224,0.8687694176782793,52.138426787865086,0.5261121014305573,218.74751311504707
2,0.1739669701572551,0.3571446980458263,39.18286848754195,0.1136048609800674,218.72503468462008
