PrincipalComponent,coi,c1i,a1i,c2i,a2i
1,0.5960917461938054,0.6581449837606445,49.39702737602657,0.6655940458676664,230.0020515524831
2,0.2730832111495335,0.6721822060711798,85.02191029978573,0.0802909249281992,224.6359371677187
