PrincipalComponent,coi,c1i,a1i,c2i,a2i
1,0.6387024755546875,1.0254321615420112,42.419362909016854,0.8262584793930492,215.15562286527216
2,0.0640614599445474,0.1078788670496043,32.865277543683305,0.024687291678805,214.8131280260295
