PrincipalComponent,coi,c1i,a1i,c2i,a2i
1,0.5837307128428433,0.6149231064636557,36.57170935184587,0.706307928007175,228.51725606243056
2,0.2491987826261608,0.7951393115767049,76.30482906314276,0.0,222.94446681568655
