PrincipalComponent,coi,c1i,a1i,c2i,a2i
1,0.5858134727603863,0.5471846707570465,37.44327203811354,0.8476727677946427,227.4975280322742
2,0.2409855739630181,0.7751540841310033,76.04538468970428,0.01918177279403,222.6590166140488
