PrincipalComponent,coi,c1i,a1i,c2i,a2i
1,0.6092285925098908,0.8846576264199555,37.25284193440749,1.0519693587584111,213.8483079608962
2,0.073224018154964,0.1005015088476623,31.48986594247426,0.0555700441610866,213.16613378394092
