PrincipalComponent,coi,c1i,a1i,c2i,a2i
1,0.5827269004362512,0.8379006719677805,40.193461097690424,0.7492027847013291,214.45768341654664
2,0.126246439633282,0.2092095767720994,32.53376358636341,0.1228723709986428,214.1549965530045
