PrincipalComponent,coi,c1i,a1i,c2i,a2i
1,0.5946577747163128,0.8672162594100601,36.94859313719332,0.855654121595738,213.63807737363777
2,0.1042786891396179,0.1587013269843491,31.41110631683637,0.0975761653445628,213.07189152800817
