PrincipalComponent,coi,c1i,a1i,c2i,a2i
1,0.5569936247249857,0.6238206358119484,47.85733713200873,0.747453608588546,218.6102961979228
2,0.225719714689672,0.3571143909830511,41.88362999042561,0.3468765456756936,217.84218938170383
