PrincipalComponent,coi,c1i,a1i,c2i,a2i
1,0.3473545002804691,0.4929037029973511,43.45824603669188,0.641836479947356,217.8357274626839
