PrincipalComponent,coi,c1i,a1i,c2i,a2i
1,0.5785285823679357,0.7304253729752439,46.19418466180714,0.6785313224945598,216.68579821834095
2,0.2017325970650127,0.3230383798719127,36.58426279213491,0.2437982977843466,216.47038126633896
