PrincipalComponent,coi,c1i,a1i,c2i,a2i
1,0.5521051300350215,0.5471015678254073,32.84432562713048,0.8010407047929375,230.30709640464767
2,0.2709670892953055,0.730360690843647,77.46876554522895,0.137527020394939,221.23718187067888
