PrincipalComponent,coi,c1i,a1i,c2i,a2i
1,0.5504848289219785,0.4755844954266276,32.76826939397692,0.9319951470657803,225.57895400130488
2,0.2568558249624643,0.6298894048235593,68.03915065078495,0.2738611674940059,218.76865822755943
