PrincipalComponent,coi,c1i,a1i,c2i,a2i
1,0.5862400824985804,0.7952590793579932,41.74468564348766,0.7324280412418529,214.68959229431704
2,0.1493217175772631,0.2443376906581468,33.37638106704477,0.16834763094405,214.62282376186533
