PrincipalComponent,coi,c1i,a1i,c2i,a2i
1,0.5339758293140185,0.5681996153003965,35.008861855113615,0.7523878031799676,233.16728089528175
2,0.2733456861589196,0.8321943821152687,84.65452488599888,0.0205175513559859,222.9919426346251
