PrincipalComponent,coi,c1i,a1i,c2i,a2i
1,0.6647401442645191,0.9130946508607936,40.0308269111324,1.3067694475133853,214.3888474936306
2,0.027955856346786,0.0214458712376336,31.99605915865014,0.0,213.9177818100808
