PrincipalComponent,coi,c1i,a1i,c2i,a2i
1,0.5212663311140245,0.557594807401948,43.194883470235126,0.7303351778845191,215.8542790459091
2,0.2597091128939571,0.3310738772554745,37.84991929016054,0.5495183212579303,215.00187717496047
