PrincipalComponent,coi,c1i,a1i,c2i,a2i
1,0.5546072198150719,0.7183003840521869,42.72979044746809,0.6575600667869826,215.4800144588847
2,0.2264874070585343,0.2925835029581465,34.67367846003644,0.2791877890567932,215.16714340908348
