PrincipalComponent,coi,c1i,a1i,c2i,a2i
1,0.5106794037684566,0.5724162045206567,32.39577034977031,0.7395422694649987,229.1905889775316
2,0.2870948247786595,0.6919218617485038,74.96385971661421,0.1665720960362545,220.64691657084316
