PrincipalComponent,coi,c1i,a1i,c2i,a2i
1,0.606156472974334,0.8838179798255006,35.10052575972774,1.051892545556358,213.2437825404457
2,0.0786059132349869,0.0733957429503968,30.784094559220236,0.0506594544485358,212.4637908653229
