PrincipalComponent,coi,c1i,a1i,c2i,a2i
1,0.5293672927182201,0.4782100783637811,30.784639665575195,0.9034920970688212,220.83522000967568
2,0.270663633088459,0.5251154846626928,57.84679835582825,0.3914254196306825,216.3780104235499
