PrincipalComponent,coi,c1i,a1i,c2i,a2i
1,0.3474921165380411,0.4539322084250278,37.71096812444268,0.6520034069900392,215.48382610396143
