PrincipalComponent,coi,c1i,a1i,c2i,a2i
1,0.536886849241029,0.6002334600844444,43.78038906256928,0.7338966524344365,217.02276549098187
2,0.2454879993243215,0.3314488715427172,39.0670018867827,0.3836267946548928,216.23607814967735
