PrincipalComponent,coi,c1i,a1i,c2i,a2i
1,0.5369611657660419,0.5480490605547852,32.20862756191488,0.7747399726551158,224.31267399995204
2,0.2830539964620906,0.5736430945466177,62.952189738160186,0.3104188587853505,218.36784486816475
