PrincipalComponent,coi,c1i,a1i,c2i,a2i
1,0.5831895183817463,0.8599159982235045,34.88234418679009,0.844652430847957,213.00617456687797
2,0.1175059079067218,0.1394402401527149,30.66631990809065,0.1026136937755231,212.3812438073089
