PrincipalComponent,coi,c1i,a1i,c2i,a2i
1,0.5418014650526692,0.5419895374488319,41.22455641886275,0.7347648305796944,214.824585831697
2,0.2717699579989672,0.3328741334552083,37.042577828143195,0.6295785768941421,213.94579263033336
