PrincipalComponent,coi,c1i,a1i,c2i,a2i
1,0.5658152151274369,0.8324961995512391,37.91495600648567,0.7296696811299168,213.70763869281524
2,0.1459102234625811,0.1840581179525655,31.546868721684604,0.1400939594193945,213.36005649476624
