PrincipalComponent,coi,c1i,a1i,c2i,a2i
1,0.5605207183194137,0.7907896508755465,38.70272043688002,0.71221690758337,213.71690724659285
2,0.1744791864766122,0.214642849797727,31.99556849368116,0.1946085306847009,213.5456965528542
