PrincipalComponent,coi,c1i,a1i,c2i,a2i
1,0.5651929990664987,0.6229022733502215,34.60988243171464,0.5652573234188171,220.6884875735167
2,0.2301274254359867,0.5414835559734498,53.20855447866615,0.2994410353404892,217.5926147048135
