PrincipalComponent,coi,c1i,a1i,c2i,a2i
1,0.6298868208081082,0.9965870315723224,34.14176737491357,0.6957866465208968,212.64743305471345
2,0.0748359344132658,0.0654653727093108,30.24109284153606,0.019703213594565,212.0910179334872
