PrincipalComponent,coi,c1i,a1i,c2i,a2i
1,0.5934151322618263,0.6034725723550851,44.33517571626232,0.6179363360579807,214.56884748233057
2,0.2302084372377355,0.3447830313669376,33.57477017323349,0.4939732051426026,215.0887712711291
