PrincipalComponent,coi,c1i,a1i,c2i,a2i
1,0.6025782164570194,0.7972819626377108,42.00971046522194,0.5447754240904575,215.00658691937392
2,0.1848923041593869,0.2734472549147767,33.27241368450691,0.1595785344706796,214.79673195384655
