PrincipalComponent,coi,c1i,a1i,c2i,a2i
1,0.5991761181422119,0.8891426756834906,37.00049665989769,0.5983405686002542,213.3997780671297
2,0.1362608480798036,0.1745126514189048,31.204872517136856,0.0868035575247867,213.0597238477541
