PrincipalComponent,coi,c1i,a1i,c2i,a2i
1,0.3443739878826181,0.5105318733379287,34.350398775227305,0.4352926509110356,213.75024846877108
