PrincipalComponent,coi,c1i,a1i,c2i,a2i
1,0.5981659922546294,0.9517324505358988,36.21118563123511,0.6020172584816973,213.26395232480564
2,0.1137656571205908,0.1235591503351059,30.85801999476457,0.0455753462650633,212.7948829526549
