PrincipalComponent,coi,c1i,a1i,c2i,a2i
1,0.5984680577350061,0.7130996240935789,33.64340108619147,0.4780909582782042,221.1640336046213
2,0.2135094853176636,0.5069939612188459,57.91595718245048,0.2131769805828456,217.54862998841188
