PrincipalComponent,coi,c1i,a1i,c2i,a2i
1,0.6515260152917964,0.996877233916255,34.642086120957465,0.5325620431618867,212.6278809402493
2,0.0904884414393517,0.1025229764307607,30.4023412675193,0.0174357966216958,212.24753544343457
