PrincipalComponent,coi,c1i,a1i,c2i,a2i
1,0.6065262115910359,0.6938212048854442,40.55329613950479,0.6224136767620159,213.94658485954892
2,0.1906338913548193,0.2851046682125054,32.90906602553333,0.2905075461230507,213.92925476471993
