PrincipalComponent,coi,c1i,a1i,c2i,a2i
1,0.6302615806131067,0.6896472841325815,41.4829230233291,0.5895651950887645,213.63332634688243
2,0.2073000613334784,0.2895493070898645,32.12500865773982,0.3819514500626236,213.92226573362467
