PrincipalComponent,coi,c1i,a1i,c2i,a2i
1,0.335658051479025,0.5499535951825424,28.690198537707047,0.3143223062376066,210.4514554500787
