PrincipalComponent,coi,c1i,a1i,c2i,a2i
1,0.6279249769612258,0.6328397257385967,35.10723828639151,0.6547101086782504,212.9421497894069
2,0.1716515313681517,0.3801818814171397,33.570986784367015,0.3831118123204568,212.61335832694556
