PrincipalComponent,coi,c1i,a1i,c2i,a2i
1,0.6250100484051868,0.68389285891483,33.43407666493746,0.538326614180667,217.73622793955911
2,0.2078986272071526,0.4494835014158456,48.51965698697918,0.2710282099773474,215.56850873103957
