PrincipalComponent,coi,c1i,a1i,c2i,a2i
1,0.6607186809736996,1.0595164234948389,34.10917815189895,0.5145181589250764,212.50582185563627
2,0.0596488263898352,0.0485733835746257,30.17847071550352,0.0,212.0689900068335
