PrincipalComponent,coi,c1i,a1i,c2i,a2i
1,0.6510111457410767,0.8985048784322304,39.22863862861581,0.5073155559050475,214.20969936332247
2,0.1476448515357253,0.202542703099773,32.14827414119414,0.0621809150944343,213.88320988549577
