PrincipalComponent,coi,c1i,a1i,c2i,a2i
1,0.6185353219752522,0.7892613937131157,41.24679325815687,0.577639902348286,214.7129170502859
2,0.1824182350213288,0.2306446951393858,33.18278048455937,0.1712471201850442,214.501399690741
