PrincipalComponent,coi,c1i,a1i,c2i,a2i
1,0.706236502517051,1.0895067665323614,37.18278235295862,0.4488596608511947,213.3703251483927
2,0.0524768778472737,0.0269494020945351,31.03099441453593,0.0158702334535327,213.0775071714023
