PrincipalComponent,coi,c1i,a1i,c2i,a2i
1,0.6390673053431399,0.7290162706275958,39.024293797806806,0.6031853775041524,213.60296640057356
2,0.1727554039440113,0.3032660030320121,32.94153166687456,0.3531694333132374,213.5393789242245
