PrincipalComponent,coi,c1i,a1i,c2i,a2i
1,0.3666772616783089,0.5638372960815825,36.333078935137095,0.2156245948781225,214.5348212452498
