PrincipalComponent,coi,c1i,a1i,c2i,a2i
1,0.6343864671304974,0.812621560719686,45.72580230994716,0.5592216967353372,215.27256440643728
2,0.1820295898594671,0.2049882452205592,33.58194059230033,0.239330160323871,215.51471662063747
