PrincipalComponent,coi,c1i,a1i,c2i,a2i
1,0.6534842632716554,0.8033650636528346,46.39405447843759,0.526581441797775,215.06800901137763
2,0.2036834070446947,0.2135509395490554,33.266692142012246,0.3318067031763971,215.51677431780047
