PrincipalComponent,coi,c1i,a1i,c2i,a2i
1,0.689589938982049,1.0191275423867598,41.925807655331624,0.4197474031221874,214.97288944474317
2,0.1234146419466021,0.1072299866043785,32.5833144388537,0.0570078738968519,214.7175993914123
