PrincipalComponent,coi,c1i,a1i,c2i,a2i
1,0.6458596890663166,0.7729366363131112,38.89061703111403,0.468653887160839,214.32916186399947
2,0.1762144376614738,0.3435526896319135,33.94926424063184,0.3288267704170798,213.8252884665941
