PrincipalComponent,coi,c1i,a1i,c2i,a2i
1,0.663661774664313,0.9036753822461456,45.660104570921625,0.4979214081849906,215.92917525677277
2,0.1547133918605316,0.1538946730181829,33.81357880919926,0.1394979661855739,215.89267925192988
