PrincipalComponent,coi,c1i,a1i,c2i,a2i
1,0.6123960257395943,0.8006374319146448,37.70305932493882,0.4137776193769929,223.1377757373983
2,0.2137119280628234,0.4464633224260181,62.81823045286938,0.1840070889206751,218.870465616268
