PrincipalComponent,coi,c1i,a1i,c2i,a2i
1,0.6694777144802584,0.8239905802378155,39.50921900820993,0.500137528042853,214.09152567292148
2,0.1766958674416761,0.2818796369112253,33.47448970350835,0.3324264714683596,213.76186789528433
