PrincipalComponent,coi,c1i,a1i,c2i,a2i
1,0.3967280901778197,0.5568188835425181,39.09060140987444,0.2391140053926432,215.65052966990575
