PrincipalComponent,coi,c1i,a1i,c2i,a2i
1,0.6404848356779328,0.8464531568427612,38.75611463454436,0.4340126874492693,225.69934179562344
2,0.2138708925743466,0.4522761126704174,76.89579632048499,0.1220588775176027,219.46472808204297
