PrincipalComponent,coi,c1i,a1i,c2i,a2i
1,0.6684334207191172,0.7839602337852412,40.90153376990494,0.6409136559434528,213.57930414685904
2,0.1740928254276713,0.2432396843833553,32.803641323030114,0.3353097207847265,213.8887113892548
