PrincipalComponent,coi,c1i,a1i,c2i,a2i
1,0.7282401582490263,0.9613686106991982,48.99002175524122,0.5298971354481778,216.5567749061093
2,0.1255252643226113,0.1100875150703376,34.38375364432606,0.0983596771168122,216.82650991328217
