PrincipalComponent,coi,c1i,a1i,c2i,a2i
1,0.7621615118821645,1.0687699981231715,44.276370767871235,0.4478516965359931,215.3907978130316
2,0.0865042446611409,0.0604029143000353,33.03931122134952,0.0327119307276144,215.37754776991795
