PrincipalComponent,coi,c1i,a1i,c2i,a2i
1,0.693713841659533,0.8570713257575381,49.62880781310513,0.5781188532765933,215.2519925709922
2,0.1981429033092039,0.1698535559769543,33.872190669862206,0.276745614546454,216.3098338626159
