PrincipalComponent,coi,c1i,a1i,c2i,a2i
1,0.6828243636071444,0.8654687208716849,48.978086156330605,0.6079389133394107,215.5906185117904
2,0.1683660572900692,0.1619688666091764,34.12366642490017,0.1872412237846364,216.3911232592084
