PrincipalComponent,coi,c1i,a1i,c2i,a2i
1,0.4535986576493521,0.5883928751514086,50.26567356510356,0.2218706021929543,221.04274659602183
