PrincipalComponent,coi,c1i,a1i,c2i,a2i
1,0.8479303363040835,1.096853473087651,56.23901440689632,0.5356217463126849,218.160013097375
2,0.0624258170506443,0.0396011791775703,36.18196394348166,0.0342742002812488,219.024117550737
