PrincipalComponent,coi,c1i,a1i,c2i,a2i
1,0.7307743336892296,0.9241864739346384,45.53669261821907,0.4129986067246454,216.12861050245527
2,0.1417879301598357,0.2470815469937128,35.5214797903103,0.359027446155272,215.81964516563733
