PrincipalComponent,coi,c1i,a1i,c2i,a2i
1,0.7526186074000738,0.9137560427266332,45.91693078492228,0.5066390264373689,215.69776461635936
2,0.1552790276358016,0.2178904718618904,34.71452483025325,0.3097232398773901,215.7730671063818
