PrincipalComponent,coi,c1i,a1i,c2i,a2i
1,0.7995103103488151,1.0203995283143834,60.09603511612192,0.5908182685418863,217.8954925349884
2,0.1174275264464884,0.1018092214710822,36.96269133300606,0.0996080421859485,219.81202776814004
