PrincipalComponent,coi,c1i,a1i,c2i,a2i
1,0.7626161626202805,0.8769693303926389,49.2148430506783,0.6555460837256719,215.5249400117013
2,0.145906437564792,0.1906278381385523,34.825227908468804,0.2819727972165938,216.50644886213425
