PrincipalComponent,coi,c1i,a1i,c2i,a2i
1,0.8108553456203611,1.02291915696865,63.43989331186812,0.5421551758825252,217.8878971810218
2,0.1527629502627733,0.1233412614898123,37.53514099161136,0.1719233831000821,220.54848477422811
