PrincipalComponent,coi,c1i,a1i,c2i,a2i
1,0.8473914707614286,1.0737442718830064,68.62981945949615,0.707621590368661,217.74208255952777
2,0.077662378522443,0.049212405278157,38.823408836296885,0.0571733651709925,221.826804134392
