PrincipalComponent,coi,c1i,a1i,c2i,a2i
1,0.8533544487452548,1.1013911608982414,73.52045698210473,0.6283769081283066,217.6080525875104
2,0.1193676167529168,0.0685957571725647,39.77677789121879,0.1326116266561059,222.8945126723202
