PrincipalComponent,coi,c1i,a1i,c2i,a2i
1,0.4551177684628916,0.5514702084146756,60.78527163757283,0.3515950102315328,224.57937668276713
