PrincipalComponent,coi,c1i,a1i,c2i,a2i
1,0.752400293229755,0.9633489180433854,51.89368495541597,0.4945945455711223,217.17464962814856
2,0.1369262121008881,0.1705140732387854,36.28697820274804,0.3855555369941957,217.5388564174561
