PrincipalComponent,coi,c1i,a1i,c2i,a2i
1,0.7774234315330155,0.9276178197573434,51.095406986266696,0.6407739997537039,216.32831051112228
2,0.1428587242746602,0.1540525282141746,35.639929622243656,0.3044908358563405,217.15424983307827
