PrincipalComponent,coi,c1i,a1i,c2i,a2i
1,0.7925505366598656,0.8889480966628328,55.35676835760957,0.8097087526948304,215.81091416912395
2,0.1273986728022186,0.1356716578448719,36.157262431241456,0.2493454053637889,218.06827376568432
