PrincipalComponent,coi,c1i,a1i,c2i,a2i
1,0.4815581990779647,0.7051270516585699,89.20964181490308,0.250595525677655,226.3505383007402
