PrincipalComponent,coi,c1i,a1i,c2i,a2i
1,0.8164412585231993,1.0164914633240971,58.13902672476472,0.596558120293113,216.9265327737401
2,0.096840156665424,0.1366160422522382,37.0047628132482,0.3399166184450995,218.87619737631616
