PrincipalComponent,coi,c1i,a1i,c2i,a2i
1,0.8727033949452281,1.00803196161565,67.16052431132158,0.853266687794486,213.44953744637587
2,0.0828376957925009,0.0860988701485423,37.46127650989317,0.1840104017841055,220.1360066013004
