PrincipalComponent,coi,c1i,a1i,c2i,a2i
1,0.8507664774179822,0.975887228515718,57.27117531235653,0.7561531420752601,215.49472192520125
2,0.0937503554426444,0.1194630670694635,36.26548935752353,0.2504235409895171,218.3134416502193
