PrincipalComponent,coi,c1i,a1i,c2i,a2i
1,0.5285294383862121,0.7969666767074863,100.0,0.1973640846810743,219.55843369677496
