PrincipalComponent,coi,c1i,a1i,c2i,a2i
1,0.9338629538522032,1.007312775665745,63.84448957329584,1.035092232505886,211.46805002039167
2,0.059991307522892,0.0458851781057223,36.01085518292806,0.1084994531195801,218.7058226557024
