PrincipalComponent,coi,c1i,a1i,c2i,a2i
1,0.8670438353906701,1.0759263819205045,57.807271352080505,0.681282874697455,216.3178869701584
2,0.0905599070156215,0.0769021179771179,36.088676084733336,0.3091313913874934,218.5894347498752
