PrincipalComponent,coi,c1i,a1i,c2i,a2i
1,0.4605685276468944,0.4805058932731647,43.5293149857535,0.7070226369562426,214.55933921928795
