PrincipalComponent,coi,c1i,a1i,c2i,a2i
1,0.8998669151967378,1.0286518981147632,46.016900868274035,1.1400077517161502,213.56229525001737
2,0.0422707302105416,0.0326379507978792,32.86231979945456,0.0777424722762184,215.0512970199059
