PrincipalComponent,coi,c1i,a1i,c2i,a2i
1,0.8565950634211066,1.070931605196391,47.92263018258069,0.951511805550536,214.83638817465567
2,0.0591874499457252,0.0501507420924103,33.61875607174526,0.1877926162712636,215.8488054587054
