PrincipalComponent,coi,c1i,a1i,c2i,a2i
1,0.9177409556851656,1.2106507896012182,50.26514862142431,0.8520271148503343,215.54259215031135
2,0.0248482352495417,0.0236173865321075,34.170770035568644,0.0705341540872646,216.6434959819771
