PrincipalComponent,coi,c1i,a1i,c2i,a2i
1,0.4817308787227997,0.5846431475058442,47.26506805333994,0.5111077854230435,217.97444784052547
