PrincipalComponent,coi,c1i,a1i,c2i,a2i
1,0.4602530840684523,0.655501350611517,52.35127741784781,0.4112511059281598,220.7448003817191
