PrincipalComponent,coi,c1i,a1i,c2i,a2i
1,0.1144845849446453,1.1163992984389484,26.504501799611155,0.4737538947228837,209.84919694043657
2,0.0626626084986818,0.1087900795688503,28.03141368861888,0.3269344906020494,209.32895061846017
