PrincipalComponent,coi,c1i,a1i,c2i,a2i
1,0.1527482388400695,0.8073338592682784,22.29582960670316,0.7753920216030333,250.0
2,0.0862298077507015,0.3260634204799316,31.552713740358403,0.3557839544709708,222.365405602468
