PrincipalComponent,coi,c1i,a1i,c2i,a2i
1,0.1076701820225173,1.1575031978410568,26.398974903547767,0.4562270151056965,209.8323424323284
2,0.0542436337394691,0.1021272604300523,28.0026661032632,0.2912415761707039,209.28929622022133
