PrincipalComponent,coi,c1i,a1i,c2i,a2i
1,0.0791828140580294,0.6532268570087553,24.17962670302926,0.3465530333846257,208.14224268757067
