PrincipalComponent,coi,c1i,a1i,c2i,a2i
1,0.1299628636998148,0.8009403308395486,20.444239536862497,0.7165586072521972,250.0
2,0.1008540480020124,0.4762118884287446,40.85701087089114,0.1926666027723662,220.34373256579732
