PrincipalComponent,coi,c1i,a1i,c2i,a2i
1,0.1487604561007151,0.7884955829179602,21.365323695824433,0.7868887901544673,250.0
2,0.1511861419364431,0.4377358419849692,61.556457451302414,0.1532912294469784,224.93794800776408
