PrincipalComponent,coi,c1i,a1i,c2i,a2i
1,0.1183657980840394,1.4067346183014584,25.88867951104099,0.4675191684942116,209.4798554920551
2,0.0140556401595418,0.0261837930398513,27.71454069317025,0.0304561299079077,209.0213750761637
