PrincipalComponent,coi,c1i,a1i,c2i,a2i
1,0.1188929077497563,1.0819834551616248,26.476412182310447,0.4830753353648564,209.78482082132123
2,0.0703306565167838,0.1150987394326758,27.99712192141625,0.3651668156890267,209.30776692389975
