PrincipalComponent,coi,c1i,a1i,c2i,a2i
1,0.102026678784947,1.339415684051917,26.58711220963542,0.3831848652640371,209.78410417073547
2,0.0331743002754248,0.0688829618414398,27.99863176750043,0.1264233592306612,209.3012982754885
