PrincipalComponent,coi,c1i,a1i,c2i,a2i
1,0.0959444482811001,1.2774351407694284,26.36591651879229,0.4059915696781572,209.75916688280776
2,0.0398223179546642,0.086205342750241,27.962533409091815,0.1820908700159207,209.24503551435703
