PrincipalComponent,coi,c1i,a1i,c2i,a2i
1,0.1480092246900382,0.922367109755288,25.33934304948609,0.6010268190201778,209.4191068420897
2,0.088315142818693,0.1621388634770242,27.59690980734325,0.4351067836409368,208.85100337279005
