PrincipalComponent,coi,c1i,a1i,c2i,a2i
1,0.1325865820049283,1.3923654384833315,24.804544069108264,0.6170024381702035,250.0
2,0.0037521669095403,0.0048688769056142,37.93714892229462,0.0043200856275479,220.8215689175321
