PrincipalComponent,coi,c1i,a1i,c2i,a2i
1,0.1602713917099816,0.8213812639897401,23.62132052209003,0.697991530018119,209.0328783728504
2,0.0871095156185678,0.2351351614816309,27.20089861626325,0.4242289186088551,208.24711811981624
