PrincipalComponent,coi,c1i,a1i,c2i,a2i
1,0.1303788816320019,1.0077883228222588,26.03763833318234,0.5305201544697077,209.6267090159323
2,0.0826560578703613,0.1288774781183111,27.825826605891073,0.4073716198118081,209.11951471079436
