PrincipalComponent,coi,c1i,a1i,c2i,a2i
1,0.1026583142655049,1.1858391460241169,26.41204941989172,0.4439173307939592,209.82180173521832
2,0.0509044780768282,0.0953180419427199,27.99767393029496,0.2707265699718503,209.28407096316556
