PrincipalComponent,coi,c1i,a1i,c2i,a2i
1,0.1039109038032797,1.3912292173152412,26.53073914221303,0.4025387636114559,209.73112395751505
2,0.0235117550581791,0.0516594513261846,27.96265293639496,0.0716368332914209,209.26178675923492
