PrincipalComponent,coi,c1i,a1i,c2i,a2i
1,0.1081978197314207,1.2814379623735503,26.634131836515973,0.405100164368545,209.83654311204003
2,0.043492180448846,0.0836871013030464,28.002952757206028,0.1455181544672759,209.33660130756115
