PrincipalComponent,coi,c1i,a1i,c2i,a2i
1,0.0911540070317901,0.6123604127595279,23.713809619987956,0.3901954180700288,207.99713922310767
