PrincipalComponent,coi,c1i,a1i,c2i,a2i
1,0.1198644655533616,1.067970460888232,26.667237485122413,0.4919394862620612,209.85334146966176
2,0.075202008376257,0.1134919638983037,28.014488772519385,0.3485974020493223,209.38828795637528
