PrincipalComponent,coi,c1i,a1i,c2i,a2i
1,0.1133343046035658,1.1065762082316757,26.525708290398335,0.4750761580895899,209.85436369137005
2,0.0661316329976733,0.1094550875339352,27.986498030476415,0.3125734212744382,209.3397250716679
