PrincipalComponent,coi,c1i,a1i,c2i,a2i
1,0.1101715942692926,1.329624849414187,26.495040840481057,0.4275314282122673,209.7559270914312
2,0.0327797009749698,0.0700704955669253,27.964783146104207,0.0889667783013026,209.2622004249483
