PrincipalComponent,coi,c1i,a1i,c2i,a2i
1,0.1020516476944672,1.2211570882604836,26.443450216221496,0.4269665606476247,209.80979079179912
2,0.0507409380177458,0.0991497244906011,27.958762919013065,0.2016236891614464,209.28180135204744
