PrincipalComponent,coi,c1i,a1i,c2i,a2i
1,0.1239937746531131,1.344161816527177,25.752654714618917,0.4961667387739339,209.51878098607528
2,0.022105185241726,0.0466640679978929,27.72104830566498,0.0450769801303607,209.0026962569225
