PrincipalComponent,coi,c1i,a1i,c2i,a2i
1,0.1389478977419575,1.337618790173949,24.623460386352622,0.6505553856709425,250.0
2,0.0117571803472366,0.019633189019523,37.66740074422195,0.0132129864810229,220.74187301815417
