PrincipalComponent,coi,c1i,a1i,c2i,a2i
1,0.108306094712326,1.1336975519872656,26.53002955324493,0.4632750899795695,209.88065311589
2,0.0627700519001787,0.1038968829469594,27.99597072972995,0.2916002683474678,209.34262158339635
