PrincipalComponent,coi,c1i,a1i,c2i,a2i
1,0.1323734299611424,0.9616363948747534,26.18163847612893,0.5500910753512418,209.64962685110532
2,0.0983455607899338,0.1313498999790298,27.778189652603327,0.4278953670955817,209.15624954170767
