PrincipalComponent,coi,c1i,a1i,c2i,a2i
1,0.1332864384524356,0.762545361653719,20.386291389748568,0.7548842943666478,250.0
2,0.1106675194577409,0.468695949916079,39.2739923800289,0.2061275759558476,220.15423920059123
