PrincipalComponent,coi,c1i,a1i,c2i,a2i
1,0.1590926372996027,1.2967063235650476,24.11545316921847,0.7529918216417236,249.99999999999997
2,0.0054829097818933,0.0064785433164407,37.81209374063412,0.0036937580579781,220.63595397127276
