PrincipalComponent,coi,c1i,a1i,c2i,a2i
1,0.149448728972248,0.875682605288125,25.40802515876036,0.6260966510203626,209.4314481501436
2,0.1038026356446867,0.165367257497456,27.5056144377203,0.450799359162353,208.87038403937171
