PrincipalComponent,coi,c1i,a1i,c2i,a2i
1,0.1227156081557612,1.0355596815452834,26.63583677212755,0.5012505265815452,209.80806961827423
2,0.0841842158232381,0.1179686473687183,27.967893087829463,0.386926920738999,209.34308232095387
