PrincipalComponent,coi,c1i,a1i,c2i,a2i
1,0.1630801747372021,0.7776920176800197,23.655784068408668,0.7267506404353742,209.06724496826655
2,0.1017047430034028,0.2349612480365489,27.059539448212536,0.4361192389121166,208.257783355298
