PrincipalComponent,coi,c1i,a1i,c2i,a2i
1,0.155655338089773,0.7672664790972074,22.36020780942644,0.8073712118814672,250.0
2,0.0949587476317455,0.3240138414737235,29.468136792679825,0.3730124567822468,222.9593253978808
