PrincipalComponent,coi,c1i,a1i,c2i,a2i
1,0.151681482229717,0.7489717461820184,21.371762533691484,0.8236428989096372,250.0
2,0.104517743143701,0.3843412341808462,34.00350130993447,0.2983083094534565,220.8253790875941
