PrincipalComponent,coi,c1i,a1i,c2i,a2i
1,0.1008789925429611,1.2308692372959955,26.84290229757523,0.412229100290881,209.9369933008457
2,0.0409423607214611,0.0924946095347107,28.143990495874355,0.2457232946800563,209.4144848134827
