PrincipalComponent,coi,c1i,a1i,c2i,a2i
1,0.1243782241826144,1.0765297981434478,26.521278331454734,0.4924121278219214,209.80687990323656
2,0.0686062892527855,0.1235974077200113,28.03130133552543,0.3564715771657835,209.32843262221252
