PrincipalComponent,coi,c1i,a1i,c2i,a2i
1,0.0882389137044148,1.355176042590697,26.806406999228383,0.3518050774524959,209.8456876349709
2,0.0281513806809224,0.0717320273378335,28.077130092629194,0.1463630667461253,209.37681092063332
