PrincipalComponent,coi,c1i,a1i,c2i,a2i
1,0.0961930859572693,1.470857333553528,27.01399973795001,0.3353659455010726,209.85488390161257
2,0.0138677057758459,0.0342583884310805,28.072356189748355,0.0476965958145287,209.4168080436879
