PrincipalComponent,coi,c1i,a1i,c2i,a2i
1,0.0942150755545506,1.4179725654060542,27.02641155550745,0.3236881796125474,209.87025165755185
2,0.021973244887044,0.0536266465361186,28.12481377647921,0.0954563556836058,209.43004358393097
