PrincipalComponent,coi,c1i,a1i,c2i,a2i
1,0.1130996508072101,1.152503476793356,26.93467138290064,0.4437437066420427,209.99895234330657
2,0.0560975888060169,0.1083184744190788,28.183256436597635,0.3150400194503859,209.47528690718408
