PrincipalComponent,coi,c1i,a1i,c2i,a2i
1,0.1230202423975285,0.8589601705411114,20.82342322242245,0.6673540843742265,250.0
2,0.0902480197871394,0.4875129369011061,43.83924149606804,0.1372858978174559,220.8579721033641
