PrincipalComponent,coi,c1i,a1i,c2i,a2i
1,0.1422756525052024,0.9903435315261208,25.84830499537151,0.5632585155066572,209.5883315085313
2,0.0737084830253428,0.1572372142412834,27.819269035244407,0.3848463394195549,209.05711689045089
