PrincipalComponent,coi,c1i,a1i,c2i,a2i
1,0.1081383385389539,1.1887139810933292,26.96247676815369,0.4317063268066891,210.0060072457061
2,0.0491640757676137,0.1000365478278142,28.193739458282632,0.279457684196667,209.47727666170695
