PrincipalComponent,coi,c1i,a1i,c2i,a2i
1,0.1457285762935189,0.8710404036273467,22.734332676030903,0.7322388565403016,250.0
2,0.1246615631558702,0.3476741658034546,56.81219640319671,0.2125127828297706,224.9968024749211
