PrincipalComponent,coi,c1i,a1i,c2i,a2i
1,0.0612523575026207,0.7143649664766055,25.143675088289346,0.2578790838413032,208.5035346807074
