PrincipalComponent,coi,c1i,a1i,c2i,a2i
1,0.1080183348640527,1.483833818512055,26.38442543952165,0.3930488720762053,209.66095592613829
2,0.0067896247768309,0.0113467161600028,27.77228954975529,0.0141048595038195,209.18198807215015
