PrincipalComponent,coi,c1i,a1i,c2i,a2i
1,0.154809570433654,0.8886038627371863,24.122708430350425,0.6589976103258351,209.14703317531857
2,0.0711278936948182,0.2304868907637149,27.43876678928515,0.3773354918470055,208.43842388174585
