PrincipalComponent,coi,c1i,a1i,c2i,a2i
1,0.1418573897731813,0.8499037662385976,21.813902396180698,0.7398152978708763,249.99999999999997
2,0.0837319591934547,0.391813132531329,38.312146415002665,0.2339333418746475,220.43294281688705
