PrincipalComponent,coi,c1i,a1i,c2i,a2i
1,0.0957462206903168,1.2597465256023452,26.877836261660928,0.397564848805945,209.93034294899783
2,0.0385206813433497,0.0846684662742615,28.14214710048376,0.2271022606761171,209.42144220072169
