PrincipalComponent,coi,c1i,a1i,c2i,a2i
1,0.0910464731527758,1.4620326824628307,28.096004887080618,0.3058556133126655,210.23045489138124
2,0.0148825984742559,0.0356372440247472,28.442689192046945,0.0808093931919278,209.79616735240995
