PrincipalComponent,coi,c1i,a1i,c2i,a2i
1,0.1114732062231895,1.2928840768795644,28.263878108191925,0.4138206963657801,210.4079573380383
2,0.0329025936302509,0.0678527009034148,28.603986075775424,0.1876254030964421,209.9023932846062
