PrincipalComponent,coi,c1i,a1i,c2i,a2i
1,0.0622051895351504,0.7806526552705129,28.66792550868713,0.1376550369137317,210.25890975151785
