PrincipalComponent,coi,c1i,a1i,c2i,a2i
1,0.1437822928631958,1.0977046491981892,27.232061904647185,0.5476104248279997,210.17670360111143
2,0.0579123953620509,0.1208648073246403,28.3671635935227,0.2944743672442091,209.60177283528432
