PrincipalComponent,coi,c1i,a1i,c2i,a2i
1,0.1149787043966968,1.2570676013366149,28.185664097005624,0.43091286484582,210.4072554527611
2,0.0399735455150468,0.0759938856835735,28.59757964283462,0.2196330945207766,209.88263184811336
