PrincipalComponent,coi,c1i,a1i,c2i,a2i
1,0.0967106872142355,1.521412524663081,28.30711158138985,0.2636761375268518,210.2698987666703
2,0.0097425891835865,0.0210143353515919,28.44025574116213,0.0428540297339459,209.85950056411417
