PrincipalComponent,coi,c1i,a1i,c2i,a2i
1,0.0978666535085804,1.567930780925977,28.357108236480435,0.2565085535902023,210.36213865091827
2,0.0039205241516673,0.0081926052998108,28.4706888571548,0.0117299797467528,209.89647627329583
