PrincipalComponent,coi,c1i,a1i,c2i,a2i
1,0.1036242601610212,1.336494323427507,28.180407128021816,0.3877373519291992,210.33232262226616
2,0.0265553616826142,0.0581183091839398,28.54253450679518,0.1597372042483986,209.8581298957914
