PrincipalComponent,coi,c1i,a1i,c2i,a2i
1,0.1537761101839891,1.0010999437834742,25.51472853449986,0.6308575872339659,209.6382047278775
2,0.0569256874431692,0.1865358887867173,27.988198574821393,0.3040047011704795,209.0087569737168
