PrincipalComponent,coi,c1i,a1i,c2i,a2i
1,0.146464871122701,0.9849375522812768,24.183697805967224,0.68943816791222,250.0
2,0.1010641412992629,0.3202006638957185,64.19681096406734,0.1352964115574357,224.75280577629977
