PrincipalComponent,coi,c1i,a1i,c2i,a2i
1,0.1220326483886528,0.9605775888840076,22.007618437391702,0.5930368526549195,232.4890379860949
2,0.104732003117827,0.4945273461053631,64.16303760872802,0.0,219.89464069227773
