PrincipalComponent,coi,c1i,a1i,c2i,a2i
1,0.0981202081780191,1.365218897577256,28.16642881362785,0.3703893698623838,210.3048524660909
2,0.0236553260461545,0.0511668347086723,28.52205207053369,0.1439345538668216,209.83991215679515
