PrincipalComponent,coi,c1i,a1i,c2i,a2i
1,0.1420671855554882,0.9636184606994208,23.24341290148166,0.686076352614419,250.0
2,0.1146588370547999,0.4468272798382166,76.13600471231481,0.0,226.17590037311487
