PrincipalComponent,coi,c1i,a1i,c2i,a2i
1,0.1256246944572515,1.1824459459062096,27.78329659487161,0.4822471196130047,210.31581576515865
2,0.0523690348849407,0.0895840909728939,28.498395798118622,0.2600520833357811,209.76302708623945
