PrincipalComponent,coi,c1i,a1i,c2i,a2i
1,0.0450256022058222,0.7946853242295508,28.673226168533752,0.1243839163266334,210.24729855616005
