PrincipalComponent,coi,c1i,a1i,c2i,a2i
1,0.1148282651012917,1.333038189826517,28.88292915926463,0.4631717550588843,210.41557287749785
2,0.0215363153701658,0.040272019830196,28.711483254011373,0.1149671380960618,210.04005553390687
