PrincipalComponent,coi,c1i,a1i,c2i,a2i
1,0.1510491466707412,1.1487074811977258,28.192239253087127,0.5914252798748928,210.5320099813726
2,0.0460038316068056,0.0815586355868855,28.65168319876728,0.2245940580707978,209.92489596447325
