PrincipalComponent,coi,c1i,a1i,c2i,a2i
1,0.1617876933333067,1.0633779655287825,26.724828414338987,0.6544370359612512,210.132797372286
2,0.0473367375352519,0.1334026952451251,28.288208392268285,0.2539721118267863,209.4518539629564
