PrincipalComponent,coi,c1i,a1i,c2i,a2i
1,0.1066053454426807,1.3761189756227028,28.80458487398324,0.4317868755123569,210.38600371389444
2,0.0157886188677715,0.03117913498438,28.66007956842775,0.0919691416385563,210.00896303124537
