PrincipalComponent,coi,c1i,a1i,c2i,a2i
1,0.153115952600773,1.055970901928532,25.533758697972647,0.6940929359182796,250.0
2,0.0730996398802345,0.2298667696091032,55.56254133545116,0.162956377357231,223.58940073283657
