PrincipalComponent,coi,c1i,a1i,c2i,a2i
1,0.1369361392222842,1.2270751185555353,28.910015172363913,0.5289450281267738,210.48304000038743
2,0.0392282577949769,0.0566348708539183,28.767590636407117,0.183340451642629,210.0787104966738
