PrincipalComponent,coi,c1i,a1i,c2i,a2i
1,0.129153191404098,1.0454509711306592,23.456941341204953,0.5711678352976981,241.17687686747297
2,0.0919694562045302,0.4276140349000102,72.4058491916027,0.0,223.19666467015983
