PrincipalComponent,coi,c1i,a1i,c2i,a2i
1,0.0984376795074417,1.5510039807309302,29.04999038627862,0.2681459645144207,210.65564633869872
2,0.0033589276657877,0.0039026066467287,28.765565959448537,0.010907550999647,210.1729988545333
