PrincipalComponent,coi,c1i,a1i,c2i,a2i
1,0.1003482820031689,1.4038670780714873,28.7941874997498,0.4107059766099718,210.35838932748467
2,0.014244266362982,0.0247263871843817,28.63481171873788,0.079751698995757,209.99678164370368
