PrincipalComponent,coi,c1i,a1i,c2i,a2i
1,0.1484983604549696,1.039043534299164,24.61530114757756,0.67757802065763,250.0
2,0.0840765423316983,0.3307943545659452,68.05485416975287,0.0688053636594366,224.85065927142108
