PrincipalComponent,coi,c1i,a1i,c2i,a2i
1,0.0919338170834362,1.4977508471628462,28.724713685703676,0.3274570336484185,210.28092146774085
2,0.0073280170992983,0.0120763610411053,28.513145109998213,0.0346612282679722,209.95154908316547
