PrincipalComponent,coi,c1i,a1i,c2i,a2i
1,0.1202442229761426,1.298829953373129,28.904552839679617,0.4827496020865801,210.44056654569627
2,0.0277716223909219,0.0467667860730334,28.73494194891429,0.1431847990260499,210.0607818030186
