PrincipalComponent,coi,c1i,a1i,c2i,a2i
1,0.1257350617393177,1.319165657832073,28.829645540663304,0.5538250139303464,210.32063744256448
2,0.014951019788998,0.0207259204200308,28.64423312839403,0.0627009770606601,209.98959062833632
