PrincipalComponent,coi,c1i,a1i,c2i,a2i
1,0.1014929389604524,1.4740892843152944,28.719222541045703,0.391919175155819,210.43643521905048
2,0.0030502997778099,0.0021414978523815,28.652148223227528,0.0077466960836099,210.01233464282723
