PrincipalComponent,coi,c1i,a1i,c2i,a2i
1,0.1483823720169406,1.2191788637144063,28.87001943107943,0.6260437196759482,210.41870113352223
2,0.0325147874578338,0.0309054727179002,28.72820574197463,0.1243683874183943,210.0348311720459
