PrincipalComponent,coi,c1i,a1i,c2i,a2i
1,0.1168115593986122,1.359577453823766,28.777834108012534,0.5171738209956522,210.30372732659595
2,0.0106307738926382,0.013944633283544,28.5925918864312,0.0445086948824335,209.96778714191697
