PrincipalComponent,coi,c1i,a1i,c2i,a2i
1,0.1679399247835931,1.0399220842183323,25.549993292681503,0.7421829374744323,209.85966384735377
2,0.0389013634060202,0.1422801048527855,27.967116162222982,0.2152033926176534,209.07341312074956
