PrincipalComponent,coi,c1i,a1i,c2i,a2i
1,0.1712858135111178,1.1466495357476263,28.904861626979983,0.6738884058195568,210.45597266246597
2,0.0401840227458369,0.0485944516509613,28.766377981764087,0.1694190080387117,210.06210064934865
