PrincipalComponent,coi,c1i,a1i,c2i,a2i
1,0.1393300825468082,1.086385268691524,24.302373109703726,0.6002181661844107,250.0
2,0.0753616019046096,0.3442141188244684,70.41812698209333,0.0431428096780265,224.95975695302332
