PrincipalComponent,coi,c1i,a1i,c2i,a2i
1,0.173449281877506,1.0754664140862038,27.09949368576376,0.7274296747209489,210.27490934091907
2,0.0459902152937332,0.0865067506718999,28.352904285012983,0.2136538220105486,209.5732500510858
