PrincipalComponent,coi,c1i,a1i,c2i,a2i
1,0.1318793507321234,1.287287671482994,28.842473515432143,0.5779778929097926,210.36035741356815
2,0.0204970111525864,0.0247749601048473,28.676588023843777,0.0864328128171203,210.00666931440375
