PrincipalComponent,coi,c1i,a1i,c2i,a2i
1,0.0503868755943232,0.7610897204110393,28.68635765708844,0.1616857919021807,210.24522355094115
