PrincipalComponent,coi,c1i,a1i,c2i,a2i
1,0.1105116430792387,1.3849715162509528,28.736104213719155,0.4942102339884895,210.27662477976853
2,0.0084854457613579,0.0100627713526193,28.538176435714416,0.0347208066616722,209.94240873000535
