PrincipalComponent,coi,c1i,a1i,c2i,a2i
1,0.1599148363094812,1.0688042835525111,25.37574348224565,0.7194324361330986,250.0
2,0.0660130278244719,0.2201750914850769,54.87285684566269,0.1407311967398268,223.24148748529177
