PrincipalComponent,coi,c1i,a1i,c2i,a2i
1,0.1535156063888106,1.0874814240260946,24.80198642692518,0.6684794508819516,250.0
2,0.0551788344842723,0.2516759685895643,58.73959211160659,0.1245175704810035,223.4343847952435
