PrincipalComponent,coi,c1i,a1i,c2i,a2i
1,0.1343393925127859,1.283089553573222,28.759824552822018,0.6638975664279996,210.3263276183408
2,0.008223203457481,0.0114770007776632,28.57918702852644,0.0304413365407176,209.95713663216569
