PrincipalComponent,coi,c1i,a1i,c2i,a2i
1,0.1605892683111527,1.186556956736446,28.863935521259133,0.7450789798847794,210.3366916772577
2,0.0231289590295718,0.0179866495201859,28.700211614940397,0.0820978414941053,210.00030833518733
