PrincipalComponent,coi,c1i,a1i,c2i,a2i
1,0.1414168030330049,1.2522879517858136,28.810387729422487,0.6924669148989906,210.2884990987169
2,0.013316493688696,0.0144182130584765,28.632824602277616,0.0490694332473104,209.96492239444927
