PrincipalComponent,coi,c1i,a1i,c2i,a2i
1,0.1823169855016346,1.027050942910577,25.902706793842768,0.8376209570419267,210.02355823790916
2,0.0331293112006305,0.1079873471861397,28.022731173903388,0.1914235318982604,209.199718031758
