PrincipalComponent,coi,c1i,a1i,c2i,a2i
1,0.1181437290541752,1.3459828816137966,28.731877351666043,0.5945337235165161,210.43782069281392
2,0.0036821529503954,0.0037524941839766,28.693012261376648,0.0111092968685088,210.0076738547128
