PrincipalComponent,coi,c1i,a1i,c2i,a2i
1,0.1822884898407953,1.118168669279568,28.862908830201377,0.7940816742896428,210.37875853292212
2,0.0317092508229988,0.0314281855798085,28.741765616131755,0.1264975812289557,210.0169959536439
