PrincipalComponent,coi,c1i,a1i,c2i,a2i
1,0.1877339587966621,1.0550463423059129,27.336743747077264,0.8354937693775606,210.42311459978364
2,0.0382680106483267,0.0606910412899049,28.420669174746703,0.1787410880412661,209.67104192833187
