PrincipalComponent,coi,c1i,a1i,c2i,a2i
1,0.1784897389564559,1.022121367934402,25.240727935458228,0.7945438177201766,209.8803903873017
2,0.0294290546909424,0.1495241366036195,27.95932575589856,0.2017190588972029,208.99949643682933
