PrincipalComponent,coi,c1i,a1i,c2i,a2i
1,0.1259794490804124,1.322009082840692,28.845880169436484,0.6198024203981484,210.45995528470183
2,0.004985879205121,0.0063936536217812,28.603932379622588,0.0173855245357868,210.0234162911872
