PrincipalComponent,coi,c1i,a1i,c2i,a2i
1,0.0535717829561296,0.7155436827349694,28.718724180648152,0.2380367429524069,210.24301066339677
