PrincipalComponent,coi,c1i,a1i,c2i,a2i
1,0.203227951292306,0.985584261411888,25.548262688286176,0.9377459057793068,210.0817686260091
2,0.0255060133018302,0.1026289432317731,28.031246968860764,0.1828553998721751,209.13399735630665
