PrincipalComponent,coi,c1i,a1i,c2i,a2i
1,0.1818053529274134,1.1190629809209889,28.754736106449784,0.9169973691177328,210.27004009890976
2,0.0146420669113151,0.0044438272395865,28.619832477925865,0.0415524989290695,209.9333282676877
