PrincipalComponent,coi,c1i,a1i,c2i,a2i
1,0.2126742524229419,1.0050432517262806,27.541433995872428,1.0006662013797138,210.65184422894276
2,0.0311038093920767,0.0290252565265939,28.535846647951978,0.1398273427492922,209.7820172171619
