PrincipalComponent,coi,c1i,a1i,c2i,a2i
1,0.143861239065354,1.2468631515073825,28.809948486640184,0.7661024453220705,210.4497319958455
2,0.0012846126300853,5.421010862427522e-20,28.736647366502684,0.0013972405442035,210.01857340143624
