PrincipalComponent,coi,c1i,a1i,c2i,a2i
1,0.0683811496725745,0.634119702627068,28.774692291098795,0.3672884637383922,210.24736108910895
