PrincipalComponent,coi,c1i,a1i,c2i,a2i
1,0.2071922405276135,0.9854041435494508,26.15382228630201,0.990973257865487,210.19802029602332
2,0.0281485253656148,0.0665045884953006,28.122210385753075,0.1632168741091219,209.30978374439792
