PrincipalComponent,coi,c1i,a1i,c2i,a2i
1,0.164569947236995,1.21128856885034,29.631780774439843,0.8042173528210926,211.10228119738537
2,0.0033725287781659,0.0020101174614905,29.098156111455115,0.0065705720856053,210.42468986684025
