PrincipalComponent,coi,c1i,a1i,c2i,a2i
1,0.2060452069097324,1.0574719982524672,28.872467409566593,0.9679941926081878,210.3435597961285
2,0.0223680112176731,0.0107674199611238,28.73298059262111,0.0822671461078475,209.99907901327583
