PrincipalComponent,coi,c1i,a1i,c2i,a2i
1,0.1785717860608954,1.0639051322286586,25.322492347616336,0.7936020022249343,250.0
2,0.0366541988977225,0.1788197597809765,50.41280582289751,0.1668160219195606,222.32361648299604
