PrincipalComponent,coi,c1i,a1i,c2i,a2i
1,0.1723824695472033,1.181694046395855,29.60796619475574,0.8431046268184956,211.0486572876777
2,0.0065977858008759,0.0036717746675949,28.9854836170009,0.0165004036544472,210.3629347427945
