PrincipalComponent,coi,c1i,a1i,c2i,a2i
1,0.2113168157438602,1.0293329634523969,26.711175566758545,0.9832884488579304,250.0
2,0.033611846793376,0.0989664684287659,41.27971240280414,0.1584920100705528,221.94691671416527
