PrincipalComponent,coi,c1i,a1i,c2i,a2i
1,0.1926030518974062,1.099873493557021,28.76685176403737,0.9601754868821746,210.3082444043787
2,0.0119104597538633,0.0021569350801252,28.5879827456909,0.0316695133574515,209.93686273158
