PrincipalComponent,coi,c1i,a1i,c2i,a2i
1,0.1756038463761431,1.1910923403076434,29.805248322865268,0.8390837074663196,211.14974233401145
2,0.0020598281412385,0.000686243091978,29.151101056674808,0.0029054013470358,210.47544821926843
