PrincipalComponent,coi,c1i,a1i,c2i,a2i
1,0.18880312121186,1.0572125091456184,25.4773451366954,0.8280411265685061,250.0
2,0.0329060773651476,0.1640580937126846,49.20044548945637,0.1698618274001619,222.0883766376952
