PrincipalComponent,coi,c1i,a1i,c2i,a2i
1,0.2158934884889066,1.0398294665433951,28.8107137397983,1.0140403940916651,210.30136177100928
2,0.0195487699198983,0.0071123143367753,28.70161005093886,0.070455260006693,209.96759007881357
