PrincipalComponent,coi,c1i,a1i,c2i,a2i
1,0.0762434841826352,0.6127552478684823,28.789395739384492,0.4005895790566185,210.25238030445917
