PrincipalComponent,coi,c1i,a1i,c2i,a2i
1,0.2243384924561435,0.9899683901393426,27.62580149383027,1.0453977453629943,210.7469628414139
2,0.0284864567298351,0.0225369098704149,28.58770329514505,0.1273795831072146,209.82817851678973
