PrincipalComponent,coi,c1i,a1i,c2i,a2i
1,0.2177024335108429,0.9730196668864008,26.218899612740415,1.0337449555784433,210.24877850122348
2,0.0265728997973235,0.0573876524768254,28.147958149391368,0.1526388828415526,209.33675602301057
