PrincipalComponent,coi,c1i,a1i,c2i,a2i
1,0.2075489315938874,1.0424081986732237,25.834730186801146,0.8885744890426865,250.0
2,0.0280298652964836,0.1424558498506678,46.78093789091341,0.1711069322051668,221.87304416184907
