PrincipalComponent,coi,c1i,a1i,c2i,a2i
1,0.2105520179625068,1.068040740855427,28.88954017475821,1.0280495747786385,210.4232092633116
2,0.0077005276898021,0.0006391726358697,28.714401212587497,0.0179095215932607,210.0006575606014
