PrincipalComponent,coi,c1i,a1i,c2i,a2i
1,0.2302575376320886,1.0127156307028555,27.05598566945958,1.0507701144892203,250.0
2,0.029241024404351,0.0839492757131633,40.48725518028516,0.1461456765517449,221.83115290028724
