PrincipalComponent,coi,c1i,a1i,c2i,a2i
1,0.2362673760309478,0.9494896136555236,26.378597337637963,1.1062722913894658,210.39411740013767
2,0.0233789656849649,0.0467455010366464,28.236247780660584,0.133204397316859,209.41174618865335
