PrincipalComponent,coi,c1i,a1i,c2i,a2i
1,0.0888944791735867,0.5791857495261199,28.81571934975288,0.4561242395828319,210.2615186662118
