PrincipalComponent,coi,c1i,a1i,c2i,a2i
1,0.2336094425544359,1.009446536817645,28.850500688008857,1.0884443955891547,210.31415542878412
2,0.0149244903435383,0.0036926120145717,28.6888215691019,0.0513633160914567,209.9733070703351
