PrincipalComponent,coi,c1i,a1i,c2i,a2i
1,0.2006336293611867,1.130549557356016,29.976556512895375,0.9411756161581794,211.2815538979816
2,0.0022542432966106,0.0002934268769018,29.240608166905584,0.0028577003546453,210.55771242582708
