PrincipalComponent,coi,c1i,a1i,c2i,a2i
1,0.2448380467973888,1.0288588096111784,29.48125937134577,1.116087531971114,250.0
2,0.0261766005013074,0.0155913189671614,38.784312947090505,0.1053503308343955,222.36254094501535
