PrincipalComponent,coi,c1i,a1i,c2i,a2i
1,0.2596172384661721,1.0104709779143366,29.415377598900218,1.185840540771884,250.0
2,0.0204737650598739,0.0104950990304855,38.90579521700856,0.085889265882662,222.12098978979097
