PrincipalComponent,coi,c1i,a1i,c2i,a2i
1,0.249463988511656,0.9837806985795332,28.8317293490068,1.152551434867315,210.3509269115492
2,0.0100599640348522,0.0021283668855752,28.634116237889117,0.0353547803744417,209.97034991529412
