PrincipalComponent,coi,c1i,a1i,c2i,a2i
1,0.2488320103807265,0.9983449103319944,27.74476515310252,1.1756970812107186,250.0
2,0.0237583270528777,0.0390076248998319,38.431331649074565,0.1113529186187698,221.7261986133121
