PrincipalComponent,coi,c1i,a1i,c2i,a2i
1,0.2444206192793439,1.0010933494871594,27.100677224089537,1.1140416748168331,250.0
2,0.0247009511101396,0.071290987117821,39.87541432214129,0.1330730999991869,221.6634855256226
