PrincipalComponent,coi,c1i,a1i,c2i,a2i
1,0.2214170672666089,1.033456911878872,25.919207981843517,0.945991899908152,250.0
2,0.0233454352134698,0.1234277401112634,44.71084525319645,0.1689864838694235,221.6007818411861
