PrincipalComponent,coi,c1i,a1i,c2i,a2i
1,0.1005879939677928,0.5512762175075099,28.835253401233945,0.5040863287574534,210.26999105664152
