PrincipalComponent,coi,c1i,a1i,c2i,a2i
1,0.2257169058257383,1.0406528363585916,28.863757473590276,1.0859486908761846,210.47951170672445
2,0.004077968088277,2.1684043449710093e-19,28.803304033037033,0.0084175294598895,210.04083608445347
