PrincipalComponent,coi,c1i,a1i,c2i,a2i
1,0.2753497786669285,0.9549098646710537,27.09445267417609,1.3083570657807937,249.99999999999997
2,0.0149975158432457,0.0308259034459939,38.595440891763175,0.0743634468494431,221.27785496505948
