PrincipalComponent,coi,c1i,a1i,c2i,a2i
1,0.2717596374096506,0.9607482952298046,26.572603514620432,1.243470676343604,250.0
2,0.0165686379787139,0.0586585188455225,39.484849587529105,0.0990736194796148,221.25528491859583
