PrincipalComponent,coi,c1i,a1i,c2i,a2i
1,0.2729271461392299,1.0009638235164864,29.699119634245697,1.269753368127192,250.0
2,0.0041883233299019,0.0009913651519678,39.18697222808824,0.0125050441347411,221.84736552493644
