PrincipalComponent,coi,c1i,a1i,c2i,a2i
1,0.1289727807313102,0.4892212346190814,28.86813890686878,0.5903393224531014,210.28872191793997
