PrincipalComponent,coi,c1i,a1i,c2i,a2i
1,0.2495356857041968,0.9975978020591232,25.554324506717915,1.068959041247414,250.0
2,0.0141664348487934,0.1043611677004694,42.63300541855084,0.1437889158665634,221.18648411768092
