PrincipalComponent,coi,c1i,a1i,c2i,a2i
1,0.2856322344538879,0.9601348263177716,28.667597246117495,1.3196313596406246,250.0
2,0.0115599634770114,0.0085094135242737,38.81773298911695,0.0496497192617658,221.6103883622452
