PrincipalComponent,coi,c1i,a1i,c2i,a2i
1,0.1594450380703738,0.4342382056418628,28.902754691407026,0.6835178542104796,210.3110944152324
