PrincipalComponent,coi,c1i,a1i,c2i,a2i
1,0.278253680958879,0.9754351988068348,25.42367684913572,1.1977707012176768,250.0
2,0.0096089178533319,0.0777730045673445,40.596029701537496,0.117125716467549,220.7602678396355
