PrincipalComponent,coi,c1i,a1i,c2i,a2i
1,0.302093633962944,0.9319022347655664,26.354741567967412,1.3795448967875037,250.0
2,0.0109759610448474,0.0405327760424613,38.84879663522852,0.0626535055542001,220.98255438140148
