PrincipalComponent,coi,c1i,a1i,c2i,a2i
1,0.304421384954943,0.9212764045442164,26.773521273485756,1.4441688132967891,249.99999999999997
2,0.0098380419310685,0.0185097669519222,38.43116324647104,0.0379070381299575,221.0423808774914
