PrincipalComponent,coi,c1i,a1i,c2i,a2i
1,0.3146122899182444,0.9192541212668356,28.25896832057906,1.4528678586704549,250.0
2,0.0058046966766088,0.0034863069921188,38.82657451004758,0.016482919860621,221.4180860078125
