PrincipalComponent,coi,c1i,a1i,c2i,a2i
1,0.327644719575527,0.9060734685709936,25.719136057474735,1.5626345945280748,250.0
2,0.0026624349955756,0.0065610223940666,38.26620070967245,0.0075275442574537,220.77255463624564
