PrincipalComponent,coi,c1i,a1i,c2i,a2i
1,0.1906586730073775,0.3963834134970487,28.920885703065824,0.7572292422430759,210.33433259340228
