PrincipalComponent,coi,c1i,a1i,c2i,a2i
1,0.3264103201080969,0.9243279691364608,25.471523695016472,1.503573551906761,250.0
2,0.0027874213727893,0.0217409533180767,38.212469897013385,0.0256032011029311,220.6807823479285
