PrincipalComponent,coi,c1i,a1i,c2i,a2i
1,0.3046504972521004,0.97652222147755,24.78097727615601,1.3247829575347034,250.0
2,0.0006281710225016,0.0477269440179233,38.97145420689946,0.0791498142816246,220.486202952061
