PrincipalComponent,coi,c1i,a1i,c2i,a2i
1,0.3030026241971415,1.0177582406723102,24.28378299119281,1.368243827318869,250.0
2,0.0007987097551005,0.0223868896447715,37.97451418428376,0.0466095263582176,220.3879242218407
