PrincipalComponent,coi,c1i,a1i,c2i,a2i
1,0.3235300069253439,0.95858955509926,24.66455173939717,1.5328965198529372,250.0
2,0.0016156861786176,0.0050736946938749,37.97931820795384,0.0076851621706126,220.50591187935507
