PrincipalComponent,coi,c1i,a1i,c2i,a2i
1,0.1643419812322576,0.4232633173370042,23.01723977971866,0.7822459093659299,209.39261931878664
