PrincipalComponent,coi,c1i,a1i,c2i,a2i
1,0.1670345985582812,0.4557048422091064,23.41870521976559,0.7419237012466128,209.44238396285587
