PrincipalComponent,coi,c1i,a1i,c2i,a2i
1,0.3096358635395753,1.0600928503619376,24.72291600780174,1.3527168491309869,250.0
2,0.0011786248129853,0.0070065488750207,37.90447064676756,0.0215991533600639,220.5249216394028
