PrincipalComponent,coi,c1i,a1i,c2i,a2i
1,0.1521200282140463,0.5359710286314648,24.115658213010807,0.6141495123944469,209.21202586160496
