PrincipalComponent,coi,c1i,a1i,c2i,a2i
1,0.0664165349845396,1.4782734368052244,27.59393210652481,0.4320309889507828,210.13556472408024
2,0.0198516325747993,0.0770034633432288,28.26360892797684,2.53287702146808e-17,209.63140115707768
