PrincipalComponent,coi,c1i,a1i,c2i,a2i
1,0.0734533189407555,1.4149384040747646,27.488987246197635,0.5099270245940604,210.140483784495
2,0.0272105087908429,0.0827973522094766,28.210862418716612,0.0,209.5964022365453
