PrincipalComponent,coi,c1i,a1i,c2i,a2i
1,0.093939818168063,1.3143986341163094,27.2446179497231,0.6252417247800686,210.106827096832
2,0.0365823550920478,0.0926783350449659,28.071617893446348,0.0,209.50559083822827
