PrincipalComponent,coi,c1i,a1i,c2i,a2i
1,0.1132244074245379,1.22959168048345,27.09742764958256,0.7264516570064216,210.14617803885056
2,0.0423851973437371,0.1026928651714896,27.947637050999425,0.0,209.4564986919707
