PrincipalComponent,coi,c1i,a1i,c2i,a2i
1,0.1298266472469231,1.1919960776262273,27.252196956648653,0.8254219292630761,249.99999999999997
2,0.0005317431512464,0.1588948675866192,16.949368751193717,0.0,216.9626614421006
