PrincipalComponent,coi,c1i,a1i,c2i,a2i
1,0.1744525874824063,1.0465112241585135,26.593126200092364,0.9963581987961196,250.0
2,0.0,0.1776888312952089,17.068970720187966,0.0,216.8320027674232
