PrincipalComponent,coi,c1i,a1i,c2i,a2i
1,0.1827710647268128,1.0225933463809316,26.409654632508396,1.0266151078416628,250.0
2,4.319111451019565e-18,0.179590062762087,16.973021772075,2.221125817022179e-16,216.77234776221255
