PrincipalComponent,coi,c1i,a1i,c2i,a2i
1,0.1849838229365338,1.0865989698499476,25.536286475122903,0.9640815850146272,250.0
2,0.0009535274795293,0.1635779978688198,16.01412973846467,3.6575961230370584e-17,216.43822132735824
