PrincipalComponent,coi,c1i,a1i,c2i,a2i
1,0.1559221081274587,1.1163823657905494,24.418483184745572,0.8812890535008591,249.99999999999997
2,0.0011562648088253,0.1537502552437779,13.308660263773657,0.0,215.70693590253344
