PrincipalComponent,coi,c1i,a1i,c2i,a2i
1,0.1536732649095002,1.1603752011173587,25.268063580319748,0.7946592735908152,249.99999999999991
2,0.0053722337224759,0.1441623339982947,14.322658201707752,0.0,216.1045814435637
