PrincipalComponent,coi,c1i,a1i,c2i,a2i
1,0.1800938564155348,1.1269335653392525,24.901232704724972,0.7781700308307785,249.99999999999991
2,0.0046477627822273,0.1468707330461128,15.222041054611037,0.0,216.2355864681811
