PrincipalComponent,coi,c1i,a1i,c2i,a2i
1,0.0664905214594565,1.3278039033725202,29.473678081446376,0.2535162258305099,210.85045238031248
2,0.0716708122187976,0.1265063065661078,28.94292779467581,0.2107102078393668,210.34648390002292
