PrincipalComponent,coi,c1i,a1i,c2i,a2i
1,0.0695172647355527,1.2537772296600849,29.4535929934807,0.3189713503750077,210.8436274636551
2,0.0747279183353584,0.1651030827940119,28.93105000383485,0.2023319692800692,210.33588211643064
