PrincipalComponent,coi,c1i,a1i,c2i,a2i
1,0.079112193885872,1.1477543701369153,28.850903279883426,0.4192718200042006,210.39450166031128
2,0.0770516528821976,0.2112067989510158,28.707587128264265,0.1963945022038778,210.0371605577723
