PrincipalComponent,coi,c1i,a1i,c2i,a2i
1,0.0958194612406575,1.0566777278566049,28.818774752082145,0.5048909001724516,210.33342097964817
2,0.0756057505469773,0.2541701367317385,28.689228183740713,0.186320840653005,209.9730525709816
