PrincipalComponent,coi,c1i,a1i,c2i,a2i
1,0.1154650848941757,0.97072705411277,28.778519160306832,0.5720429768813117,210.2799781804693
2,0.073287663781892,0.2917221407423997,28.672015029214535,0.1858556756136102,209.91348893700143
