PrincipalComponent,coi,c1i,a1i,c2i,a2i
1,0.145490294450133,0.8117328750428373,26.933244767501296,0.7199718524126792,210.5492467687927
2,0.0685601638098869,0.3478547765217071,28.89724036550208,0.1854746837959064,209.62206106051772
