PrincipalComponent,coi,c1i,a1i,c2i,a2i
1,0.151780498169691,0.7861064932830439,26.705656386985044,0.7464303827321224,210.48615539803103
2,0.0719581305435552,0.3484924980189827,28.79163733621265,0.1889494910337834,209.5349107845121
