PrincipalComponent,coi,c1i,a1i,c2i,a2i
1,0.1677199384816053,0.7440360494277812,26.40630010149942,0.8029718509162214,225.22924765671107
2,0.1118800624219639,0.35956711392064,40.48314369056838,0.1487908536088397,215.97706228858385
