PrincipalComponent,coi,c1i,a1i,c2i,a2i
1,0.1476373284118922,0.8649808381346599,26.12064074277389,0.7012753538947523,250.0
2,0.0913244111634479,0.3506278939050289,31.70974667775741,0.1753647956039177,222.03860566636047
