PrincipalComponent,coi,c1i,a1i,c2i,a2i
1,0.1405991974924021,0.8505812238479059,25.21508189235039,0.6631252881408845,222.1927778065374
2,0.111457980713124,0.3788124779317427,40.8385039540354,0.0980201426755897,214.793072282219
