PrincipalComponent,coi,c1i,a1i,c2i,a2i
1,0.12646480326606,0.8631105993014959,23.92620935562747,0.6657052367984928,250.0
2,0.096221370231155,0.3799308683767552,36.91162093736734,0.1035110936230163,220.60937892251565
