PrincipalComponent,coi,c1i,a1i,c2i,a2i
1,0.1222673526271317,0.8777636689081115,24.415467861686405,0.5957333196697749,225.66554717896383
2,0.1233846888669978,0.4239415232599934,49.74705796990525,7.10267447897858e-19,216.8446818774247
