PrincipalComponent,coi,c1i,a1i,c2i,a2i
1,0.1381545604767277,0.8647973606134735,24.01427015366675,0.550770693417404,228.38568512987953
2,0.1341436227919301,0.430511554995681,54.9638073479184,2.7883124015750596e-19,218.24143368332352
