PrincipalComponent,coi,c1i,a1i,c2i,a2i
1,0.8201009302024804,0.7400730594087125,44.32372259857699,0.7656468594714717,225.58200177018347
2,0.2079962229930641,0.6077107602977194,76.36326175451782,0.0,223.5402083423205
