PrincipalComponent,coi,c1i,a1i,c2i,a2i
1,0.8395658113588593,0.6738898268736797,41.08139567649853,0.912921218267148,222.3764128921764
2,0.1978439884327502,0.5394697156030517,73.28697803882055,1.5274922151126293e-17,221.5085765160921
