PrincipalComponent,coi,c1i,a1i,c2i,a2i
1,0.7876171840411623,0.7730963904954582,46.603436326367074,0.6170617097989526,229.37204267059383
2,0.2186136459624226,0.669498777399579,82.82409203143817,6.72702036261285e-19,225.66637163761467
