PrincipalComponent,coi,c1i,a1i,c2i,a2i
1,0.8560549968146388,0.6327192478412017,38.92829552719455,1.0427427160519238,220.36816324502252
2,0.1840278243205836,0.4179181989842158,73.23713680033352,2.4562516936794723e-18,220.0826186139652
