PrincipalComponent,coi,c1i,a1i,c2i,a2i
1,0.8679930611170629,0.6451075078513087,39.274730202116146,1.0863980232714456,214.40969609727975
2,0.1109207774987205,0.220694839200315,34.44370983792629,0.0888582333645528,214.1752668876611
