PrincipalComponent,coi,c1i,a1i,c2i,a2i
1,0.8884150153867957,0.6588797471080694,38.161245764798565,1.164057591175732,214.33393735640905
2,0.0729477563159778,0.1601933556594872,32.97984648882605,0.0197734761320054,213.7753749358101
