PrincipalComponent,coi,c1i,a1i,c2i,a2i
1,0.8731750150505928,0.6506699874668936,38.813722402799954,1.1196764915382151,214.4271965099177
2,0.0942511124106592,0.1909062119056747,33.753519857874224,0.0546132021932775,214.02917434697952
