PrincipalComponent,coi,c1i,a1i,c2i,a2i
1,0.8638674065116053,0.8884573578764203,37.055390999413135,1.2564704996930045,250.0
2,0.0242729376057545,0.0322421909486005,40.28325156809938,0.0,223.5133238065208
