PrincipalComponent,coi,c1i,a1i,c2i,a2i
1,0.8544394813492698,0.6406514863869854,38.812493850888174,1.050006667125967,221.28280328259856
2,0.1747784106731678,0.3866129233059257,70.92476236946361,3.83390051415779e-18,220.2369837620076
