PrincipalComponent,coi,c1i,a1i,c2i,a2i
1,0.7622339809804648,0.7764858367663338,46.85259357666965,0.5442640165611301,230.52533689493137
2,0.2296377717046309,0.6247649283459503,82.83440891074216,0.0829976513716243,225.57293553885776
