PrincipalComponent,coi,c1i,a1i,c2i,a2i
1,0.7981612131346731,0.7605413210678001,45.77059162700171,0.6830769304371442,227.09485937917225
2,0.2097610188706541,0.6485614064033972,78.72727580362191,0.0,224.5732313392866
