PrincipalComponent,coi,c1i,a1i,c2i,a2i
1,0.8980500112875329,0.6870937472303535,37.02765367573604,1.194614104524572,214.15021641548637
2,0.0499839880239722,0.1147348398305869,31.777683878711223,0.0,213.29780982117137
