PrincipalComponent,coi,c1i,a1i,c2i,a2i
1,0.8552130800688779,0.9558762413324704,37.83701533983496,1.2757746878022322,249.99999999999997
2,0.0169743176468836,0.0132438553036551,39.95750043010356,0.010782240080071,223.5515158074755
