PrincipalComponent,coi,c1i,a1i,c2i,a2i
1,0.8658812906077198,0.6418136452050838,40.534603291352326,1.0394666754448387,214.36740161238188
2,0.1331362517276711,0.2678082127558856,35.94495682390984,0.1410050765983458,214.49648816005384
