PrincipalComponent,coi,c1i,a1i,c2i,a2i
1,0.8616799729967307,0.6493193190767962,40.3832359855615,1.0434745658654074,214.3551670572581
2,0.1299739008216574,0.2549787724855681,35.53161457678798,0.1322671597701714,214.44811639046665
