PrincipalComponent,coi,c1i,a1i,c2i,a2i
1,0.8831686250413046,0.7547145983155554,35.56942499909948,1.242919811381265,213.98832037500503
2,0.0289767552268744,0.0581384721555885,30.958172423533355,5.216526013301531e-20,212.79954359116712
