PrincipalComponent,coi,c1i,a1i,c2i,a2i
1,0.8415931778168192,0.6421561353256499,39.25130237797365,1.00709976625758,221.54855383258376
2,0.190135731496214,0.4745542201033028,73.93920420301967,0.0,220.6017347198583
