PrincipalComponent,coi,c1i,a1i,c2i,a2i
1,0.744635579184128,0.6671606174494363,41.27224551954093,0.7490556429398959,229.61815930027217
2,0.2610819304913415,0.7999972376375076,80.58093890903011,0.0,224.09989655949136
