PrincipalComponent,coi,c1i,a1i,c2i,a2i
1,0.8027749756566499,0.5655034615787365,37.20477240697663,1.091572930861664,227.0706580210532
2,0.2423574869520814,0.6066055216168231,73.91318353058702,1.1834550533656173e-17,221.6233579931488
