PrincipalComponent,coi,c1i,a1i,c2i,a2i
1,0.819151725858025,0.5818323507691648,37.87813442846826,1.1410604418624628,228.87483809996667
2,0.221338941140993,0.4692746487608521,68.43850118918755,1.0536006217187644e-17,222.2235745140561
