PrincipalComponent,coi,c1i,a1i,c2i,a2i
1,0.7234278402581206,0.6754375388312088,42.13869072747509,0.6802876359332141,232.32086170556497
2,0.2729795742809122,0.8125359881277892,85.79521027447444,0.0,225.5655542258942
