PrincipalComponent,coi,c1i,a1i,c2i,a2i
1,0.8190489325691563,0.5602284260032012,37.6737989341243,1.1254266578935637,227.247381441398
2,0.2378512788728116,0.5459746550891815,73.02653053432232,2.93750781427229e-17,221.7836505391164
