PrincipalComponent,coi,c1i,a1i,c2i,a2i
1,0.7516860590448852,0.6560047123829834,40.14819132592777,0.8117400301917906,227.9210835537837
2,0.2549520478950675,0.7819071635269907,77.59113876894084,0.0,223.0883944262285
