PrincipalComponent,coi,c1i,a1i,c2i,a2i
1,0.84744726989777,0.8393322561044441,38.37545601078125,1.3989948498451603,249.99999999999997
2,0.0734513903803729,0.0707192905578365,39.81726019761206,3.2720689614961224e-17,223.57666003627455
