PrincipalComponent,coi,c1i,a1i,c2i,a2i
1,0.7729423444755965,0.6375637081846939,38.96071799831841,0.8869376330431801,227.06604731576584
2,0.2550961016259646,0.7444109120644625,75.68521433192079,3.99361096247034e-17,222.36529165110713
