PrincipalComponent,coi,c1i,a1i,c2i,a2i
1,0.7974925401053086,0.5871757847184541,37.57472845033589,1.009396192530337,226.09455587443435
2,0.2484250463026321,0.674301953436873,73.64045339019744,0.0,221.51451712910023
