PrincipalComponent,coi,c1i,a1i,c2i,a2i
1,0.8639513316581364,0.6960564786261234,39.53652293404276,1.306644425960044,250.0
2,0.1409920514200323,0.1579281980514252,60.039840664551285,0.0,227.78422969081845
