PrincipalComponent,coi,c1i,a1i,c2i,a2i
1,0.8488484454401362,0.6140424724607287,37.8622254999394,1.2816831921434693,229.59350757452728
2,0.1530008647186267,0.243762389106858,53.99836205548866,1.6354996771200924e-17,221.24099963050435
