PrincipalComponent,coi,c1i,a1i,c2i,a2i
1,0.81919591103412,0.5679642271089624,37.87796446550822,1.1326607172602732,227.70345377460816
2,0.2280285117486133,0.5128358061118216,70.96001333437017,2.5275960900806065e-17,221.92659703269135
