PrincipalComponent,coi,c1i,a1i,c2i,a2i
1,0.8544167071400454,0.9247910275170664,39.325260223960115,1.4188276473274812,250.0
2,0.048780074182798,0.0425531634153342,39.748698463585654,1.566162363868771e-17,223.6952757645966
