PrincipalComponent,coi,c1i,a1i,c2i,a2i
1,0.8256088902770965,0.5905396988097337,37.99598362104,1.1905315568882768,229.4000506996012
2,0.1945705659384931,0.3746844244581598,62.709078663494346,0.0,222.0677151704608
