PrincipalComponent,coi,c1i,a1i,c2i,a2i
1,0.8310262646967169,0.600943228529642,37.94483651149333,1.2298120010604587,229.54949352171496
2,0.1759622702621134,0.3112343055347681,58.68582599601334,1.7584643254286044e-17,221.76262681315248
