PrincipalComponent,coi,c1i,a1i,c2i,a2i
1,0.8162396917240978,0.5895292738139682,38.02282942453734,1.1460561963783398,229.05565539530585
2,0.216948457270015,0.4487040798062679,67.67815261599648,9.989168196214182e-19,222.29557302780333
