PrincipalComponent,coi,c1i,a1i,c2i,a2i
1,0.8560391283229747,0.773882640047014,38.509879998295546,1.367146189308621,249.99999999999997
2,0.0892786578388422,0.1059139634641098,42.946901479124485,7.034409977411423e-17,224.24874062896728
