PrincipalComponent,coi,c1i,a1i,c2i,a2i
1,0.6553027796145325,0.6202199805821064,34.84983083729091,0.7845792497268275,236.0688400585338
2,0.3113647927361216,0.7132467221706968,89.37217613782853,0.1683294420888483,222.72864409040213
