PrincipalComponent,coi,c1i,a1i,c2i,a2i
1,0.7205068802085248,0.5549536402364795,30.62817559113545,1.1611301116801982,242.24619136129775
2,0.2981272420994469,0.6476062571953743,95.3154531537972,0.0029461990932203,220.66269862674045
