PrincipalComponent,coi,c1i,a1i,c2i,a2i
1,0.8044890925761082,0.7375855747286998,32.15137490466415,1.5789785319156953,250.0
2,0.0733359081495645,0.0856568096843381,39.48226699186212,0.0188451289593397,222.28280671377365
