PrincipalComponent,coi,c1i,a1i,c2i,a2i
1,0.7384579784319418,0.5620532252627768,31.643839601475396,1.2115457545410877,250.0
2,0.2838002952067155,0.554849065314603,94.86120476323904,1.2875598468044568e-18,223.51613948058215
