PrincipalComponent,coi,c1i,a1i,c2i,a2i
1,0.7363535258921327,0.577930512013018,31.68573717364101,1.2323903885098573,250.0
2,0.2636998399346725,0.4204099858394559,79.75176811792525,0.0867211705870975,224.1606208871979
