PrincipalComponent,coi,c1i,a1i,c2i,a2i
1,0.8010905037455505,0.6090592647177447,31.829476438957943,1.4521482483862185,250.0
2,0.1379949561940612,0.1834567539494648,48.729086906884845,0.044159053098675,223.7033212449028
