PrincipalComponent,coi,c1i,a1i,c2i,a2i
1,0.7156877890675107,0.5688634923247468,30.864676849360823,1.0778817102423266,236.01841822804028
2,0.3038542192792018,0.7154157171073838,92.86659308927248,5.22863252294048e-19,220.1063633776728
