PrincipalComponent,coi,c1i,a1i,c2i,a2i
1,0.8008366990657045,0.6792406828882095,31.62771370481758,1.532680555320357,250.0
2,0.0978392986018029,0.1153424504397566,40.686447166246346,0.0350054921267885,222.44109101222023
