PrincipalComponent,coi,c1i,a1i,c2i,a2i
1,0.7382883400252381,0.5719248888360653,31.5016593079041,1.2248228988707872,250.0
2,0.2707736754495319,0.4499584295267894,82.64546834606647,0.075280726657614,223.9890654968355
