PrincipalComponent,coi,c1i,a1i,c2i,a2i
1,0.8157289942261308,0.8161939301666385,33.533297224025624,1.6225873998449023,250.0
2,0.048505271817071,0.0521872395993871,39.20286446707728,0.0077734223694344,222.43581024810263
