PrincipalComponent,coi,c1i,a1i,c2i,a2i
1,0.7483961942623079,0.5753194943772563,31.615751324786853,1.2852194976115423,250.0
2,0.2346162639558227,0.3410839849136707,70.92492283211752,0.0927992625539176,224.70896819398564
