PrincipalComponent,coi,c1i,a1i,c2i,a2i
1,0.7777659791837844,0.5765211137344968,34.95120932799458,1.311129367941151,250.0
2,0.2075987975504351,0.2951281478689169,66.02437703294768,0.0734761445913902,225.68479999988656
