PrincipalComponent,coi,c1i,a1i,c2i,a2i
1,0.7840502022994329,0.5844335333077922,31.95922163399189,1.3966506109250214,250.0
2,0.174922466709656,0.2467863810745539,59.76317897840847,0.0505658285604662,224.9095083675312
