PrincipalComponent,coi,c1i,a1i,c2i,a2i
1,0.7413123035882007,0.5540699872975815,32.22533075995056,1.1925853552315144,246.4597211706985
2,0.2940008902510315,0.5889302142405177,96.38838102092504,0.0,221.87499782637315
