PrincipalComponent,coi,c1i,a1i,c2i,a2i
1,0.6965607306902808,0.6067811454424932,32.21284647845225,0.9637414298430564,234.44008535604175
2,0.3054124177328733,0.7860152994636354,92.67033435053392,1.6856827545872621e-18,221.13878989177456
