PrincipalComponent,coi,c1i,a1i,c2i,a2i
1,0.6719317229028935,0.6241290460934555,34.202757398730206,0.842414178723828,236.2338412499425
2,0.3080806710111286,0.8161406501214369,94.70600092559236,0.0281830171610281,222.7595180765003
