PrincipalComponent,coi,c1i,a1i,c2i,a2i
1,0.7825136564151314,0.662984557522782,34.271182535093395,1.3172302593927616,249.99999999999997
2,0.1516032444644051,0.1634762033382371,49.096780629920474,0.0504034362531766,224.34499085623253
