PrincipalComponent,coi,c1i,a1i,c2i,a2i
1,0.6990093087877729,0.6142569967892658,34.28762394360965,0.9469904351117754,227.7489953699763
2,0.3128662982427879,0.571296822079159,79.91170427206225,0.1493615451141902,219.67123020133363
