PrincipalComponent,coi,c1i,a1i,c2i,a2i
1,0.7914153776869371,0.792699252812647,33.88578390168206,1.4477146397062075,250.0
2,0.0803275463572131,0.0648087189204182,39.95529333309592,0.0226958970902316,222.77080688431172
