PrincipalComponent,coi,c1i,a1i,c2i,a2i
1,0.7453473419735408,0.6333189310666224,34.39482534386984,1.1994971572444622,250.0
2,0.2174612628987923,0.2738596209281137,67.68213914653474,0.0789723667706867,226.03601062952623
