PrincipalComponent,coi,c1i,a1i,c2i,a2i
1,0.7170588580686247,0.6349427466149772,34.804167946534236,1.0991640022574818,250.0
2,0.2830285816980768,0.4240204084650303,87.4544940154631,0.0547448288676742,226.44164554410727
