PrincipalComponent,coi,c1i,a1i,c2i,a2i
1,0.6676014561895852,0.6748576657416326,38.00813616153346,0.7526438432276319,228.7362636113043
2,0.3117855426395866,0.6625432310369603,81.20138362233263,0.1655608015925863,222.1326987553468
