PrincipalComponent,coi,c1i,a1i,c2i,a2i
1,0.7135706564588125,0.5902287897716284,33.18114175204801,1.0753195407525524,234.7650454127503
2,0.3036124114318484,0.4751279984283427,84.4325768034589,0.1147586423407163,220.2497872724311
