PrincipalComponent,coi,c1i,a1i,c2i,a2i
1,0.6619321070661734,0.6819962332542875,39.03811016994372,0.6980469332042484,229.78875750789223
2,0.3156527747057601,0.6463985229164448,80.98266164764941,0.2042554849262832,222.7112164057666
