PrincipalComponent,coi,c1i,a1i,c2i,a2i
1,0.7615435448374263,0.6361193120187381,34.13295912839299,1.2668151290825536,250.0
2,0.1902998391534648,0.2302244900225863,60.98414033174746,0.053375098011823,225.7288674982122
