PrincipalComponent,coi,c1i,a1i,c2i,a2i
1,0.718706547058833,0.6268968406228642,34.55220581858377,1.0923865776228885,248.94869838858412
2,0.2896885218115664,0.4516541007187794,89.48645369823691,0.0463964264352541,226.0683061100983
