PrincipalComponent,coi,c1i,a1i,c2i,a2i
1,0.7311532813919266,0.6319257448679018,34.492693442440654,1.1515260746298277,250.0
2,0.2487163061914209,0.3261407040770954,74.76812471141454,0.0867328929378727,226.1701709670388
