PrincipalComponent,coi,c1i,a1i,c2i,a2i
1,0.7144516337330816,0.5999630147004991,33.45031538739753,1.086626762901797,238.64803197406
2,0.2946120474603889,0.4572231438287457,84.71963971932628,0.0950216641869981,221.90872929705375
