PrincipalComponent,coi,c1i,a1i,c2i,a2i
1,0.7900676136178993,0.7354111423448784,33.689708266278075,1.398314711441773,250.0
2,0.1035402265809971,0.092969697633583,40.992196835657175,0.0410268215992043,222.97053249416945
