PrincipalComponent,coi,c1i,a1i,c2i,a2i
1,0.8051121547407275,0.8705669011145368,34.846376156544245,1.4954723709734916,249.99999999999991
2,0.0506288242290551,0.033601381899606,39.69872064400867,0.0088777360110876,222.8354754330123
