PrincipalComponent,coi,c1i,a1i,c2i,a2i
1,0.6440170264501168,0.6755727436863301,39.143694335358106,0.6469921397065898,229.92212712860191
2,0.3174232414273507,0.5867794322096248,77.42931863082785,0.2957325538705364,222.59804446574643
