PrincipalComponent,coi,c1i,a1i,c2i,a2i
1,0.7007757280009521,0.5919323961729551,33.18476885531766,1.0354259385212825,230.99447022616195
2,0.3065475127733838,0.5083879567703439,80.95473318276169,0.1476132015962207,219.46467757852025
