PrincipalComponent,coi,c1i,a1i,c2i,a2i
1,0.8156967158176306,0.5793425287763853,36.523591437553925,0.9488627429947936,212.5331195645776
2,0.1805391188649121,0.2470642289163684,30.858331819824382,0.2807495362664131,212.4925948596208
