PrincipalComponent,coi,c1i,a1i,c2i,a2i
1,0.8409974507596166,0.5948886852003976,33.63670419656204,1.1229150950205802,214.28821844973368
2,0.1175651937597476,0.1432031374874469,31.160345051158924,0.0717009372255101,212.550306212521
