PrincipalComponent,coi,c1i,a1i,c2i,a2i
1,0.8095930044001216,0.5830577145360601,34.62154206368981,1.0247138543441925,213.27538096900648
2,0.1641700385140603,0.1962261045207113,30.960637622950447,0.1689885566688457,212.436818004803
