PrincipalComponent,coi,c1i,a1i,c2i,a2i
1,0.804665294093677,0.5906829881731426,35.71156529687438,0.9725511059671532,212.91849384437617
2,0.1793563225161831,0.2239775214420438,30.85955448257373,0.2281110444172898,212.48722961705127
