PrincipalComponent,coi,c1i,a1i,c2i,a2i
1,0.8037592869656577,0.7249123884369585,49.706050434111354,0.5769210384320927,216.75881747620843
2,0.2116492448650122,0.3709652335552251,37.62901909021027,0.4081601599265644,217.25286335214935
