PrincipalComponent,coi,c1i,a1i,c2i,a2i
1,0.7422463007151389,0.7210124298937165,47.13955133433116,0.4319509965106059,227.18666545294437
2,0.2433470425620525,0.3880452455386672,50.00486921632648,0.4566332095802829,214.47724361909613
