PrincipalComponent,coi,c1i,a1i,c2i,a2i
1,0.8272460235175121,0.8653422798676533,32.57624646057702,1.3212182943178616,249.99999999999997
2,0.0292832033560849,0.0196234039773666,39.108196765976466,0.0004879529841237,222.41288081503188
