PrincipalComponent,coi,c1i,a1i,c2i,a2i
1,0.8184658487488063,0.5846775241918833,34.15254690095724,1.068718146213649,213.7673320086181
2,0.1451569786495558,0.1724954832129202,31.13828128637143,0.1206321644818684,212.51690197022805
