PrincipalComponent,coi,c1i,a1i,c2i,a2i
1,0.8299942774422706,0.8099746162299699,31.67603983114682,1.2891199532504198,250.0
2,0.0428923404935334,0.0278238714398182,38.97975788371188,0.0,222.26436745775487
