PrincipalComponent,coi,c1i,a1i,c2i,a2i
1,0.8421864930819865,0.6873511070979811,33.386379236905384,1.1755956141337736,250.0
2,0.0992310685663094,0.1111136822795991,41.98750617140799,0.0135734088821929,223.26662095973757
