PrincipalComponent,coi,c1i,a1i,c2i,a2i
1,0.8108049603489169,0.5916081725331517,38.75636034686672,0.8828501163738282,212.84821056003017
2,0.1880362424398327,0.2910508921091768,31.86836336143105,0.3444865665128064,213.09065628761437
