PrincipalComponent,coi,c1i,a1i,c2i,a2i
1,0.8145885035197306,0.6409572868766712,43.54804211129891,0.7563238064865548,214.16554165285265
2,0.1998215253638972,0.3344147925858889,34.16010147712862,0.3715736673096902,214.74500481616352
