PrincipalComponent,coi,c1i,a1i,c2i,a2i
1,0.8236707654625728,0.5773016900284439,37.23050984985285,0.9323130102901336,212.4872981792558
2,0.18325289074473,0.257490566251871,31.171641352013044,0.3099632965140086,212.6274317975563
