PrincipalComponent,coi,c1i,a1i,c2i,a2i
1,0.8103530422926297,0.5861766897443673,35.88895715209877,0.9640274713725115,212.8036467739166
2,0.1799978600130241,0.2331401430213712,30.735352498771892,0.2432933412587625,212.4629838305763
