PrincipalComponent,coi,c1i,a1i,c2i,a2i
1,0.7707706891287406,0.7547966450188278,50.95475229704214,0.4428023703835319,222.4094463463947
2,0.2343900726136934,0.3962770359655416,47.10815807250512,0.4278111782346155,218.63876676763545
