PrincipalComponent,coi,c1i,a1i,c2i,a2i
1,0.7865602039033088,0.7528417534484623,52.303738772975095,0.483501053103061,218.212164415416
2,0.2133621245426558,0.3900202581505665,39.74267130372702,0.4312728056338817,218.5292640492142
