PrincipalComponent,coi,c1i,a1i,c2i,a2i
1,0.8335703234274614,0.7566328068563885,31.58530005178326,1.2542988018838237,250.0
2,0.0612169901996916,0.0541824996162424,39.18475993557616,0.0012938331528192,222.3281230832559
