PrincipalComponent,coi,c1i,a1i,c2i,a2i
1,0.8784102507790975,0.6404306579570956,34.4199400293398,0.9004829417278998,211.5306708317619
2,0.1485482193820659,0.1653115679665715,29.799298533590147,0.2073379512077475,211.71967826593183
