PrincipalComponent,coi,c1i,a1i,c2i,a2i
1,0.830968835078494,0.8013262070410428,30.958418038578365,1.182346824080427,250.0
2,0.0555669799823483,0.0621403866004229,39.53087500695986,0.0120780386705503,222.27711607594543
