PrincipalComponent,coi,c1i,a1i,c2i,a2i
1,0.8107347594695676,0.8108668254447211,47.02910718313372,0.350156366039299,237.66895597680497
2,0.2182417613886107,0.2913725645948055,57.444430295209166,0.3827013007777528,205.1356047788328
