PrincipalComponent,coi,c1i,a1i,c2i,a2i
1,0.8783990503867526,0.655759044665417,36.49352713171873,0.8403440244648743,211.7629001554727
2,0.1515823368400073,0.2036176332391014,30.49196461697763,0.2677046945066308,212.17775208847505
