PrincipalComponent,coi,c1i,a1i,c2i,a2i
1,0.8884678540422636,0.6382925809791281,32.35470141711915,0.999367374110516,212.37334538893305
2,0.1048624976614044,0.0996289569445551,29.856690824469872,0.066757129669271,211.6055039450642
