PrincipalComponent,coi,c1i,a1i,c2i,a2i
1,0.8731364124107667,0.6522716448104416,33.6346554018648,0.9189490745486492,211.96418646248475
2,0.1408400686906359,0.1425279858154696,29.86411468153289,0.1599841219842575,211.72500551461889
