PrincipalComponent,coi,c1i,a1i,c2i,a2i
1,0.8955788165833408,0.7089332947321094,41.03837120495244,0.7143314242685395,212.9697329673912
2,0.1498603815209388,0.2389329870131253,32.201487632284774,0.2992758710185244,213.58185367761448
