PrincipalComponent,coi,c1i,a1i,c2i,a2i
1,0.8923957292488301,0.6901261301221245,28.71454109514568,1.1340427524924124,210.61427827110836
2,0.0339739568964404,0.0291773690899515,28.590882423693156,0.0,210.20628096414512
