PrincipalComponent,coi,c1i,a1i,c2i,a2i
1,0.8839511599138333,0.7963421834025336,47.89089519996713,0.5232025485491828,215.48407623786255
2,0.1652981237482361,0.2707497054405096,34.89150222322876,0.3450037987878237,215.9835339554759
