PrincipalComponent,coi,c1i,a1i,c2i,a2i
1,0.8764005699268624,0.6479489153514669,33.81943915677756,0.9121332888604538,211.87845605149775
2,0.1442810685943802,0.1514919740470554,29.79773476379098,0.1730564990925192,211.7225201256044
