PrincipalComponent,coi,c1i,a1i,c2i,a2i
1,0.8380296588088914,0.795641982335273,46.630575640844654,0.4266058486907894,215.9310067045964
2,0.1731282023710047,0.285088648822082,34.664602632056685,0.4105992565750567,215.90012675682695
