PrincipalComponent,coi,c1i,a1i,c2i,a2i
1,0.8843201158512812,0.6443274398690292,32.71295416953702,0.9627545133446326,212.1527954572642
2,0.1192496014304362,0.1157747141772277,29.829337697069302,0.1081681053381059,211.60766486098487
