PrincipalComponent,coi,c1i,a1i,c2i,a2i
1,0.8841508345544332,0.639399996830674,28.804477137119427,1.0654945790433537,210.70558232497487
2,0.0843351058465508,0.07582363179366,28.66320352124818,0.0318341018978481,210.27318406858615
