PrincipalComponent,coi,c1i,a1i,c2i,a2i
1,0.8851314600836478,0.6393103496688893,35.24442566154194,0.8846269109828506,211.45614507394603
2,0.153551993876388,0.1741950528453207,29.98324415603361,0.2352388505229103,211.8451044426605
