PrincipalComponent,coi,c1i,a1i,c2i,a2i
1,0.8672409691236759,0.7897181930581408,30.07951515033406,1.1594902726600784,250.0
2,0.0319583575301386,0.0293026178489443,38.63712848647124,0.0038372687301531,221.98057874176217
