PrincipalComponent,coi,c1i,a1i,c2i,a2i
1,0.8984665620707984,0.6521742764737479,28.746682972008596,1.0909187850130575,210.64116744406516
2,0.0595821147725545,0.0536795408760151,28.61979410410009,0.003100855220843,210.23558184756337
