PrincipalComponent,coi,c1i,a1i,c2i,a2i
1,0.8631154644917767,0.8333382595170216,51.13293555637328,0.41326042730222,216.92171839869624
2,0.1717795620862187,0.2831825095843233,36.37982383398512,0.3801047126029097,217.24925292100593
