PrincipalComponent,coi,c1i,a1i,c2i,a2i
1,0.9603618551431976,0.6964820949641554,43.30423729801247,0.8058777816636056,212.6444330911085
2,0.1399728854938956,0.1032153496800547,32.06534222475058,0.2094657897279685,214.0537142612981
