PrincipalComponent,coi,c1i,a1i,c2i,a2i
1,0.9568108363822831,0.6703491694790175,38.4884808646534,0.8994346186667633,213.05856068915625
2,0.1009292554064391,0.0610532870403743,31.205571276126207,0.0943585639644314,213.2409964802826
