PrincipalComponent,coi,c1i,a1i,c2i,a2i
1,0.8231968913904927,0.6966520306625493,32.89900084299649,1.1376927887680133,250.0
2,0.1094816050332446,0.1263900329792919,45.12767362400768,3.9663769533344744e-18,223.81337527060785
