PrincipalComponent,coi,c1i,a1i,c2i,a2i
1,0.8826256468593905,0.8644642069889018,49.86059302027453,0.3904690468227717,216.53350622302364
2,0.1628794193919994,0.2038573656660049,34.78638656153141,0.3740105977055977,216.75711893022932
