PrincipalComponent,coi,c1i,a1i,c2i,a2i
1,0.9551732240935304,0.6958241865464075,40.23833939191963,0.8472800184266011,213.0323181814939
2,0.116691129288306,0.0756958434019404,31.478553876214065,0.1432657251289548,213.58993089830625
