PrincipalComponent,coi,c1i,a1i,c2i,a2i
1,0.9167496523039504,0.6480081783371556,28.727120060719372,1.0995366698314577,210.6288146670898
2,0.0351052474282627,0.0304765378141856,28.607467767998607,0.0082778386386247,210.2233479109157
