PrincipalComponent,coi,c1i,a1i,c2i,a2i
1,0.958447518899597,0.8011859949455051,51.15973152914227,0.6054998402435143,214.89783643168263
2,0.1502261431612342,0.1652724329845382,34.81928150566305,0.2623533587000748,216.47078625932912
