PrincipalComponent,coi,c1i,a1i,c2i,a2i
1,0.8564920715048718,0.8966080444339187,52.00941282994532,0.2859847255209545,250.0
2,0.2027867655143283,0.2054711858381536,63.46317647687527,0.3598059888434445,194.23191836922263
