PrincipalComponent,coi,c1i,a1i,c2i,a2i
1,0.9534582974687154,0.9281247465599156,57.90175058142852,0.3878328034983979,217.7568640010325
2,0.1515663483692099,0.185619341764235,37.05329014465173,0.3097493621171081,218.88159075396845
