PrincipalComponent,coi,c1i,a1i,c2i,a2i
1,0.9499677344121568,0.7231926968625576,45.546980428591795,0.7526291839801651,213.25273289365543
2,0.1441569339916467,0.1323081662801015,32.79837010915496,0.2358169262448535,214.71057583452017
