PrincipalComponent,coi,c1i,a1i,c2i,a2i
1,0.9112679426027106,0.91613043305442,55.04782551653911,0.3610647736274595,217.57666311833697
2,0.1574238256273911,0.2007303370694559,36.44867502903255,0.3446002096418892,218.23162290154764
