PrincipalComponent,coi,c1i,a1i,c2i,a2i
1,0.9570121239539676,0.694705653390667,40.36413969159559,0.8417089516743765,212.9304900259228
2,0.1213878689242985,0.0814874063558149,31.453465721008858,0.1553070224665738,213.57097743283384
