PrincipalComponent,coi,c1i,a1i,c2i,a2i
1,0.8837021194050745,0.6482522803077516,28.76259473370048,1.123630229353544,210.6338954366861
2,0.0462730720885172,0.0577026356832029,28.641369211020304,0.0141272822645378,210.22756835123693
