PrincipalComponent,coi,c1i,a1i,c2i,a2i
1,0.9655450703802044,0.661706632644676,37.99453546965924,0.9311710932167804,213.215144603952
2,0.0814813098436057,0.0459101059301555,31.149143961190596,0.0602628513305819,213.19537373864895
