PrincipalComponent,coi,c1i,a1i,c2i,a2i
1,0.9640510692616664,0.6491082084903338,33.602545287296344,1.0171019444126803,212.95799009583567
2,0.0489036446773323,0.0199585554269107,30.1918629887488,0.0118368140628136,212.09247106918033
