PrincipalComponent,coi,c1i,a1i,c2i,a2i
1,0.9556937797413428,0.6956635837335696,41.89648659221637,0.8234247318038662,212.67248430642104
2,0.1322687749979471,0.0915603995859812,31.71690201827879,0.1864190898972629,213.78809965838408
