PrincipalComponent,coi,c1i,a1i,c2i,a2i
1,0.8198678145251288,0.5233017537038691,28.80432633275961,1.160553211913762,210.73521718429492
2,0.123595463535417,0.1746790381024384,28.72059284847616,0.0514817179415264,210.27013505840847
