PrincipalComponent,coi,c1i,a1i,c2i,a2i
1,1.0307019754440043,0.6290271116472957,41.57291383243155,0.9597280282930348,210.8581517930164
2,0.0721495258842349,0.0541252879111661,31.039559167780286,0.0451506832714273,213.31118857511711
