PrincipalComponent,coi,c1i,a1i,c2i,a2i
1,0.9829838103595964,0.5838908728606453,28.71473983962789,1.0938481336349537,210.64514022813216
2,0.0359250290291905,0.0297329374781073,28.59525562285503,0.0056830203103189,210.2414787285213
