PrincipalComponent,coi,c1i,a1i,c2i,a2i
1,1.0387560889774736,0.9391830260747612,69.88039481939289,0.4675602593106086,213.62119296240704
2,0.1457371773172597,0.1296542137811001,37.34608931924647,0.1948520310713775,220.28168904556344
