PrincipalComponent,coi,c1i,a1i,c2i,a2i
1,0.942209378651138,0.5708147761895351,28.74089043887888,1.1194557988169225,210.6544721503003
2,0.0455143749953385,0.0569892131708354,28.63124601973831,0.0183512237480491,210.2441388293252
