PrincipalComponent,coi,c1i,a1i,c2i,a2i
1,1.0301363435831254,0.6709864812093073,46.348092498846555,0.8855693171908103,210.10525717334727
2,0.1027755844178328,0.0686078469882856,31.49132498166232,0.0953497914977412,214.103689520706
