PrincipalComponent,coi,c1i,a1i,c2i,a2i
1,0.8913859781408958,0.8579857104099675,50.35804420391744,0.4002801113213156,216.30505564514476
2,0.1760883335945482,0.1354625991013192,34.25342823603926,0.3825408855644437,216.8836401924315
