PrincipalComponent,coi,c1i,a1i,c2i,a2i
1,1.0285785520632988,0.6691762163577655,46.02214572496921,0.891776269279821,210.4484785885367
2,0.0973705116658179,0.0648033772793756,31.592716410439248,0.0847231103281828,214.16012117055715
