PrincipalComponent,coi,c1i,a1i,c2i,a2i
1,1.059212361205341,0.7321248745732915,57.80889564656879,0.7678064861326602,207.7572146589108
2,0.115420475354862,0.0809263124601968,32.89109328972164,0.1432384886609662,215.87372246619975
