PrincipalComponent,coi,c1i,a1i,c2i,a2i
1,1.045600431536588,0.697845538162978,52.39709581005238,0.8282798692919403,208.4824961420469
2,0.1083279198371676,0.0753296531374504,32.05596789819938,0.1213458822831227,214.9269547592677
