PrincipalComponent,coi,c1i,a1i,c2i,a2i
1,1.037268032646996,0.7904166049751533,61.08972048458793,0.6904284278843048,209.86440702860136
2,0.1318609256345431,0.1005651322539835,34.086961957992166,0.1691502915020242,217.17832770248103
