PrincipalComponent,coi,c1i,a1i,c2i,a2i
1,0.974675104876398,1.0165572109893783,64.96008955638302,0.3032004626726388,218.28407321413528
2,0.1520425301373094,0.1463106892136676,37.94972541158733,0.2880599996599192,220.69011758953067
