PrincipalComponent,coi,c1i,a1i,c2i,a2i
1,1.0282594402061718,0.6161788841914292,40.258719735935735,0.9844220244258156,211.32352386961264
2,0.0606368580975598,0.0411783526517199,30.97398126634044,0.0253339468952661,213.17190816938947
