PrincipalComponent,coi,c1i,a1i,c2i,a2i
1,1.0286244440629293,0.5978768819541423,37.4154477253168,1.0255366884419697,211.3378337389512
2,0.0458605116636246,0.0324830733175832,30.47419363725765,0.0103040600842618,212.5177126693412
