PrincipalComponent,coi,c1i,a1i,c2i,a2i
1,0.8870426126177324,0.5538912235239555,28.809285066055416,1.1320612198186928,210.7287439357484
2,0.0787611983193228,0.1017784624905546,28.68477740104798,0.0353727604495833,210.2759470168582
