PrincipalComponent,coi,c1i,a1i,c2i,a2i
1,0.941847318582823,0.9534162362958528,58.9826438585896,0.3424524020376761,217.79380890997228
2,0.1642148288663073,0.1430601562829546,36.46050649972131,0.3253275518912535,219.2193401747385
