PrincipalComponent,coi,c1i,a1i,c2i,a2i
1,1.0122537583039917,1.0805084877895006,72.91902613200462,0.2546274129441623,218.43981390312257
2,0.1573965706105287,0.1422546383977808,39.46164120679211,0.24629399874618,222.48067411316947
