PrincipalComponent,coi,c1i,a1i,c2i,a2i
1,1.1036291896538284,1.2794774900763586,78.3234197492424,0.1356249183521134,219.4496304478764
2,0.1170725914391474,0.1237305883354089,41.131619762245045,0.1441954030381464,224.2824233428944
