PrincipalComponent,coi,c1i,a1i,c2i,a2i
1,0.955711667730417,0.5695109694208018,38.9170059207013,0.9436320035907072,212.69978614234495
2,0.1226760661355536,0.1163743903220216,32.18535336079277,0.074376235838249,213.3996657059644
