PrincipalComponent,coi,c1i,a1i,c2i,a2i
1,1.1962884820243591,1.423227095249303,100.0,0.0,213.27883601188825
2,0.0712856591925862,0.0410017997870379,43.35840486835121,0.0322071798150527,227.8300207285165
