PrincipalComponent,coi,c1i,a1i,c2i,a2i
1,1.1994651113852035,1.33730867379578,99.56632502345848,0.0705874089397556,214.61816979568084
2,0.0498282901117462,0.0372637562472751,43.7357446425577,0.0063454112891029,228.2294786851914
