PrincipalComponent,coi,c1i,a1i,c2i,a2i
1,1.180935534635292,1.1001379925109145,87.31007833562073,0.3347411614944807,215.0743953364138
2,0.0440781064180115,0.031980728598887,41.415094707088926,0.0037383011696133,225.47556979323505
