PrincipalComponent,coi,c1i,a1i,c2i,a2i
1,0.8842424420490117,0.5391076398685748,36.60080848476618,0.9647804462509092,213.6405516832488
2,0.1633875148489759,0.1725337089670897,33.08578293881385,0.098773105404461,213.2628163954976
