PrincipalComponent,coi,c1i,a1i,c2i,a2i
1,1.193501791446388,1.4209369861970047,100.0,0.0,213.79133174217336
2,0.0669368672925276,0.0388523819584231,43.508315108390995,0.0256032860529659,228.00813236374032
