PrincipalComponent,coi,c1i,a1i,c2i,a2i
1,1.1589873145197642,1.3864156956140226,90.4937648461801,0.0430077986109658,216.87846687832536
2,0.0987311891483109,0.1046915084938784,42.78172755829965,0.0931467817237514,226.4406146419007
