PrincipalComponent,coi,c1i,a1i,c2i,a2i
1,1.1952034642084843,1.434482270428727,100.0,0.0,211.31032135579736
2,0.0741243325646683,0.0464025807668881,42.88465184348987,0.0490757356837944,227.2088901866945
