PrincipalComponent,coi,c1i,a1i,c2i,a2i
1,1.193755426582772,1.4384329702740934,100.0,0.0,210.93367361179193
2,0.0826270102702316,0.0539153513141785,42.80133663788121,0.0630689165507851,227.0470262507477
