PrincipalComponent,coi,c1i,a1i,c2i,a2i
1,0.8325098956206777,0.5098118029528399,39.10341861072859,0.9739288245158176,216.2412142806141
2,0.2081839935477731,0.2600756119933071,37.672278009916134,0.0990033957099503,215.1102832099856
