PrincipalComponent,coi,c1i,a1i,c2i,a2i
1,1.0072179302224489,1.0149392238383366,58.07280898750223,0.3053523257621161,218.12680193275068
2,0.1252290934319065,0.1160210427178481,36.445412362132785,0.2896064487522338,219.205539222252
