PrincipalComponent,coi,c1i,a1i,c2i,a2i
1,1.0628760939906885,1.1964398650863644,71.13387256913457,0.1939319126733372,219.50405149482677
2,0.1181294538346696,0.1325158841031021,39.72860774141496,0.1886898069279179,222.6135559060705
