PrincipalComponent,coi,c1i,a1i,c2i,a2i
1,1.161657920194756,0.9236513984777798,76.33965399063358,0.5282531104839506,214.7368907931858
2,0.0438920360331984,0.0347113113539718,39.19059432303563,0.0115834477199472,222.78554507830444
