PrincipalComponent,coi,c1i,a1i,c2i,a2i
1,1.1001378740916148,0.7071094201289262,56.264636891663216,0.7730889635045013,213.7878089628317
2,0.0597765212448401,0.0526840531487064,35.106543802778724,0.033651707878465,217.75765047456497
