PrincipalComponent,coi,c1i,a1i,c2i,a2i
1,1.1688981380619368,1.4421255760016485,97.79062482901548,0.0,213.3104005364941
2,0.09760346435303,0.0697842992097489,43.117140358723454,0.0815749846365903,227.16923272872717
