PrincipalComponent,coi,c1i,a1i,c2i,a2i
1,1.0424757463541674,1.124077702480755,65.91957846728936,0.2379050618644815,219.2258434029932
2,0.1219598811152626,0.1293649079247147,38.48317311259522,0.2267184658690827,221.311602946484
