PrincipalComponent,coi,c1i,a1i,c2i,a2i
1,1.1587626948632748,1.5195966562216845,100.0,0.0752158914281877,208.29948095861164
2,0.0499678836418347,0.0332466459737211,42.27835612858537,0.0287311703623061,226.3940567313696
