PrincipalComponent,coi,c1i,a1i,c2i,a2i
1,1.1339399217947783,1.5884794090374013,96.01588325274224,1.9892879773242552e-16,214.9666175769829
2,0.0773005913746888,0.0665150157274534,43.2916134034636,0.0751571307016942,227.26449855786043
