PrincipalComponent,coi,c1i,a1i,c2i,a2i
1,0.8019183451662297,0.5484480114031511,40.55786603786556,0.930496664369324,213.80215229604343
2,0.2030267178377981,0.1853184094592506,33.88000900622436,0.2268715806947312,214.01393277975737
