PrincipalComponent,coi,c1i,a1i,c2i,a2i
1,1.103083310784518,1.1376366100162645,90.95845256928114,0.3476056977522914,215.1789764916182
2,0.0609466920776661,0.0406572762088362,42.286157582782906,0.0589280344303658,226.3872520793241
