PrincipalComponent,coi,c1i,a1i,c2i,a2i
1,1.1568374649880893,1.4904990781748435,100.0,0.0768940119413395,211.35303057433052
2,0.0447445196368278,0.0279436919706782,43.039499386281015,0.0188100320564546,227.3237405074972
