PrincipalComponent,coi,c1i,a1i,c2i,a2i
1,0.8750659355207966,0.5855428531666197,45.60848982778381,0.9014132863552008,213.41290622177493
2,0.1669914530816995,0.1367824581617666,33.654408403043774,0.1856228210874597,215.05564130374412
