PrincipalComponent,coi,c1i,a1i,c2i,a2i
1,1.1426789223749636,1.6053599676077557,100.0,0.0026784881272363,210.4160235996535
2,0.063461598780123,0.0493434486691944,42.860394321849746,0.0523259758010688,226.9448123238508
