PrincipalComponent,coi,c1i,a1i,c2i,a2i
1,1.150211069242005,1.411635493839274,100.0,0.1228497067748201,212.78423260508035
2,0.0408914475081569,0.0275210352518007,43.44077073680108,0.0176952642264484,227.7939393872508
