PrincipalComponent,coi,c1i,a1i,c2i,a2i
1,1.1607161507330208,1.4980848200051329,100.0,0.0758323077208227,210.5361533232088
2,0.0475502661130229,0.029071143541405,42.83480533394617,0.0215532997885149,227.06798916781025
