PrincipalComponent,coi,c1i,a1i,c2i,a2i
1,1.1341733958681022,1.3551346683365944,100.0,0.1459906965005458,214.4231593021936
2,0.0448499050678038,0.0309939061075297,43.90912336986226,0.0289134928292179,228.3143560546182
