PrincipalComponent,coi,c1i,a1i,c2i,a2i
1,1.0206811143922292,0.7957653629473045,68.68694906617998,0.6767189843549034,214.8162208474462
2,0.1018366668523744,0.0763150946594694,37.80701732735099,0.1114704007641904,220.9646071080643
