PrincipalComponent,coi,c1i,a1i,c2i,a2i
1,1.0230874190679644,1.29659448332353,72.69475158646404,0.2118832457306166,219.7939423339047
2,0.1000267475714586,0.0922805664764113,39.770061300005786,0.2094949044804841,223.15153622596193
