PrincipalComponent,coi,c1i,a1i,c2i,a2i
1,1.0972790857058263,1.4956889742225314,85.97124487909271,0.0733993723403796,219.0109815015975
2,0.0799062855651505,0.0925168895939079,42.28796015660143,0.1110247110289222,226.0218841374844
