PrincipalComponent,coi,c1i,a1i,c2i,a2i
1,0.7476046646538959,0.5211722323917187,41.0697955823814,0.9399776602672014,216.18429385048933
2,0.2431390545299845,0.2682279070481362,38.580799690366256,0.2392317930602646,215.3081184574592
