PrincipalComponent,coi,c1i,a1i,c2i,a2i
1,1.0477190938515393,1.3901158169213306,78.36024896528329,0.1519559331460636,219.71687395000572
2,0.0913950018956673,0.0967922291590681,40.932899593781826,0.1626305425300401,224.44081359687684
