PrincipalComponent,coi,c1i,a1i,c2i,a2i
1,1.159158187616836,1.5290078233145354,100.0,0.0768270242238022,207.63268295642757
2,0.054770395224958,0.04161904991637,42.141530154442805,0.0352430843847989,226.17199595420092
