PrincipalComponent,coi,c1i,a1i,c2i,a2i
1,1.1898544844090522,1.4535710564431426,100.0,0.2918129032204991,165.1921678439175
2,0.0364275966478305,0.0270703220517068,31.561265336320947,0.034313642456227,213.97112610887652
