PrincipalComponent,coi,c1i,a1i,c2i,a2i
1,0.6688007066894252,0.4911768751862685,28.560112450777876,0.963441942233898,210.14340123500315
2,0.2459087610689964,0.2859405625336302,28.511007303435843,0.4612418830902889,209.73759627851248
