PrincipalComponent,coi,c1i,a1i,c2i,a2i
1,0.7686570110827633,0.5310412915691053,28.67190460133303,1.0005615411563666,210.42506915746728
2,0.1914043048987552,0.1768382212796391,28.601164548599755,0.3483426450133721,210.02645265215676
