PrincipalComponent,coi,c1i,a1i,c2i,a2i
1,1.0377609206162994,0.8545488507507135,75.941492859715,0.6741813228704242,200.45071014215864
2,0.1067130609603341,0.0821602825686471,33.912204539310544,0.1658303364093076,218.1225380806373
