PrincipalComponent,coi,c1i,a1i,c2i,a2i
1,1.183957375936475,1.4234721547746103,100.0,0.2986761032998791,162.68263368754475
2,0.0359891477329908,0.0259580056597389,30.927639847211523,0.0346275363247932,213.2600169264875
