PrincipalComponent,coi,c1i,a1i,c2i,a2i
1,1.1465249337085386,1.334674662627472,100.0,0.2754446316509449,180.91553646235883
2,0.0511691287322052,0.0374306055234084,35.19560120800631,0.0675103443436536,218.4814551634719
