PrincipalComponent,coi,c1i,a1i,c2i,a2i
1,1.1004538712031138,1.5993974063978893,86.34428666514762,0.0940802736217272,215.4898877590786
2,0.0616960429883719,0.0616879811728956,41.27299849926447,0.1340787297959892,225.03646324933877
