PrincipalComponent,coi,c1i,a1i,c2i,a2i
1,1.1737632873828023,1.402430506067263,100.0,0.2724188136322512,171.62083283362108
2,0.0362394685522931,0.0320118361290862,33.128399133038094,0.0392681051148877,215.82305781367288
