PrincipalComponent,coi,c1i,a1i,c2i,a2i
1,1.175637346918402,1.744963697287906,100.0,0.0,196.54986211299064
2,0.0475436132575413,0.0400217474312296,39.339662977882185,0.0572772841373402,222.87420992219296
