PrincipalComponent,coi,c1i,a1i,c2i,a2i
1,1.176760339055242,1.5885475704734189,100.0,0.1770462982911738,177.9905864407458
2,0.0408494967389447,0.0308336184487326,34.74911312129689,0.0409047674726112,217.622612644016
