PrincipalComponent,coi,c1i,a1i,c2i,a2i
1,1.0788999331608466,1.4979277780753697,80.70799091495135,0.1654965730940092,217.3033818913464
2,0.0688286784018207,0.0513102812390277,40.599394301669534,0.1811954615981046,224.2803939744467
