PrincipalComponent,coi,c1i,a1i,c2i,a2i
1,1.145827436818088,1.7161461597582066,93.76377033660404,0.0,211.39466731044843
2,0.0522313654683416,0.0618252718825724,41.746017925139945,0.0870101702985069,225.5887912172257
