PrincipalComponent,coi,c1i,a1i,c2i,a2i
1,1.033547205317647,1.35091970664908,73.50041575386552,0.257613354641146,218.2389820442433
2,0.0866869003359811,0.0399892194054922,39.427606063472986,0.2529113076447566,222.96763748385936
