PrincipalComponent,coi,c1i,a1i,c2i,a2i
1,1.1815747956753615,1.4096434522143753,100.0,0.2780473638612537,168.17657739124598
2,0.0358842440041984,0.0288711481740272,32.282261856555614,0.0377878590000369,214.8335757101989
