PrincipalComponent,coi,c1i,a1i,c2i,a2i
1,0.7174204237290343,0.5177457746225331,28.604150215106877,0.967493095321023,210.29101764885576
2,0.2193886705343821,0.2183140349670495,28.555144006555267,0.4117484172782121,209.8812795139385
