PrincipalComponent,coi,c1i,a1i,c2i,a2i
1,0.9272592587955224,0.598329262815568,46.23579552582411,0.9263150324576862,207.03488359873643
2,0.1395734236371272,0.1219593044354466,29.757156365756092,0.2482062373077017,212.90941160362797
