PrincipalComponent,coi,c1i,a1i,c2i,a2i
1,1.0669856679677332,1.330997282745579,100.0,0.2113134023516021,171.8471806011931
2,0.109533719343031,0.0577679655503917,30.61097641450328,0.2157143401218214,215.6883715643549
