PrincipalComponent,coi,c1i,a1i,c2i,a2i
1,1.181968852566266,1.6126508906576111,100.0,0.2604042935226827,149.1682630245244
2,0.0410074969683793,0.0121586271877227,27.722597841437445,0.0484418279073265,209.51385997602307
