PrincipalComponent,coi,c1i,a1i,c2i,a2i
1,1.180569862577003,1.8726967558330927,100.0,6.272013187278064e-17,183.3044817373851
2,0.0447132185193245,0.0152571851121013,35.94287839016561,0.0540640278552035,219.09760595388755
