PrincipalComponent,coi,c1i,a1i,c2i,a2i
1,1.0502717678196127,1.5040234906657717,76.73617627771387,0.2392988392681945,217.00301691544783
2,0.0823429724171364,0.0015405887623573,39.78608757518624,0.2411306774832548,223.52524439739312
