PrincipalComponent,coi,c1i,a1i,c2i,a2i
1,1.1550842147925913,1.85106382256227,94.55789096024368,3.064782003141796e-17,205.6755808805533
2,0.0540767185584413,0.0168216728924772,40.311295552858425,0.092725486743519,224.11111385561517
