PrincipalComponent,coi,c1i,a1i,c2i,a2i
1,1.175552021068117,0.8511495522590188,100.0,0.88854533161146,115.56934135057394
2,0.0449120307746812,0.024195563286592,19.116727704867067,0.0869166364864214,199.85968105554983
