PrincipalComponent,coi,c1i,a1i,c2i,a2i
1,1.1846541029952395,0.2110065558334983,100.0,1.5780671762027083,109.23919998995784
2,0.0397626420337241,0.0206753125545,17.656421083884656,0.066188764857104,197.96184023260673
