PrincipalComponent,coi,c1i,a1i,c2i,a2i
1,1.117667971704194,1.7660454872324611,89.44451983920219,0.0566457902364076,211.9195107914796
2,0.054718521964454,0.0335379323042683,40.9084441121335,0.1188530370175215,224.72862051113168
