PrincipalComponent,coi,c1i,a1i,c2i,a2i
1,1.1118585413250677,1.3477967271575944,100.0,0.2760813479583719,153.30931374143032
2,0.0809092376652141,0.0417060590098273,27.261615521126384,0.1592012675602485,210.59937690672595
