PrincipalComponent,coi,c1i,a1i,c2i,a2i
1,0.6960252550438493,0.5578415081940531,28.57750116983382,0.922587000636368,210.16682250964604
2,0.2322987382570997,0.2135110304711818,28.505000007784982,0.5463791900079231,209.77175814104837
