PrincipalComponent,coi,c1i,a1i,c2i,a2i
1,0.7379265471020552,0.5758188767386128,28.630777157032135,0.9568778653692278,210.28878466135856
2,0.2136140843799303,0.1674143770862181,28.548675408577623,0.4817068225397299,209.8987102166583
