PrincipalComponent,coi,c1i,a1i,c2i,a2i
1,1.0221760929412178,1.1486129937201304,94.3838942629977,0.3195216859758082,186.47012533715255
2,0.1394867834342358,0.0821581394887255,31.10695916783492,0.2836003803518969,218.302533224588
