PrincipalComponent,coi,c1i,a1i,c2i,a2i
1,0.6548538673481198,0.5271722817391692,28.53521127077106,0.9222565534345591,210.0355124407711
2,0.2509344698651173,0.2858330191381843,28.465651094170187,0.5919478129893582,209.64263678527217
