PrincipalComponent,coi,c1i,a1i,c2i,a2i
1,1.1920160404140767,1.0119787403847214,100.0,0.8155453907281853,118.78037472225888
2,0.039067306458121,0.0171052607902858,20.220467464003416,0.0547506059671578,200.83903006312204
