PrincipalComponent,coi,c1i,a1i,c2i,a2i
1,0.9466542963533277,0.7805433855498947,70.782735700044,0.6376017889060449,194.21958060674723
2,0.164205720440566,0.1173006514678208,25.895782479439234,0.3781936983937453,214.208352261082
