PrincipalComponent,coi,c1i,a1i,c2i,a2i
1,1.1604746350447563,1.2129546716247066,100.0,0.5073616140519808,126.71373856202604
2,0.0500130915602829,0.0271044949764855,21.74095686664015,0.0989764353593991,203.06785334669695
