PrincipalComponent,coi,c1i,a1i,c2i,a2i
1,1.0885419718933045,1.648892396525322,83.59873275953325,0.1419366358168878,215.20351198600457
2,0.0693482711474102,0.0220822091229848,40.60968394502267,0.1701860897916991,224.38264702992444
