PrincipalComponent,coi,c1i,a1i,c2i,a2i
1,0.921243775502632,0.9413185791559212,82.53705888339265,0.4036764985338501,208.998948124774
2,0.1543883586816299,0.2340063678405112,43.95541175379083,0.3727899033216193,221.18905892827928
