PrincipalComponent,coi,c1i,a1i,c2i,a2i
1,1.0016185612243242,1.281371650979065,94.01440997703612,0.2208285071193625,205.86907474124249
2,0.1059475143594702,0.1693680742002548,42.87761459209925,0.247870750041855,223.9947749562038
