PrincipalComponent,coi,c1i,a1i,c2i,a2i
1,1.127811333456038,1.8950816511520605,100.0,0.0,201.114063329214
2,0.0342280222610342,0.0442342092507796,40.59487488218008,0.0651623187052461,224.16791053505185
