PrincipalComponent,coi,c1i,a1i,c2i,a2i
1,0.9675493673778974,1.1236806923236249,89.76069663950396,0.3066403331391028,207.45809375194025
2,0.1267669300628346,0.1982902802448464,43.11863215012323,0.3028608719197828,223.09575049387325
