PrincipalComponent,coi,c1i,a1i,c2i,a2i
1,1.0338986335171911,1.7453227773026534,82.7244767871528,0.0995005857354558,219.38758791912423
2,0.0449828816529186,0.0426616510879953,41.562833188413606,0.1338350632355966,225.3289862666741
