PrincipalComponent,coi,c1i,a1i,c2i,a2i
1,1.037131239680488,1.4286188318521973,97.13091326729564,0.1450922719309986,203.6676401729885
2,0.0887554195153645,0.1436656987565297,42.047218943428206,0.2048065960366648,224.22094113149265
