PrincipalComponent,coi,c1i,a1i,c2i,a2i
1,1.094898752940526,1.7507571570335567,100.0,0.0191260522322025,196.71437952508717
2,0.0568484004313839,0.0770518998667653,39.957959043465856,0.1211035913357735,222.97019527010625
