PrincipalComponent,coi,c1i,a1i,c2i,a2i
1,1.0676076989974344,1.880178413855653,87.03631632153828,0.0184027458634999,218.4602772538103
2,0.0331998132961011,0.0496188126966482,42.13027495200512,0.0789289976246296,226.0081979597484
