PrincipalComponent,coi,c1i,a1i,c2i,a2i
1,1.1166486912876672,1.9588036032097087,91.68740406983946,0.0,214.7841312663296
2,0.0288240602010764,0.0325200061850899,42.029504587129495,0.0416042321201697,225.99318969532683
