PrincipalComponent,coi,c1i,a1i,c2i,a2i
1,1.1396270930271155,1.9390153403159325,96.56364219132388,0.0,208.62415768989436
2,0.0290302784346734,0.0334390833436466,41.4970317158642,0.0425092773504861,225.41520114062644
