PrincipalComponent,coi,c1i,a1i,c2i,a2i
1,0.7399285162111159,0.5446355040838046,38.831314772419574,0.8384189849523758,211.98186377720745
2,0.1866695707242353,0.3486905692201016,38.100670486897975,0.5111487755790016,212.26319097779557
