PrincipalComponent,coi,c1i,a1i,c2i,a2i
1,1.0824920475034367,1.93827851563819,89.06095532742636,4.8689518882019474e-17,216.9780972262873
2,0.0338561250747379,0.0312162905660866,42.10627123317504,0.0662970145361773,226.03142790218513
