PrincipalComponent,coi,c1i,a1i,c2i,a2i
1,1.0723634624458438,1.6265579009644524,100.0,0.044062211702553,201.0591259327582
2,0.0694121177279946,0.1156899010222647,41.3699638590815,0.1520666831689566,224.20304727281743
