PrincipalComponent,coi,c1i,a1i,c2i,a2i
1,1.1139871358504576,1.8055038714845144,100.0,0.0207504990330572,196.68300056363228
2,0.0469972189833263,0.0605906476443266,39.71536815920206,0.0980911806090073,222.94100425250713
