PrincipalComponent,coi,c1i,a1i,c2i,a2i
1,0.707931029171721,0.51739518973746,40.16921092187484,0.8464615123768101,216.175864009252
2,0.2219030127725091,0.4582799302375744,47.34216571657437,0.4728474897683775,214.64865371058065
