PrincipalComponent,coi,c1i,a1i,c2i,a2i
1,1.0836055112659848,1.671984592368407,100.0,0.028021834640601,199.70479313783747
2,0.0652326639516309,0.100944932347559,40.93070536701309,0.1432094689685161,223.82152471067292
