PrincipalComponent,coi,c1i,a1i,c2i,a2i
1,0.7778711257099102,0.5778488098019271,40.77876335892351,0.8370593212104127,210.03314679442687
2,0.1712549982235551,0.2836856118451148,34.98032330678142,0.4839719073752699,211.95861976347788
