PrincipalComponent,coi,c1i,a1i,c2i,a2i
1,1.0576041742953717,1.737616507424378,85.7624947298866,0.0674028218587491,217.68690217292672
2,0.0427484040846506,0.0826595015988473,41.8170960040067,0.1136274244890817,225.49699108603193
