PrincipalComponent,coi,c1i,a1i,c2i,a2i
1,0.8397415520320776,0.8904717035694162,59.86559652563575,0.4367996414059052,217.43045598939872
2,0.1445972984672687,0.2489063817835563,38.46162733722033,0.41710643973145,219.2445086280746
