PrincipalComponent,coi,c1i,a1i,c2i,a2i
1,0.6788744458809512,0.6858061966221,45.539601362647815,0.5805802532862032,225.02489932587795
2,0.2401148697323268,0.5671533538716584,67.80344778518224,0.3474275688055698,221.08620009285232
