PrincipalComponent,coi,c1i,a1i,c2i,a2i
1,1.02799372541097,1.9190743792160825,79.94692820320108,8.981895111937076e-17,220.72448463893065
2,0.0204961631761544,0.04519274239529,41.25826261452976,0.0347436010714029,225.01717942191175
