PrincipalComponent,coi,c1i,a1i,c2i,a2i
1,1.0786540836263796,1.876320940689844,85.16598126174672,0.003391137321066,218.70081254173076
2,0.0256162449240144,0.0634720140945815,41.76727717751019,0.0567104665892873,225.61948477535785
