PrincipalComponent,coi,c1i,a1i,c2i,a2i
1,1.0240089549879157,1.5248449735045688,82.18580539603938,0.1587510040220324,217.17202518480357
2,0.0669584169008102,0.1158361673276976,41.27456109629003,0.1795063905273851,224.53298967573255
