PrincipalComponent,coi,c1i,a1i,c2i,a2i
1,1.0063091587896476,1.4328565463186784,79.06232510206755,0.1983110648588157,217.73684760294097
2,0.0743938625876253,0.1290566167940855,40.952754944185166,0.2071857717446404,223.97411619299552
