PrincipalComponent,coi,c1i,a1i,c2i,a2i
1,1.0378813069890125,1.946213065844941,80.78637521913856,0.0,220.2469781544141
2,0.0218461339743935,0.0358906820776594,41.25378956707536,0.0313186947921747,225.05056805811407
