PrincipalComponent,coi,c1i,a1i,c2i,a2i
1,1.0041927209684094,1.84740988898182,78.87379283224432,0.0163448672082202,221.20851743881784
2,0.0203299123472115,0.06760910309933,41.254032164079874,0.0451452869260836,224.95427361318372
