PrincipalComponent,coi,c1i,a1i,c2i,a2i
1,0.9211876278305572,1.145716450107351,71.19052681315148,0.3151714757772715,218.17434651445825
2,0.1081967409718514,0.1851327178668599,40.27772855592679,0.3031505614877666,222.2503087210742
