PrincipalComponent,coi,c1i,a1i,c2i,a2i
1,0.7770734286830433,0.840460063748841,58.75314550580583,0.4155249534489873,229.9731450507952
2,0.2082805932542447,0.3831007502438232,68.80496773511356,0.3561636351239192,214.5114110486561
