PrincipalComponent,coi,c1i,a1i,c2i,a2i
1,0.8862056152887989,1.0273198770103982,66.7014873107778,0.371451954339079,217.99750380875412
2,0.1261206095362876,0.2112933872169972,39.55303013268281,0.3542695151585373,221.06435979528743
