PrincipalComponent,coi,c1i,a1i,c2i,a2i
1,1.043836310126795,1.6030991330622906,84.3318632335057,0.1249002234878635,217.03361303667376
2,0.0598077339083525,0.1028433224927496,41.519341878135634,0.1568233214069453,224.97641413031135
