PrincipalComponent,coi,c1i,a1i,c2i,a2i
1,0.9540303387254307,1.2516854391309769,74.029843536138,0.2737767166826954,218.11799673775295
2,0.0956348001010883,0.1591954891296208,40.44857147177942,0.2674925879962631,222.92859319488952
