PrincipalComponent,coi,c1i,a1i,c2i,a2i
1,0.9916984487930024,1.39173283379222,77.69769291781998,0.2165617421541548,217.89742347860408
2,0.0784919611744663,0.1370007006097558,40.78556457687292,0.2209712763519394,223.70733986039497
