PrincipalComponent,coi,c1i,a1i,c2i,a2i
1,0.7298451881856094,0.7511308324766506,51.15716027251363,0.5027702033524938,227.77599068066925
2,0.2180187830617648,0.4499589967919096,65.74692094707135,0.3812612229027247,216.30971783440887
