PrincipalComponent,coi,c1i,a1i,c2i,a2i
1,1.064167936465919,1.9435679460910835,82.11190147737774,3.748041887343232e-17,219.81931537139104
2,0.0236834573460349,0.0340546216203924,41.37142393594038,0.0367324340331973,225.20559215372157
