PrincipalComponent,coi,c1i,a1i,c2i,a2i
1,0.8979212905691725,1.087073304720701,62.09533024155898,0.3990228174233486,217.6590452967124
2,0.1003175480208368,0.1280328798939861,37.49982318950699,0.3805147764569201,219.95860949584383
