PrincipalComponent,coi,c1i,a1i,c2i,a2i
1,1.025702542609891,1.870907009288703,80.22903271273653,0.0298066446735066,220.70695150787276
2,0.0213256703692324,0.0465291550812432,41.367731470863866,0.0630778424541809,225.0950994704105
