PrincipalComponent,coi,c1i,a1i,c2i,a2i
1,0.9468397834097626,1.24375681925668,67.61837233078096,0.339760895630541,218.17543655068224
2,0.0846715558271729,0.1002430821223221,38.54390925274978,0.3259658531114254,221.4144381099504
