PrincipalComponent,coi,c1i,a1i,c2i,a2i
1,0.8868187946271728,1.172008196767946,70.94747716370672,0.2003095449567632,250.0
2,0.1298921208007299,0.1773006485479722,77.60042710660413,0.3400345508847492,189.88789885063431
