PrincipalComponent,coi,c1i,a1i,c2i,a2i
1,0.9876589696947968,1.873632719315512,80.80313728122462,0.0,221.92598760762107
2,0.0170054608180929,0.035796094708675,41.86898076068604,0.0363554244541446,225.672639762206
