PrincipalComponent,coi,c1i,a1i,c2i,a2i
1,0.7066443679968151,0.7280461396262772,48.4579197739095,0.4802074750813074,235.59586556570875
2,0.2072023792557207,0.4481881062489298,70.61638421008404,0.4181326338582534,210.68527394509763
