PrincipalComponent,coi,c1i,a1i,c2i,a2i
1,0.6684356774534506,0.6779972099314049,46.586920152995106,0.5285289208504237,231.14700779294125
2,0.2229078336003949,0.5286724891299155,65.37357494973105,0.4295111531272965,215.12317853920905
