PrincipalComponent,coi,c1i,a1i,c2i,a2i
1,0.8181218421940953,0.9497559905478862,62.7180410045728,0.2932975416638559,250.0
2,0.1701012348969047,0.2927771484266522,80.23330920617013,0.3679218500919795,196.49164234998543
