PrincipalComponent,coi,c1i,a1i,c2i,a2i
1,0.983593123335018,1.3897850546724584,73.50642015448004,0.2824005687644297,218.32727693453472
2,0.0736803822784031,0.0778116948197272,39.625200217957634,0.2778808643797023,222.8301502123328
