PrincipalComponent,coi,c1i,a1i,c2i,a2i
1,1.0038129758574397,1.9128208415110175,80.55687044540934,7.291069625735453e-18,221.44174993120015
2,0.0174016666344877,0.0281659360145421,41.59171356237905,0.0366233591201351,225.41497766416796
