PrincipalComponent,coi,c1i,a1i,c2i,a2i
1,0.9944208251564316,1.5185546468873723,76.10855231135449,0.2254865117857729,218.8878665219953
2,0.0601213884373916,0.0650500227619962,40.24035162356586,0.2305818784926551,223.62633901504805
