PrincipalComponent,coi,c1i,a1i,c2i,a2i
1,0.8594151647743349,1.0769731787686354,68.36162573184194,0.2299034164464237,250.0
2,0.1466505374874316,0.2256540622493298,78.21957849812135,0.3572881581822935,193.10022585590312
