PrincipalComponent,coi,c1i,a1i,c2i,a2i
1,0.9646044369323192,1.3231066739892716,71.17264250260702,0.3080158592556648,218.20041256143728
2,0.0792413142414912,0.0893741377181937,39.19935573889585,0.2987161030133552,222.2447351885912
