PrincipalComponent,coi,c1i,a1i,c2i,a2i
1,0.7452939722304701,0.8118827124964633,53.87975785448256,0.4084298145448133,248.86937476662453
2,0.2030924911119546,0.3947948305941613,81.53169703282529,0.3746410667927201,200.33535576881928
