PrincipalComponent,coi,c1i,a1i,c2i,a2i
1,0.932554669844056,1.2077984705450129,65.97422590009556,0.3556091156028474,218.08907452006056
2,0.0877567088596547,0.1058708470129136,38.219596604644906,0.340225688437039,221.00615411443096
