PrincipalComponent,coi,c1i,a1i,c2i,a2i
1,1.018795238192598,1.6820829663014256,77.90262528918034,0.1386137229368528,219.73398288733
2,0.0422961004722976,0.0532463896788394,40.72426670693093,0.1556773746524222,224.27452613777373
