PrincipalComponent,coi,c1i,a1i,c2i,a2i
1,1.008447775356899,1.9228486790011987,80.69237428868203,4.169240875596689e-17,221.13092196858227
2,0.0167603052550901,0.0364822547732855,41.54428702708398,0.0374087580316063,225.33997539720232
