PrincipalComponent,coi,c1i,a1i,c2i,a2i
1,0.6558379104333862,0.7705244680286497,48.02579228083974,0.5978477194985651,216.537287497357
2,0.1581071112465028,0.2204009779728885,35.57101020607293,0.2751670287918857,216.65465247706615
