PrincipalComponent,coi,c1i,a1i,c2i,a2i
1,0.6620218190530406,0.9578990225477796,47.2390574158097,0.4727437658581245,216.45076942186537
2,0.1259852568325333,0.1014900790608616,34.24732750276969,0.2702875788520675,216.39619628739197
