PrincipalComponent,coi,c1i,a1i,c2i,a2i
1,0.6608156995231392,0.696860610256334,47.545764003447815,0.6406920029619315,216.41077994494432
2,0.1713384719021714,0.2552736167871856,36.16043008029243,0.312549934795161,216.52368157240224
