PrincipalComponent,coi,c1i,a1i,c2i,a2i
1,0.6322630091835735,0.7413552509929141,44.73110839881005,0.6024021137255314,215.5357898254248
2,0.1545309829787738,0.2730688980876603,35.193444041848906,0.3547776778002276,215.51572460580476
