PrincipalComponent,coi,c1i,a1i,c2i,a2i
1,0.6521305130108285,0.758325582095314,45.0065560547476,0.4304660914302796,216.55715051816625
2,0.1576899177238443,0.285654800969084,36.21451798904437,0.3073124583163019,216.04368887301857
