PrincipalComponent,coi,c1i,a1i,c2i,a2i
1,0.6625846138181678,0.7051265436704663,47.90021831054244,0.6340434271713783,216.5284452449978
2,0.1704613768255857,0.2545817674860018,36.223143813662745,0.3031628919331647,216.65343999110692
