PrincipalComponent,coi,c1i,a1i,c2i,a2i
1,0.6606356832880627,0.7377975315026781,48.32440428243516,0.6180419760945179,216.62783309544812
2,0.1637147443478234,0.2407136591809361,36.028766639575075,0.2836491768936575,216.77692208236783
