PrincipalComponent,coi,c1i,a1i,c2i,a2i
1,0.6562811748898107,0.8200316196708818,47.94584229479592,0.5651540623069392,216.51472614753507
2,0.149054866510933,0.1959947263723126,35.20434611089855,0.2660376693244055,216.60363296271143
