PrincipalComponent,coi,c1i,a1i,c2i,a2i
1,0.6802254079251598,0.7465898023307382,47.9195568324878,0.53137325835009,216.66274600059003
2,0.1591566501155836,0.2725734842171303,36.0790709739789,0.3493447850435012,216.66608770971536
