PrincipalComponent,coi,c1i,a1i,c2i,a2i
1,0.6561900030327061,0.6874648187463814,47.1791472014605,0.6459788337491473,216.2607387308383
2,0.1707729041142967,0.2598012730443361,36.154725872386926,0.3281889671306181,216.3804157805973
