PrincipalComponent,coi,c1i,a1i,c2i,a2i
1,0.6581814566955609,0.8677427465470459,47.59401557241779,0.5308482913721705,216.44400099748793
2,0.1391171221532819,0.166185185910575,34.792762561917435,0.2634387814388492,216.48424659251188
