PrincipalComponent,coi,c1i,a1i,c2i,a2i
1,0.6618837546560462,0.9325956787368258,47.34283520444797,0.4883489775469107,216.43310757988857
2,0.1294000142024602,0.1211418202521927,34.37088585471391,0.2679911358349715,216.41625782902292
