PrincipalComponent,coi,c1i,a1i,c2i,a2i
1,0.6437136164985072,0.7475472338456374,43.385269922401385,0.516894142034905,215.89190320822368
2,0.1426100130651474,0.3032163358933986,35.916209510920865,0.2971689517523049,215.51081637681
