PrincipalComponent,coi,c1i,a1i,c2i,a2i
1,0.6556649119021088,0.6957702088261729,47.12554583230351,0.6353876663853567,216.2465217374791
2,0.1672975952209234,0.2650173130380152,36.26644379742935,0.3380417525777753,216.36512417616845
