PrincipalComponent,coi,c1i,a1i,c2i,a2i
1,0.667139037869113,0.977629910995047,47.16276017714198,0.4632599526404024,216.4664381319376
2,0.1218499213217939,0.0833580587774494,34.16399518473339,0.269390146945185,216.383711986391
