PrincipalComponent,coi,c1i,a1i,c2i,a2i
1,0.6951141517695087,0.7480751829037758,51.2046140755384,0.4743339091494282,218.18901682001575
2,0.164961324709204,0.2839109835936128,38.357582156707934,0.3111435019275908,218.12074486248915
