PrincipalComponent,coi,c1i,a1i,c2i,a2i
1,0.689433393726005,0.732828599732366,48.86180037724469,0.4449272439611432,217.66254531507423
2,0.1631407436000535,0.2853752721582641,37.644538715075896,0.2901386067632047,217.3744879309424
