PrincipalComponent,coi,c1i,a1i,c2i,a2i
1,0.6232407918358018,0.8499961462553979,46.97515131896832,0.5340931141255421,216.431475379276
2,0.1575945100786848,0.1891523212974061,34.87886051044248,0.3124471045007782,216.34302804797585
