PrincipalComponent,coi,c1i,a1i,c2i,a2i
1,0.6070376705530554,0.6850907375363147,42.055184115067455,0.5098376223986355,226.60762359686476
2,0.2251760194629756,0.4491303878333271,67.08212879724641,0.1573119526966834,222.0414175441532
