PrincipalComponent,coi,c1i,a1i,c2i,a2i
1,0.6639642095855224,0.6672035248503632,51.22367148488629,0.5339875719637834,219.24248636096505
2,0.1938952676477787,0.3583628854092276,41.68535060420242,0.3223317439752231,218.8929262016172
