PrincipalComponent,coi,c1i,a1i,c2i,a2i
1,0.6301547279622803,0.9040106806321724,46.87809717827342,0.5045334672795296,216.3492224836726
2,0.1488296063690707,0.1430914308008662,34.39451908987502,0.3167506791883902,216.2657069146288
