PrincipalComponent,coi,c1i,a1i,c2i,a2i
1,0.6299395390071273,0.6327042921603766,47.65827605178439,0.6674121594278818,217.24050194772903
2,0.1983422961139593,0.318742049885571,38.558732393141234,0.3456561614159886,217.10322089873085
