PrincipalComponent,coi,c1i,a1i,c2i,a2i
1,0.6445894811227076,0.6519549082356502,45.41944418791257,0.5325156639898444,225.85408281439848
2,0.2250408216608684,0.4303655472956895,63.91729742764689,0.169048239207062,222.49959380391152
