PrincipalComponent,coi,c1i,a1i,c2i,a2i
1,0.6203900039775692,0.7384129630248363,47.79266156951273,0.6053294176180055,216.89952149535353
2,0.1775609275609641,0.2656249624310052,36.584063467699146,0.3094283671079069,216.84503338093344
