PrincipalComponent,coi,c1i,a1i,c2i,a2i
1,0.6500020401549114,0.6696447265482437,47.7945416684846,0.5792195388155978,217.3076021749001
2,0.1850821593712492,0.3401913613041721,38.249940922712995,0.3779982255529538,217.1074006029643
