PrincipalComponent,coi,c1i,a1i,c2i,a2i
1,0.6253991561841891,0.615825094245003,46.97826932594332,0.6789943071009359,217.05165453778343
2,0.19824299252255,0.3227197407050281,38.67507962992998,0.3699766158450685,216.8665621490813
