PrincipalComponent,coi,c1i,a1i,c2i,a2i
1,0.5989409458357051,0.6723678570335443,40.2218632963319,0.5962874181173806,223.4042913962252
2,0.2055651434352216,0.4394597162543007,60.04851060037053,0.1864657939681796,220.2952892093216
