PrincipalComponent,coi,c1i,a1i,c2i,a2i
1,0.6277794984835072,0.662019604556651,48.109412754118864,0.6529681523043399,217.2368864177905
2,0.1912674669203553,0.3060322024900734,38.04044957975502,0.3280000629421322,217.1682132046908
