PrincipalComponent,coi,c1i,a1i,c2i,a2i
1,0.6252182703761319,0.6232392106800914,46.89326542503778,0.6706357926733019,217.06031200054304
2,0.1941821578555021,0.3297853088204573,38.90080310800964,0.3766584010398096,216.8584375547238
