PrincipalComponent,coi,c1i,a1i,c2i,a2i
1,0.6035610720989144,0.6674116669799001,44.42976635550248,0.6402698476186975,216.18654272968635
2,0.1794604600248129,0.3383749041371724,37.44988210291237,0.3918107195436727,215.88950955792689
