PrincipalComponent,coi,c1i,a1i,c2i,a2i
1,0.6200067122592341,0.7833703813626319,47.306947811289774,0.5757781571794094,216.6537795705108
2,0.1681928440916305,0.2371862653024768,35.791089020607984,0.3057033900804042,216.5759549188355
