PrincipalComponent,coi,c1i,a1i,c2i,a2i
1,0.6217895424156437,0.6921245299229007,47.808516983243976,0.6351745659531317,217.0267139249036
2,0.1861081000549526,0.2868025042658637,37.257481879219306,0.3198807115518603,216.9619420126058
