PrincipalComponent,coi,c1i,a1i,c2i,a2i
1,0.6292629961010306,0.6251246507337694,47.47580803200131,0.6729570871053401,217.20076066255064
2,0.1996708834380832,0.3182478128482547,38.600347456862494,0.355063091611566,217.0394655758188
