PrincipalComponent,coi,c1i,a1i,c2i,a2i
1,0.624553679283418,0.8786972629904547,46.916690028631045,0.5163531511894353,216.38599069912007
2,0.153601302065535,0.1658965426113918,34.60232323851363,0.3163450366085304,216.2916359746129
