PrincipalComponent,coi,c1i,a1i,c2i,a2i
1,0.7299010858448732,0.8078805724641844,51.321237343893465,0.4002305561505157,217.9107396098011
2,0.1377067438963475,0.2334830940677286,36.98394930589384,0.2657330669803568,217.8796001140638
