PrincipalComponent,coi,c1i,a1i,c2i,a2i
1,0.6698582021319333,0.8130759939658523,47.255355397119295,0.5797889955261812,215.8885627928514
2,0.1348625941385045,0.2213991487412686,34.965046652985286,0.3088218848921432,216.15376642974857
