PrincipalComponent,coi,c1i,a1i,c2i,a2i
1,0.7015100123728382,0.7671385364608279,50.2889221204365,0.6211345606702472,216.725924857875
2,0.1470946422244122,0.2084918698116165,35.89350476737697,0.2610442489112875,217.1861627448864
