PrincipalComponent,coi,c1i,a1i,c2i,a2i
1,0.7352413406186388,0.8305707697910497,54.0140482099514,0.4256668984193627,218.47640163758967
2,0.1408644356731453,0.2291242976013971,37.65780147193016,0.2839912721193379,218.69531224360588
