PrincipalComponent,coi,c1i,a1i,c2i,a2i
1,0.6916870323277345,0.8270255836141782,47.00077747598713,0.3954758594450822,216.76600626953956
2,0.1333253884377641,0.2340286110090729,35.6427711010795,0.2805375657315529,216.46502121501533
