PrincipalComponent,coi,c1i,a1i,c2i,a2i
1,0.6953964086485815,0.7577420860148003,49.95925073619604,0.6259741552550326,216.57319456303952
2,0.1482009138046683,0.2124119223784275,35.86504164417357,0.2776983137821263,217.048162604476
