PrincipalComponent,coi,c1i,a1i,c2i,a2i
1,0.703412277431679,0.7774710102925761,50.64270049426853,0.6131540482044069,216.8450992855254
2,0.1456505664514819,0.2070890085652258,35.95513657290946,0.2517920764971545,217.31651413909935
