PrincipalComponent,coi,c1i,a1i,c2i,a2i
1,0.7053063841069318,0.9445806488822208,50.00324728235306,0.5020331860320146,217.05395454183935
2,0.1106640904925324,0.1150267505358278,35.05426138511054,0.2156801809333474,217.2401668531107
