PrincipalComponent,coi,c1i,a1i,c2i,a2i
1,0.7015879832475316,0.8487901679842704,50.69764568161809,0.5707067103103701,216.98979945844505
2,0.130225433834101,0.168074371529376,35.554312449581246,0.226454170952313,217.39929946701935
