PrincipalComponent,coi,c1i,a1i,c2i,a2i
1,0.6809185988543223,0.8181428403590584,45.35727154181852,0.4829120064338715,216.04493555964
2,0.1203077391239074,0.2479271778679676,35.20625159298104,0.2719620211445958,215.89113774202863
