PrincipalComponent,coi,c1i,a1i,c2i,a2i
1,0.7034067997482027,0.9004055881050139,50.60430384793482,0.5342832347684767,217.0961263112754
2,0.1204837035454737,0.1432847231277913,35.36125662059612,0.2180744283188048,217.39929563055048
