PrincipalComponent,coi,c1i,a1i,c2i,a2i
1,0.7078991058604229,1.0037775214298983,49.63451229157357,0.4616332032436782,217.0535635234583
2,0.10165290120598,0.0757755699604341,34.80039394310029,0.218440698606297,217.14752064757792
