PrincipalComponent,coi,c1i,a1i,c2i,a2i
1,0.6943065637230448,0.76715762362621,49.866140856991485,0.6136448966537482,216.55003272832144
2,0.1450938343456203,0.2166108329578994,35.915520951613196,0.2894087050381205,217.0136311865301
