PrincipalComponent,coi,c1i,a1i,c2i,a2i
1,0.7077259805034746,1.0248377328877245,49.4982214642729,0.4477321137188475,217.0562799925852
2,0.0986711978860122,0.0596305757574436,34.73173418869448,0.2198214329523578,217.1172694975432
