PrincipalComponent,coi,c1i,a1i,c2i,a2i
1,0.7115078972226154,1.0398392265224758,49.33025425636415,0.4407779996176542,217.02051381446256
2,0.0951574051091756,0.0456456719361394,34.658120138261765,0.2179347244425553,217.07417861365303
