PrincipalComponent,coi,c1i,a1i,c2i,a2i
1,0.7186292407889363,0.8233233299224745,50.51081605760201,0.4974424228103098,217.048387052608
2,0.1378785213735742,0.22005104503866,35.87173159766658,0.3104372840936219,217.30572123268223
