PrincipalComponent,coi,c1i,a1i,c2i,a2i
1,0.77229172949967,0.8727031448459758,55.94612025945716,0.6049333197650205,217.71216583943635
2,0.1027294489325821,0.1509682923924787,36.62331658017756,0.2106402368165231,218.81927600518543
