PrincipalComponent,coi,c1i,a1i,c2i,a2i
1,0.7852678679854848,1.094260251920384,53.66125169841947,0.4593406997548583,218.04143602915653
2,0.0534712421809023,0.0191569350921592,35.76150028174629,0.1376650224358235,218.4211518488179
