PrincipalComponent,coi,c1i,a1i,c2i,a2i
1,0.7886092624095437,1.0034016019709042,55.485920811783,0.5266895802110689,218.1856879787296
2,0.0695825846767911,0.077490021884534,36.28075526923762,0.1425380520675131,218.88373344047355
