PrincipalComponent,coi,c1i,a1i,c2i,a2i
1,0.8082061614390701,0.9156127054207772,56.454369071732735,0.3575624350613115,219.0154467769289
2,0.0925749937465713,0.1612864925465682,37.25547348738133,0.2289262183548399,219.37160540058971
