PrincipalComponent,coi,c1i,a1i,c2i,a2i
1,0.7850413325297442,0.8733281873314763,55.96019835456511,0.6167173159315603,217.83575224346723
2,0.0984080394720244,0.1392537121953384,36.557366443370086,0.1825141561675617,218.87282170926707
