PrincipalComponent,coi,c1i,a1i,c2i,a2i
1,0.7881888823338951,1.0384182427094604,54.69691415658706,0.4986469408869977,218.11411319486683
2,0.0619344132274272,0.0561295742349942,36.04448940078378,0.1388704813106575,218.67948666268717
