PrincipalComponent,coi,c1i,a1i,c2i,a2i
1,0.8119815465030525,0.9474086071074092,59.28802580265582,0.38328614202894,219.53293121826175
2,0.0958193457362439,0.1564317002121385,37.92514439648457,0.23825270772725,220.19845816523863
