PrincipalComponent,coi,c1i,a1i,c2i,a2i
1,0.7888602035636509,0.9556971274190544,55.866328953197645,0.5627826185924408,218.1292780433501
2,0.0781648737909433,0.0983012445913719,36.39730114469384,0.1504843785256351,218.9535283401317
