PrincipalComponent,coi,c1i,a1i,c2i,a2i
1,0.7537810634553744,0.9141370454533706,49.458178502452554,0.4614349279977283,216.95605509923763
2,0.0815680928801702,0.1709690411612708,35.33700192681106,0.2327397970099489,217.090174260895
