PrincipalComponent,coi,c1i,a1i,c2i,a2i
1,0.7764113152855379,0.8627091276944253,55.941960458055334,0.620226051013807,217.71123856403884
2,0.1028250898777626,0.1454646774772232,36.560066579880946,0.198294035860828,218.82064615732256
