PrincipalComponent,coi,c1i,a1i,c2i,a2i
1,0.7879109044322666,0.8853178080210051,56.18508999457288,0.6075870831291058,217.9397115294397
2,0.0956624295085587,0.1366632379465743,36.58796804425578,0.1741922294231958,218.9624265990408
