PrincipalComponent,coi,c1i,a1i,c2i,a2i
1,0.7414183814161082,0.9112018726524824,52.32981863695585,0.5777227647390969,216.96562275336473
2,0.099993014177372,0.151836655651921,35.63976787489056,0.2357667932933272,217.71742062570007
