PrincipalComponent,coi,c1i,a1i,c2i,a2i
1,0.7910084112944128,0.9240074181140374,56.36737332517322,0.5852134298429965,218.10503615841225
2,0.0850024769954331,0.1184774726696524,36.57080194545174,0.1574012709481783,219.06375656375735
