PrincipalComponent,coi,c1i,a1i,c2i,a2i
1,0.787433741250655,1.0809438246479792,53.97728066467411,0.4681400032909682,218.0715305973941
2,0.0555082763679329,0.0291263714225981,35.83788314583669,0.1381848598438222,218.50284563634773
