PrincipalComponent,coi,c1i,a1i,c2i,a2i
1,0.7875612610209772,1.101792615239579,53.48397261585913,0.4551290227267202,218.03386001933936
2,0.051164069797034,0.011628033295754,35.716251754010095,0.1346992033221145,218.37834251948104
