PrincipalComponent,coi,c1i,a1i,c2i,a2i
1,0.7939429982389811,0.9294161885415234,55.58504566938866,0.4768767956288116,218.1459520037132
2,0.0968302698825739,0.1494907607808945,36.5141245523245,0.250249233223691,218.854189946092
