PrincipalComponent,coi,c1i,a1i,c2i,a2i
1,0.8350959828546509,1.070723845902412,57.29443245400504,0.5607736687109933,218.35572153843145
2,0.0364528025173675,0.0272665851442198,36.581046397514434,0.0828314203976074,219.360577097998
