PrincipalComponent,coi,c1i,a1i,c2i,a2i
1,0.8621916756208068,1.0128649715612197,62.71522296741189,0.4086599347773783,219.9971012074875
2,0.0684349150600134,0.1086620347131417,38.372365334150174,0.2002430250414531,221.1412870222545
