PrincipalComponent,coi,c1i,a1i,c2i,a2i
1,0.8308368063150331,1.0975257750365677,56.15493368811589,0.5407513660733422,218.2693853600327
2,0.031764252348992,0.0104282964443282,36.30833000117927,0.080722794145224,219.06834874496505
