PrincipalComponent,coi,c1i,a1i,c2i,a2i
1,0.8164303911468173,0.9773166212796146,53.62965122417622,0.4033291421018939,218.11323065846105
2,0.0645710873750578,0.1075256310562427,36.06758864925094,0.2156233005667913,218.39196237451395
