PrincipalComponent,coi,c1i,a1i,c2i,a2i
1,0.840841997332162,1.0043108734014194,58.7196426718729,0.6198498148927023,218.39462687415505
2,0.0483618747427924,0.0566644234627409,36.91675938548523,0.094272992431056,219.702231624042
