PrincipalComponent,coi,c1i,a1i,c2i,a2i
1,0.8278871757609441,0.9377823955122948,59.7004870510669,0.6505623255138127,218.01964734042772
2,0.0720117479592932,0.1006397943475377,37.159266095791665,0.1529611084343614,219.80138138534025
