PrincipalComponent,coi,c1i,a1i,c2i,a2i
1,0.8277929627922375,1.1054986045298651,55.33021859766029,0.5360217371361995,218.13040428391267
2,0.0287483616543122,0.0020036684793379,36.094488042187336,0.0758452981354292,218.836505191066
