PrincipalComponent,coi,c1i,a1i,c2i,a2i
1,0.8421290133772301,0.9347177963143706,59.4587156679798,0.6672513626176007,218.1080610051407
2,0.0655683731200274,0.0897024550216,37.07461393745538,0.1242818166452207,219.7789791152147
