PrincipalComponent,coi,c1i,a1i,c2i,a2i
1,0.8562725163504792,0.9777447602410696,59.44786651737285,0.3814648235969826,219.4506751117939
2,0.0669780106633299,0.1099404279769416,37.5769954464999,0.200922167050286,220.2039718525577
