PrincipalComponent,coi,c1i,a1i,c2i,a2i
1,0.7930626382240253,0.969559139777335,55.758723760607346,0.6265512172508387,217.33992159541265
2,0.0742025787176351,0.102776678080045,36.17901862014104,0.1801990451287032,218.6462956888929
