PrincipalComponent,coi,c1i,a1i,c2i,a2i
1,0.8454899113178959,0.98067555984359,59.54889478611408,0.6369992797202909,218.3910378777212
2,0.0538204006455407,0.0722543004192858,37.100524330484646,0.1008138427676155,219.8930132818897
