PrincipalComponent,coi,c1i,a1i,c2i,a2i
1,0.8270501230529556,1.105197844709765,55.69378756453934,0.5354994529747782,218.1961049714967
2,0.0303340553889222,0.0050098331055739,36.18914706600124,0.0791626397128978,218.93848200528208
