PrincipalComponent,coi,c1i,a1i,c2i,a2i
1,0.8386220444534607,1.0445363836325052,58.275515627347346,0.5850688270988593,218.44613555943525
2,0.0419925695112041,0.0415931387403188,36.82172760012755,0.0869219915842468,219.6153929055962
