PrincipalComponent,coi,c1i,a1i,c2i,a2i
1,0.8028723317019169,0.9655306550231842,51.874154215002115,0.502828633242704,217.3009559638686
2,0.0563623975195392,0.1180626597019027,35.54244565514605,0.200156301866296,217.74659455952377
