PrincipalComponent,coi,c1i,a1i,c2i,a2i
1,0.8412812185814108,0.9874218986157448,58.917636881652115,0.5179051186577905,218.56215713120488
2,0.0737766243292827,0.1028486728092607,37.06509889983668,0.2023403868096306,219.7685367256064
