PrincipalComponent,coi,c1i,a1i,c2i,a2i
1,0.8443980626519304,0.9463237132428868,59.530474251553024,0.6582385843565238,218.1898178876138
2,0.0629272147289103,0.0872446938796312,37.094707582939705,0.1166172852489328,219.8260451940966
