PrincipalComponent,coi,c1i,a1i,c2i,a2i
1,0.8330231558347803,0.9263167083474716,59.59610952721455,0.6687627828692406,217.99357240648848
2,0.0704965264764841,0.0954718938484409,37.09888150353879,0.1398089111491998,219.7735528818448
