PrincipalComponent,coi,c1i,a1i,c2i,a2i
1,0.8792199232331269,0.9877080142617224,62.0676206090188,0.7004430373754377,218.18501775647223
2,0.0421942253294098,0.058607337084003,37.56917958820999,0.0723948933066419,220.4192117158846
