PrincipalComponent,coi,c1i,a1i,c2i,a2i
1,0.8470568949049685,1.0989367969582524,56.56696440062425,0.6001406964052828,218.1637042506739
2,0.0185170664908703,0.0044209949485115,36.29626290190187,0.0369261982480768,219.1145768125228
