PrincipalComponent,coi,c1i,a1i,c2i,a2i
1,0.8700421891895962,0.9702794497139834,62.193716634528464,0.7115624330783044,217.95792217731957
2,0.0476830754232796,0.0652339781048287,37.57254368236746,0.0935334777258563,220.37933455090112
