PrincipalComponent,coi,c1i,a1i,c2i,a2i
1,0.8587863990393212,1.0853693715187005,59.05196967279082,0.6121493273976163,218.45561535415263
2,0.0238131315766307,0.0166415586256854,36.935702875745136,0.0439771385523282,219.79969928061504
