PrincipalComponent,coi,c1i,a1i,c2i,a2i
1,0.8643619641668473,1.0657601092299906,60.11438450672386,0.635070334556651,218.4685898702642
2,0.0279201661980075,0.0253429975871141,37.18396682395637,0.0475753961259102,220.05276712262813
