PrincipalComponent,coi,c1i,a1i,c2i,a2i
1,0.8884140292117871,1.021906808088726,61.721473185078594,0.408792635314271,219.6686442834796
2,0.0486590505768415,0.0781865428615676,37.987203595413085,0.1725648966391053,220.8051317456383
