PrincipalComponent,coi,c1i,a1i,c2i,a2i
1,0.8514905426337427,1.1006258084841265,57.56597906080265,0.5994939378827852,218.3068059505174
2,0.0204534450229249,0.0073571271824299,36.56228778769605,0.0414408656999332,219.39720549423828
