PrincipalComponent,coi,c1i,a1i,c2i,a2i
1,0.8468309525296943,1.012136607667705,55.57261004757767,0.4400057556579457,218.342820507486
2,0.0481621577021895,0.0782696149878882,36.39626548162318,0.1857471028812609,218.92422780895828
