PrincipalComponent,coi,c1i,a1i,c2i,a2i
1,0.8741825314177919,1.0284076079688804,61.26516966295654,0.5612155543197983,218.66219692873204
2,0.0551064479519673,0.0735543529432609,37.53975922355381,0.1583231688618347,220.35507919721556
