PrincipalComponent,coi,c1i,a1i,c2i,a2i
1,0.8476212349712003,1.1032729214862824,57.086323228205,0.5966078155313119,218.25282100194676
2,0.0194581539537653,0.0048676956750399,36.43687402575618,0.0398167821472275,219.26641664475784
