PrincipalComponent,coi,c1i,a1i,c2i,a2i
1,0.8320099158538657,1.0002703127835897,53.697644230693534,0.5431953195537379,217.46820440216013
2,0.041552129844945,0.0863559511702554,35.828905454989375,0.1692315023382565,218.2192337294109
