PrincipalComponent,coi,c1i,a1i,c2i,a2i
1,0.8698254996742315,1.0331921378312496,60.78670166729994,0.6662416099146372,218.3837904473082
2,0.0320383599872184,0.0355365619853164,37.31158070573593,0.0537177106971014,220.18525030323343
