PrincipalComponent,coi,c1i,a1i,c2i,a2i
1,0.8290622181338686,1.009827070749204,57.9842450540514,0.6751906710302075,217.35536328822533
2,0.0528288367116974,0.0717223374287037,36.583361075286525,0.1328494546913521,219.17941891084473
