PrincipalComponent,coi,c1i,a1i,c2i,a2i
1,0.8775596349414804,0.9767288269846126,61.97862498580984,0.7102991570484096,218.08274930145635
2,0.0441848274833387,0.0603304476478551,37.5462251806033,0.0793151314445866,220.36661157918553
