PrincipalComponent,coi,c1i,a1i,c2i,a2i
1,0.8769952675760022,1.0165871510749902,61.855155751523455,0.6801792975311142,218.37268966183157
2,0.0357411371070482,0.0469073994212802,37.5450415182509,0.0591188755123742,220.42975188591376
