PrincipalComponent,coi,c1i,a1i,c2i,a2i
1,0.865331303827873,0.9832643917407692,62.38138278557654,0.6927308457426459,218.03439573779087
2,0.0489946969358818,0.0701498413430694,37.65572791515281,0.1055709955407621,220.4444044755146
