PrincipalComponent,coi,c1i,a1i,c2i,a2i
1,0.890872428067505,1.0561745078143667,65.14688839090535,0.4401808480938364,220.17565420673196
2,0.0532924972435682,0.0806992156256411,38.8382131412508,0.1648026248957937,221.7629375471086
