PrincipalComponent,coi,c1i,a1i,c2i,a2i
1,0.8679215171938887,1.1182543739913324,58.8890442161545,0.6214072113252934,218.47924550980713
2,0.0159042883764246,0.0098008162614818,36.80340468187868,0.0156141987717318,219.73617939989103
