PrincipalComponent,coi,c1i,a1i,c2i,a2i
1,0.872559658397707,1.121949399937168,59.60531220542093,0.6184981694755968,218.59196546665
2,0.0167108657558285,0.0099717344321385,36.98314412896186,0.017360099426737,219.9413604657597
