PrincipalComponent,coi,c1i,a1i,c2i,a2i
1,0.9075036042581318,1.0698573996116942,65.03933542252038,0.679917322195033,218.56654774973072
2,0.0260462217347954,0.0327671300635172,38.19095458685084,0.0316472567301695,221.2280812998106
