PrincipalComponent,coi,c1i,a1i,c2i,a2i
1,0.9108711679402092,1.0898300144998072,64.53927730916824,0.5646657654955597,218.8960921386484
2,0.0403581483766919,0.0537561561443326,38.20199059611691,0.1226776674169894,221.18551455210977
