PrincipalComponent,coi,c1i,a1i,c2i,a2i
1,0.8602683958050473,1.0472742571801543,55.923303665549405,0.5543250444699165,217.71103748014824
2,0.033848543337836,0.0654699691344624,36.23898476519661,0.1457543290632443,218.80354381050105
