PrincipalComponent,coi,c1i,a1i,c2i,a2i
1,0.8891969773171268,1.1035703834277004,62.596815712426974,0.6447318910438221,218.649171912857
2,0.0217556846203098,0.0188273527379487,37.66287492795253,0.022048303309881,220.6729140846261
