PrincipalComponent,coi,c1i,a1i,c2i,a2i
1,0.8971735258253558,1.0774146156785207,63.53860207357501,0.6731832543586684,218.54770012062943
2,0.0241107518099713,0.0253495302594593,37.86589764899311,0.0267263257720433,220.86751514835743
