PrincipalComponent,coi,c1i,a1i,c2i,a2i
1,0.866161457082364,1.110247668464068,58.18262700047966,0.6277198088163831,218.35000123575577
2,0.015229237404064,0.0112700361010898,36.62724546648418,0.0131393859069778,219.5311921739111
