PrincipalComponent,coi,c1i,a1i,c2i,a2i
1,0.8813686904929985,1.1139229324196551,61.16668062144986,0.6285119870327401,218.60455904061877
2,0.0190466244888196,0.0135064806261361,37.32994380562928,0.0200604902852238,220.31731339576297
