PrincipalComponent,coi,c1i,a1i,c2i,a2i
1,0.9034225852765828,1.0523978030280603,66.50721127018252,0.6840391178558805,218.2010129758285
2,0.0344529385753878,0.0501712839496856,38.46305376369707,0.0712612952961881,221.46205508278172
