PrincipalComponent,coi,c1i,a1i,c2i,a2i
1,0.9130827177660888,1.0484248584522495,65.63269236379129,0.6962177600835578,218.3892177313805
2,0.0300364940528632,0.0415251500049758,38.28463865994676,0.0422519715913291,221.3120922996328
