PrincipalComponent,coi,c1i,a1i,c2i,a2i
1,0.9207650000913488,1.1215157017863246,68.26118821509884,0.4347584082706485,220.4799168387131
2,0.043532198816176,0.0606914253658246,39.45369609976392,0.1360213250498481,222.57155910217548
