PrincipalComponent,coi,c1i,a1i,c2i,a2i
1,0.906349588126692,1.0360271555650615,66.0816421722508,0.7055561941212029,218.13311330772677
2,0.0337450390494316,0.0464426257987931,38.3432769736417,0.0603491314761432,221.3445741977048
