PrincipalComponent,coi,c1i,a1i,c2i,a2i
1,0.9120245815165554,1.0381293102871207,65.55668850788199,0.7068630052597248,218.2461237294728
2,0.031267805279622,0.0428068382934018,38.245193093233254,0.048178444067213,221.25139054787255
