PrincipalComponent,coi,c1i,a1i,c2i,a2i
1,0.878464321376046,1.0624803432342282,57.94800696210034,0.446695043039333,218.66876532967703
2,0.0371659044539705,0.056904330411811,36.86678634400066,0.1633813611752489,219.57630538897743
