PrincipalComponent,coi,c1i,a1i,c2i,a2i
1,0.8677223350536989,1.0689672613530847,61.37565448731817,0.6806869929615568,217.521552956821
2,0.0375139117673169,0.0513397825540389,37.258499215470714,0.0965196746030852,220.0231952675452
