PrincipalComponent,coi,c1i,a1i,c2i,a2i
1,0.9197476952285252,1.0829800411023098,64.70284614349134,0.400772352456438,220.0393215272334
2,0.0382752317865935,0.0567920508956698,38.588923658888795,0.1519883717111405,221.60473423220907
