PrincipalComponent,coi,c1i,a1i,c2i,a2i
1,0.9139976346002672,1.1500485341519957,66.36372194477255,0.6701994741628129,217.84074730746232
2,0.0244779506470058,0.033826398023787,38.260447414020675,0.0569899593118152,221.27448180703675
