PrincipalComponent,coi,c1i,a1i,c2i,a2i
1,0.9469211517227442,1.148145878385398,72.36309552907635,0.6526156943681058,218.5252592629859
2,0.0233102571033974,0.0337631868215728,39.6601589360862,0.0355361193243627,222.9172287736212
