PrincipalComponent,coi,c1i,a1i,c2i,a2i
1,0.9545270496688416,1.172317572648918,69.01756928811508,0.5592930461504118,219.1950526070921
2,0.0280173255659217,0.0335936130939594,39.10637479345878,0.0821451937070835,222.3057705970125
