PrincipalComponent,coi,c1i,a1i,c2i,a2i
1,0.8971440531524504,1.1474477019638885,62.5077603958587,0.6311070499552603,218.8840903830033
2,0.0185541187733406,0.0174538033631974,37.63194335058081,0.0003111749843989,220.693652497328
