PrincipalComponent,coi,c1i,a1i,c2i,a2i
1,0.9427061996002066,1.143717018518454,69.99038708909157,0.6566129346564519,218.98225693935103
2,0.0214328295514081,0.0232862861889352,39.21639864002411,0.0079980777015444,222.49060407033497
