PrincipalComponent,coi,c1i,a1i,c2i,a2i
1,0.9610184519850532,1.2119690142914057,72.89331940155309,0.4162148161521998,220.91102435537013
2,0.0341562857121699,0.0396079766979662,40.419702039389215,0.1015068227189668,223.7608362673849
