PrincipalComponent,coi,c1i,a1i,c2i,a2i
1,0.9091971011589464,1.156366835238133,64.84640250493266,0.6254684330488982,219.0866522632249
2,0.0193977919659084,0.0156347310663346,38.1613550400769,0.002644765083747,221.3070464409244
