PrincipalComponent,coi,c1i,a1i,c2i,a2i
1,0.9516524232741184,1.1318648662732531,70.94248341046195,0.6694299310646933,218.76575701938563
2,0.0227792301274966,0.0280145798262164,39.38356930099469,0.0145680845561811,222.65149501313292
