PrincipalComponent,coi,c1i,a1i,c2i,a2i
1,0.896912314995315,1.1082003156216018,59.4591717066806,0.5616706257185087,218.15051190988004
2,0.0288263551511627,0.0458596335186969,36.95251434861427,0.1168051810681191,219.74145667004555
