PrincipalComponent,coi,c1i,a1i,c2i,a2i
1,0.9558365439672148,1.167351375305143,69.20175768577192,0.3773092359275585,220.65093602345465
2,0.0329004586121756,0.0363713449015258,39.54204542266355,0.1285884199285827,222.82130524249
