PrincipalComponent,coi,c1i,a1i,c2i,a2i
1,0.9516100576522114,1.1222141933077494,70.90691860045972,0.6815697373938044,218.5611004096017
2,0.0232267709738522,0.0284002082662709,39.3324101535143,0.018883665651035,222.5822121829708
