PrincipalComponent,coi,c1i,a1i,c2i,a2i
1,0.9187687965151627,1.156271273916989,66.58834201073738,0.6354776473405875,219.13696452981037
2,0.0208630312750023,0.0165654093789941,38.54012074056177,0.0032490872601637,221.7363195390165
