PrincipalComponent,coi,c1i,a1i,c2i,a2i
1,0.889504070540139,1.1289238271037052,60.89853789579274,0.6440673184462039,218.6375956035073
2,0.018700945101804,0.0192622776195684,37.244165594744565,5.927545515428476e-19,220.25163082349428
