PrincipalComponent,coi,c1i,a1i,c2i,a2i
1,0.9483650537792796,1.125793701331011,71.73134309944383,0.6778945918158922,218.44090722168752
2,0.0238806319899674,0.0307624034983876,39.501049400944595,0.0275912513056931,222.7477348457099
