PrincipalComponent,coi,c1i,a1i,c2i,a2i
1,0.89193714863548,1.1421235251977742,61.806225462594526,0.6337449321209065,218.7766228879154
2,0.0183022208048705,0.0180527504894344,37.47382614153891,0.0,220.49869487588523
