PrincipalComponent,coi,c1i,a1i,c2i,a2i
1,0.916823567979724,1.1301462664970732,61.65141292000595,0.4439786545172892,219.25061154173363
2,0.0302486501424713,0.0355539348848141,37.65315068317369,0.1388431864885993,220.59648736518676
