PrincipalComponent,coi,c1i,a1i,c2i,a2i
1,0.9294645225012949,1.1395330931477703,67.95366870037314,0.6586161161123107,218.98117258915576
2,0.0213094607685151,0.0195920088493741,38.79474600119738,0.0051295283214219,222.01099890653447
