PrincipalComponent,coi,c1i,a1i,c2i,a2i
1,0.9382640720362496,1.1435973732535762,68.3979946806132,0.6664936074158923,218.97988882969128
2,0.0218746306980691,0.0190460823805464,38.86368900254977,0.001056114184686,222.10711665788483
