PrincipalComponent,coi,c1i,a1i,c2i,a2i
1,0.9166833752746324,1.155080364017144,65.09510108312605,0.6366712735842797,219.00641653077255
2,0.0209608011326964,0.0168773802585402,38.18174016767724,2.873353600830901e-20,221.3338162194193
