PrincipalComponent,coi,c1i,a1i,c2i,a2i
1,0.9259758001747164,1.1347231064009524,61.79261659684492,0.4605792074666232,219.1294786613229
2,0.0300137492406759,0.032270352810762,37.62602863121222,0.1289725235383586,220.58490798636615
