PrincipalComponent,coi,c1i,a1i,c2i,a2i
1,0.896242241956234,1.1239925464654,61.0544896525303,0.6570750650883063,218.47222610858464
2,0.0212970772434479,0.0204377576572834,37.23184346865203,1.4782596578964613e-18,220.2224181030604
