PrincipalComponent,coi,c1i,a1i,c2i,a2i
1,0.9269819959924424,1.1589962307425243,67.00369405528883,0.6431342449779491,219.07836220256223
2,0.0219037904261002,0.0169170046014647,38.59517846526504,0.0,221.8083211092086
