PrincipalComponent,coi,c1i,a1i,c2i,a2i
1,0.9071575488768128,1.1123508917782108,59.56602967540231,0.5808655307323594,218.02980144782325
2,0.0274893244010066,0.0421879807228097,36.9419051920174,0.1052915351901539,219.72192541298057
