PrincipalComponent,coi,c1i,a1i,c2i,a2i
1,0.951772015871255,1.1503934156518252,70.48293504882133,0.6632864189601386,218.93263776284607
2,0.0214204617176132,0.0223552248060882,39.27680321068356,0.0026158823266735,222.58001487546153
