PrincipalComponent,coi,c1i,a1i,c2i,a2i
1,0.9042397543487372,1.1449199938955037,62.76759018162171,0.6422247679809265,218.7739053290262
2,0.0209964936082927,0.0179049598595494,37.6417194573817,4.0598059394688323e-19,220.71342274773016
