PrincipalComponent,coi,c1i,a1i,c2i,a2i
1,0.92601953293109,1.157326980338498,66.76897465598132,0.6841207222519171,217.7024712386705
2,0.0220459867474481,0.0305625125966606,38.28365263275774,0.045687298651998,221.31847567731745
