PrincipalComponent,coi,c1i,a1i,c2i,a2i
1,0.9720798131017366,1.2178136991354398,73.11452916071319,0.4346306983375312,220.74760201425633
2,0.0318665633861294,0.0367138398138481,40.371354626057006,0.088096701029678,223.75247366180295
