PrincipalComponent,coi,c1i,a1i,c2i,a2i
1,0.9620210363750228,1.1418730546927096,71.64549133134771,0.6738984433458723,218.64512450314243
2,0.0222755088415125,0.0255838122612886,39.45710434582865,0.0082315129407079,222.76754558891008
