PrincipalComponent,coi,c1i,a1i,c2i,a2i
1,0.966628292529942,1.17989595882177,69.38006936127988,0.5750101173913453,219.03722968826676
2,0.0253113481327586,0.0298832249878251,39.12087006199076,0.0695027932789987,222.3312032765185
