PrincipalComponent,coi,c1i,a1i,c2i,a2i
1,0.9625740443249696,1.1329815305085251,71.68749817813594,0.6858036974337103,218.49018540408048
2,0.0224293216751998,0.025931108003464,39.43430104705902,0.0117688056561543,222.73084171454383
