PrincipalComponent,coi,c1i,a1i,c2i,a2i
1,0.9583703558901592,1.157759566729475,72.90010644467137,0.6616070362911126,218.39761616910656
2,0.0215284033613455,0.0305279197710965,39.70638534574426,0.0263327451390205,222.99556893612544
