PrincipalComponent,coi,c1i,a1i,c2i,a2i
1,0.9597361420776062,1.1362219689313109,72.41104995875676,0.6841707970800249,218.3107657648642
2,0.0224752776346204,0.0277827686017976,39.57443099831784,0.0194893970627213,222.85389917930004
