PrincipalComponent,coi,c1i,a1i,c2i,a2i
1,0.8991472074979552,1.1381163479476435,62.01319517490196,0.6458138890330525,218.67118894820555
2,0.0207753554233086,0.0188078859449475,37.4785785789473,5.978852102577242e-19,220.5096265213275
