PrincipalComponent,coi,c1i,a1i,c2i,a2i
1,0.96568136005463,1.1730692396696634,69.45954459504368,0.3925909510972099,220.5390613189298
2,0.0322453008881434,0.0331838971277091,39.53508619303212,0.1183547484005601,222.8382031829475
