PrincipalComponent,coi,c1i,a1i,c2i,a2i
1,0.9249707869220212,1.123847331668683,60.55443264253335,0.6129702918927876,217.8332459844191
2,0.0256931006046695,0.035176800639002,37.050739783850574,0.0881356610434494,219.8824881557414
