PrincipalComponent,coi,c1i,a1i,c2i,a2i
1,0.9797967321621128,1.1671471896434455,74.46137422964455,0.6766256701853571,218.3201881046236
2,0.0225992390764175,0.0224245911561947,39.90615991184198,0.0033672054422905,223.31880753858184
