PrincipalComponent,coi,c1i,a1i,c2i,a2i
1,0.9416648472546032,1.1486483915906187,63.02838434674792,0.484426727522664,219.05557312114303
2,0.0301365198847351,0.0272216465744565,37.82955781412246,0.1151712417221011,220.83802753031924
