PrincipalComponent,coi,c1i,a1i,c2i,a2i
1,0.9908499941912932,1.2468725048935454,75.03862880531364,0.4475585740008047,220.60303580217305
2,0.0293681900162644,0.0303286027460287,40.68174159472846,0.0685590056394042,224.14244979678875
