PrincipalComponent,coi,c1i,a1i,c2i,a2i
1,0.9781278097980844,1.1731475997596177,75.32926049148907,0.6747849093547287,218.1246768298589
2,0.0217814167559287,0.023663999437112,40.06258800609294,0.0084327462648618,223.47141756450472
