PrincipalComponent,coi,c1i,a1i,c2i,a2i
1,0.9824650294087064,1.1970398567546272,71.21178168964002,0.4066105709866282,220.42595454207057
2,0.0315754173613306,0.0275848766781854,39.83831161682827,0.1028785902436924,223.2015169294237
