PrincipalComponent,coi,c1i,a1i,c2i,a2i
1,0.9403627920232968,1.1699699047572667,68.66549961313922,0.649833600710168,218.90915785812703
2,0.024630487140493,0.0177063040983854,38.87856579769809,0.0,222.13600402099152
