PrincipalComponent,coi,c1i,a1i,c2i,a2i
1,0.9458455491654844,1.1857165160104683,68.97973811109142,0.6910882649082724,217.43718234055217
2,0.0199722156606192,0.0245867672467346,38.60575545236448,0.0298584569916738,221.74352396655567
