PrincipalComponent,coi,c1i,a1i,c2i,a2i
1,0.9779882000134468,1.200617894361132,76.10787543060864,0.6470196724050118,218.15302671059757
2,0.0201711567412478,0.0257417754787112,40.23588054892692,0.0135153445179194,223.65751055484688
