PrincipalComponent,coi,c1i,a1i,c2i,a2i
1,0.952641390998221,1.1606907270918023,70.35664001555554,0.6690568200011435,218.79309694689005
2,0.0243788100015362,0.0174322150886299,39.18590202373824,7.86159536171592e-19,222.49681430055304
