PrincipalComponent,coi,c1i,a1i,c2i,a2i
1,0.9869489020628516,1.2091326304442582,71.49392147250582,0.5853566253596261,218.9088496165714
2,0.022135841621524,0.0238409742949778,39.47301428530176,0.0505114078005934,222.77546343043232
