PrincipalComponent,coi,c1i,a1i,c2i,a2i
1,0.910618202692383,1.134137424106505,63.01242259251118,0.6643355188923387,218.5111802719786
2,0.0233353212552527,0.0264137691340412,37.68191671051685,1.0593239970388284e-18,220.69729925983177
