PrincipalComponent,coi,c1i,a1i,c2i,a2i
1,0.9788959521006692,1.1741669295412729,74.32940042027259,0.6655489828660436,218.53066271179543
2,0.0226305330135248,0.0229795715165124,39.92453742410088,0.000468971546283,223.3488126027364
