PrincipalComponent,coi,c1i,a1i,c2i,a2i
1,0.9074653951284144,1.1182145125390035,61.9850197902909,0.6767516993094373,218.25315309306055
2,0.0236797134947995,0.0292235379146402,37.40525359096123,0.0,220.37580728031793
