PrincipalComponent,coi,c1i,a1i,c2i,a2i
1,0.9284427488345508,1.1604737618276724,66.40787183216322,0.6480085739415495,218.79084986789476
2,0.0239056286896491,0.0204175263203494,38.40616366581546,0.0,221.57575818257249
