PrincipalComponent,coi,c1i,a1i,c2i,a2i
1,0.9671239230598566,1.1756144349615991,72.81044232829966,0.6590736664890002,218.79602156258463
2,0.0234514618063904,0.0191673720041146,39.68900778909131,0.0,223.0757255698168
