PrincipalComponent,coi,c1i,a1i,c2i,a2i
1,0.9157477864048208,1.143553828870695,63.83994597177355,0.6586074770639523,218.55810373532523
2,0.0234548886635038,0.0246239892919309,37.82383296843571,0.0,220.89691767521077
