PrincipalComponent,coi,c1i,a1i,c2i,a2i
1,1.00788548035052,1.2205839916692838,72.4502488437072,0.6042691707728325,218.73966055022711
2,0.0204373029207413,0.0188273146927225,39.55385090420786,0.038120226968427,222.92444108442916
