PrincipalComponent,coi,c1i,a1i,c2i,a2i
1,0.9973999562230632,1.2128563274862212,77.28525687196363,0.6572780097269169,217.98255124685497
2,0.0195710675299423,0.0231523121133101,40.37018588304638,0.0066544264712414,223.8580790051153
