PrincipalComponent,coi,c1i,a1i,c2i,a2i
1,0.9215404546083348,1.104157941845363,62.27879230630628,0.6980278986967483,218.12366367953592
2,0.0252372865521304,0.0406012964620593,37.47726798716021,0.0,220.40234310106004
