PrincipalComponent,coi,c1i,a1i,c2i,a2i
1,0.9987423834584966,1.1802884143072907,75.98896904004788,0.6798161000499675,218.24399837884235
2,0.0232425932015113,0.0213682510474442,40.16319168593937,8.688563749471103e-20,223.63966373559975
