PrincipalComponent,coi,c1i,a1i,c2i,a2i
1,0.9562054892400512,1.166486797695144,69.47054367977172,0.6634606679222047,218.7114417693621
2,0.0264391910236534,0.0231442642111149,38.98134498747728,0.0,222.2510921378933
