PrincipalComponent,coi,c1i,a1i,c2i,a2i
1,0.9980005457831568,1.1901237193495364,77.0133960751919,0.6756702813947587,217.96707901051292
2,0.0215119165053395,0.0223171206295487,40.31303877852426,0.0028534602645392,223.80135734797207
