PrincipalComponent,coi,c1i,a1i,c2i,a2i
1,0.98446609222194,1.181154958720983,73.97705722224565,0.6669861011328997,218.69541830935808
2,0.0252031945597762,0.0194118051218398,39.8639541678216,0.0,223.3001420724317
