PrincipalComponent,coi,c1i,a1i,c2i,a2i
1,0.9243812355682256,1.1207563848543742,63.24425082035658,0.6859015002207354,218.29928914363936
2,0.0247900722440837,0.0371753807521349,37.71129608913595,0.0,220.6830425695377
