PrincipalComponent,coi,c1i,a1i,c2i,a2i
1,0.9975898310804882,1.1856807949208323,75.79876011370098,0.6695076025155692,218.40090814588905
2,0.0243197966943405,0.0200963516132034,40.15669813412747,0.0,223.63954136251417
