PrincipalComponent,coi,c1i,a1i,c2i,a2i
1,0.9602980712156676,1.1541293885904838,63.64355944400915,0.5070738744045984,218.967192764491
2,0.0300547444167304,0.0234502675251297,37.89327025343064,0.1052094975367429,220.9443286455696
