PrincipalComponent,coi,c1i,a1i,c2i,a2i
1,0.9657292115506972,1.1946177995149816,69.77089449993123,0.7093824272881946,217.25902106502744
2,0.0190860731629494,0.0196238069985131,38.64758996911739,0.0210793466236148,221.8492387967482
