PrincipalComponent,coi,c1i,a1i,c2i,a2i
1,1.01217588716646,1.2563291391720337,75.76722754607738,0.4715660230694363,220.41428751690876
2,0.0267695949928323,0.0248566544998833,40.72727615337655,0.0546987539060505,224.23154396334377
