PrincipalComponent,coi,c1i,a1i,c2i,a2i
1,1.0022000584046251,1.2039715156524695,71.8600700009949,0.4302896476736529,220.32114852308473
2,0.030165157176676,0.0236588460743231,39.891758428811194,0.0908449050097083,223.3032891090591
