PrincipalComponent,coi,c1i,a1i,c2i,a2i
1,0.9441291315389904,1.1255349376939456,60.79555137468732,0.6459046504364643,217.663206142084
2,0.0241550562386438,0.0307780436977044,37.00551609259084,0.0741686333270754,219.8708128446837
