PrincipalComponent,coi,c1i,a1i,c2i,a2i
1,0.969322104694702,1.160244843518846,71.24116697046321,0.6813726141031778,218.62690931523497
2,0.0259377443087166,0.0204089445695552,39.31306958238646,0.0,222.64069582357072
