PrincipalComponent,coi,c1i,a1i,c2i,a2i
1,0.9438124064041395,1.1533110959828978,67.10006911111853,0.6638536557370682,218.61686832873423
2,0.0258465797984899,0.02774083611933,38.51565887275712,0.0003182851674596,221.6730789987159
