PrincipalComponent,coi,c1i,a1i,c2i,a2i
1,0.9301031968613722,1.1315814107804951,64.22047633181992,0.6788784234407547,218.39944049116016
2,0.0250401786449157,0.0344029318203946,37.89933949365322,0.0001628712533297,220.9326732485522
