PrincipalComponent,coi,c1i,a1i,c2i,a2i
1,0.9200262214470404,1.0770617163977625,60.20428421241637,0.7362802305015899,217.6993059073269
2,0.0315535394166912,0.0580373399980889,37.03420178421303,0.0055827235370541,219.78051855868355
