PrincipalComponent,coi,c1i,a1i,c2i,a2i
1,0.9549683056576876,1.1369807475067433,66.76255272497725,0.7137809196394387,218.2241397092332
2,0.0329367831066088,0.0330247753117477,38.366926463648845,0.0043844567590648,221.45568043948572
