PrincipalComponent,coi,c1i,a1i,c2i,a2i
1,1.0023772327737572,1.1797896441665818,73.69999371423614,0.7347871737222618,217.54734786257308
2,0.0221408602466234,0.0202604171620257,39.472582700472,0.0,222.84741916788656
