PrincipalComponent,coi,c1i,a1i,c2i,a2i
1,0.9998902934030092,1.1525352579241677,72.36663971153224,0.7369325288739512,217.83800681839188
2,0.0287791783281034,0.0209183839320504,39.28404141443695,0.0,222.62790026270488
