PrincipalComponent,coi,c1i,a1i,c2i,a2i
1,0.9290006139253414,1.103276559633396,61.96064579286437,0.7206216611548831,217.92868618864168
2,0.0322098602960423,0.0474783888656523,37.387214943736225,0.0077060804885187,220.2484965675226
