PrincipalComponent,coi,c1i,a1i,c2i,a2i
1,1.001527838658654,1.1473847220483473,72.50939241237735,0.7489534148169964,217.7112266854605
2,0.0279583195313059,0.0200447452994807,39.2881214998,1.501672577578624e-18,222.62461945431664
