PrincipalComponent,coi,c1i,a1i,c2i,a2i
1,0.9531226898606676,1.126790227276112,59.15523650214545,0.7042344161937714,217.2587452066675
2,0.0233509435008573,0.0262059971853965,36.51594270739272,0.0477926803777367,219.3460266845563
