PrincipalComponent,coi,c1i,a1i,c2i,a2i
1,1.0014977325687393,1.153374429444852,73.20751099529728,0.7541548935474621,217.4532701853362
2,0.0254753521087915,0.019446612926915,39.3694528642252,7.576600744980081e-19,222.71468484605967
