PrincipalComponent,coi,c1i,a1i,c2i,a2i
1,0.967932333544826,1.1587375920536425,62.5641574992351,0.5538332984132662,218.6333739564533
2,0.0320113013163074,0.021670430759324,37.54980327356408,0.0812180619404924,220.57486071016763
