PrincipalComponent,coi,c1i,a1i,c2i,a2i
1,0.9695068696804638,1.1334401842448587,68.51665465261792,0.7316522662597057,218.08548529869532
2,0.0311340129325999,0.0291091842807517,38.65670167786262,0.0019018384697115,221.8195794109901
