PrincipalComponent,coi,c1i,a1i,c2i,a2i
1,0.9723514601114494,1.174979135182204,66.79690529731096,0.7795194479795107,216.91028763475535
2,0.018315797274799,0.0175490463504919,37.888381683732575,0.0072626553223992,221.00837312359135
