PrincipalComponent,coi,c1i,a1i,c2i,a2i
1,0.9427584576322414,1.125473603421057,64.74240642540428,0.7085289582587891,218.21784952094583
2,0.0330422306861152,0.0384623192407367,37.9925563921966,0.0070320676367216,220.98784973004592
