PrincipalComponent,coi,c1i,a1i,c2i,a2i
1,1.0154113462609071,1.1961893382988638,69.19321650880786,0.6876239578819068,218.16150093733427
2,0.0194776384995795,0.0149367782684423,38.65577185698476,0.0177487294934315,221.94202134466912
