PrincipalComponent,coi,c1i,a1i,c2i,a2i
1,0.9233977687387008,1.0940397645115654,61.216348462705625,0.7244470431282557,217.87330009409575
2,0.0312806919659903,0.0527770828731788,37.25731071023126,0.0063930225332013,220.06599553388776
