PrincipalComponent,coi,c1i,a1i,c2i,a2i
1,0.9859623707087511,1.1505057997385328,70.95156250578312,0.7252954705979184,218.10500129991811
2,0.0298066898085429,0.0258345827184009,39.11905402519245,1.2675453112827246e-19,222.38732229063984
