PrincipalComponent,coi,c1i,a1i,c2i,a2i
1,1.0212515464583878,1.2339239694651636,72.65186595762974,0.5571117971444093,219.70652440533473
2,0.0256774705484945,0.0191754594617749,39.83748401550609,0.0298620356444542,223.2524057168924
