PrincipalComponent,coi,c1i,a1i,c2i,a2i
1,1.0110385568623947,1.1908891973548976,69.47313634753228,0.5038489605718265,219.64052221990312
2,0.0296489058600625,0.0201783063489448,39.18548147290766,0.0644027477228884,222.5105970454077
