PrincipalComponent,coi,c1i,a1i,c2i,a2i
1,1.0346397463518344,1.2039006985729486,67.83639572336546,0.6332221506728707,218.881006466128
2,0.0279781210379646,0.0173859062396798,38.53040592036226,0.0052617248458209,221.83039553084657
