PrincipalComponent,coi,c1i,a1i,c2i,a2i
1,1.0110028824448074,1.1348912440538022,67.94774962156052,0.7993595867425115,216.87274699585657
2,0.0272932927938331,0.024074400777401,38.07425649617295,2.1126962332937225e-19,221.25602400571577
