PrincipalComponent,coi,c1i,a1i,c2i,a2i
1,0.9907181475273884,1.1050013068877238,65.36133006858732,0.7747442158884502,217.3917519864985
2,0.0375020505924974,0.034438729479554,37.81214615853023,0.0125530853266922,220.83652990008613
