PrincipalComponent,coi,c1i,a1i,c2i,a2i
1,0.9249256789777536,1.0538427477132442,56.68335407532955,0.7544125408555568,217.0462153840458
2,0.0396789575230494,0.0727120937283983,36.19447815732037,0.0233479004768976,218.73848318789624
