PrincipalComponent,coi,c1i,a1i,c2i,a2i
1,0.9695079924079614,1.134021668321758,56.64271031509734,0.7409417374873013,216.71850484992396
2,0.0238360594355507,0.023753879772933,35.75914306888957,0.0185166706769095,218.56489567026657
