PrincipalComponent,coi,c1i,a1i,c2i,a2i
1,0.9733548906113372,1.0887411460781915,63.24562920181381,0.7763110367223012,217.35589880830256
2,0.0399756079143835,0.0397864921445961,37.41783500878072,0.0163491115324247,220.33687390755537
