PrincipalComponent,coi,c1i,a1i,c2i,a2i
1,1.0096331165739652,1.1125580985678154,67.60373323410296,0.8096984469968036,216.88805130525992
2,0.0304772391446494,0.0258420389381117,38.05953797793121,0.0015449706111296,221.19753794316097
