PrincipalComponent,coi,c1i,a1i,c2i,a2i
1,0.982930880260916,1.150059613848513,62.37959030990703,0.8285500302575411,216.3847598059851
2,0.021857418565208,0.0202956996368217,36.79157457519396,0.0012733080807177,219.78299793389695
