PrincipalComponent,coi,c1i,a1i,c2i,a2i
1,1.0288374994334823,1.178248757747946,65.99079607628846,0.5639233251741309,218.913599298516
2,0.0300387668269222,0.0199318801533615,38.207644446445194,0.0306517294657196,221.44495228151715
