PrincipalComponent,coi,c1i,a1i,c2i,a2i
1,0.957341208620815,1.092979465042821,61.64039774225333,0.7548628297262487,217.4275314840532
2,0.0420971953298448,0.0459917387262977,37.14056268920623,0.0203825501646668,219.98934662222473
