PrincipalComponent,coi,c1i,a1i,c2i,a2i
1,0.9212150480811055,1.0384906319336362,55.756285129469184,0.7637109070606654,216.91339296108973
2,0.0400383274774594,0.078692577623605,36.021861856923245,0.0226100349775448,218.48934058544032
