PrincipalComponent,coi,c1i,a1i,c2i,a2i
1,1.0088570949111777,1.1060822122678329,66.9163986403146,0.800459571397815,217.06529609146588
2,0.0335217247949657,0.0271316408112495,37.97533978054342,0.0057611361817945,221.08733787329257
