PrincipalComponent,coi,c1i,a1i,c2i,a2i
1,1.0286866717692082,1.1686561166725176,64.49416690059212,0.7500088262412674,217.5266935701702
2,0.0205542535932108,0.015721387482046,37.45605095365166,0.0030441923659971,220.6090059439626
