PrincipalComponent,coi,c1i,a1i,c2i,a2i
1,1.0074003063245338,1.1120385923061509,66.96121977305909,0.7851130109749983,217.29139066022125
2,0.0343653750794942,0.029311180271641,38.05272470981657,0.0065134792866814,221.17003245687144
