PrincipalComponent,coi,c1i,a1i,c2i,a2i
1,0.93035744281122,1.0646119768515825,57.40805424974872,0.7500769822548881,217.14273283388027
2,0.0407674911774086,0.0657966317580674,36.32333261060919,0.0251202002576619,218.9289289912393
