PrincipalComponent,coi,c1i,a1i,c2i,a2i
1,0.9448996189095156,1.0838164704395967,59.88059651450312,0.7438048688049108,217.3663005373361
2,0.0419588933191798,0.0535520027916445,36.81879379638675,0.0243196297690977,219.5663773990441
