PrincipalComponent,coi,c1i,a1i,c2i,a2i
1,0.985192731774678,1.1622669675462003,60.26191410604583,0.5932430794706172,218.0700602942534
2,0.0334492522209692,0.0222400327753745,36.853715175712,0.0476387614960286,219.846195324778
