PrincipalComponent,coi,c1i,a1i,c2i,a2i
1,0.930622579849531,1.105305196944735,57.54066934886244,0.6712519324003741,217.56126434462035
2,0.0505397063601782,0.0741924101256385,36.48931691575238,0.065193795194917,219.0618992759372
