PrincipalComponent,coi,c1i,a1i,c2i,a2i
1,0.994361846726987,1.136193975324099,63.83203459854904,0.7252625513351829,217.6477125911455
2,0.0426236441824793,0.0416033777033449,37.554478201381855,0.039820421157955,220.52811302780833
