PrincipalComponent,coi,c1i,a1i,c2i,a2i
1,1.0267704211904811,1.229627248812598,64.77487893246297,0.5360470136255978,219.0136431936766
2,0.0326829645139251,0.02543145420118,37.91822721621459,1.0769380404608348e-19,221.1696226947201
