PrincipalComponent,coi,c1i,a1i,c2i,a2i
1,0.9582938907504742,1.110838342239869,60.38050857793676,0.7093388511174484,217.58806501544672
2,0.0488605160100655,0.0567526371438648,36.96575950065362,0.0555492870067308,219.7186138914872
