PrincipalComponent,coi,c1i,a1i,c2i,a2i
1,0.910297869886164,1.0737421833205911,54.61228683984485,0.6807271679220599,217.2170022832109
2,0.047803895281411,0.0977630483258662,35.98527614546004,0.0630998162189407,218.2980012070607
