PrincipalComponent,coi,c1i,a1i,c2i,a2i
1,0.9998310904817592,1.163653022975046,64.83878000078707,0.7471837969447773,217.37124450069888
2,0.0339502662691331,0.0336216132701652,37.63164525051299,0.0229413210961615,220.6648629173728
