PrincipalComponent,coi,c1i,a1i,c2i,a2i
1,0.9067847861597806,1.0598736151945234,53.873257923907865,0.6873872884231115,217.08886637921657
2,0.0484615015519368,0.1040324668500616,35.8661186939592,0.0623149728104581,218.0977414502028
