PrincipalComponent,coi,c1i,a1i,c2i,a2i
1,0.9762977469065331,1.126449189078349,62.335750131293175,0.711979394165055,217.70486605390565
2,0.0465410475539483,0.0497947447464945,37.33198836331832,0.0492537345510921,220.2052420826135
