PrincipalComponent,coi,c1i,a1i,c2i,a2i
1,0.9980828359176802,1.1380116636169104,64.37375907172309,0.7564854381953443,217.333256481797
2,0.0377007156336753,0.0357461179623678,37.55636609118661,0.0291183315168095,220.55283916957012
