PrincipalComponent,coi,c1i,a1i,c2i,a2i
1,0.9874825155710034,1.2271905524034303,60.54139180400289,0.5491440238525916,218.37702205902633
2,0.0342643363890899,0.0308276676267574,36.93558001056445,0.009963244262831,219.98730101402424
