PrincipalComponent,coi,c1i,a1i,c2i,a2i
1,0.974560583655722,1.195764788489465,60.78696987075631,0.7624314114101354,216.8439029803314
2,0.0276965164250772,0.0290970673211013,36.6389490206623,0.0163723036809391,219.53815375203004
