PrincipalComponent,coi,c1i,a1i,c2i,a2i
1,1.0310538256962345,1.2443622490830415,65.56060869558488,0.6033863443964199,218.97440926028327
2,0.0324224239582175,0.0151318772216748,38.02401316295212,5.492504675161021e-18,221.29481613046465
