PrincipalComponent,coi,c1i,a1i,c2i,a2i
1,0.9161043254316,1.0861262611412272,55.38532847365965,0.6749221909431913,217.344878993623
2,0.0492179248649774,0.0892679220894827,36.10998239270413,0.0654778383409735,218.50619491252016
