PrincipalComponent,coi,c1i,a1i,c2i,a2i
1,0.9435153855165432,1.1156259072286638,59.209081329063686,0.682953199984548,217.7059731878409
2,0.0509414317861056,0.064524350151029,36.79686225668367,0.0609193706400205,219.4859788637327
