PrincipalComponent,coi,c1i,a1i,c2i,a2i
1,0.9968396891364476,1.1323674019086525,63.924430051790566,0.7401738468402406,217.5320900813392
2,0.0411870791130018,0.039020140997349,37.53494334830424,0.037187113472287,220.51123218389364
