PrincipalComponent,coi,c1i,a1i,c2i,a2i
1,0.9696481625502422,1.1963200991328955,56.710212556770166,0.6905140383107896,217.10676878989372
2,0.0278459928831873,0.0247360431769853,35.79630776412045,0.0,218.67667965153424
