PrincipalComponent,coi,c1i,a1i,c2i,a2i
1,1.0192513646503394,1.2070867584924552,62.236313291176224,0.7070912810834606,217.64287915746553
2,0.0268040166576928,0.0229514659567443,37.03925848196672,0.0058771561296057,220.1042084686632
