PrincipalComponent,coi,c1i,a1i,c2i,a2i
1,0.91145250456142,1.1177785815608323,57.228162298664856,0.592731134975094,217.90570909364737
2,0.0557996539886261,0.0843931316714569,36.632108128988826,0.107948702282375,219.10057349294493
