PrincipalComponent,coi,c1i,a1i,c2i,a2i
1,1.0148041904757763,1.2542551979329353,65.1003892724532,0.4912831498212464,219.3402000272249
2,0.0352189035821572,0.0268572748978105,38.08907717502694,0.0,221.35421823589436
