PrincipalComponent,coi,c1i,a1i,c2i,a2i
1,0.978364925046416,1.1572931440774543,64.14107153819593,0.6780587872061759,217.8972164199613
2,0.0443409995265839,0.0426859186145099,37.69879812311822,0.0667373777298575,220.67530240177192
