PrincipalComponent,coi,c1i,a1i,c2i,a2i
1,0.9767649140132652,1.257289011115279,61.43403577182411,0.5027308687881836,218.8045361625412
2,0.0360858770997673,0.035353795968545,37.243725691034136,0.0,220.33629431977843
