PrincipalComponent,coi,c1i,a1i,c2i,a2i
1,0.9584783838381684,1.2232616586251202,61.205848802298945,0.6807299877349482,217.4173285621561
2,0.0327006206145036,0.0343016699116314,36.91670418601014,0.0470006092008854,219.822934969376
