PrincipalComponent,coi,c1i,a1i,c2i,a2i
1,1.0033090192029923,1.2314137216726009,62.48360140696772,0.6372530736220005,218.11731719395453
2,0.0311145490843524,0.0290775969114819,37.28479852468175,0.0276402365765738,220.32355959625752
