PrincipalComponent,coi,c1i,a1i,c2i,a2i
1,0.8974997604854611,1.09836935462693,55.21134497691577,0.5954546504564394,217.65581658993852
2,0.0543563587696111,0.1003529037899713,36.27152905435394,0.1078368011719523,218.5671984786213
