PrincipalComponent,coi,c1i,a1i,c2i,a2i
1,0.9562295391434026,1.139666940322767,61.85890527202259,0.6353567637879871,218.16963660416084
2,0.0528499076205597,0.0581261481251843,37.41684968521107,0.0915039226117303,220.2304916146141
