PrincipalComponent,coi,c1i,a1i,c2i,a2i
1,0.9764351850062548,1.1475652014249889,63.48543576009943,0.6642281296695317,218.0298193244086
2,0.0478459257652473,0.0471090022004784,37.62091166748512,0.0765394725003618,220.5637110663995
