PrincipalComponent,coi,c1i,a1i,c2i,a2i
1,0.958264429258422,1.2259388865770793,57.456354060133826,0.6334689800950124,217.48043111954007
2,0.0287014806852376,0.0313671076706521,36.088397879389504,1.0405689430787836e-18,218.97829989482415
