PrincipalComponent,coi,c1i,a1i,c2i,a2i
1,0.8917002301348183,1.0862025721975397,54.480781138460706,0.6008793372088382,217.53357404907345
2,0.0529148585992471,0.1093343706196924,36.17690141787333,0.1050046723156461,218.37195996112527
