PrincipalComponent,coi,c1i,a1i,c2i,a2i
1,0.9391407646923888,1.1250142796559428,60.051115348757584,0.6299044712346461,218.06977108292904
2,0.0545307884082746,0.0654156350609437,37.0918798984028,0.0987499437607446,219.7861610401678
