PrincipalComponent,coi,c1i,a1i,c2i,a2i
1,0.9807548273081678,1.184326393368231,64.63221891760735,0.6698609816876103,217.9449728077958
2,0.0400619020825639,0.0396720904673505,37.78069542445449,0.0586293207886956,220.79921444679576
