PrincipalComponent,coi,c1i,a1i,c2i,a2i
1,1.0140673577690054,1.2685138669393026,65.57662111298703,0.546528177453957,219.30920681412732
2,0.034597077199273,0.0273066409469492,38.20666606437264,0.0037401052636447,221.42750758171297
