PrincipalComponent,coi,c1i,a1i,c2i,a2i
1,0.9241380992012508,1.1282274834677792,58.7998036488354,0.6049779050778288,218.05065440532613
2,0.0567510052978165,0.0730854715157216,36.89527071693377,0.1046877098546035,219.49815741304917
