PrincipalComponent,coi,c1i,a1i,c2i,a2i
1,0.8880273257664785,1.0721395043497557,53.73823257688702,0.6080304163258592,217.41098572161337
2,0.0536779767783832,0.1153816104259305,36.054292904489515,0.104404189611304,218.1672193873496
