PrincipalComponent,coi,c1i,a1i,c2i,a2i
1,0.9740441445994052,1.1506171820505786,63.385185052904696,0.6491772426196963,218.15174970935365
2,0.0491872512034885,0.0500804089548467,37.653000037159096,0.079859470592877,220.57569063236045
