PrincipalComponent,coi,c1i,a1i,c2i,a2i
1,0.9028293489115746,1.1347987752024178,57.81773143052632,0.5028779102513828,218.49043293524983
2,0.0603100047417314,0.0895708850739133,36.94281440813105,0.1430393494897312,219.41376155179984
