PrincipalComponent,coi,c1i,a1i,c2i,a2i
1,0.9684008606262854,1.1796852702067373,64.89143351767656,0.5851233940282987,218.75915972842796
2,0.0502625503826178,0.046828702869272,38.11458211454858,0.1002542993128895,221.11865470631705
