PrincipalComponent,coi,c1i,a1i,c2i,a2i
1,0.965131642976332,1.1711053613905835,64.04942775155865,0.5563568339862723,218.97420670937672
2,0.0539567251091284,0.0547005094957236,38.02720199965174,0.1149018066363483,220.98744597222563
