PrincipalComponent,coi,c1i,a1i,c2i,a2i
1,0.9727000437355962,1.2767710880404686,62.35905855965226,0.4433695915826794,219.29663992612177
2,0.037672125285561,0.0404349231027753,37.570906069013674,0.0,220.7157725625118
