PrincipalComponent,coi,c1i,a1i,c2i,a2i
1,0.8836041040323994,1.1030475704522305,55.20698464716957,0.5108496673757587,218.09761981078736
2,0.0577959540439438,0.1144994343475436,36.52457844746365,0.1393851017914341,218.7128904133833
