PrincipalComponent,coi,c1i,a1i,c2i,a2i
1,1.0070444412411503,1.2939852101257463,66.40574757830429,0.4654535892381979,219.93604730677268
2,0.0379709932912969,0.030598188771734,38.55903905142115,0.0215144122593745,221.82445455744957
