PrincipalComponent,coi,c1i,a1i,c2i,a2i
1,0.8890117980062954,1.115270569273341,55.860393756394934,0.5057028311578116,218.20892737511505
2,0.0591200842811103,0.1054706497114424,36.60048172062152,0.1424878848743079,218.88589368267665
