PrincipalComponent,coi,c1i,a1i,c2i,a2i
1,0.9966422594724644,1.2579537959028186,63.37259352662685,0.5481752781192738,218.82937706726548
2,0.0345516221738284,0.0314468926525328,37.66721378694859,0.0529719511145448,220.7586731264239
