PrincipalComponent,coi,c1i,a1i,c2i,a2i
1,0.8798641091199821,1.090053233154191,54.51306467482068,0.5168384861733254,217.96897978604127
2,0.0586987433997926,0.1202825510711993,36.39638859289796,0.1387531023558986,218.51661713827048
