PrincipalComponent,coi,c1i,a1i,c2i,a2i
1,0.9708288826252848,1.2082150321513223,65.4033799811068,0.5763688621595062,218.7911834091925
2,0.0457348011769341,0.0441760143629157,38.18766615950863,0.090550859868823,221.2434597369799
