PrincipalComponent,coi,c1i,a1i,c2i,a2i
1,0.9151725335787386,1.1457882036831704,59.30467610585752,0.5148200958583075,218.65068610275753
2,0.0607467659238707,0.0784589007132108,37.19636676458549,0.140137184326781,219.79938916171216
