PrincipalComponent,coi,c1i,a1i,c2i,a2i
1,0.966896887878176,1.1680399310166856,64.10657726768552,0.572284552761918,218.83252058918296
2,0.0529582945931281,0.0518929095533974,37.99427297834496,0.1108443073025448,220.9558514099612
