PrincipalComponent,coi,c1i,a1i,c2i,a2i
1,0.950911662672214,1.2500347361595896,62.23292757983508,0.5854633625409421,218.19240045115188
2,0.0376627902585856,0.0372376184198387,37.33340671326961,0.0769609137258663,220.30558305589628
