PrincipalComponent,coi,c1i,a1i,c2i,a2i
1,0.930476727626918,1.1429599170402995,60.56703210274487,0.5391381595006458,218.69527651667536
2,0.0586953038562418,0.0699967586381462,37.399120878114815,0.1349490996176311,220.1018998740403
