PrincipalComponent,coi,c1i,a1i,c2i,a2i
1,0.9525416830724764,1.2493184384141636,58.53111058198505,0.5580815260534068,218.08918690643645
2,0.0303718792146115,0.0409237885854142,36.51217015391435,0.006454521500757,219.4306700899089
