PrincipalComponent,coi,c1i,a1i,c2i,a2i
1,1.0101064746763386,1.2746210191436824,65.80792920061096,0.4265543567947506,219.9057452018455
2,0.0335387927249337,0.0382010185450839,38.42126280371771,0.0,221.70997020384684
