PrincipalComponent,coi,c1i,a1i,c2i,a2i
1,0.9471936961253103,1.157625006817973,62.31914927210035,0.5453598392797931,218.85687562277656
2,0.0569721532525482,0.0630154143930968,37.71949976404097,0.127093056559845,220.55656839530593
