PrincipalComponent,coi,c1i,a1i,c2i,a2i
1,0.861483345676835,1.1053613023656244,54.63304328172192,0.4163133114064545,218.35496085059577
2,0.0664603749544952,0.1020769023018443,36.328921512045326,0.1973462668525915,218.6467536272635
