PrincipalComponent,coi,c1i,a1i,c2i,a2i
1,0.9244710367793748,1.2297448644534372,56.87993145705535,0.501947870233654,218.1974642924121
2,0.0364097459106827,0.040569842884724,36.2471545265197,0.0384684492587858,219.10674258932283
