PrincipalComponent,coi,c1i,a1i,c2i,a2i
1,0.9494591885115932,1.2508398831323098,60.643587674141024,0.4069199609458293,219.3294941471737
2,0.0370430374231751,0.0488048365270209,37.266909750770466,0.0102216819655141,220.356538095886
