PrincipalComponent,coi,c1i,a1i,c2i,a2i
1,0.9025852195345148,1.1229074508516783,58.67294890725517,0.4620029240000433,218.88757443175496
2,0.0649933187983119,0.0679097792873976,37.050958793887354,0.1900703457012975,219.74168392757213
