PrincipalComponent,coi,c1i,a1i,c2i,a2i
1,0.9665663342965696,1.2321775331324611,61.24915632531476,0.4865286978015838,219.02166711922703
2,0.0419194099594633,0.0304080014731097,37.32871212560811,0.0994652879237106,220.3534479317856
