PrincipalComponent,coi,c1i,a1i,c2i,a2i
1,0.8875985147048786,1.1283781126274732,57.652083862179424,0.4338985039216967,218.8236003282817
2,0.0673042557053159,0.0763462040553488,36.88804555455679,0.1951762767204512,219.4820934094392
