PrincipalComponent,coi,c1i,a1i,c2i,a2i
1,0.9387583087929824,1.1754091646016187,62.74645530563942,0.5183117178040982,219.10228832830992
2,0.0544218678485915,0.0436980989737663,37.74909350916188,0.1421284418269324,220.7478758838791
