PrincipalComponent,coi,c1i,a1i,c2i,a2i
1,0.9368943678897887,1.148182026637092,62.11749697641141,0.5253992448668182,219.0083244158043
2,0.0576611457040029,0.0460672509124513,37.623275129740776,0.1529731585283962,220.57821177989115
