PrincipalComponent,coi,c1i,a1i,c2i,a2i
1,0.9371359366367654,1.1405889213367018,61.632682483425306,0.5063437854237135,219.08467016132172
2,0.0596570019207085,0.0502463019714732,37.564258721365654,0.1648414596010003,220.49101559977012
