PrincipalComponent,coi,c1i,a1i,c2i,a2i
1,0.9168638992065204,1.223691593029465,59.985176753715905,0.5221817841256575,218.5358324491397
2,0.0479371495640633,0.0367623510989332,37.006982525650336,0.1266269952509781,219.9139543566781
