PrincipalComponent,coi,c1i,a1i,c2i,a2i
1,0.9795682440720582,1.2649029355615058,64.16918677605334,0.4159730491414628,220.01402694787393
2,0.0436229495792042,0.0283013325696073,38.17457249195239,0.06000422691747,221.35882482592737
