PrincipalComponent,coi,c1i,a1i,c2i,a2i
1,0.9354766221183616,1.1431294682973392,61.51115309227833,0.4909911092824868,219.14856354883568
2,0.0604290015292608,0.0527842212604796,37.57584915001965,0.1693395121019435,220.48156415312152
