PrincipalComponent,coi,c1i,a1i,c2i,a2i
1,0.8750609573432497,1.1204643208455334,56.33719464699323,0.4188188195720406,218.64420539779107
2,0.0672440439708125,0.0871797892366706,36.64693259203046,0.1975411509952465,219.12617466527217
