PrincipalComponent,coi,c1i,a1i,c2i,a2i
1,0.856194050667758,1.0943689175856546,54.05819507890534,0.4202452413892643,218.24349758347697
2,0.0652326445230816,0.1108855027969363,36.25399578452242,0.1939601191650761,218.48720364551716
