PrincipalComponent,coi,c1i,a1i,c2i,a2i
1,0.8519185098168699,1.0841176788052742,53.39123153552738,0.4234646930730235,218.10004261282705
2,0.0666789266520732,0.1149248136366187,36.112395279988235,0.1948071169074787,218.28238689588383
