PrincipalComponent,coi,c1i,a1i,c2i,a2i
1,0.9188715865141504,1.1345819737114002,60.197047782971154,0.4725840822410581,219.0693998812199
2,0.0633255359906438,0.0607087851762855,37.351713027077054,0.182215467878825,220.14942508600384
