PrincipalComponent,coi,c1i,a1i,c2i,a2i
1,0.04605099276697662,0.8492017105208726,26.250396841142177,0.008739928313013855,208.95516340478144
