PrincipalComponent,coi,c1i,a1i,c2i,a2i
1,0.1054472063476278,1.0616121446153717,27.67428714485277,0.439437805621693,210.2386901276686
2,0.0603911648084011,0.3178069471382035,28.55929803215542,0.1718398369730888,209.6796762923102
