PrincipalComponent,coi,c1i,a1i,c2i,a2i
1,0.1077492673585784,0.7897472455895516,19.524502759562527,0.8081006500868062,250.0
2,0.0663836286088205,0.6534967592863069,34.09647634611782,0.0,219.5922698837968
