PrincipalComponent,coi,c1i,a1i,c2i,a2i
1,0.0800958537583305,1.3701194824123273,30.005743450149453,0.1560484844563202,211.01831039336872
2,0.0691095149772998,0.2293816286303444,28.996213038127895,0.0898370199620257,210.5335398491716
