PrincipalComponent,coi,c1i,a1i,c2i,a2i
1,0.1726207274236384,0.686658161676349,19.093686422124204,0.8980307326912497,250.0
2,0.0882064581062797,0.605794273204672,37.52404572964238,0.0,220.06305728396956
