PrincipalComponent,coi,c1i,a1i,c2i,a2i
1,0.0866003758382919,1.5324669468876355,28.89694904242025,0.0517671005522865,210.50950936047852
2,0.0631677376227895,0.1305158083941334,28.630815513375783,0.034687030346818,210.1155115814944
