PrincipalComponent,coi,c1i,a1i,c2i,a2i
1,0.099971853172618,1.5317181890627496,26.0151617472766,0.1587352792716473,209.40584887393345
2,0.0388451688285928,0.076396408299802,27.69915481085846,0.0161355775111592,209.0627928896283
