PrincipalComponent,coi,c1i,a1i,c2i,a2i
1,0.1987883158807578,0.6106134137669084,21.37893324985186,0.9863631508120186,250.0
2,0.0794607554641368,0.4806473226366238,30.73146013022609,0.1733458586132982,221.0642963981171
