PrincipalComponent,coi,c1i,a1i,c2i,a2i
1,0.2218693401806685,0.6929568251940708,26.14190721073236,0.7753876974333073,249.99999999999997
2,0.0902104606978595,0.4229349057150258,30.904572459782397,0.2078729704306912,223.02283563216855
