PrincipalComponent,coi,c1i,a1i,c2i,a2i
1,0.0770353624495363,1.556823916233031,27.112363975036228,0.020383149287287,209.84588289030376
2,0.0354213574708496,0.1359720458548698,28.09670590420164,0.0030740894723878,209.47752748360244
