PrincipalComponent,coi,c1i,a1i,c2i,a2i
1,0.177860667197645,0.7570801949733248,28.7129947883963,0.6920049989418013,210.1548138665308
2,0.0697298399195515,0.3823731478105828,28.635430283438524,0.2168879233567703,209.77940700100183
