PrincipalComponent,coi,c1i,a1i,c2i,a2i
1,0.1313021139656058,1.432902988966506,25.54031260583255,0.364728779077006,209.4001351373666
2,0.0379803971925593,0.0331411393493248,27.638288452620813,0.0495188275103882,208.9375221067796
