PrincipalComponent,coi,c1i,a1i,c2i,a2i
1,0.0455897826732918,0.8493493917047825,26.3742117253396,0.0087337646199845,209.0229570057703
