PrincipalComponent,coi,c1i,a1i,c2i,a2i
1,0.1307356203867215,1.5335428616910105,27.392937021955483,0.1635286966806529,210.0249970816604
2,0.0127361257914913,0.0119315560037168,28.066404609094715,1.7629771581588089e-19,209.5607017623754
