PrincipalComponent,coi,c1i,a1i,c2i,a2i
1,0.130127399609484,1.3687316142947117,25.43864988119735,0.3834936124478438,209.36031270564345
2,0.0178991688969052,0.0362635927330439,27.572699409201388,0.0126068518747317,208.87837276621076
