PrincipalComponent,coi,c1i,a1i,c2i,a2i
1,0.0998813252050455,0.6900065118688484,28.664039290682975,0.1611969872811623,210.26627099285827
