PrincipalComponent,coi,c1i,a1i,c2i,a2i
1,0.1217773349524863,1.326233098088341,27.625449887796215,0.1934896378006818,210.12955292310363
2,0.0421059469126315,0.1893504371943886,28.318076802576694,0.0122131504960418,209.68643218351505
