PrincipalComponent,coi,c1i,a1i,c2i,a2i
1,0.2362847625407549,0.5738456318955685,26.04049689888624,0.8405004389118381,250.0
2,0.1177693737127701,0.3774811535544753,32.137656812323655,0.3305153390561803,225.58430822622856
