PrincipalComponent,coi,c1i,a1i,c2i,a2i
1,0.1621178890837029,1.2375569356012788,25.08120300385238,0.6176397524904074,250.0
2,0.0484882182175628,0.0829989456931177,39.71801271296211,0.0,221.2526459143959
