PrincipalComponent,coi,c1i,a1i,c2i,a2i
1,0.1902713276093013,0.6323277005731057,28.712604441636927,0.7500466907235229,210.08211849505724
2,0.0958359759571561,0.3330449884875655,28.631856460177747,0.3537187435078864,209.70224888886256
