PrincipalComponent,coi,c1i,a1i,c2i,a2i
1,0.1864437541698177,1.194459724052468,24.800131919330138,0.6995495051434372,250.0
2,0.0310186046725166,0.0274218201637568,37.46076365461943,0.0166185807921374,220.78688596773503
