PrincipalComponent,coi,c1i,a1i,c2i,a2i
1,0.108057924405199,1.182570019968931,30.539778947816725,0.2658558009350097,211.1325066918488
2,0.0838120783958532,0.2433392034070906,29.136835996726028,0.1694416307140189,210.681450991335
