PrincipalComponent,coi,c1i,a1i,c2i,a2i
1,0.1176712875145309,1.3018117192335987,28.8357358118876,0.2278446689013572,210.52535074429883
2,0.0691191062780068,0.1877736778885342,28.66260537706408,0.0549212215688794,210.10112592700295
