PrincipalComponent,coi,c1i,a1i,c2i,a2i
1,0.2148210734701749,0.4899332159168069,20.26374062394511,1.0750503670292957,249.99999999999997
2,0.1080866916652258,0.4405839696200553,32.89926283348623,0.2633042587502282,221.87782689457768
