PrincipalComponent,coi,c1i,a1i,c2i,a2i
1,0.1191536600481794,0.6971910861621043,18.95053085442806,0.8916282405901466,250.0
2,0.1103091312251588,0.64246564567979,42.36138430177769,8.144023379907497e-18,220.95357611686848
