PrincipalComponent,coi,c1i,a1i,c2i,a2i
1,0.1340174196523444,1.2963218896660051,25.445179909305367,0.3738708586496764,209.4456202048571
2,0.0410037020050095,0.1372011804062408,27.67589537144867,2.5457742638203723e-19,208.93539861184496
