PrincipalComponent,coi,c1i,a1i,c2i,a2i
1,0.1845695086259404,0.5851958689151263,18.170425417851913,0.9810830523715802,250.0
2,0.1224114040606531,0.5572839165996354,41.67920118176773,0.0788477782853656,220.56627078477655
