PrincipalComponent,coi,c1i,a1i,c2i,a2i
1,0.1358999273269749,0.901757046926618,28.711458972009645,0.5093467693863497,210.1775835195549
2,0.0813801767520731,0.3011657256521804,28.622420967933255,0.2831233441435056,209.81247499206273
