PrincipalComponent,coi,c1i,a1i,c2i,a2i
1,0.1642145245273051,1.1040165307298555,22.984084489796373,0.8433567714838245,249.99999999999997
2,0.0500709907233282,0.0942053785193507,40.101921046443074,0.0030842283075859,220.8160951517154
