PrincipalComponent,coi,c1i,a1i,c2i,a2i
1,0.1289378708988593,0.7927724618614646,25.87752217761494,0.5864491687855619,209.49241462245553
2,0.1006915556472791,0.2519466200727152,27.52314069016276,0.4520740339332142,208.92719442693524
