PrincipalComponent,coi,c1i,a1i,c2i,a2i
1,0.1201873425041426,0.635056284651316,17.349306479953892,0.9714006860842864,250.0
2,0.1260891523450251,0.5964209516701195,44.81792542032182,0.1019283437442477,220.53673275287565
