PrincipalComponent,coi,c1i,a1i,c2i,a2i
1,0.1013598575757487,0.5408801225514184,23.214960357508986,0.4094595412708237,207.85955664900243
