PrincipalComponent,coi,c1i,a1i,c2i,a2i
1,0.1144012775572871,1.1478609464767828,26.285136979104195,0.3794054364820868,209.70860053343844
2,0.0784675058753745,0.1848237747214356,27.884743070570966,0.1569092711960439,209.22229775616327
