PrincipalComponent,coi,c1i,a1i,c2i,a2i
1,0.2381464829663589,0.4981034508817739,24.10780559396166,0.8856102820970735,250.0
2,0.1336561081406143,0.3058620837787979,29.30663646144065,0.5271033401253732,231.36211933502963
