PrincipalComponent,coi,c1i,a1i,c2i,a2i
1,0.199436665306593,1.0710422762110972,22.70419382280716,0.9645577025791298,250.0
2,0.0281931908684623,0.0104906866942361,37.29866558072399,0.0,220.23668581638307
