PrincipalComponent,coi,c1i,a1i,c2i,a2i
1,0.191523248187805,0.5412461820566156,26.253877538998054,0.8005046098064261,209.96737986350212
2,0.114036295124829,0.2649329683729279,26.35928905346395,0.5423875808348433,209.49141173232712
