PrincipalComponent,coi,c1i,a1i,c2i,a2i
1,0.1217935531491362,1.1740676652207918,25.287140781697943,0.3619461222460368,209.3881874357968
2,0.0492649184647012,0.188203259720813,27.632923026810275,0.0911919499601927,208.87732937450215
