PrincipalComponent,coi,c1i,a1i,c2i,a2i
1,0.2266534294724001,0.4132062940898863,18.478203937031957,1.1398302946588523,250.0
2,0.1063984574604639,0.3739483917061578,27.930701101854147,0.4404784033920566,224.1108264913422
