PrincipalComponent,coi,c1i,a1i,c2i,a2i
1,0.190936822388847,0.5201178494373195,16.687334031673103,1.0512943607783276,250.0
2,0.1170707760184908,0.4597603430039177,34.19879375382928,0.2849257875389468,219.8537058604552
