PrincipalComponent,coi,c1i,a1i,c2i,a2i
1,0.2266959235007738,0.4175638927775792,18.468277916009217,1.1505093529555284,249.99999999999997
2,0.1317515663515093,0.3323563235302658,25.10684792684472,0.5500202139480358,226.34702926057204
