PrincipalComponent,coi,c1i,a1i,c2i,a2i
1,0.1498471194495748,1.163894183836818,23.50370844813828,0.6184271035071977,250.0
2,0.0790237139310143,0.1085102247518801,36.04457707844953,0.1012977528167752,220.49712369840364
