PrincipalComponent,coi,c1i,a1i,c2i,a2i
1,0.133449007669983,1.1688964604331271,25.436131840676985,0.3875159187653586,209.4265255335342
2,0.0801621335259113,0.1448130866707242,27.55008696557068,0.1716595667010067,208.92695251566684
