PrincipalComponent,coi,c1i,a1i,c2i,a2i
1,0.1223856366224106,1.0362094094112986,28.19214799458215,0.3942345949496116,250.0
2,0.0991587727594575,0.1982820292128926,21.95381290857682,0.421712753623332,192.10799535324463
