PrincipalComponent,coi,c1i,a1i,c2i,a2i
1,0.2099746554590657,0.557725991692333,29.756929655484868,0.7463975394192379,212.22483718226937
2,0.1220605724174299,0.2286126817563883,18.461647470522006,0.6980961563120989,215.63512643485825
