PrincipalComponent,coi,c1i,a1i,c2i,a2i
1,0.1921932385274797,1.0971829669888244,23.10106669646693,0.9160034851173224,250.0
2,0.0614064340903424,0.0511841207101811,37.102197631753725,0.0489984605749016,220.2308135503834
