PrincipalComponent,coi,c1i,a1i,c2i,a2i
1,0.1215062993547968,1.1495268249396182,26.49757494149567,0.3857169196380596,209.64808054980904
2,0.1143190944173682,0.1345657843825582,27.77937515653908,0.2561246175786952,209.26604396941252
