PrincipalComponent,coi,c1i,a1i,c2i,a2i
1,0.1299360110655341,0.5010280863759381,21.76805776299306,0.5215941290028134,207.36312317268607
