PrincipalComponent,coi,c1i,a1i,c2i,a2i
1,0.1467311592300261,0.789097106560196,26.533253694888675,0.5757928728818582,229.82579675138248
2,0.0907448502989268,0.239896996217664,18.58053015498149,0.5914399468004984,206.2954514314644
