PrincipalComponent,coi,c1i,a1i,c2i,a2i
1,0.1987188965374134,0.5007217139030766,16.455264697500045,1.093273036051855,250.0
2,0.1352375652716007,0.4348715709889356,31.025794103629252,0.3697241907260538,219.42953964288813
