PrincipalComponent,coi,c1i,a1i,c2i,a2i
1,0.2429464340957605,0.5071860475864143,24.866440078943793,0.8593872452861415,250.0
2,0.1457812281840974,0.2697798583699477,22.888122008281496,0.6804333754533634,240.03285419856567
