PrincipalComponent,coi,c1i,a1i,c2i,a2i
1,0.123413767825385,0.6145744909715282,16.84731960944356,1.0281715076285092,250.0
2,0.1950006644729437,0.6393891843037423,60.55093210349449,0.0309969319984901,222.94741827239895
