PrincipalComponent,coi,c1i,a1i,c2i,a2i
1,0.1226180575478988,1.34699118058199,26.94808963048362,0.3053543229970432,209.9325083179395
2,0.0949203710680887,0.0676403453916308,28.04339232353418,0.1445590817613267,209.4746767569731
