PrincipalComponent,coi,c1i,a1i,c2i,a2i
1,0.2198082936766168,0.4731546888595391,19.654165778600515,1.107047770459102,250.0
2,0.1307799525289507,0.3729316115584438,26.175084247549304,0.5021894753196529,227.98633259137983
