PrincipalComponent,coi,c1i,a1i,c2i,a2i
1,0.1219343933564611,0.6021577018105384,23.584807726857537,0.4282889337289105,208.03000245768197
