PrincipalComponent,coi,c1i,a1i,c2i,a2i
1,0.1383002581869447,0.8753967659717585,26.2030644629125,0.5326119594954635,209.8914881629855
2,0.115375668946521,0.2290495302385429,27.75897377700764,0.5221131075960405,208.566465144306
