PrincipalComponent,coi,c1i,a1i,c2i,a2i
1,0.1945170341950726,0.6387172256199384,28.68580429179667,0.7192576390087333,209.9686664447934
2,0.1569522578329419,0.221497815002705,28.59165837982159,0.6186228441230885,209.59310181287543
