PrincipalComponent,coi,c1i,a1i,c2i,a2i
1,0.1924446796555054,0.5555166797864397,17.076041696774404,1.0300238295705026,250.0
2,0.1277689395909251,0.4821461189811934,31.762696408008292,0.3402771428069305,220.4950040043985
