PrincipalComponent,coi,c1i,a1i,c2i,a2i
1,0.1607900101282965,1.302002044177245,24.780049475210205,0.538642866860549,209.26869682880448
2,0.0656717486693623,0.0363511628978714,27.45096161252046,0.0740818569980303,208.71948197492895
