PrincipalComponent,coi,c1i,a1i,c2i,a2i
1,0.1175109749120765,0.682288262002506,17.85673946993069,0.934402184006242,249.99999999999991
2,0.1290791897897234,0.5820814139144411,37.45681910809479,0.2189845620129432,219.55608507656785
