PrincipalComponent,coi,c1i,a1i,c2i,a2i
1,0.2378898006877569,0.5742308591601916,26.053300055235656,0.834643359288577,250.0
2,0.1439191737997963,0.2993300495958609,23.806045382113087,0.6076837933877148,238.68903683577315
