PrincipalComponent,coi,c1i,a1i,c2i,a2i
1,0.1227850323032426,1.3047937062597814,27.79938288729713,0.3152081570401034,210.23588594163897
2,0.1134637281676048,0.0831670311402091,28.292242197349008,0.2182279450625818,209.78296247752132
