PrincipalComponent,coi,c1i,a1i,c2i,a2i
1,0.1132368003390206,1.1583419901017449,28.862536487149296,0.3467549338718863,250.0
2,0.0901980467921298,0.1891397304680797,18.972134292363204,0.3749533849782719,197.2463203233571
