PrincipalComponent,coi,c1i,a1i,c2i,a2i
1,0.0931065697113916,0.7416800431409005,24.99227614549392,0.1909131285358417,208.39856442038868
