PrincipalComponent,coi,c1i,a1i,c2i,a2i
1,0.1105939830873519,1.2518838057282782,28.135879414862472,0.2828114722870503,210.31038690832196
2,0.0778339966348517,0.2174860939251257,28.512413183663803,0.1884590577425906,209.88421411948875
