PrincipalComponent,coi,c1i,a1i,c2i,a2i
1,0.1826822687924949,0.7101978779185827,25.677982041630685,0.706409366029112,209.84135925536657
2,0.1044424569509419,0.3027911934131837,28.39583599103203,0.4217914372072393,208.93445877628295
