PrincipalComponent,coi,c1i,a1i,c2i,a2i
1,0.1249339210503895,1.457911742581505,27.79793357284279,0.2075023162499409,210.13563503214297
2,0.0730549918329491,0.0756464639880402,28.30698887466014,0.0918401473649746,209.7348114349823
