PrincipalComponent,coi,c1i,a1i,c2i,a2i
1,0.1124989933914058,0.7696586126111904,18.194063380576697,0.8181801487818996,250.0
2,0.1190860329461414,0.6598404572846114,44.52138152185329,0.0345870919180837,221.06659752515827
