PrincipalComponent,coi,c1i,a1i,c2i,a2i
1,0.1230107947723349,1.5178824715166903,26.744452810492753,0.1926761687497874,209.7303183010065
2,0.050664369523297,0.0437124697264975,27.953409958838844,0.0288446717604361,209.34786443493533
