PrincipalComponent,coi,c1i,a1i,c2i,a2i
1,0.1250061097824961,0.9830190574476938,25.7415038527782,0.49305074839739,209.4888295486789
2,0.0828122022910088,0.2701161876050886,28.011776461113342,0.3339684666389925,208.9052574506799
