PrincipalComponent,coi,c1i,a1i,c2i,a2i
1,0.2092794697975975,0.5901290476615841,20.057907733891497,0.96616017358065,250.0
2,0.1096530770711933,0.3861177524143749,28.583484795649124,0.4039019877623726,224.7518203415332
