PrincipalComponent,coi,c1i,a1i,c2i,a2i
1,0.2443827697442709,0.6096238898800348,24.169226510516676,0.7585168649873693,209.557628010102
2,0.1170388890970945,0.3302866768420263,27.247580452415463,0.4303879406002653,208.50098000268707
