PrincipalComponent,coi,c1i,a1i,c2i,a2i
1,0.2359365420089529,0.7282731899616915,26.9241081330261,0.7046503130419629,210.2913205136486
2,0.1039806937926685,0.2941914667819169,28.465423990924485,0.3310553509397352,209.50019548199884
