PrincipalComponent,coi,c1i,a1i,c2i,a2i
1,0.0799433352932331,0.8227272962441589,28.60311824883053,0.0272928229573381,210.2735653313352
