PrincipalComponent,coi,c1i,a1i,c2i,a2i
1,0.1090603125892999,0.8480696249505597,19.959333990974624,0.7188768804404256,250.0
2,0.1033372036670316,0.6404155610605773,46.0384888172701,3.8086593235285816e-18,221.66659774205544
