PrincipalComponent,coi,c1i,a1i,c2i,a2i
1,0.2084763810790605,0.6371745659666402,21.95945514214492,0.8791830968838529,209.0601507252565
2,0.0912952352562999,0.3471448464425092,26.679736476834343,0.340945566843872,207.89088421178553
