PrincipalComponent,coi,c1i,a1i,c2i,a2i
1,0.1157753023070992,1.411581714439966,30.66761943763474,0.1669392867537391,211.26982655618167
2,0.0625426341662194,0.1468604268244205,29.31770307365378,0.1261738988071506,210.79687821477225
