PrincipalComponent,coi,c1i,a1i,c2i,a2i
1,0.1776641749796656,0.8300943408441497,28.773938526801537,0.6665665973256365,210.20644616845303
2,0.0897487300729295,0.2682518128145063,28.677054672610925,0.3016537716408711,209.84571652853288
