PrincipalComponent,coi,c1i,a1i,c2i,a2i
1,0.144092563132517,1.593421871526046,29.72042339475936,0.0926936861695317,210.78692678433464
2,0.0389591228024233,0.027160115255814,28.87528323334451,0.0371737693066789,210.4056893797533
