PrincipalComponent,coi,c1i,a1i,c2i,a2i
1,0.1721801052053628,0.7398091310849637,19.43173410597324,0.8279131601577249,250.0
2,0.1076945269567871,0.514177192330752,40.1015078979508,0.1240813105800362,220.61028917471057
