PrincipalComponent,coi,c1i,a1i,c2i,a2i
1,0.1036773637492715,0.7991433890058173,31.031166249138373,0.1002562611666373,211.6052823474272
