PrincipalComponent,coi,c1i,a1i,c2i,a2i
1,0.2176904711960718,0.7982884818786536,26.800451692987828,0.802791766278401,210.31898529928588
2,0.1244345086865755,0.2020842538717329,28.854163149741716,0.3319633377255103,209.44639636841316
