PrincipalComponent,coi,c1i,a1i,c2i,a2i
1,0.1969368021185409,0.7319413141305199,22.85670896464652,0.8952875113210358,209.068701837753
2,0.1149188357071102,0.2233727074887785,27.189184657371612,0.4197848244832826,208.1438785266947
