PrincipalComponent,coi,c1i,a1i,c2i,a2i
1,0.1332086396677239,1.1832520775715425,28.921112923378608,0.5567824891255051,210.51998450141136
2,0.0714234021621246,0.1300780419007022,28.79077045062517,0.1949810234240182,210.1018761937399
