PrincipalComponent,coi,c1i,a1i,c2i,a2i
1,0.1693098082231996,0.8234549964719812,20.11092998047902,0.8157400895005009,246.8768534057057
2,0.1611442965780314,0.5500511234519299,78.98282119480767,1.4576145718886797e-17,224.71699695200817
