PrincipalComponent,coi,c1i,a1i,c2i,a2i
1,0.1164033365388323,0.9026766528925576,20.40885241460344,0.6794168156330231,226.9195286271675
2,0.12409850359245,0.6256987094111518,63.63942833152838,0.0,217.7293441959808
