PrincipalComponent,coi,c1i,a1i,c2i,a2i
1,0.1316529655959706,1.4636121363266326,31.286485006922874,0.3045016181203755,211.42539254945592
2,0.0595655708942819,0.0731235149184603,29.504726130179463,0.073438392777774,210.97295270723797
