PrincipalComponent,coi,c1i,a1i,c2i,a2i
1,0.1723306926027948,0.8850446601330706,28.856373369506535,0.7838683165483606,210.3067497192252
2,0.0996479906191912,0.1911093673985524,28.758930890410134,0.2806347436425278,209.9597836467496
