PrincipalComponent,coi,c1i,a1i,c2i,a2i
1,0.2611403180089753,0.8366528644981764,31.559551866222876,0.9943994530160036,212.0866390218394
2,0.1062633816208025,0.1003815672023398,29.780727140848285,0.270008226979409,211.24658107517817
