PrincipalComponent,coi,c1i,a1i,c2i,a2i
1,0.2379477001170006,0.8156700908263597,28.896115474765992,0.9234241010472234,210.28779562762895
2,0.1224741137398777,0.0554681668550975,28.78513054898055,0.5168182379992833,209.94654598402957
