PrincipalComponent,coi,c1i,a1i,c2i,a2i
1,0.0980378373460736,0.7399074147703807,33.04174576503552,0.2617049369921831,212.7642535716308
