PrincipalComponent,coi,c1i,a1i,c2i,a2i
1,0.1609694925591843,1.0303487468697436,26.365792376218536,0.6078601013856758,250.0
2,0.1165231576244754,0.3886272414736199,72.97580220887751,0.2723634130727797,225.93007101344784
