PrincipalComponent,coi,c1i,a1i,c2i,a2i
1,0.2136376028084415,0.8886931016931214,25.361017129772705,0.7725368230195723,209.8136832937836
2,0.095761967106302,0.1632781539806811,27.790608864430016,0.4845964229723561,208.9685424076934
