PrincipalComponent,coi,c1i,a1i,c2i,a2i
1,0.1778874471716916,1.2140552876267814,31.936475809982856,0.8168267649815312,211.70280534362493
2,0.0456284847552621,0.0389971082617702,29.752772921820377,0.0666900192540754,211.17395825942577
