PrincipalComponent,coi,c1i,a1i,c2i,a2i
1,0.2119700123736841,0.9318618863913444,33.26719402431165,1.0063494253688972,212.3674270678412
2,0.0817425328419614,0.0890727907479546,30.40577636606331,0.1821968156700948,211.6950546402199
