PrincipalComponent,coi,c1i,a1i,c2i,a2i
1,0.1181078319885736,0.5134538364911578,28.89424874680373,0.6300031808150688,210.2905832674319
