PrincipalComponent,coi,c1i,a1i,c2i,a2i
1,0.2647370502212709,0.7610768369159909,29.98123810597719,1.2548495269124476,249.99999999999997
2,0.1190653849377549,0.0,42.426114942720424,0.5218199321776068,238.34387613656165
