PrincipalComponent,coi,c1i,a1i,c2i,a2i
1,0.3076354392123283,0.6955320886706733,31.56335683751988,1.372542039440483,212.8175225087873
2,0.1038891109706059,0.0200202809031702,30.019708641266448,0.2269227556890129,211.5353358262589
