PrincipalComponent,coi,c1i,a1i,c2i,a2i
1,0.2618530042387732,0.7780878813174245,32.22854318356886,1.4134070381146129,211.84391308622492
2,0.0667266143516118,0.016617444450434,29.99991411131245,0.1250083340040446,211.25258105722392
