PrincipalComponent,coi,c1i,a1i,c2i,a2i
1,0.1903029332998389,0.9173144267610164,26.20973507987068,0.8082021952483038,210.10791723078424
2,0.0832607038206701,0.1363203547074669,28.204476107379143,0.5862608133857784,209.2500363030024
