PrincipalComponent,coi,c1i,a1i,c2i,a2i
1,0.2324914108368246,0.8586984822161063,26.881039298416393,1.0390548798153678,249.99999999999997
2,0.1340193208706023,0.0379582341451099,37.20859210011641,0.548493112977496,230.21926779287725
