PrincipalComponent,coi,c1i,a1i,c2i,a2i
1,0.2662118675634384,0.7252485078602102,25.60873950901615,1.20103788855924,210.89432405927352
2,0.0759911747904318,0.093731837544945,28.488831440323818,0.5036519306968569,209.427398077056
