PrincipalComponent,coi,c1i,a1i,c2i,a2i
1,0.405411752246812,0.4798259561020804,29.05978318166563,1.8392753234947932,210.56316344658111
2,0.0532625696335839,5.9779220504792625e-19,28.980721511638713,0.0911041882903579,210.10136215327088
