PrincipalComponent,coi,c1i,a1i,c2i,a2i
1,0.3628896310927518,0.5683206736232456,31.30000601828312,1.7187825552843816,250.0
2,0.0731179875783109,8.632836845478679e-18,41.28573114250165,0.3524936440486481,230.7604033052405
