PrincipalComponent,coi,c1i,a1i,c2i,a2i
1,0.186571492557722,0.2765460976599416,29.03696696018892,0.94136173667784,210.33477089435564
