PrincipalComponent,coi,c1i,a1i,c2i,a2i
1,0.3316988855925121,0.67186896549409,28.5397675566603,1.4646103228629286,250.0
2,0.1128499982079913,0.0064873892948252,40.04235322802076,0.4230971726233491,228.9244320396991
