PrincipalComponent,coi,c1i,a1i,c2i,a2i
1,0.3893991977987473,0.6073096500949718,23.95976994896801,1.698693629652766,249.99999999999997
2,0.1031529995741592,0.0146474139353135,37.68930825680382,0.2717409946418837,221.42774074041697
