PrincipalComponent,coi,c1i,a1i,c2i,a2i
1,0.4350831812357498,0.4850983812940166,24.820291907425663,1.9823386031313408,250.0
2,0.061213689247116,9.836926501779045e-18,38.28276963131384,0.1930860211618551,221.2516227346175
