PrincipalComponent,coi,c1i,a1i,c2i,a2i
1,0.2758935733812451,0.1967020894391585,29.029387719500964,0.9921801892105264,210.39660189383224
