PrincipalComponent,coi,c1i,a1i,c2i,a2i
1,0.3277118490654544,0.7503225293300508,25.735067741410013,1.40041575584254,250.0
2,0.0869166912963615,0.0860341010040053,39.3750081600225,0.3640324096421686,222.28265786852205
