PrincipalComponent,coi,c1i,a1i,c2i,a2i
1,0.2406041680344593,0.2256401720059543,20.843607969053934,1.174422090274632,250.0
