PrincipalComponent,coi,c1i,a1i,c2i,a2i
1,0.3042535046032202,0.7722471023904144,21.26606004244945,1.6861900480953862,249.99999999999997
2,0.0580641415796078,0.0469848815648263,37.47376261573246,0.2725916636103823,218.81393446448104
