PrincipalComponent,coi,c1i,a1i,c2i,a2i
1,0.3839856006172955,0.6074558943957634,19.213756629641477,2.0479350941987904,250.0
2,0.0576568674714432,0.0134610986125002,36.78251274875756,0.0983076239294823,218.99567030361044
