PrincipalComponent,coi,c1i,a1i,c2i,a2i
1,0.1981808461167234,0.4010588729769372,18.715743152975634,0.9737545654848624,250.0
