PrincipalComponent,coi,c1i,a1i,c2i,a2i
1,0.3103245425541969,0.9582865286319554,20.980547197219774,1.6647514246423736,250.0
2,0.0193084984884461,0.035473729895007,37.300356225165295,0.0921921932467491,219.41491925699455
