PrincipalComponent,coi,c1i,a1i,c2i,a2i
1,0.1419718988877324,0.5495900524834095,23.03837043857875,0.7703886202559131,209.56378512102737
