PrincipalComponent,coi,c1i,a1i,c2i,a2i
1,0.8050759107979962,0.5823627705970035,34.631022119546564,1.0753746834502835,213.5179672392686
2,0.1539332411455226,0.2004411623100341,32.11742981723504,0.2314719045478564,212.4787509420329
