PrincipalComponent,coi,c1i,a1i,c2i,a2i
1,0.7967433821865788,0.5631080230425765,35.08830719261153,1.006764604568025,212.87369798008191
2,0.1740521359306795,0.2667493753257474,33.24929460257689,0.3481368958521246,212.23318153617376
