PrincipalComponent,coi,c1i,a1i,c2i,a2i
1,0.7598393220359004,0.6815327694267762,41.76557315531262,0.7210318355831437,223.35598212490305
2,0.2300548757112508,0.4985436577638967,68.4717016331891,0.2640402240352906,219.853784452756
