PrincipalComponent,coi,c1i,a1i,c2i,a2i
1,0.7996832378814444,0.5676433824135385,34.364769184467626,1.0465813706878355,212.95618794722233
2,0.165979508800364,0.2220924770717159,31.904894392191167,0.294340715307144,212.13679161352857
