PrincipalComponent,coi,c1i,a1i,c2i,a2i
1,0.7951204435243723,0.5942284484491833,39.31974231595533,0.8922187979501327,214.05554611102733
2,0.1853080774503459,0.3301256913684624,36.46814444918918,0.3845898655380084,213.7233313774528
