PrincipalComponent,coi,c1i,a1i,c2i,a2i
1,0.8586456799026659,0.6163286571429368,33.911261196539485,1.2241760168022904,215.2633899237742
2,0.0753117170604235,0.1102468566431772,31.61817238306625,0.0519154669245107,212.88855532779544
