PrincipalComponent,coi,c1i,a1i,c2i,a2i
1,0.7462920957538597,0.7165959842189151,44.132445917224665,0.5940561451676284,225.25105411547264
2,0.2350438598704952,0.4997063803269463,68.90759372174878,0.3198757127206408,221.1301184895768
