PrincipalComponent,coi,c1i,a1i,c2i,a2i
1,0.8117728599121322,0.5789945639041575,34.083456790166494,1.1020098538763676,214.0022173088089
2,0.1400851322493281,0.191608659647884,32.35771489843877,0.1961059587646316,212.5934905629301
