PrincipalComponent,coi,c1i,a1i,c2i,a2i
1,0.8482266871487933,0.7025586209915483,32.37851572611773,1.3011880587592946,250.0
2,0.0560093046308252,0.0869153919816528,41.9361843879649,0.0089822852134869,222.9349249691525
