PrincipalComponent,coi,c1i,a1i,c2i,a2i
1,0.8446178041548363,0.7537735921348704,32.06543497568644,1.350596302131965,250.0
2,0.0287988906879345,0.043608716795045,39.56270672583657,0.0030600952490249,222.43204152704928
