PrincipalComponent,coi,c1i,a1i,c2i,a2i
1,0.7727942447300161,0.634991385487672,39.51516054534344,0.815886222404773,220.80117711514671
2,0.2247273713358136,0.4493604022911783,64.07869030929083,0.2750007632233719,218.01847461856556
