PrincipalComponent,coi,c1i,a1i,c2i,a2i
1,0.8381224464536009,0.6037519154792964,34.004806259448856,1.183482122749021,214.81242385285427
2,0.0971816390002813,0.1342665082864942,31.851264692471215,0.0866265548484046,212.8142729496941
