PrincipalComponent,coi,c1i,a1i,c2i,a2i
1,0.837112727920644,0.834224966228887,32.440313462446454,1.395242184790907,250.0
2,0.0064510373617603,0.007104061382993,39.21715088059758,0.0003423612498493,222.3953188598052
