PrincipalComponent,coi,c1i,a1i,c2i,a2i
1,0.819210720128447,0.5834648600561515,33.980800270771645,1.1292922499083986,214.64938587257177
2,0.1278854571030459,0.179553043510892,32.676236500896344,0.1565597822558528,212.81754660785708
