PrincipalComponent,coi,c1i,a1i,c2i,a2i
1,0.820901169744375,0.5867058268227261,33.884439811192415,1.1422036678795755,214.7968271669203
2,0.1206956735103469,0.1697489970483156,32.5528007460074,0.1390512833890902,212.8355248772463
