PrincipalComponent,coi,c1i,a1i,c2i,a2i
1,0.4084009631663506,0.3940709821562091,28.834470995671325,0.7245984349334972,210.47451595859297
