PrincipalComponent,coi,c1i,a1i,c2i,a2i
1,0.7834024076338798,0.5660778309751117,35.59899147457073,1.1227830431864223,215.8834419615497
2,0.1693426494759936,0.2293106456268899,35.31025796124362,0.2218385386730373,213.64543229434156
