PrincipalComponent,coi,c1i,a1i,c2i,a2i
1,0.7021368033836485,0.6907528332692575,41.175685044709496,0.6651444298174222,227.18038107023327
2,0.2650300434239437,0.59526706086057,75.34174578960454,0.2611844519678273,221.80236303596644
