PrincipalComponent,coi,c1i,a1i,c2i,a2i
1,0.7466997991435462,0.5702957772712632,33.635028780150016,1.0488516852459715,226.82009149115527
2,0.246511456995093,0.4040854441859688,68.77636373150588,0.2027678454632464,217.83642962578364
