PrincipalComponent,coi,c1i,a1i,c2i,a2i
1,0.7726592123727343,0.6366808293532561,34.2657887105649,1.1836947711675725,250.0
2,0.1759978291181388,0.276991750590711,68.72980744391282,0.0440881513560436,226.4966214508908
