PrincipalComponent,coi,c1i,a1i,c2i,a2i
1,0.8154175143952737,0.83536682450314,33.18511016305817,1.447400997053474,250.0
2,0.0244909112884096,0.0260370221332212,39.31670489519852,0.0057791635248791,222.5071390256901
