PrincipalComponent,coi,c1i,a1i,c2i,a2i
1,0.4223942779057277,0.4190782825416853,35.47281469346793,0.7580856568503233,216.56950661478135
