PrincipalComponent,coi,c1i,a1i,c2i,a2i
1,0.8124876412269557,0.6704262598958116,34.57488008333321,1.2725727755574865,250.0
2,0.1141680722099684,0.1660313602723545,51.90673223179903,0.0300806035289787,224.88058322257427
