PrincipalComponent,coi,c1i,a1i,c2i,a2i
1,0.8172749423215102,0.8882465343015413,33.97196847725572,1.4791170642614575,250.0
2,0.009573632310701,0.0088285915698765,39.52580679701309,0.0012766952826695,222.65752387503383
