PrincipalComponent,coi,c1i,a1i,c2i,a2i
1,0.8168165580970922,0.6890754612132828,32.79240494940567,1.3450917998841716,250.0
2,0.0829702164910341,0.1231993706473781,44.312700618575384,0.0198676839935185,223.37469082090536
