PrincipalComponent,coi,c1i,a1i,c2i,a2i
1,0.7737036516361353,0.5687012203879018,35.749327828655204,1.0979227682478616,214.847740863334
2,0.1836743392737286,0.236787376673369,34.46080268132862,0.2600522468460488,213.21951022621545
