PrincipalComponent,coi,c1i,a1i,c2i,a2i
1,0.771229752401414,0.6334389633101942,34.35381173754811,1.1691388878436089,250.0
2,0.1864872715930469,0.2977992731761724,71.88841471108479,0.0452900291834365,226.7452939519848
