PrincipalComponent,coi,c1i,a1i,c2i,a2i
1,0.7905605120825332,0.657090117051971,34.7360930141825,1.2274300625609382,250.0
2,0.1435133765027535,0.2067001244059839,58.65307153183977,0.0401372345116132,225.76650809398268
