PrincipalComponent,coi,c1i,a1i,c2i,a2i
1,0.7146996510711613,0.6608389778663144,39.18576344670677,0.7811675668628223,225.7068288788986
2,0.2622030564846963,0.5923962733977307,75.03932786344023,0.2114376598062198,220.73853391808177
