PrincipalComponent,coi,c1i,a1i,c2i,a2i
1,0.7380664097811008,0.5873494180309112,35.2668888537892,0.9546298594944332,222.6724448185599
2,0.2552057536597012,0.4669380177765275,66.40916685681051,0.2370748516770764,217.73443692147188
