PrincipalComponent,coi,c1i,a1i,c2i,a2i
1,0.7668926621232477,0.5536248058831832,35.589545765194806,1.068428025452716,214.40540250884507
2,0.1989212761041312,0.2591223928593839,34.68683481015282,0.3211357459884852,212.9362131893654
