PrincipalComponent,coi,c1i,a1i,c2i,a2i
1,0.7282165638436471,0.6186848505738801,37.33945945286859,0.8677007609599738,223.6681324638503
2,0.2579691461242926,0.5347815314675789,70.87021530070615,0.2340256671584127,219.1573720231101
