PrincipalComponent,coi,c1i,a1i,c2i,a2i
1,0.8160315849866306,0.7449037475321084,32.6737650033212,1.3975650896041505,249.99999999999997
2,0.053307930978124,0.0727334416266368,40.49521530878361,0.0138703574932995,222.67546543695025
