PrincipalComponent,coi,c1i,a1i,c2i,a2i
1,0.8329317276933363,0.5935258221666696,28.856408191408143,1.1613564481036975,210.71770086322024
2,0.0972030760717302,0.1174371633283927,28.743600467531937,0.1300095204444785,210.26683918634444
