PrincipalComponent,coi,c1i,a1i,c2i,a2i
1,0.7958536510744697,0.7575190043018475,48.74327649632353,0.5229313527496381,216.9867865350405
2,0.1793543872254945,0.3173835776625437,38.37966800816613,0.5087718927974836,216.6827785601788
