PrincipalComponent,coi,c1i,a1i,c2i,a2i
1,0.8020395148445609,0.7182808084762552,44.05084055463128,0.6772775185847527,222.09680685731715
2,0.2092016118950792,0.420733026801258,70.2271072705457,0.2757085388432702,218.35446637573887
