PrincipalComponent,coi,c1i,a1i,c2i,a2i
1,0.8405141230483378,0.5993547848350326,33.6824626389438,1.067246402698634,212.68440946408697
2,0.1312986496774276,0.1467647703803233,30.82202589876924,0.2142182091806341,211.9514428579896
