PrincipalComponent,coi,c1i,a1i,c2i,a2i
1,0.824212248514351,0.6626821562609185,43.15422803101255,0.7673880711760589,214.2512502302673
2,0.1664050488207666,0.2974871474254363,36.30402543677683,0.4217087044314034,214.45366785529427
