PrincipalComponent,coi,c1i,a1i,c2i,a2i
1,0.8453454376811492,0.5945252154442362,32.86430807797697,1.0952294161221747,212.9464249704754
2,0.1175852876014592,0.1386622779882919,30.844829881042603,0.1801816412297575,211.87959418877213
