PrincipalComponent,coi,c1i,a1i,c2i,a2i
1,0.827539299078655,0.6178869172068563,38.019349784182985,0.884814230395211,212.62461194087393
2,0.1601231879375484,0.2629276436811955,33.275171977186744,0.3814451961760954,212.73136026179597
