PrincipalComponent,coi,c1i,a1i,c2i,a2i
1,0.4269437992980504,0.3617616147112992,28.809700870674025,0.6881983606876777,210.48567727788733
