PrincipalComponent,coi,c1i,a1i,c2i,a2i
1,0.8333271207940363,0.5867115715421389,33.425438913927586,1.039327705288946,212.09463217148476
2,0.1448976585942173,0.1664468116549149,30.54707176327672,0.2763588640999237,211.6285149564968
