PrincipalComponent,coi,c1i,a1i,c2i,a2i
1,0.8520721165070443,0.5971509718756282,32.64180993272257,1.121441549066243,213.32820040924844
2,0.10537984134658,0.1275892956709271,30.986329136757018,0.1431232209830366,211.9781029612384
