PrincipalComponent,coi,c1i,a1i,c2i,a2i
1,0.8806145496345219,0.6250837417818508,28.773497232973508,1.2858294202000693,210.61791289080264
2,0.0313022336996417,0.0458369733190115,28.664805092605913,0.01701231911709,210.2065027462484
