PrincipalComponent,coi,c1i,a1i,c2i,a2i
1,0.8921520015431912,0.6225818783612069,33.02479063321609,1.2062414688987209,214.65644663479264
2,0.0556319553913363,0.0680993121309027,30.876933446230815,0.0425024823078953,212.4454076429846
