PrincipalComponent,coi,c1i,a1i,c2i,a2i
1,0.8285124434943312,0.5848466453760429,33.85364233683006,1.0010033335626662,211.6983941579175
2,0.1515367451527605,0.2062570410354209,31.026474410016288,0.3350659668195553,211.49108143643645
