PrincipalComponent,coi,c1i,a1i,c2i,a2i
1,0.8726332482905931,0.6124647441487262,32.995228420907985,1.169337204990223,213.89944742743756
2,0.0756559755640981,0.0887972063589808,30.824333792347954,0.0749687641508702,212.2265225334747
