PrincipalComponent,coi,c1i,a1i,c2i,a2i
1,0.9082043846228712,0.7425502112452858,50.240727907956256,0.7094254327717578,213.9510436790628
2,0.135261872517112,0.209029177956694,35.44817644234617,0.3676865445102615,215.85841683406403
