PrincipalComponent,coi,c1i,a1i,c2i,a2i
1,0.9351512089052072,0.6191417117820408,28.81055159089206,1.256168134244209,210.73229097574148
2,0.0089613079143082,0.0088899804231264,28.730739152878023,0.0040978883931903,210.26947201973525
