PrincipalComponent,coi,c1i,a1i,c2i,a2i
1,0.4589501094452827,0.3184325761726846,28.781838942327564,0.6461960075051396,210.50485570883188
