PrincipalComponent,coi,c1i,a1i,c2i,a2i
1,0.944053836246382,0.6200127170078247,33.77281463907112,1.1519934155645026,212.7354622419543
2,0.0400890433158242,0.035999395194136,30.260663208137547,0.0448928437628117,212.03785529588924
