PrincipalComponent,coi,c1i,a1i,c2i,a2i
1,0.9278553409765794,0.6127574457084258,33.715493036828114,1.1165326665995856,212.18479088350017
2,0.0667639001453596,0.0669361350520025,30.20973898463203,0.0988218897058647,211.8496146871707
