PrincipalComponent,coi,c1i,a1i,c2i,a2i
1,0.92337137724701,0.6223416628985027,36.05126225734371,1.0608814523088483,212.08175382985792
2,0.0916188762176396,0.0828323549601089,30.57531582656045,0.1596531343272126,212.3187499221266
