PrincipalComponent,coi,c1i,a1i,c2i,a2i
1,0.911202407664767,0.6200889788710702,37.25380758284598,0.9948755563173826,210.9715525798873
2,0.1163235818305321,0.1320722216624306,30.579010549835825,0.2722742330518215,212.1185159353081
