PrincipalComponent,coi,c1i,a1i,c2i,a2i
1,0.928359222390702,0.6126741002478341,33.50055491545685,1.126604316078088,212.25994304016191
2,0.0604472623830384,0.060089948076932,30.166546978888434,0.0848310764678312,211.8246856119249
