PrincipalComponent,coi,c1i,a1i,c2i,a2i
1,0.9165320689902704,0.6136733100563055,36.097852639548,1.0373282386490856,211.5179253142269
2,0.1064703199578933,0.0989277961173906,30.33078326712274,0.2150500088179955,212.1050199118095
