PrincipalComponent,coi,c1i,a1i,c2i,a2i
1,0.8618196164355376,0.8293160711052598,52.57570259579315,0.4827897819374867,216.71171892477471
2,0.1527427703935372,0.2281204199442883,36.574602334377026,0.4650358681111985,217.3116396281482
