PrincipalComponent,coi,c1i,a1i,c2i,a2i
1,0.9244545895280069,0.6131667846783404,34.45485029725413,1.0923511101822376,212.10779757699095
2,0.0782204419553034,0.0764061518053136,30.33322089188611,0.1294193934322854,211.98354102502415
