PrincipalComponent,coi,c1i,a1i,c2i,a2i
1,0.9103749217238444,0.6737154985876053,43.18795265981967,0.8547111929156321,212.0369424691293
2,0.1282233566928113,0.180035230683331,32.592599549388176,0.3238934579103404,213.7216508350732
