PrincipalComponent,coi,c1i,a1i,c2i,a2i
1,0.8950445502572871,0.8173591871851982,54.42155854224291,0.5733591026852892,216.0127822344756
2,0.1427450413345888,0.2264173816768199,37.38015369393757,0.3995859725822649,217.4525588898734
