PrincipalComponent,coi,c1i,a1i,c2i,a2i
1,0.4850365198884344,0.3090822964130167,28.762909519086374,0.6143530889962303,210.52065178411243
