PrincipalComponent,coi,c1i,a1i,c2i,a2i
1,1.0009023334342966,0.6424546382211775,37.29537633659209,1.0939377824096574,212.07243932957027
2,0.0325187437540672,0.0280825684220515,30.737321229882845,0.0518743803102899,212.68167656141188
