PrincipalComponent,coi,c1i,a1i,c2i,a2i
1,1.0099932812331618,0.634036815088039,35.254075810318746,1.149960853103572,212.7197033705129
2,0.0070007248115273,0.0030703983081947,30.518310125774367,0.0065856296043624,212.4035409267165
