PrincipalComponent,coi,c1i,a1i,c2i,a2i
1,0.927602571952543,0.9184989493147634,57.1890877866001,0.4299132826606427,217.26244562876013
2,0.1269683931406377,0.1760547372317851,36.797259514056186,0.4112333362885936,218.57407671590823
