PrincipalComponent,coi,c1i,a1i,c2i,a2i
1,1.0021786683297544,0.6640729876319603,42.641613584625816,0.9980772555488768,211.2912966260014
2,0.0752085334326502,0.0589308971197268,31.432557317771284,0.1606104778174118,213.63658013249545
