PrincipalComponent,coi,c1i,a1i,c2i,a2i
1,1.0029717930821835,0.7892454229192223,55.4210980647214,0.7414536141673097,212.65022187436705
2,0.1025729863101079,0.1292134916143845,34.611793754207696,0.2631516156343082,216.820456263594
