PrincipalComponent,coi,c1i,a1i,c2i,a2i
1,1.000202425614026,0.6859291697912511,45.7257821411187,0.940009553373216,210.66932413182897
2,0.088197562308291,0.0869690914041843,31.870358666166396,0.2125054947877058,214.07439669212985
