PrincipalComponent,coi,c1i,a1i,c2i,a2i
1,1.004943360696435,0.6677885219460928,41.7117380340756,1.02169812776715,212.01650173585176
2,0.0607763198428886,0.0452813065230468,31.54424018814655,0.1130395853049942,213.6752986060515
