PrincipalComponent,coi,c1i,a1i,c2i,a2i
1,1.0010878075477132,0.6504604667381141,38.976015031766174,1.060894527326364,211.93511940972573
2,0.0489030756819597,0.0402866974524211,31.026364372002945,0.0875735080497279,213.02374481756652
