PrincipalComponent,coi,c1i,a1i,c2i,a2i
1,0.9958074359201968,0.9072465399465776,64.43487338669266,0.5432351466005703,215.22787182998215
2,0.1118950705114468,0.1574494978663403,37.79015613439946,0.3064496006338614,219.61469164345328
