PrincipalComponent,coi,c1i,a1i,c2i,a2i
1,0.976335025562136,0.9893908073222736,66.86210287245582,0.4053756244243178,217.63134732523335
2,0.1194685603262525,0.172335102440239,39.3009607417052,0.3423876340017056,220.8534256035159
