PrincipalComponent,coi,c1i,a1i,c2i,a2i
1,1.0076005894034623,0.6406985214504756,36.72018075721345,1.117057417590339,212.58960718649865
2,0.0169069361450958,0.0113881806758792,30.686571588655426,0.0218859591012733,212.69441028206663
