PrincipalComponent,coi,c1i,a1i,c2i,a2i
1,1.0028977696377936,0.645328896394348,37.756800731404304,1.084302969824322,211.99597900457877
2,0.0375195641243226,0.0329097930827874,30.817765381784938,0.0629500283762208,212.7653203090325
