PrincipalComponent,coi,c1i,a1i,c2i,a2i
1,1.060674954948019,0.6898874573244761,44.479266987095386,1.0392487754545008,213.42109974239492
2,0.0046579203978596,0.0031291336053363,32.55167135410172,0.0045633818931506,214.81011577943823
