PrincipalComponent,coi,c1i,a1i,c2i,a2i
1,1.09064861680341,1.146108532735416,83.51865118472912,0.3392333207843145,214.8303247934491
2,0.0813192827286597,0.1074858087166927,40.86274303424938,0.1951087683863513,224.12552780854583
