PrincipalComponent,coi,c1i,a1i,c2i,a2i
1,1.083084312672724,0.777564127182049,55.827922234095226,0.8910621498377789,212.84378442379264
2,0.0371028095109909,0.0283591538062272,34.582389573777995,0.0679259988217472,217.28308970317832
