PrincipalComponent,coi,c1i,a1i,c2i,a2i
1,1.0652480021695825,0.7070021843235526,46.8109348991708,1.0088996745353591,212.8642240626847
2,0.0148117382175528,0.0141906825465851,32.772700971502324,0.0222164455818826,215.17473662728335
