PrincipalComponent,coi,c1i,a1i,c2i,a2i
1,1.0699294939509174,0.7156492822470508,47.986036509868406,0.9945349408350534,212.77970898342144
2,0.0190332748483061,0.017872719985508,33.0114092363288,0.0299910210716331,215.4291592472336
