PrincipalComponent,coi,c1i,a1i,c2i,a2i
1,0.4963639114632548,0.3189567032102053,28.76142852166955,0.5954715702638952,210.5282305042743
