PrincipalComponent,coi,c1i,a1i,c2i,a2i
1,0.9753794003066248,1.024359585542716,62.59683765668078,0.3669859365849691,218.20907669205343
2,0.1043446684899503,0.1514759706995245,37.87402528021324,0.3501798908090101,220.20514488794532
