PrincipalComponent,coi,c1i,a1i,c2i,a2i
1,1.0870214483549223,0.8041882589382222,60.2919041445569,0.8328384793181628,211.92777255392343
2,0.0519523550619293,0.040131224029561,35.14410752095182,0.1071198378426282,218.02767521114433
