PrincipalComponent,coi,c1i,a1i,c2i,a2i
1,1.0733540935779915,0.7322618309225863,50.45841822393729,0.9620034631603388,212.68756062078808
2,0.0275335226784154,0.0241193234181843,33.49621170522651,0.048086333314824,215.981741865688
