PrincipalComponent,coi,c1i,a1i,c2i,a2i
1,1.0645890679693848,1.2154610821180536,84.04982618178938,0.2251607468969022,217.5970186647697
2,0.0895029048059769,0.1354761526660042,42.289701611187105,0.2366957495004566,225.0206657139292
