PrincipalComponent,coi,c1i,a1i,c2i,a2i
1,1.0973736025157703,0.926307092743166,71.81612889060067,0.6520634783031933,211.2380876543405
2,0.065103412790077,0.0663311750558363,37.24587544497375,0.150804426179129,220.4261584168596
