PrincipalComponent,coi,c1i,a1i,c2i,a2i
1,1.0268693164822489,1.147136227516371,74.88976269216461,0.2828530076220617,218.7993127027382
2,0.0955071633330327,0.1494269451969505,40.826743134407735,0.2767931391176393,223.22015473093904
