PrincipalComponent,coi,c1i,a1i,c2i,a2i
1,1.0966496288875336,0.770868456112638,52.93610924423744,0.9480262739319372,212.9842557343616
2,0.0088753438746838,0.0072110358082312,34.10445062903284,0.0113998937861209,216.66976464524325
