PrincipalComponent,coi,c1i,a1i,c2i,a2i
1,1.11760321661217,0.8684188516581047,63.42983503547431,0.8105079658612027,212.79586456245755
2,0.0226685934410832,0.0154150743088962,36.07174927417548,0.0391228274192974,219.0755293368966
