PrincipalComponent,coi,c1i,a1i,c2i,a2i
1,1.1291815208198164,1.4196470503360108,95.8322781400951,0.0812353745797106,214.98928623457724
2,0.0631073495932132,0.0854650245916052,43.3239563725285,0.1501045084977793,227.16513475556908
