PrincipalComponent,coi,c1i,a1i,c2i,a2i
1,1.1410445283148083,1.1705860262175278,87.09042619535028,0.4098382458800146,210.56451491929977
2,0.0477039620898283,0.0484048941883294,40.173754476947835,0.1080285699882438,223.8991607690182
