PrincipalComponent,coi,c1i,a1i,c2i,a2i
1,1.127737768762653,0.927886845775778,70.13404810997017,0.7202015578318794,211.463225639713
2,0.0338415867464378,0.0255524347193924,37.05243433911497,0.0706661688549336,220.24453079247004
