PrincipalComponent,coi,c1i,a1i,c2i,a2i
1,0.5393265392777008,0.3675862937195231,48.50388325614585,0.4962070177729057,217.3552585586964
