PrincipalComponent,coi,c1i,a1i,c2i,a2i
1,1.0562409400953992,1.251331295819044,78.11500471991518,0.2302905643065427,218.92313712627777
2,0.0763565705374085,0.1237525501455896,41.18637079291645,0.2330119183320271,224.0907014684222
