PrincipalComponent,coi,c1i,a1i,c2i,a2i
1,1.0927109767039738,1.3286404810047687,87.16267030028963,0.1641145650642348,217.40474497757955
2,0.0699295125948115,0.1118297233822529,42.55730459003325,0.1915988256579697,225.79599770146268
