PrincipalComponent,coi,c1i,a1i,c2i,a2i
1,1.0044424785892996,1.1166268144269869,66.12835151729766,0.3227991538546058,218.7898534255874
2,0.087623056129156,0.1254451029375748,38.525877338145825,0.3090614690541864,221.24310691813105
