PrincipalComponent,coi,c1i,a1i,c2i,a2i
1,1.09030459066963,0.7574622934786147,51.52355635818423,0.963812988752753,213.08347919156816
2,0.0060548592909274,0.0048280841152553,33.87618305623724,0.0067864168282367,216.38248004350652
