PrincipalComponent,coi,c1i,a1i,c2i,a2i
1,1.131775710191178,1.4748129254663795,91.07799686530532,0.0905827745783298,215.88157596765143
2,0.0482560283206664,0.0865190121827465,42.74223040568953,0.1428729565616991,226.31904871876412
