PrincipalComponent,coi,c1i,a1i,c2i,a2i
1,1.0442462008061728,1.2364202208928603,70.41262585980326,0.2728658808717029,218.9567412294153
2,0.0693199896953551,0.0959696139607778,39.26527563470556,0.2643009015446608,222.31790989508832
