PrincipalComponent,coi,c1i,a1i,c2i,a2i
1,0.5612487780215387,0.4214387089916053,58.6154661392915,0.4443060639439294,218.0838615449888
