PrincipalComponent,coi,c1i,a1i,c2i,a2i
1,1.16200989082118,1.017775757398888,74.57859380134703,0.6719161154900176,211.2891719821308
2,0.0091619768370981,0.0046166588932132,38.01249684897759,0.0138242862972189,221.28413071347177
