PrincipalComponent,coi,c1i,a1i,c2i,a2i
1,1.14352182428742,0.8981421619058675,64.78215901115277,0.8200474379836546,211.69668646946295
2,0.004627781113224,0.0025190991369418,36.16416789325711,0.0054418906860452,219.0963101605524
