PrincipalComponent,coi,c1i,a1i,c2i,a2i
1,1.1304472775172805,0.8445860840443031,59.5598626225603,0.8841793011171764,212.1373883486171
2,0.0012448560136137,0.0005124134902763,35.232832997431395,0.0006351574835227,217.994182364886
