PrincipalComponent,coi,c1i,a1i,c2i,a2i
1,1.1785140139685897,1.170029564477447,86.00956311014792,0.4848972686607156,208.24087494454363
2,0.0178856249024372,0.0115903533178993,39.38853145060616,0.0358768950701611,223.0633402410479
