PrincipalComponent,coi,c1i,a1i,c2i,a2i
1,1.095172930022937,1.3862651026603945,82.1251266855223,0.1682780681899626,218.30461125870036
2,0.056148665705431,0.0960919900526919,41.57185026900304,0.1851168394866776,224.87924699053912
