PrincipalComponent,coi,c1i,a1i,c2i,a2i
1,1.1864252128616937,1.4771782804812523,100.0,0.1343062263362617,206.24967469256632
2,0.027567115739044,0.0294405955981273,41.73291721758739,0.066303471272587,225.75208881594236
