PrincipalComponent,coi,c1i,a1i,c2i,a2i
1,1.166735647169708,1.571124874373695,99.16874492863194,7.7900180093742385e-19,212.33034274996552
2,0.0413648088303649,0.0616752396785134,43.22216306206057,0.1049951071962535,227.23539572964097
