PrincipalComponent,coi,c1i,a1i,c2i,a2i
1,1.1968784558909753,1.502478371877171,100.0,0.1318743176557952,205.62194717646008
2,0.0233317403012652,0.0246139354245868,41.54190757770877,0.0559668692191454,225.56804706093183
