PrincipalComponent,coi,c1i,a1i,c2i,a2i
1,1.176175996919426,1.0740584837126266,78.09931283799081,0.6182932974691312,210.85966807085816
2,0.0064635869718079,0.0024353181644856,38.60460223499792,0.0090766612088503,221.98973202191948
