PrincipalComponent,coi,c1i,a1i,c2i,a2i
1,1.194695070232315,1.270376393422349,91.1145856662076,0.3864427195923856,207.44609794575737
2,0.0140749637790596,0.0083411332780391,40.16234389072875,0.0278215652820677,224.03936395425455
