PrincipalComponent,coi,c1i,a1i,c2i,a2i
1,0.5723329913246131,0.4493983144996933,63.34147190524297,0.416576033306446,218.6552836570509
