PrincipalComponent,coi,c1i,a1i,c2i,a2i
1,1.1450997293245373,1.520097217912706,92.1084243581981,0.0687102177206417,215.6037857069309
2,0.0428950242183984,0.0797914886728751,42.76976946551201,0.129449926030689,226.47183470192343
