PrincipalComponent,coi,c1i,a1i,c2i,a2i
1,1.057931952244339,1.2743043156603913,71.60356072983687,0.2580693826930967,219.01686736259265
2,0.0647116303845531,0.0878840380108783,39.43987300928052,0.2516459086329652,222.62362896821188
