PrincipalComponent,coi,c1i,a1i,c2i,a2i
1,1.1083629490078954,1.42863876690746,83.26352845298068,0.1493075399261314,218.1851148826921
2,0.0513437493672891,0.0891303120516111,41.66867567397948,0.1714042708530438,225.1120507508141
