PrincipalComponent,coi,c1i,a1i,c2i,a2i
1,1.1781748440478812,1.5972480303178904,99.05682491429076,3.2946042547895316e-17,211.8270436041214
2,0.0371579345382661,0.0521600781404576,43.008629439900965,0.0960527987541928,227.0579096891611
