PrincipalComponent,coi,c1i,a1i,c2i,a2i
1,1.156815565314794,0.9364683344842962,67.65191759902135,0.7839248296594707,211.4110188361659
2,0.0028556062305363,0.0009078381747678,36.660545791879784,0.0026263075556094,219.6870526187315
