PrincipalComponent,coi,c1i,a1i,c2i,a2i
1,1.0779684280757398,1.343470971102811,74.09891575101611,0.2282201443181193,219.0146178597809
2,0.0564719888590907,0.075894361540064,39.84635568941497,0.226886977180936,223.20607789275343
