PrincipalComponent,coi,c1i,a1i,c2i,a2i
1,1.1983204428008123,1.2218023804076468,87.1313732150515,0.4622094835099604,209.4626809466926
2,0.0024702437694411,0.0005910569333183,40.06479626075378,0.002309889905541,223.71462043231892
