PrincipalComponent,coi,c1i,a1i,c2i,a2i
1,1.1281312710070377,1.5070113486296446,85.61794384106705,0.1114492320203051,217.7263270329416
2,0.0420169522574858,0.0782038895171284,41.90848686265689,0.1453257042372685,225.53411405411924
