PrincipalComponent,coi,c1i,a1i,c2i,a2i
1,1.163761472473242,1.6047859265695843,94.33839268579538,0.0242257994949349,214.63110258893545
2,0.0338776660437782,0.0696040018587396,42.88071149249171,0.104070198910178,226.7206364597011
