PrincipalComponent,coi,c1i,a1i,c2i,a2i
1,1.2152890298537051,1.4712490313425357,100.0,0.1884537397495723,204.97408248895303
2,0.0086944477165122,0.0038624976564118,41.52423714964846,0.0148410817155058,225.44922885049715
