PrincipalComponent,coi,c1i,a1i,c2i,a2i
1,1.2097642209945672,1.541400306198992,100.0,0.1325805644799762,203.5811369958286
2,0.0160706827755634,0.0172124502337888,40.99109157903204,0.0382494875697924,224.96785880555944
