PrincipalComponent,coi,c1i,a1i,c2i,a2i
1,0.5893368042734236,0.5329746100253447,76.25763257558414,0.3244440141646136,219.62815943660547
