PrincipalComponent,coi,c1i,a1i,c2i,a2i
1,1.1942471195058697,1.6422417062063248,99.29991640551448,4.9797107874011435e-17,210.30940751827487
2,0.0283957059117501,0.041309403446945,42.621213204920934,0.0751220311481018,226.6852945265864
