PrincipalComponent,coi,c1i,a1i,c2i,a2i
1,1.2093897945870018,1.6852719141356856,99.38653653642066,2.993810215752936e-17,208.9025653457252
2,0.0206320228142368,0.0343676957681264,42.25885499101483,0.0562363244748269,226.28182715559043
