PrincipalComponent,coi,c1i,a1i,c2i,a2i
1,1.1790177978847451,1.670883078469653,95.24855244654763,0.0,213.6097345314903
2,0.0286217481509746,0.0540417251593871,42.753650914190565,0.0912650098573752,226.62840199595124
