PrincipalComponent,coi,c1i,a1i,c2i,a2i
1,1.221063225234991,1.5859702831889175,100.0,0.1250859510942729,202.02660469241525
2,0.0104076085735883,0.0126441002867709,40.57597625079,0.0237385109822916,224.5076469929772
