PrincipalComponent,coi,c1i,a1i,c2i,a2i
1,0.6098517773542695,0.7538148815517957,100.0,0.0779557974913423,221.53062634982788
