PrincipalComponent,coi,c1i,a1i,c2i,a2i
1,1.09675906065668,1.4093379747862589,76.20377232368989,0.2001310740291688,218.9198198268695
2,0.0486505226420962,0.068726800647237,40.19043724588985,0.2043212778065279,223.668073643687
