PrincipalComponent,coi,c1i,a1i,c2i,a2i
1,1.2244706731424464,1.512130428259271,100.0,0.1767172102489615,203.18045626206447
2,0.0043249361105516,0.0023370054305947,41.07432366099438,0.0059597057245703,224.91156827741307
