PrincipalComponent,coi,c1i,a1i,c2i,a2i
1,1.1467337220887952,1.5816635027120982,87.60854667372537,0.0754713972599506,217.26792917866268
2,0.0333151304172785,0.0720304644335076,42.120321479753635,0.1215988609868434,225.8449972154967
