PrincipalComponent,coi,c1i,a1i,c2i,a2i
1,1.227953176310923,1.75275383672425,100.0,0.0,204.79407143590825
2,0.0130381872515697,0.019921217771401,41.19852987704775,0.0316072143358236,225.2085651640537
