PrincipalComponent,coi,c1i,a1i,c2i,a2i
1,0.6189228339149406,0.7726396024221778,100.0,0.0940967136000403,209.62425060721569
