PrincipalComponent,coi,c1i,a1i,c2i,a2i
1,1.126312993421363,1.5191681363632752,80.20898967112434,0.1530756705763776,218.39705659426104
2,0.0389855157859956,0.0505021874793715,40.756352029532245,0.1700173918197685,224.4237623255446
