PrincipalComponent,coi,c1i,a1i,c2i,a2i
1,1.237531003733964,1.6147846030516484,100.0,0.1528955448000188,195.93858882411772
2,0.0046931893233563,0.0046532253194697,39.26839795323789,0.0069654835642358,222.76943811934373
