PrincipalComponent,coi,c1i,a1i,c2i,a2i
1,1.1742314864148622,1.7057369236984177,91.38666128949532,0.0148113211267661,215.60975149387667
2,0.0232427893500623,0.0558110823979138,42.33560860496221,0.0874449198228084,226.23730696107884
