PrincipalComponent,coi,c1i,a1i,c2i,a2i
1,1.2027289485181911,1.7433468639373653,96.44144867508312,0.0,210.72548254818088
2,0.019349565383436,0.0353254630697603,42.119191920077704,0.0630843516916023,226.04832096760975
