PrincipalComponent,coi,c1i,a1i,c2i,a2i
1,1.150482613830462,1.658526759129514,82.84992410964333,0.0993335667032649,218.07933396906176
2,0.0268863623918749,0.0342860165621573,41.10508744437164,0.1307201025555025,224.91280773936305
