PrincipalComponent,coi,c1i,a1i,c2i,a2i
1,0.6232926778532638,0.8638740482984942,100.0,0.0489464645602195,207.90402061239985
