PrincipalComponent,coi,c1i,a1i,c2i,a2i
1,1.2459282802644438,1.8300103037492423,99.57965368400482,5.940350675833195e-17,204.8036715235254
2,0.0051753518651722,0.0073222395939406,41.24218652707867,0.0113239777648344,225.09840493672465
