PrincipalComponent,coi,c1i,a1i,c2i,a2i
1,1.1923768486408155,1.813404158857394,91.32582224029304,8.467016577891175e-17,214.82493429671263
2,0.0180469903498091,0.0197244476609443,41.931988281864086,0.0717995475020161,225.93980516638985
