PrincipalComponent,coi,c1i,a1i,c2i,a2i
1,1.2201810175340675,1.8316941997371468,95.91200790482102,2.369755826014792e-17,210.28880567542828
2,0.0101446463355602,0.0183255995966985,41.634350272200265,0.0358225914017722,225.73131843920348
