PrincipalComponent,coi,c1i,a1i,c2i,a2i
1,1.22276002167913,1.906450160150708,92.1689704839214,0.0,214.22096320991713
2,0.0032492690820482,0.0038305490390794,41.98233296857573,0.0086947568895639,225.9580313140044
