PrincipalComponent,coi,c1i,a1i,c2i,a2i
1,1.1971965150363058,1.9013621472370312,88.38093554499785,1.2815260642122526e-16,216.8362898830795
2,0.0086706531004053,0.0051456940230425,41.72805289937598,0.0308276852165403,225.76817996685895
