PrincipalComponent,coi,c1i,a1i,c2i,a2i
1,0.6230663486880027,0.941963508552318,95.23467636475728,0.0,223.38151582579343
