PrincipalComponent,coi,c1i,a1i,c2i,a2i
1,1.1641781062016645,1.8183114833866276,83.4562947633689,0.0264033862818557,218.96533132679912
2,0.0122240432366433,0.0243372494479878,41.31636559573182,0.0696257615627809,225.27534215737043
