PrincipalComponent,coi,c1i,a1i,c2i,a2i
1,1.1547641810696934,1.9123853959257924,82.99628346237657,8.453775739235115e-17,219.8080944742183
2,0.0101764918766904,0.0023669797081043,41.3288577240215,0.0458751699924781,225.4333492900056
