PrincipalComponent,coi,c1i,a1i,c2i,a2i
1,1.1844219328426568,1.958003961802974,86.47581701582118,0.0,218.3216501543701
2,0.0036091857207657,0.0003525318764393,41.846208064888536,0.0081457687650231,225.7610180596351
