PrincipalComponent,coi,c1i,a1i,c2i,a2i
1,0.6036977046340832,0.9752253203616792,89.64414003604577,0.0,227.98960081640516
