PrincipalComponent,coi,c1i,a1i,c2i,a2i
1,0.5846937790350257,0.990000343968278,83.95918052345569,6.829112748684767e-17,229.85253173975605
