PrincipalComponent,coi,c1i,a1i,c2i,a2i
1,1.1426036557129624,1.951090012470704,81.25039950631519,2.1089762613273968e-17,220.5087864075119
2,0.0048558656613678,0.0,41.37918444721819,0.0203695084718944,225.18781696764108
