PrincipalComponent,coi,c1i,a1i,c2i,a2i
1,0.5648296006590906,0.9763623611164808,79.90876560307063,0.0,230.6679775599948
