PrincipalComponent,coi,c1i,a1i,c2i,a2i
1,0.45011431224245957,0.508431068459771,41.48045159961134,0.5711963266637033,217.2517311867944
