PrincipalComponent,coi,c1i,a1i,c2i,a2i
1,0.1218712263734469,0.8802340289920653,24.5732555882103,0.5914677271766773,226.10660083252924
2,0.1244239175083565,0.4240998195608902,50.36297485707472,9.6440828081871e-19,217.09497035181295
