PrincipalComponent,coi,c1i,a1i,c2i,a2i
1,0.1350573074812844,0.8992395393010585,28.753531323549215,0.6285146196147428,210.24118013640043
2,0.0699513308501554,0.3198266262680727,28.668821002340295,0.1879596724315133,209.87377730775563
