PrincipalComponent,coi,c1i,a1i,c2i,a2i
1,0.1506153004051729,0.7891478089438816,26.8356152643198,0.7413625561404072,210.57256907117497
2,0.0724732149213763,0.3467201449510729,28.880023126393592,0.1928225052681508,209.60152524817565
