PrincipalComponent,coi,c1i,a1i,c2i,a2i
1,0.1374101577360163,0.8676841954150772,24.167087008539685,0.5463810401681947,228.8492324690692
2,0.1350261034568991,0.4308629617175917,55.65405935235022,0.0,218.49923627628513
