PrincipalComponent,coi,c1i,a1i,c2i,a2i
1,0.0678877488870118,1.2871037804497412,29.653825320165936,0.2826093288812067,210.92393137731543
2,0.0750049529116921,0.144660499867797,28.996675488562975,0.2117441052528771,210.41040302183245
