PrincipalComponent,coi,c1i,a1i,c2i,a2i
1,0.1506725054254648,0.829618472035103,25.634350659939276,0.6871568479445466,209.9086398702969
2,0.0803164405888475,0.3450787637163063,28.24817837403143,0.1943629227978254,209.0660396681517
