PrincipalComponent,coi,c1i,a1i,c2i,a2i
1,0.0655165161557826,1.3304874249041854,29.601531139453986,0.247766242121604,210.89531133877497
2,0.072342676037746,0.1251569725736529,28.983295365180528,0.2146226395644061,210.3917091278148
