PrincipalComponent,coi,c1i,a1i,c2i,a2i
1,0.1261808642883308,0.864697564402499,24.066492788949393,0.6616346624969849,250.0
2,0.0965078346302045,0.3789302915799512,37.065259317396034,0.1060424486112321,220.67751158240415
