PrincipalComponent,coi,c1i,a1i,c2i,a2i
1,0.1654045421623081,0.7376064871702082,26.58231214162674,0.7855069112694595,210.61537068653297
2,0.0765835740201157,0.3465125403061273,28.84278213584997,0.2029192877808912,209.5535164375242
