PrincipalComponent,coi,c1i,a1i,c2i,a2i
1,0.1400271536541863,0.8528673916648188,25.358717094437974,0.6586219805063286,222.33220041164265
2,0.1117978110007792,0.3777975058806644,41.05143468926475,0.1007783662826089,214.90437770343735
