PrincipalComponent,coi,c1i,a1i,c2i,a2i
1,0.1130320798514226,0.9736537107784548,28.78253299829027,0.5683759615220164,210.27860683719192
2,0.0735543184916347,0.2903239313096187,28.673789686154393,0.1898346308578204,209.91223484266493
