PrincipalComponent,coi,c1i,a1i,c2i,a2i
1,0.0933410137356188,1.059588035650326,28.822167382924775,0.5011551212667241,210.3306367154455
2,0.0759005829556431,0.2527976386285916,28.6886029625256,0.1903767792318016,209.9706644543194
