PrincipalComponent,coi,c1i,a1i,c2i,a2i
1,0.144107354713811,0.814799750152283,27.043461203428144,0.7151209400593477,210.65330386637729
2,0.0691697750618909,0.346134427034558,29.001221602412475,0.1892173748183885,209.69263698570057
