PrincipalComponent,coi,c1i,a1i,c2i,a2i
1,0.1675921978205545,0.7280671116214325,26.067233060754724,0.7980016275104833,210.4289666608205
2,0.0763310371238691,0.3517155165031218,28.80498828445243,0.2048234244368182,209.3810363165846
