PrincipalComponent,coi,c1i,a1i,c2i,a2i
1,0.0766021321928482,1.1506948009297988,28.855075732307306,0.4154871436992454,210.39248019483395
2,0.0774496250727593,0.2097279737223963,28.7082688023919,0.2005101534620815,210.0353512971036
