PrincipalComponent,coi,c1i,a1i,c2i,a2i
1,0.0684878995391117,1.2565105722187684,29.576603902409857,0.3133910408335156,210.8791159191944
2,0.0751751366700789,0.1638700511191741,28.97508192376223,0.2062036297804994,210.3788838474716
