PrincipalComponent,coi,c1i,a1i,c2i,a2i
1,0.1615042454536079,0.7910805378067858,26.263907101218525,0.7839054992209447,250.0
2,0.0904356602244934,0.3585598553279435,33.387420148572154,0.1803947276276382,222.1881816864633
