PrincipalComponent,coi,c1i,a1i,c2i,a2i
1,0.1512939560252399,0.7436951408838576,28.74153062223708,0.7140264669999293,210.1430780570835
2,0.0920253436068675,0.3013533892329508,28.660640343206808,0.2975079570136801,209.77631192212212
