PrincipalComponent,coi,c1i,a1i,c2i,a2i
1,0.1661597919788036,0.7067583107543832,25.68365948941293,0.7916041222826391,237.3060698500941
2,0.1519343093138647,0.3454319889620442,48.76276516684498,0.2035674333467599,221.5955331244048
