PrincipalComponent,coi,c1i,a1i,c2i,a2i
1,0.1621645626247796,0.688265217161925,27.708326892106285,0.7915558529770048,227.52378964209692
2,0.1274926528206194,0.3306045368949904,42.7047276611979,0.2478105453009299,218.0576998092479
