PrincipalComponent,coi,c1i,a1i,c2i,a2i
1,0.1813477774928778,0.6184363129239181,27.11193299959008,0.8670688018049502,230.5379697861237
2,0.1377264151432448,0.3323750788096763,44.02366902117341,0.2525297169094495,219.2186115397176
