PrincipalComponent,coi,c1i,a1i,c2i,a2i
1,0.1807103656116739,0.6245443927465142,25.33566813960736,0.8697985596232556,230.9830914031104
2,0.141972075700924,0.352777814880088,47.356630247902686,0.222430696049978,219.0587609282276
