PrincipalComponent,coi,c1i,a1i,c2i,a2i
1,0.0898233279437033,1.1477970512517774,30.104805597777563,0.3533343535520249,211.01310221096105
2,0.0906266348151443,0.1344382767120442,29.142320722094087,0.2983408380328584,210.5774397178575
