PrincipalComponent,coi,c1i,a1i,c2i,a2i
1,0.1227395020641111,0.8909152470491096,29.935571943329293,0.5822986817117405,211.0471085483029
2,0.0962609172389913,0.2476065552685413,29.17646949212034,0.2904388092444612,210.48094645848388
