PrincipalComponent,coi,c1i,a1i,c2i,a2i
1,0.0928252516644551,1.0739570014440163,30.113700111487635,0.4170413680090799,211.00306484698345
2,0.0935722873856862,0.1729494319260656,29.130876365053993,0.2917454540721773,210.54271213731008
