PrincipalComponent,coi,c1i,a1i,c2i,a2i
1,0.131472950815435,0.8107820069642292,28.759428359218052,0.6577722617841159,210.16543328478312
2,0.0932675745890474,0.2791783136435233,28.664074616288488,0.2957147177328803,209.8049986669336
