PrincipalComponent,coi,c1i,a1i,c2i,a2i
1,0.1574546096727288,0.7047381706481083,24.84800219592057,0.7700656582643887,228.8215098542707
2,0.1425584421192949,0.37707146823594,47.65081440044293,0.1538347589968606,217.9444091549047
