PrincipalComponent,coi,c1i,a1i,c2i,a2i
1,0.1834700660363896,0.6062807198068051,26.33082807846518,0.883334092488079,228.94091490150552
2,0.138268790356995,0.3406544525458141,44.57024080250145,0.2470298252821209,218.4152316213159
