PrincipalComponent,coi,c1i,a1i,c2i,a2i
1,0.1451287495893416,0.7124402355825662,23.347233429131663,0.7779828703655344,250.0
2,0.1207142277877546,0.3755950061151692,40.57863460948947,0.1650804612391432,221.32385724920655
