PrincipalComponent,coi,c1i,a1i,c2i,a2i
1,0.1524220154433215,0.7280181495279373,23.779396583362857,0.6616252258427856,241.5460790887348
2,0.1713884777695763,0.4657279096172024,69.52089451791701,4.054026372443588e-19,223.83431997045037
