PrincipalComponent,coi,c1i,a1i,c2i,a2i
1,0.0925734812527744,1.104599953387201,30.20418309739662,0.3860683133615107,211.03860293717415
2,0.0932652904969795,0.1535914453179928,29.156569164265026,0.2973352994724518,210.58760356163896
