PrincipalComponent,coi,c1i,a1i,c2i,a2i
1,0.1417031621089633,0.7309386388133958,24.10304942453489,0.7094377917302812,234.706374481978
2,0.1543281405807663,0.4450351156491065,59.76756934175801,0.0221733812411558,220.79670045415332
