PrincipalComponent,coi,c1i,a1i,c2i,a2i
1,0.1679526657740522,0.6656266862199551,27.411640317706755,0.8194487122013809,228.9653783696359
2,0.1318990501049204,0.3315824479701001,43.189112023099945,0.2485404260663674,218.5952118417364
