PrincipalComponent,coi,c1i,a1i,c2i,a2i
1,0.1084909948152845,0.9741482438719908,29.9604304106374,0.5023118202549847,210.9781089331421
2,0.0959577103175323,0.2118785073833586,29.109161368253424,0.2945048030284057,210.4739179140191
