PrincipalComponent,coi,c1i,a1i,c2i,a2i
1,0.1762605280901149,0.5791486397978677,22.90593908525531,0.8523789097592258,209.5166761048537
2,0.1169856006270378,0.2669974514649168,27.049584857945273,0.4500783620567521,208.25706346049975
