PrincipalComponent,coi,c1i,a1i,c2i,a2i
1,0.150546632861795,0.617769555611151,21.14174226315657,0.8620763332498479,250.0
2,0.1589890507384554,0.3347727801712634,52.23253687615839,0.2705751159195594,223.9045815587404
