PrincipalComponent,coi,c1i,a1i,c2i,a2i
1,0.1856531856838357,0.4995960444885156,23.894371208160145,0.9213013314390632,210.04798885203047
2,0.1194087802146113,0.2525216886415503,27.22088459343097,0.4915559748983977,208.77235963580137
