PrincipalComponent,coi,c1i,a1i,c2i,a2i
1,0.15207812023126,0.6426104986224903,21.62625446862017,0.7501718892447617,250.0
2,0.1753018575019173,0.3665897431743247,61.259483521508045,0.2220339967612613,224.09395403543647
