PrincipalComponent,coi,c1i,a1i,c2i,a2i
1,0.1726682251984873,0.546445201269382,24.41979948263437,0.8753862045535944,209.90740810250117
2,0.1141412197145836,0.2561516982686634,27.358654206129128,0.4839361666083829,208.8055203950709
