PrincipalComponent,coi,c1i,a1i,c2i,a2i
1,0.1478597707835213,0.6425557162088493,25.66844422296272,0.7835302197540198,209.87633969637216
2,0.1113040962631765,0.2438302479843431,27.660041501665305,0.4705661638239226,209.05582364651283
