PrincipalComponent,coi,c1i,a1i,c2i,a2i
1,0.1664236434873582,0.5699039589115799,24.743859028695017,0.8493119472488494,209.88467597719193
2,0.1106870636173512,0.2570125936735067,27.50346744612453,0.4808865974281291,208.8614369259537
