PrincipalComponent,coi,c1i,a1i,c2i,a2i
1,0.1208419019426557,0.7763483607336066,27.07547150838301,0.6643940815268885,210.02093230220515
2,0.1122854665672254,0.1999406141468277,27.94289554388077,0.4569880899583529,209.46897655552536
