PrincipalComponent,coi,c1i,a1i,c2i,a2i
1,0.0922656952897903,0.9476938822281418,27.673045885261423,0.5116967157398559,210.1155345787736
2,0.1090485012546749,0.1364034335445613,28.24793788223229,0.4460685356192674,209.66954742370763
