PrincipalComponent,coi,c1i,a1i,c2i,a2i
1,0.1891892028585793,0.4891385719249215,23.206165816806124,0.9372568922085756,209.9660419328168
2,0.11760059365369,0.2597564079887262,27.23122814011259,0.488876323339349,208.58677516022505
