PrincipalComponent,coi,c1i,a1i,c2i,a2i
1,0.0923604285970498,0.9758475022830534,27.783407232705873,0.4832746770815435,210.15589722345328
2,0.1081642610952669,0.1193179838741885,28.316581706814212,0.4497693663728374,209.7184156457983
