PrincipalComponent,coi,c1i,a1i,c2i,a2i
1,0.0895947737413708,1.0136444401996214,27.65719115648184,0.4585475130448952,210.14301979420247
2,0.1043598105827107,0.1058344141906367,28.34864003369686,0.4438836998591814,209.53934774022463
