PrincipalComponent,coi,c1i,a1i,c2i,a2i
1,0.13268182225295,0.704171062405986,26.381933948660652,0.7275486836304157,209.91367972330215
2,0.1128523259678298,0.2251686392209551,27.78523581332225,0.464773664963397,209.24577853001796
