PrincipalComponent,coi,c1i,a1i,c2i,a2i
1,0.1830743849385011,0.5567000962578532,23.611134167867945,0.9368042916333836,250.0
2,0.1512780329695919,0.2806366840832995,42.93100616083366,0.4264340422157862,228.41570679020185
