PrincipalComponent,coi,c1i,a1i,c2i,a2i
1,0.1070717271693153,0.8546814670535715,27.321104489304165,0.5894258944438924,210.01860835145263
2,0.11194860079391,0.1691721682717516,28.069608635716097,0.4556433618870154,209.53604715383364
