PrincipalComponent,coi,c1i,a1i,c2i,a2i
1,0.1445670325117224,0.6460561873094264,22.01500410809745,0.8039946873921713,250.0
2,0.1667634391296178,0.3794852964566372,59.49128904582885,0.19289091614279,224.61360139339993
