PrincipalComponent,coi,c1i,a1i,c2i,a2i
1,0.1512830616519193,0.6281231788355249,21.504154470478387,0.8670950679839579,250.0
2,0.1659556100147858,0.2548266479414643,35.92815564166215,0.4464047516513126,222.95527928853147
