PrincipalComponent,coi,c1i,a1i,c2i,a2i
1,0.1015589693904844,0.9457858001051968,27.415621330865985,0.5233311350556065,232.4698323835423
2,0.1370425771218615,0.0981470283300473,29.740371979764284,0.5482211175216222,199.63850284373856
