PrincipalComponent,coi,c1i,a1i,c2i,a2i
1,0.1865826211273324,0.5204282567105359,24.512168767037025,0.8903374839909659,209.64383612339583
2,0.1607473525244423,0.1825203252644796,26.418122940012548,0.6289854721664105,208.92930629446832
