PrincipalComponent,coi,c1i,a1i,c2i,a2i
1,0.1672671488616217,0.5939467462676198,22.47857929487362,0.841575443732969,209.00423839793476
2,0.147523526785461,0.2395902817655463,26.50400124401429,0.5060551771884467,207.89582647355337
