PrincipalComponent,coi,c1i,a1i,c2i,a2i
1,0.1335083744144258,0.79348957079066,28.727232985920896,0.6178349669388947,210.03994564410783
2,0.1562758244306652,0.1311625218684974,28.62313342311296,0.5953879109622771,209.68918660323467
