PrincipalComponent,coi,c1i,a1i,c2i,a2i
1,0.1741196985575023,0.5947978931258132,23.241078509309023,0.8412985132556744,209.17347859121432
2,0.1602259461507536,0.2024707599274677,26.44520869744346,0.5687130356779708,208.25766793833105
