PrincipalComponent,coi,c1i,a1i,c2i,a2i
1,0.134054210259859,0.7252468580111965,26.871205774704013,0.6912339753318236,209.9085684751514
2,0.1544846541138493,0.1561594001330905,27.357267549771763,0.606001604134423,209.5395928025327
