PrincipalComponent,coi,c1i,a1i,c2i,a2i
1,0.1734004891779594,0.5659525453821744,25.03968945563319,0.8442620913667336,209.60679191054015
2,0.1561070199357663,0.187612596796242,26.61279149691855,0.6210467761378172,208.97895075531184
