PrincipalComponent,coi,c1i,a1i,c2i,a2i
1,0.185963639789499,0.5284402109056385,22.97701948520371,0.899783012286743,209.23248553933652
2,0.1594360507888896,0.1936997818791345,26.377809958875325,0.6065348733384184,208.3009592501336
