PrincipalComponent,coi,c1i,a1i,c2i,a2i
1,0.1674938964559261,0.5889954794357066,25.352729277853825,0.8174569774333562,209.6116724417322
2,0.1523757225313076,0.1888829190815558,26.784142164498046,0.6187133518305559,209.0245136767732
