PrincipalComponent,coi,c1i,a1i,c2i,a2i
1,0.100796862696112,0.959911743919679,27.00003843092934,0.5114524873989377,228.16184925670956
2,0.1321937026486027,0.0932599402912311,30.32214018027043,0.539977386322909,200.06357874021072
