PrincipalComponent,coi,c1i,a1i,c2i,a2i
1,0.1500282023272605,0.6622559642673161,26.249516925571793,0.7485066359345586,209.7613748228677
2,0.1523872527334945,0.1756125629398498,27.10621835412489,0.610664292001454,209.29016035492097
