PrincipalComponent,coi,c1i,a1i,c2i,a2i
1,0.1547990901926414,0.6444258873372674,21.82343909599904,0.7605643781785352,250.0
2,0.1891777269852062,0.2732278919363888,45.83167321478375,0.4070379667680256,221.59848732133892
