PrincipalComponent,coi,c1i,a1i,c2i,a2i
1,0.187297473625429,0.5117559276477018,23.826594171744897,0.9089379010864564,209.464550063426
2,0.1613434095864795,0.1877002936582511,26.35218328790389,0.6242164391479998,208.6723072764537
