PrincipalComponent,coi,c1i,a1i,c2i,a2i
1,0.1128791675475305,0.8909954097289136,28.29405732070221,0.5725249531521077,250.0
2,0.1347270835568216,0.1218862069851499,22.34167708736438,0.5850594417076813,204.27669237324352
