PrincipalComponent,coi,c1i,a1i,c2i,a2i
1,0.0982389814479144,0.991053576720668,26.67757675923864,0.4961071636757899,227.73206909843617
2,0.1256360531652043,0.0866410687212422,30.74980422501447,0.5267592929294632,199.5794636380401
