PrincipalComponent,coi,c1i,a1i,c2i,a2i
1,0.1061431671826915,1.0016261881840898,28.779308855713268,0.5178132079191494,250.0
2,0.1443759299979705,0.1006349949370845,27.927002964861796,0.5371927072732529,199.09935139276956
