PrincipalComponent,coi,c1i,a1i,c2i,a2i
1,0.1850374393428165,0.6102253521692916,25.43865373386613,0.8434455583913153,209.7880518388218
2,0.1564181055391998,0.192688200169619,27.02034958010895,0.5923706803529893,209.10448052411485
