PrincipalComponent,coi,c1i,a1i,c2i,a2i
1,0.0933618555212625,1.0654419292707138,27.886116204389012,0.4728861114333069,239.17163328086448
2,0.1351646768162958,0.0831971934641608,32.303446527746964,0.5034126389260187,196.11507824077097
