PrincipalComponent,coi,c1i,a1i,c2i,a2i
1,0.1664579077854747,0.7025071632597786,24.823274111740425,0.7635771754611678,209.4037342711122
2,0.1617911047991025,0.1968179420529159,26.999819512840503,0.5493735855593727,208.75001579207148
