PrincipalComponent,coi,c1i,a1i,c2i,a2i
1,0.1630296487467069,0.6872884877114669,26.570082087800717,0.7602112396887216,210.0010773652779
2,0.1475300037487842,0.1964207401834448,27.264121685730053,0.5783059470364339,209.4401415769964
