PrincipalComponent,coi,c1i,a1i,c2i,a2i
1,0.1685257584497181,0.6645881848318825,26.337021619423165,0.7854767772130778,209.9730744910017
2,0.1522272289788591,0.1941289686012597,27.172841095304975,0.582279964544034,209.38028192769235
