PrincipalComponent,coi,c1i,a1i,c2i,a2i
1,0.1442939695786035,0.732289576878934,23.33473342290176,0.6876913251108139,208.9024718391663
2,0.1401249903450787,0.2493069129294814,27.030780452359576,0.4510993915037217,208.01997758697968
