PrincipalComponent,coi,c1i,a1i,c2i,a2i
1,0.1831229214195605,0.6167971901250872,25.98163143866637,0.830669256483277,209.9887053156661
2,0.1558169386530576,0.1908312844535203,27.022447959471172,0.591296069808767,209.3399519333426
