PrincipalComponent,coi,c1i,a1i,c2i,a2i
1,0.1477981508038722,0.8083600396955403,28.838619567331893,0.6835668619244272,250.0
2,0.1238334483519585,0.2140555199086486,22.52396128646008,0.5935775665945466,243.30748721265667
