PrincipalComponent,coi,c1i,a1i,c2i,a2i
1,0.159568054105472,0.7092737114605253,24.42403539993959,0.7475368251720264,209.22049498048835
2,0.1524227663927658,0.2241111670570699,26.98379506979892,0.5016414278065656,208.51491886520495
