PrincipalComponent,coi,c1i,a1i,c2i,a2i
1,0.093386896507073,1.0817763505819022,27.673217974751815,0.4605272465960441,237.40172601859535
2,0.1305997078767214,0.0774448212502851,32.709155220977536,0.4941864636215106,195.79921973336792
