PrincipalComponent,coi,c1i,a1i,c2i,a2i
1,0.1812540853554702,0.6300954532919826,24.66488024716758,0.8314260382598503,209.49781954695436
2,0.1573837735001795,0.1944347549818558,26.987315891219566,0.5783587670221781,208.76081722530947
