PrincipalComponent,coi,c1i,a1i,c2i,a2i
1,0.1516145016353836,0.699847462902829,22.63316589652845,0.7434721580454496,208.7357219413651
2,0.1453352068105727,0.2259349152933551,26.632378084886547,0.4857012538153528,207.83529325868912
