PrincipalComponent,coi,c1i,a1i,c2i,a2i
1,0.1231834392940581,0.9045043082202598,28.76440662920457,0.5684019212443503,210.09257000365864
2,0.1491291638083858,0.1290262943590461,28.6413767097645,0.5528370591654724,209.74633961947
