PrincipalComponent,coi,c1i,a1i,c2i,a2i
1,0.157277773809593,0.731693087751625,23.24282739615365,0.6282914845468158,208.81180502557388
2,0.151219118486393,0.2251248592975324,27.02741925164171,0.4891941836783688,207.96012092154325
