PrincipalComponent,coi,c1i,a1i,c2i,a2i
1,0.0904248382687565,1.112843876998988,27.355217643612107,0.4457931990447997,237.84904363258283
2,0.1243453780170027,0.070825260220233,33.37874113557274,0.4809344916024922,194.8816525014849
