PrincipalComponent,coi,c1i,a1i,c2i,a2i
1,0.1386040467806251,0.8365348224986863,28.739948738532263,0.6164048697910506,210.05550627029925
2,0.1513229105924948,0.1485532487041344,28.629427413746097,0.5711466216782576,209.70410756519016
