PrincipalComponent,coi,c1i,a1i,c2i,a2i
1,0.118260114019494,1.0064087377063649,27.713407611742,0.513860427607797,210.1465632134311
2,0.1046208862050209,0.1751409030990756,28.41168552972614,0.3848806466226595,209.61401521690271
