PrincipalComponent,coi,c1i,a1i,c2i,a2i
1,0.1416453508434877,0.8148610857603386,22.24378989812593,0.6405393153561284,208.55819772612568
2,0.1052827408648395,0.2614143841030747,27.160319469304984,0.3642326328422026,207.72416584894793
