PrincipalComponent,coi,c1i,a1i,c2i,a2i
1,0.1714975109392653,0.7995578039402551,24.58404350035157,0.6721040655319442,209.2985892484292
2,0.1137811898605145,0.2463935284259925,27.49948240731499,0.4118528497376254,208.5428080941761
