PrincipalComponent,coi,c1i,a1i,c2i,a2i
1,0.0873286778005779,1.181267693890268,27.2058078852019,0.3816498743004192,210.11466893426757
2,0.0899714493122461,0.1110188519604172,28.346477713149696,0.3672281593432706,209.3357904042373
