PrincipalComponent,coi,c1i,a1i,c2i,a2i
1,0.084938954521876,1.2592241149883825,27.76957584477759,0.3337477383008677,250.0
2,0.1008703708766595,0.0758253853073638,43.3710161506273,0.3463806026338715,196.45568482924432
