PrincipalComponent,coi,c1i,a1i,c2i,a2i
1,0.1845157436377638,0.7270287124056419,24.46681455393468,0.7470106571284539,209.40155033628525
2,0.1116940298857822,0.2441072647092062,27.60150577611882,0.4330527830683291,208.52833851150857
