PrincipalComponent,coi,c1i,a1i,c2i,a2i
1,0.1309048164181812,0.9260964048111356,27.18610930690273,0.5773132031899079,210.01896325689407
2,0.1045415914777885,0.2081919821885774,28.294332996047977,0.392646054201653,209.4188280649148
