PrincipalComponent,coi,c1i,a1i,c2i,a2i
1,0.1667099254308719,0.7584647176904442,25.42506058909544,0.7290016399936453,209.7154420870163
2,0.1072990327951367,0.2480465937480538,28.012731832144432,0.4124601347064899,208.85510539480683
