PrincipalComponent,coi,c1i,a1i,c2i,a2i
1,0.1616274204630532,0.7798337133576008,25.707391636714853,0.7067016374977929,209.7647687250442
2,0.1030260873815174,0.2512762069000002,28.107269730601196,0.4049686756205612,208.94646405500848
