PrincipalComponent,coi,c1i,a1i,c2i,a2i
1,0.1513885736931637,0.8594819503167498,23.164079141335712,0.5521141032766993,250.0
2,0.1683513905679005,0.3741591398607616,72.30284498804801,0.1567842982737241,223.8325150297848
