PrincipalComponent,coi,c1i,a1i,c2i,a2i
1,0.0852192360511558,1.1981510568717213,26.92726747866895,0.3719015023652279,210.0953082978977
2,0.0856593709074024,0.1064971303304975,28.295830128249932,0.3578192208648429,209.2061315339733
