PrincipalComponent,coi,c1i,a1i,c2i,a2i
1,0.1862926606618559,0.7050863126248544,24.93368825850793,0.7717309763296984,209.61714081127488
2,0.1115671362430194,0.2446066907343543,27.80906121567468,0.43526625961477,208.70465076212548
