PrincipalComponent,coi,c1i,a1i,c2i,a2i
1,0.104803370192693,1.095217656600291,27.7583803210065,0.4353291228201303,210.13056660815752
2,0.1020697025536521,0.1343959232239188,28.42063522716761,0.3888819749400007,209.65200607372313
