PrincipalComponent,coi,c1i,a1i,c2i,a2i
1,0.1454064220709079,0.8585565661491039,26.554470957822744,0.6382724662145318,209.8924251679929
2,0.1028645074608928,0.2322899102094522,28.20928271524502,0.3950892863516844,209.2073066647637
