PrincipalComponent,coi,c1i,a1i,c2i,a2i
1,0.1568991428865622,0.8222125128239799,24.418807871136213,0.6393416846478626,209.1808590593751
2,0.1139445478201985,0.2572297023447033,27.53263812204459,0.3795030582210806,208.4702059322856
