PrincipalComponent,coi,c1i,a1i,c2i,a2i
1,0.1822159384897163,0.7114327792177776,25.31241994072354,0.765608035085768,209.7477842168678
2,0.1125501215870544,0.2429536642471595,27.906215255194667,0.4280258933608321,208.83589013484203
