PrincipalComponent,coi,c1i,a1i,c2i,a2i
1,0.1357356028668356,0.8721652527089767,23.364722565112302,0.5991952307878062,250.0
2,0.1652401318109356,0.3876945455346722,72.27283620956467,0.125212069791865,224.6813321305623
