PrincipalComponent,coi,c1i,a1i,c2i,a2i
1,0.1587950909863071,0.9613379257199484,25.747098095818536,0.4570806661896954,250.0
2,0.1433504574215931,0.3985780715026816,86.54743833823231,0.0327228644770257,224.93869405648164
