PrincipalComponent,coi,c1i,a1i,c2i,a2i
1,0.1556462509263671,0.980112691887304,30.25489659613363,0.5696456834679319,211.09607497181383
2,0.0849280224973689,0.1977614179688588,29.29772800139992,0.2868384873556793,210.57533583299252
