PrincipalComponent,coi,c1i,a1i,c2i,a2i
1,0.1429734137156583,1.056150037620491,30.83115685569934,0.5009416418029211,211.2596658028137
2,0.0858990011400074,0.1666615099343159,29.399429592126204,0.2885869499678763,210.79488764918153
