PrincipalComponent,coi,c1i,a1i,c2i,a2i
1,0.1170738695495525,1.2311526875213583,31.0264378639941,0.3551967790404949,211.4064628160161
2,0.0837355912500852,0.0879704223587097,29.461000081116033,0.2861397802712958,210.90940292334
