PrincipalComponent,coi,c1i,a1i,c2i,a2i
1,0.1851599234060886,0.8266409006850618,28.813693443789543,0.7111568320266611,210.25739138790163
2,0.0953300855054531,0.2113701728699004,28.712936106553983,0.3179968165424303,209.90154416578457
