PrincipalComponent,coi,c1i,a1i,c2i,a2i
1,0.1962245704529946,0.8358704441382782,28.780802715327024,0.6788454956042825,210.248004295177
2,0.0961632489828597,0.2147490715948066,28.69086764586256,0.3291352090574842,209.88742615188343
