PrincipalComponent,coi,c1i,a1i,c2i,a2i
1,0.1311773252156986,1.1432934333613711,31.218809801403506,0.4333501115452638,211.4146969780928
2,0.0856172238397452,0.1283335615763552,29.50622788424816,0.2820468287949195,210.95730284165532
