PrincipalComponent,coi,c1i,a1i,c2i,a2i
1,0.0896451868086691,1.3563301824932528,30.010897936191476,0.2655686004424869,211.02489839016076
2,0.0727668852670096,0.0584068321956242,29.128989090257956,0.2497731997706867,210.48015894429847
