PrincipalComponent,coi,c1i,a1i,c2i,a2i
1,0.0938326040113455,1.3334604566596997,30.295537888076556,0.2795689773001103,211.10270305830005
2,0.0768778651679572,0.0572471220727967,29.215296769571182,0.263724824351321,210.60715025789204
