PrincipalComponent,coi,c1i,a1i,c2i,a2i
1,0.1697298701208808,0.9177656796744658,27.359672039807272,0.5982763601009089,210.15924481302085
2,0.0989350365181756,0.2097826631396444,28.404928572431075,0.3273135274567574,209.5696248161241
