PrincipalComponent,coi,c1i,a1i,c2i,a2i
1,0.1912478671949984,0.818509246362893,28.80160955663261,0.7135080955646654,210.2473989748431
2,0.0960592466699505,0.21339838171276,28.70385045064077,0.3262718873071583,209.89005444104131
