PrincipalComponent,coi,c1i,a1i,c2i,a2i
1,0.1714548966291776,0.8760884973856231,28.81637897968579,0.6707792346793602,210.2713805388132
2,0.0888522260511383,0.2140678812895453,28.711355225101354,0.3054098188335185,209.91667710624932
