PrincipalComponent,coi,c1i,a1i,c2i,a2i
1,0.1507939575493462,0.9133303767975056,25.027844992174835,0.555903664050751,209.36909318026963
2,0.0837805909395359,0.2364314908599359,27.924431671356903,0.2954998114975867,208.7429771010333
