PrincipalComponent,coi,c1i,a1i,c2i,a2i
1,0.1422570688213013,0.9550577334982318,25.686176933376945,0.491705649419009,209.63635791675352
2,0.0803045177865231,0.2527681542459334,28.372677937308943,0.2655421644571218,209.0038336692498
