PrincipalComponent,coi,c1i,a1i,c2i,a2i
1,0.0964050529042749,1.320365629470144,30.58203847850567,0.2890294434161756,211.2080413487313
2,0.0797496955531749,0.0592083768404833,29.30833333660735,0.2731954630853836,210.7286861752249
