PrincipalComponent,coi,c1i,a1i,c2i,a2i
1,0.1644944696645952,0.9315462214375682,27.3303018860573,0.5540524638419293,210.09883846191957
2,0.0925208047371501,0.2282720872621916,28.43500834019493,0.3043325962219158,209.55010395993972
