PrincipalComponent,coi,c1i,a1i,c2i,a2i
1,0.162870531608972,0.8982428904127959,28.821634552066588,0.6517654823201593,210.27747811163653
2,0.0856740879534977,0.2174497551227362,28.711270132568124,0.296411060329879,209.92367402836916
