PrincipalComponent,coi,c1i,a1i,c2i,a2i
1,0.1680354071481582,0.9735591213020696,27.27700171181058,0.6972976661478819,210.1994186493015
2,0.103341179717807,0.1314511672946,28.583346409454094,0.3272784438588633,209.57663566782173
