PrincipalComponent,coi,c1i,a1i,c2i,a2i
1,0.1128744524317571,1.3849629630756817,31.49260289023217,0.3881891213613051,211.49270513733217
2,0.0727791388158908,0.008823099969622,29.587628618167255,0.1978390752865346,211.02668394215831
