PrincipalComponent,coi,c1i,a1i,c2i,a2i
1,0.1670741095747074,0.9495360076751428,28.92669391717568,0.7731088813907717,210.4137493900911
2,0.0864570785072292,0.1437844405914644,28.81024375739108,0.2711124325062113,210.05805254725703
