PrincipalComponent,coi,c1i,a1i,c2i,a2i
1,0.161388975466399,0.9707979308701408,25.513574962074397,0.6287179036205744,209.5644456776357
2,0.0823373036634142,0.1539348600814133,28.104664884602258,0.3166089537159482,208.94553210500297
