PrincipalComponent,coi,c1i,a1i,c2i,a2i
1,0.1780271439373691,0.9012833900685834,27.489991339304098,0.7941547745383495,210.28757390850913
2,0.104854401560315,0.1292787930333487,28.739748517614995,0.3255247934998264,209.6298052305771
