PrincipalComponent,coi,c1i,a1i,c2i,a2i
1,0.1504366508158258,1.0101383064072298,26.06790546476401,0.5653140511505166,209.7896696522793
2,0.0798458976922281,0.1734073683488015,28.46978604988271,0.2866750267013101,209.15098957761043
