PrincipalComponent,coi,c1i,a1i,c2i,a2i
1,0.1656631611329083,0.9919178255062576,25.63036321124187,0.5334598377426083,209.65054551838367
2,0.0839518109025416,0.1680031307817194,28.3557434731891,0.3019211849752449,208.98466518878604
