PrincipalComponent,coi,c1i,a1i,c2i,a2i
1,0.1868321199946709,0.8820300039116414,28.910056792169513,0.8206542267528477,210.37290389229895
2,0.0986629201395651,0.133319275495037,28.797309954553295,0.3048772274790796,210.0349050843232
