PrincipalComponent,coi,c1i,a1i,c2i,a2i
1,0.1685877147249182,0.998170302696961,27.575012692917355,0.6268495883618466,210.22425648670057
2,0.0947742389520586,0.1385267742726373,28.64733773447838,0.3266435118731476,209.67095533131535
