PrincipalComponent,coi,c1i,a1i,c2i,a2i
1,0.1150127895714967,1.3596548992971649,31.4457455112111,0.4134815353138603,211.48055801302093
2,0.0742186731650531,0.0100367510219942,29.58142115669808,0.2066951776209112,211.00620430763868
