PrincipalComponent,coi,c1i,a1i,c2i,a2i
1,0.1529960721779031,1.1041696250341644,30.880110113659207,0.6430486633612402,211.3648232060967
2,0.0804956420163594,0.0970045670263367,29.55081674972408,0.242105009596757,210.81610504322063
