PrincipalComponent,coi,c1i,a1i,c2i,a2i
1,0.1902642094572384,0.8810466652884793,28.895602654347776,0.8151580652066516,210.3604241383188
2,0.1018177056053833,0.1285155769308316,28.78960201849054,0.3208815101770044,210.0193898317843
