PrincipalComponent,coi,c1i,a1i,c2i,a2i
1,0.1623755199972624,1.0308832867685755,30.28964507800022,0.7040174506108522,211.2452050490189
2,0.0826772595341215,0.1251888311453456,29.499429306334697,0.2485731645335994,210.63192885390117
