PrincipalComponent,coi,c1i,a1i,c2i,a2i
1,0.1327997288031938,1.2574230336071843,31.27092390149408,0.5126412722314554,211.43456940069183
2,0.0745677060815207,0.0400968246880094,29.5694949093863,0.2216883156825618,210.93733463927643
