PrincipalComponent,coi,c1i,a1i,c2i,a2i
1,0.1151577584864137,1.3422932046270386,31.287833095746663,0.4365379708607569,211.4304031236368
2,0.0736157852211701,0.0159319660519091,29.54138670157469,0.2105890484956236,210.94791119408828
