PrincipalComponent,coi,c1i,a1i,c2i,a2i
1,0.175575938491278,0.9269080969233896,28.924998579667243,0.7890600488382663,210.4020180584803
2,0.0897222573021519,0.1408472228676284,28.806868009403484,0.283202340504861,210.05730213931616
