PrincipalComponent,coi,c1i,a1i,c2i,a2i
1,0.1452036257837482,1.1824722756671044,31.41337424461941,0.5821106449873583,211.48771968193788
2,0.077676779053444,0.0675477725543529,29.648512355149578,0.2269409168918718,210.9854324716536
