PrincipalComponent,coi,c1i,a1i,c2i,a2i
1,0.1922794991585384,1.1254212260135177,33.691150512201666,0.8949405737334573,212.29422388499896
2,0.0509111199911308,0.0203101684049212,30.34400844999315,0.1279128963309249,211.7830394458167
