PrincipalComponent,coi,c1i,a1i,c2i,a2i
1,0.1505872330010739,1.2882594770457532,33.178062654528304,0.7143254317368897,212.0529954607908
2,0.0405499794392815,0.0126116540649686,30.116689510296062,0.0817444361715222,211.58350698819672
