PrincipalComponent,coi,c1i,a1i,c2i,a2i
1,0.2154518484038777,1.0269179223688365,31.88806010185049,0.8374351655992908,211.9330915080545
2,0.0874860677620344,0.0150103142484678,29.86473391086303,0.3076246564769538,211.2982442970328
