PrincipalComponent,coi,c1i,a1i,c2i,a2i
1,0.1829840524808563,1.1816848478641022,33.86968045246996,0.8410837480602151,212.31433629181296
2,0.046392933450933,0.0129574588286518,30.370948687663752,0.1095362381390933,211.8336779705029
