PrincipalComponent,coi,c1i,a1i,c2i,a2i
1,0.2032405158136,1.066125928775273,33.50575703598594,0.9453766626016225,212.2900966917209
2,0.0546524146358704,0.0341698239620061,30.32417354491361,0.1415569449094515,211.73578400197505
