PrincipalComponent,coi,c1i,a1i,c2i,a2i
1,0.2035099807802512,1.0271540451591543,30.382750697624363,0.7382524177330854,211.39174381962695
2,0.0808158165886917,0.0259896704885315,29.361894638464765,0.3263651902808774,210.76080490025208
