PrincipalComponent,coi,c1i,a1i,c2i,a2i
1,0.1496885695062305,1.2973768710091127,33.24144538089333,0.694757528686971,212.0731858906563
2,0.0404896718812005,0.0151307409021975,30.129429766961607,0.0759262800904897,211.6064715583375
