PrincipalComponent,coi,c1i,a1i,c2i,a2i
1,0.1448930194721404,1.3161622516820082,33.13392505405768,0.6690179876579492,212.0544852526855
2,0.0402001834227497,0.0200840572595236,30.092370475240813,0.0698623380866561,211.57657025496633
