PrincipalComponent,coi,c1i,a1i,c2i,a2i
1,0.2299856956822482,0.9177696320328887,33.67434987878904,1.0312478110277836,212.4603546846169
2,0.0785477430151034,0.0429824042518608,30.41233239030653,0.2161876186183043,211.8479819963644
