PrincipalComponent,coi,c1i,a1i,c2i,a2i
1,0.2136362062057011,1.046162556758287,32.000264539236504,0.757798269129847,211.90141975340325
2,0.0799272523764032,0.0280314430633834,29.859211872638664,0.3168372612372964,211.3152730976832
