PrincipalComponent,coi,c1i,a1i,c2i,a2i
1,0.2228629921647913,0.9296130001300146,32.310265722285806,0.9718413485728364,212.04562539177175
2,0.0883617700188385,0.0399232484759152,29.98830485887575,0.2703538852712976,211.4226775919256
