PrincipalComponent,coi,c1i,a1i,c2i,a2i
1,0.2294740959717904,0.9103612340280828,33.40504369393031,1.023021886964249,212.35460054681576
2,0.0838332834060053,0.0434127329432538,30.310832412989225,0.2386644903406622,211.7663419581877
