PrincipalComponent,coi,c1i,a1i,c2i,a2i
1,0.2194592239892434,0.9664343875956174,33.204303179057725,1.0110404511286326,212.30527916148773
2,0.0674227360528734,0.0453399364687695,30.271918880170045,0.186203137513436,211.67870011728004
