PrincipalComponent,coi,c1i,a1i,c2i,a2i
1,0.212289846465993,1.0399351826202514,30.07800203569684,0.6611415371544206,211.3272739055196
2,0.0738299402373579,0.0486573241035301,29.29499050108784,0.2978886733562208,210.62402029152025
