PrincipalComponent,coi,c1i,a1i,c2i,a2i
1,0.1688116713407753,1.2315951993056162,33.46827153107174,0.7825503635396364,212.17922242540632
2,0.0434057300693039,0.009584108190355,30.22888086644968,0.0964511582824997,211.69407181697548
