PrincipalComponent,coi,c1i,a1i,c2i,a2i
1,0.1971091853773914,1.0741033319201556,31.1640981590715,0.6638880618082623,211.5768272911108
2,0.0759575003215791,0.0404841916087815,29.574209098400047,0.3007655532867297,210.9844392713901
