PrincipalComponent,coi,c1i,a1i,c2i,a2i
1,0.2721647575177864,0.7876925187740966,32.06008689735592,1.4322080592391122,212.07559786566387
2,0.047160598027788,5.264078779084406e-20,30.001309659667836,0.11603047787855,211.30132888952284
