PrincipalComponent,coi,c1i,a1i,c2i,a2i
1,0.2686380120977853,0.763382977731706,31.393422671850235,1.3613151024486283,212.05448765461625
2,0.0676796788510886,6.739825178213752e-20,29.87902753083258,0.2180336195344048,211.2442845082214
