PrincipalComponent,coi,c1i,a1i,c2i,a2i
1,0.2507784952801806,0.8528288182213236,31.24601621230742,1.2050665074947111,212.01346743290927
2,0.0683479602046783,0.0,29.835262676170014,0.2661243223611706,211.2625441479243
