PrincipalComponent,coi,c1i,a1i,c2i,a2i
1,0.2586451277561078,0.8688975713434384,30.818148235273995,1.1388839383736211,211.84658271283743
2,0.0563352153468163,0.0,29.678348155266672,0.2762454504489318,211.05195324511996
