PrincipalComponent,coi,c1i,a1i,c2i,a2i
1,0.1956698687419694,1.0372251857673584,31.96022716611867,1.1239846972056484,211.7656328743394
2,0.0236881522159749,0.0374003906068164,29.81905303096264,0.0313309690760262,211.17133991135003
