PrincipalComponent,coi,c1i,a1i,c2i,a2i
1,0.2375951436692061,0.9073553811621904,30.525827293968987,1.011121231095536,211.53500858034133
2,0.0640314828806709,3.812855358944843e-18,29.49386574311163,0.2871696383067205,210.877189386812
