PrincipalComponent,coi,c1i,a1i,c2i,a2i
1,0.2127620473291926,0.996833987421694,32.31129883166328,1.194143621047322,211.84725067785092
2,0.028866206568578,0.017750193749543,29.91515275367732,0.042931870247473,211.27911420374352
