PrincipalComponent,coi,c1i,a1i,c2i,a2i
1,0.252620194076786,0.8738886106778988,32.54626022258812,1.3583411703657304,212.05315186128152
2,0.0385794630370816,0.0005103345378242,30.069427556601177,0.0808865875263633,211.40325911865523
