PrincipalComponent,coi,c1i,a1i,c2i,a2i
1,0.2823854914593343,0.7375636147624736,32.0135977151077,1.4415200273866466,212.20242058419663
2,0.0571660141471918,1.2338781989084534e-18,30.043816338543,0.1689496865661857,211.37015620092168
