PrincipalComponent,coi,c1i,a1i,c2i,a2i
1,0.1902562017278134,1.054241855276047,31.738613384029936,1.0791085057338432,211.7133914697396
2,0.0210151598285457,0.0552996190861194,29.764056749044823,0.0222306049891073,211.1064124045801
