PrincipalComponent,coi,c1i,a1i,c2i,a2i
1,0.2450504003013687,0.8490784058299409,28.958769302036725,1.1135726750661628,210.4453145483201
2,0.0597381334858314,3.017707982228884e-18,28.863722233216222,0.2885870942005172,210.06745807701896
