PrincipalComponent,coi,c1i,a1i,c2i,a2i
1,0.2541193436442246,0.8691611508688116,28.94959436376441,1.018753563034698,210.4544262636328
2,0.0653293801848658,0.0,28.846043399489808,0.2818663041036619,210.08180531937816
