PrincipalComponent,coi,c1i,a1i,c2i,a2i
1,0.2268624102307549,0.9615180187243832,32.723968345587075,1.252583804703802,211.96477816063117
2,0.0323762138902481,0.0061978535214459,30.050815580932557,0.0559532056406372,211.4160762428686
