PrincipalComponent,coi,c1i,a1i,c2i,a2i
1,0.2660698510671369,0.8120149611843623,32.33374971630841,1.4108194567771135,212.05068230598124
2,0.0450248074470998,5.698018520728262e-05,30.04750164235924,0.1061414345525546,211.35705306349152
