PrincipalComponent,coi,c1i,a1i,c2i,a2i
1,0.2385224771556526,0.9193143099444484,32.57535409487781,1.3092558542861723,211.99416008601105
2,0.0356815630498972,0.0,30.04405798151807,0.0694102933573829,211.390259149013
