PrincipalComponent,coi,c1i,a1i,c2i,a2i
1,0.284170580652708,0.7410846849913969,32.24962763382765,1.4556672666878283,212.27497676705957
2,0.0519459920569828,4.107465501771296e-19,30.11206505491212,0.1433910543461987,211.43050083689815
