PrincipalComponent,coi,c1i,a1i,c2i,a2i
1,0.3652110874603346,0.5423976603629692,34.41335929209965,1.8146884830739365,212.18930668196657
2,0.0251014565187711,0.0120508045483859,30.617018274319907,0.0384508816157687,211.8912849091696
