PrincipalComponent,coi,c1i,a1i,c2i,a2i
1,0.3346975476553498,0.6229696666452226,34.88235486651576,1.708255090083446,212.4501724387133
2,0.0263239838122441,0.0212352090557177,30.791134652655945,0.0342768387041889,212.0881453801316
