PrincipalComponent,coi,c1i,a1i,c2i,a2i
1,0.3566850956997061,0.5682605812055712,34.99241928933277,1.781929368971028,212.2487487676156
2,0.025421711232607,0.0131150300896038,30.758703800711466,0.0368279112431148,212.05344142540432
