PrincipalComponent,coi,c1i,a1i,c2i,a2i
1,0.2855161050073618,0.7193846989747826,33.869689274961935,1.5184097233945186,212.43378068562512
2,0.0238115788577451,0.0640927827658415,30.643104006317348,0.0261561934520438,211.8554769141417
