PrincipalComponent,coi,c1i,a1i,c2i,a2i
1,0.3527721829981555,0.5945877805283444,28.968755997687666,1.433079615517337,210.44267140416625
2,0.0378133043488269,0.0329231045925489,28.896270884347757,0.1817994725828983,210.0587153971174
