PrincipalComponent,coi,c1i,a1i,c2i,a2i
1,0.3168042082347664,0.6558536446687375,34.54159197555805,1.6536844114100768,212.47162962475284
2,0.0258229111762436,0.0327282745194386,30.738501256321843,0.0309802242180392,212.01269522130903
