PrincipalComponent,coi,c1i,a1i,c2i,a2i
1,0.262218312934959,0.7656925293475285,33.06296574666556,1.395971440356163,212.46966965636136
2,0.017873903958124,0.1123477278111907,30.614814254540786,0.0120999617871626,211.7053042298797
