PrincipalComponent,coi,c1i,a1i,c2i,a2i
1,0.3837685392271444,0.4911352393051065,34.47918670034497,1.8647059345412629,212.02664044637123
2,0.0244900267161039,0.010591796538658,30.594394448335024,0.0447406661218286,211.8604015035588
