PrincipalComponent,coi,c1i,a1i,c2i,a2i
1,0.337072303363804,0.575385799673378,28.9812763439826,1.5378661475843352,210.42288864629495
2,0.048565481136036,0.0169941361932926,28.905833144263383,0.1859084891506923,210.04708162464397
