PrincipalComponent,coi,c1i,a1i,c2i,a2i
1,0.268547262225743,0.7505306486780762,33.41401709342643,1.444295599937249,212.3707413979366
2,0.0194318917629023,0.0925882845760535,30.573817757623527,0.0177149502632095,211.73880070270172
