PrincipalComponent,coi,c1i,a1i,c2i,a2i
1,0.3507950903589684,0.570010655670449,29.034797622136654,1.701300658217421,210.51895591995705
2,0.0400009610325742,0.0087956995388379,28.958936806158466,0.1225552473556924,210.07743282186743
