PrincipalComponent,coi,c1i,a1i,c2i,a2i
1,0.3316629559783021,0.6256645652956241,28.967949531736508,1.4616379953893694,210.39987383675376
2,0.0341595769538143,0.0271981344340446,28.885258910990512,0.1743854215698936,210.0376768063076
