PrincipalComponent,coi,c1i,a1i,c2i,a2i
1,0.3009725828876846,0.6903873237889927,34.54276535210093,1.585481108407164,212.3606192878882
2,0.0257883045307118,0.0464240519362716,30.724140906883385,0.0300583602091261,211.98579599403624
