PrincipalComponent,coi,c1i,a1i,c2i,a2i
1,0.3675763214512195,0.4991387026651185,29.05367711799397,1.843611569027152,210.5252284100172
2,0.0308093683069961,0.0060035309145137,28.981408340130496,0.0794020548909603,210.07446913408396
