PrincipalComponent,coi,c1i,a1i,c2i,a2i
1,0.3254689729486822,0.5999217493216107,29.000252984978214,1.5748341262567294,210.4104719318977
2,0.0537636537453428,0.0111924120187146,28.914350859877587,0.1812806197101019,210.0434254640512
