PrincipalComponent,coi,c1i,a1i,c2i,a2i
1,0.3675243960347982,0.4774214633447346,29.0644106337455,1.901782717341748,210.5232139312405
2,0.0253025448709391,0.0095160371909666,28.9914568190143,0.0530158741202177,210.07152554814851
