PrincipalComponent,coi,c1i,a1i,c2i,a2i
1,0.2681184125638509,0.7533462037736743,33.34888445049816,1.422647926257783,212.38827478527304
2,0.0177841488061678,0.1010240580475884,30.603630272775423,0.0159481431112272,211.73794166829248
