PrincipalComponent,coi,c1i,a1i,c2i,a2i
1,0.3074501823711817,0.6643726703009022,28.96266776212166,1.4446208941974443,210.44382201585395
2,0.0324673104201762,0.1259227338096321,28.88338280107718,0.0574752842765352,210.0486357229992
