PrincipalComponent,coi,c1i,a1i,c2i,a2i
1,0.4277795922140032,0.5859517802181233,29.664831521791456,1.8595514011630825,250.0
2,0.0285133407163194,0.0315401742544892,39.13343693782651,0.0315593680969643,221.68395968638703
