PrincipalComponent,coi,c1i,a1i,c2i,a2i
1,0.3765051371439554,0.5982436357002467,27.594212274027782,1.690508335025763,250.0
2,0.0632217780905609,0.0256813466318525,38.638765546547425,0.1142675922468478,221.2475672674252
