PrincipalComponent,coi,c1i,a1i,c2i,a2i
1,0.4153875478187159,0.6092424362992668,28.80510297463968,1.5714463139084465,250.0
2,0.0402035987736401,0.0423220114255645,39.23484953258791,0.1108393051358058,221.43950230619555
