PrincipalComponent,coi,c1i,a1i,c2i,a2i
1,0.3440380356131479,0.6972020222244623,34.00632129897232,1.6256231681223146,250.0
2,0.049276318410668,0.0574233850833522,39.70390702023964,0.0601782028563259,222.820058334448
