PrincipalComponent,coi,c1i,a1i,c2i,a2i
1,0.3259407598944281,0.6203277794182741,28.962481292880195,1.5727513048782282,210.4001843240383
2,0.0413806652077712,0.0734980440063483,28.87877814289739,0.0700939529864424,210.0290863031644
