PrincipalComponent,coi,c1i,a1i,c2i,a2i
1,0.4412612208105883,0.5118563392359651,33.416569291148804,1.976960379668602,250.0
2,0.0313658442034496,0.023479539900579,39.77103502225433,0.0220188450612185,222.55612876479125
