PrincipalComponent,coi,c1i,a1i,c2i,a2i
1,0.3118157598916826,0.7466788256757546,32.3607480447652,1.4580496672017542,250.0
2,0.044921051964079,0.1174246965468764,42.15272833272707,0.0437095610392207,222.89552981675337
