PrincipalComponent,coi,c1i,a1i,c2i,a2i
1,0.418414709221019,0.4403101266397917,29.047467165934037,1.907121410087399,210.55663631976995
2,0.0366167468981102,0.0250226854788889,28.979682845580037,0.035036629843149,210.09502542041565
