PrincipalComponent,coi,c1i,a1i,c2i,a2i
1,0.3124673468801687,0.7454386776640726,32.48010859540562,1.480304504253655,250.0
2,0.0455039460772013,0.1076941819677961,41.389581579124304,0.0473062651458638,222.78415749199397
