PrincipalComponent,coi,c1i,a1i,c2i,a2i
1,0.3596342634616125,0.6667390021060959,34.027839590113906,1.7028734229457003,250.0
2,0.0475321165397,0.0440939590275549,39.59570092029592,0.0539813531830234,222.79316449902825
