PrincipalComponent,coi,c1i,a1i,c2i,a2i
1,0.3780623944939442,0.6377016069649881,34.36413440298552,1.767539451295993,250.0
2,0.0464954238985642,0.0319532514348036,39.535681324486845,0.0488042165153415,222.86487772269064
