PrincipalComponent,coi,c1i,a1i,c2i,a2i
1,0.4432903376424389,0.5281025106038234,31.530483852619135,1.9551861050494967,250.0
2,0.0275882102478312,0.0219939534501763,39.41754869021071,0.0245733411691398,222.1039728791617
