PrincipalComponent,coi,c1i,a1i,c2i,a2i
1,0.3838845281959475,0.6360087490774615,29.897034058668012,1.5784139051796426,250.0
2,0.0549748709091679,0.0391863380874376,38.79786591315089,0.1176063125539989,221.93768567838248
