PrincipalComponent,coi,c1i,a1i,c2i,a2i
1,0.3994852904719003,0.6114595397204728,29.71903464858156,1.7438622550614509,250.0
2,0.0479398788519697,0.031950696846725,39.146098557845136,0.0770351028843037,221.72936191487264
