PrincipalComponent,coi,c1i,a1i,c2i,a2i
1,0.4428651800265422,0.3901170662404435,29.05344279472775,1.9659476957467417,210.5649148377374
2,0.0322690134681654,0.0231692212437287,28.988664715249108,0.0292668158657317,210.0988987458555
