PrincipalComponent,coi,c1i,a1i,c2i,a2i
1,0.4048844979833691,0.4647284019687332,29.038119560314964,1.8761040205652657,210.55499919004905
2,0.0383117522010562,0.026189952818426,28.97431838090145,0.0380233089524164,210.0912226877833
