PrincipalComponent,coi,c1i,a1i,c2i,a2i
1,0.2665031449322602,0.7205283987672108,27.69874529215086,1.4249836288976665,250.0
2,0.0642126825948477,0.0985580254187019,36.309702056319395,0.2502474946220089,222.62180516899755
