PrincipalComponent,coi,c1i,a1i,c2i,a2i
1,0.273960476612064,0.7100506628974402,28.17421677744728,1.4615294086907975,250.0
2,0.0655429848799258,0.0750366165626267,36.13429433769679,0.2686034066231317,223.10708229673008
