PrincipalComponent,coi,c1i,a1i,c2i,a2i
1,0.3585242579973028,0.5907502590703445,23.39621526280208,1.6767247857801195,250.0
2,0.0655991191390327,0.0186501442652866,37.6951877939255,0.1968110280112139,219.82751706969623
