PrincipalComponent,coi,c1i,a1i,c2i,a2i
1,0.3734594657460807,0.5732649985563215,23.81399098521552,1.9324643625183011,250.0
2,0.0420209834321421,0.0312585547911636,37.83545089097532,0.0808840489006365,220.1774534502554
