PrincipalComponent,coi,c1i,a1i,c2i,a2i
1,0.392685237608564,0.4756022222299442,26.13668532486111,2.031635426141366,250.0
2,0.0569771215908276,1.968651746392525e-19,38.56933460229108,0.1682610501480972,221.2304233922383
