PrincipalComponent,coi,c1i,a1i,c2i,a2i
1,0.3858667593073756,0.555894823599802,23.947023419413966,1.991070342345443,250.0
2,0.0416728662624558,0.0181096182386835,37.85672336714332,0.0912237029230888,220.23111803761236
