PrincipalComponent,coi,c1i,a1i,c2i,a2i
1,0.3052335024263827,0.6593076230068468,29.173297096375627,1.6035543836150934,250.0
2,0.0746208763923538,0.0229345730998066,38.06635795748661,0.2844233101281498,223.95972766046563
