PrincipalComponent,coi,c1i,a1i,c2i,a2i
1,0.2734300887484773,0.7097166554083911,27.996375929791785,1.4438230599366508,250.0
2,0.0635908990190405,0.0858623115212191,36.17176976126868,0.2629966091008814,222.89873882637588
