PrincipalComponent,coi,c1i,a1i,c2i,a2i
1,0.3560203587306147,0.5732255972135483,22.07727106037648,1.8736124390516675,250.0
2,0.0485298584642711,0.018973218274742,37.44879895820324,0.117943325740234,219.7578002092716
