PrincipalComponent,coi,c1i,a1i,c2i,a2i
1,0.3362033486118872,0.6009871646425077,28.905861185538143,1.7540998205294964,250.0
2,0.072010333486193,4.065758998951603e-19,39.467693341773966,0.2633545416444445,223.4597630272544
