PrincipalComponent,coi,c1i,a1i,c2i,a2i
1,0.3864853976601163,0.4808912196985094,26.913106175058154,1.9923719151558796,250.0
2,0.0597911261196124,0.0,38.80969296891716,0.1910522621203804,221.72674261119704
