PrincipalComponent,coi,c1i,a1i,c2i,a2i
1,0.3672803824553636,0.5293854061487997,27.753850035524376,1.9046518162923112,249.99999999999997
2,0.0628641472377693,2.879331522133918e-18,39.083166817682745,0.2194465270984414,222.4518570652397
