PrincipalComponent,coi,c1i,a1i,c2i,a2i
1,0.3486110925037753,0.6070532125505447,23.462572747905828,1.7540903461370352,250.0
2,0.0505234032420628,0.0316916754407645,37.70079390520512,0.1405271518766749,219.99972765839095
