PrincipalComponent,coi,c1i,a1i,c2i,a2i
1,0.3958335785537213,0.4922073425824826,24.692277402309596,2.0483737704291,250.0
2,0.0484007223104048,0.0071260427509961,38.06807941358829,0.1272968447661297,220.53515726105465
