PrincipalComponent,coi,c1i,a1i,c2i,a2i
1,0.2904596980514011,0.6847890667823509,28.70975363907561,1.5304632885623168,250.0
2,0.071995997492165,0.042135952264544,36.99059590435832,0.2836196732463563,223.75110817577135
