PrincipalComponent,coi,c1i,a1i,c2i,a2i
1,0.3204766399462294,0.6290438053249561,29.013012862070344,1.6819808036294377,249.99999999999997
2,0.0742856161976808,0.0084548999171891,38.87666890230261,0.2767829006595385,223.6814992801986
