PrincipalComponent,coi,c1i,a1i,c2i,a2i
1,0.3581407739092978,0.5514597064924334,28.31504232489084,1.8617455047697695,250.0
2,0.0644551369546076,7.10290657901399e-20,39.256137880113755,0.2305855394481633,222.83051098781684
