PrincipalComponent,coi,c1i,a1i,c2i,a2i
1,0.2902585689878972,0.7359929270786773,26.49660162413646,1.4429165271231748,250.0
2,0.0772337382937164,0.0675552241108042,37.03113079234636,0.3044494058706581,222.44128040091704
