PrincipalComponent,coi,c1i,a1i,c2i,a2i
1,0.3490429484544002,0.6860377091914589,22.849967588578945,1.7662812782895108,250.0
2,0.0536939765971513,0.0548618611147328,37.75857981534697,0.1016256323537204,220.09465261129992
