PrincipalComponent,coi,c1i,a1i,c2i,a2i
1,0.3349991429562793,0.6505957354121189,25.84921999522475,1.6476140321881227,250.0
2,0.0782655767921137,0.0333151626020245,37.52854125049362,0.2663096269694195,222.08525115296777
