PrincipalComponent,coi,c1i,a1i,c2i,a2i
1,0.2429744756611992,0.8034299866529483,25.2724311963179,1.2363788389609391,250.0
2,0.0667712180288455,0.1672572055497266,42.33392849763194,0.2490976532687309,221.7549210392251
