PrincipalComponent,coi,c1i,a1i,c2i,a2i
1,0.3577804832161843,0.6014850245715558,24.600260068803088,1.7763624236407471,250.0
2,0.0710641483800378,0.0365504913913092,37.50541229464566,0.2080190693653919,221.06763837091992
