PrincipalComponent,coi,c1i,a1i,c2i,a2i
1,0.2441896973067051,0.8039304486636101,25.424240693899847,1.2517533069319131,250.0
2,0.0669071848640515,0.1539844164914077,41.034067963934994,0.2613418760292122,221.7612601660932
