PrincipalComponent,coi,c1i,a1i,c2i,a2i
1,0.3371018503050849,0.7059321468225164,21.37973847841759,1.714646351985213,250.0
2,0.0415948983224166,0.0566848598406822,37.173167780994895,0.0629936574191523,219.7197267117198
