PrincipalComponent,coi,c1i,a1i,c2i,a2i
1,0.2753551006741814,0.7601699009154508,26.36599938452404,1.3751189970070885,250.0
2,0.0745888974131408,0.0892461659442493,37.36835681893396,0.3037601616575908,222.17674373459135
