PrincipalComponent,coi,c1i,a1i,c2i,a2i
1,0.3264190046087341,0.6703050030208947,26.291488059529097,1.6070274646112652,250.0
2,0.0791214041002834,0.035416590368558,37.46381090087191,0.275767562722866,222.36704729895845
