PrincipalComponent,coi,c1i,a1i,c2i,a2i
1,0.3445070215106374,0.7078380238109504,22.801521881207854,1.740613385688328,249.99999999999997
2,0.0459273805835609,0.0644791650967164,37.91018930993298,0.0593339145545702,220.07712419922888
