PrincipalComponent,coi,c1i,a1i,c2i,a2i
1,0.3370564822972706,0.7316645522429824,22.68247073499557,1.5486879520776886,250.0
2,0.0635437203996227,0.0462460822548257,37.44532787761052,0.1122313322512456,220.1478170098877
