PrincipalComponent,coi,c1i,a1i,c2i,a2i
1,0.3058169784191822,0.7123002206889145,26.60109874477812,1.5086782854323009,249.99999999999997
2,0.0801219081146856,0.0493647324503993,37.120057125442,0.297814814582132,222.5746415432625
