PrincipalComponent,coi,c1i,a1i,c2i,a2i
1,0.3595812508618609,0.6204224488098777,23.51786485259457,1.8009648468405215,250.0
2,0.0624029854897178,0.043495926759024,37.48384500661992,0.1586247845637517,220.40490404332945
