PrincipalComponent,coi,c1i,a1i,c2i,a2i
1,0.3313376034999045,0.7416405781976804,22.589971994518113,1.621075437833308,250.0
2,0.0431011313659106,0.0665516425542412,37.64177047048854,0.0609258880277676,220.06635392574552
