PrincipalComponent,coi,c1i,a1i,c2i,a2i
1,0.3534810693834571,0.6051173473204903,25.266012932533524,1.7336716549315352,249.99999999999997
2,0.0750536361555434,0.033586532143423,37.53228886110054,0.2361487077396594,221.54813533026697
