PrincipalComponent,coi,c1i,a1i,c2i,a2i
1,0.2597488991332021,0.783508121226044,25.95423114776244,1.3096369633165794,250.0
2,0.0720170222237053,0.1126571528201861,38.08289738723557,0.2939975787352704,221.92451536790577
