PrincipalComponent,coi,c1i,a1i,c2i,a2i
1,0.2982428726483911,0.7463631147169822,26.187764318224293,1.4843490810661972,250.0
2,0.0518820985670732,0.110992460480261,42.19148288333055,0.2885910700670835,221.58534595085612
