PrincipalComponent,coi,c1i,a1i,c2i,a2i
1,0.278598854931834,0.857095374256124,23.3944290688274,1.50058846329506,249.99999999999997
2,0.0275421869152737,0.116395035558756,41.2523564283476,0.0728546272848689,220.76311141672468
