PrincipalComponent,coi,c1i,a1i,c2i,a2i
1,0.2026255403032049,0.9025259141760776,26.161156617944307,1.0678412337736347,250.0
2,0.0561197824503868,0.2532466589564755,57.29638797604412,0.2686612462199531,222.7234617695839
