PrincipalComponent,coi,c1i,a1i,c2i,a2i
1,0.249927361960836,0.8425766511049148,27.26613104381064,1.2381129742441823,249.99999999999997
2,0.0556151776112853,0.1474723410357417,45.30981685670152,0.3483804526935822,222.433697520686
