PrincipalComponent,coi,c1i,a1i,c2i,a2i
1,0.2337672240470543,0.8629107165348748,26.94728010007464,1.1806383340143802,250.0
2,0.0545787974842637,0.1757022144178906,48.648287810523,0.336988505474198,222.39313386959043
