PrincipalComponent,coi,c1i,a1i,c2i,a2i
1,0.2868253315317177,0.8370059934975456,24.676281655176258,1.4900878054378222,250.0
2,0.0407515655860608,0.1182699552611017,41.930316091885466,0.1689242483421835,220.90419256587256
