PrincipalComponent,coi,c1i,a1i,c2i,a2i
1,0.2984337236488376,0.7681119828583787,25.26603479707901,1.5131331976228242,250.0
2,0.0459699585386056,0.1126102271189942,41.88843746337986,0.2369798320306657,221.06772296628455
