PrincipalComponent,coi,c1i,a1i,c2i,a2i
1,0.2810452764501236,0.894633682729521,25.102245233993372,1.41786372442879,250.0
2,0.0291091400071158,0.1242108918287936,42.2763579520893,0.0497122782607593,221.37214378186692
