PrincipalComponent,coi,c1i,a1i,c2i,a2i
1,0.1786439437339944,0.92653233051728,25.07086351893833,0.9973109940780136,250.0
2,0.0588365880005036,0.3812905121566578,68.77012932835609,0.1153705989666949,224.3273267862974
