PrincipalComponent,coi,c1i,a1i,c2i,a2i
1,0.277859401808828,0.7887704597316968,26.984333453184597,1.3634190743635384,250.0
2,0.0548528791200062,0.1176278351437617,42.52504562294422,0.3377783107823014,222.2201752980976
