PrincipalComponent,coi,c1i,a1i,c2i,a2i
1,0.2864939792793985,0.8645843485479122,25.026267169762725,1.4884272590318457,250.0
2,0.0340706627366738,0.119180333626627,41.9690169262025,0.1007326337051311,221.10196029782267
