PrincipalComponent,coi,c1i,a1i,c2i,a2i
1,0.1845683112432077,0.9186236000599712,25.360161469920858,1.0094083783592476,250.0
2,0.057109471129301,0.349722036601058,66.37664128005903,0.1567775126985159,224.0107504684816
