PrincipalComponent,coi,c1i,a1i,c2i,a2i
1,0.218502881257545,0.8829481287956773,26.657677004172537,1.1231284800790322,250.0
2,0.0547290417986949,0.2137145988849211,53.258256012534645,0.3080589333239459,222.40231607589183
