PrincipalComponent,coi,c1i,a1i,c2i,a2i
1,0.1860773390096397,0.920122893987436,25.552064662942065,1.020678179782389,250.0
2,0.0562520927848054,0.3235235740552684,63.910404987441915,0.1884495341247902,223.6677909970508
