PrincipalComponent,coi,c1i,a1i,c2i,a2i
1,0.2947078455255525,0.7474999181842964,26.659985989115487,1.444314576514533,250.0
2,0.05378673036905,0.1123461113349179,42.165865238726106,0.3136646204673083,221.89647434967017
