PrincipalComponent,coi,c1i,a1i,c2i,a2i
1,0.2706140906675182,0.8067437394952253,27.330822898905375,1.3244491949922146,250.0
2,0.0549346614952109,0.1223231689455718,42.94605997118645,0.3437636071949098,222.40475383127077
