PrincipalComponent,coi,c1i,a1i,c2i,a2i
1,0.2953251341472755,0.8851168423717678,25.491235252918408,1.3717088921802905,249.99999999999997
2,0.0437848197026445,0.0994337633549301,40.36286129709413,0.0778185626148755,221.3510696251331
