PrincipalComponent,coi,c1i,a1i,c2i,a2i
1,0.1123820767816567,1.5141939273485292,25.83985565423419,0.3011152000466068,209.39418693540873
2,0.0147253212248955,0.0034411484943084,27.610858496182978,0.029650950198152,208.98700168420277
