PrincipalComponent,coi,c1i,a1i,c2i,a2i
1,0.1387503889112434,0.9288706165861824,23.512121038421892,0.6706054758249845,250.0
2,0.0756149496789607,0.4159939120270062,37.640016253247026,0.0721244294666735,220.44775456455153
