PrincipalComponent,coi,c1i,a1i,c2i,a2i
1,0.0732818292790169,1.527332742577337,27.80364749640138,0.1334914217824891,210.0382066654275
2,0.0228041649830389,0.1003546591960941,28.27687314187967,0.0114956873525633,209.67946949930123
