PrincipalComponent,coi,c1i,a1i,c2i,a2i
1,0.1165013359684875,0.9209934085083228,21.7833339332623,0.5920335841712734,250.0
2,0.0787119509453655,0.5276539438041334,38.657176657965266,1.8259254221631437e-18,220.61748677001384
