PrincipalComponent,coi,c1i,a1i,c2i,a2i
1,0.1425577539633253,0.97134960093706,24.984323390456865,0.6064835733270898,235.60074132706453
2,0.1123122652456512,0.3544617769341384,53.13394519088814,0.0627939490068912,220.3897833477715
