PrincipalComponent,coi,c1i,a1i,c2i,a2i
1,0.1337912291754149,1.0482404330148989,26.316294095804892,0.5054496384815311,209.88630599012183
2,0.054650933774255,0.257186562990264,28.21640306721859,0.176634640866222,209.3007612438802
