PrincipalComponent,coi,c1i,a1i,c2i,a2i
1,0.0947110725118762,1.2650268730869665,27.46223102510949,0.3327941968091338,210.1794233592384
2,0.0366041773793271,0.1812578023934858,28.421217287316814,0.1101634781894282,209.6559249434736
