PrincipalComponent,coi,c1i,a1i,c2i,a2i
1,0.1347397904236244,0.909318927403338,22.66107673482304,0.674770925641809,249.99999999999997
2,0.0851886967653374,0.4859963549828583,41.7840653759183,7.293077275115178e-18,221.1580332662921
