PrincipalComponent,coi,c1i,a1i,c2i,a2i
1,0.0694253686538302,1.4573358881548375,27.55035087228437,0.1887811828756992,210.02679810787504
2,0.0257715696089013,0.1257103912069023,28.27394268543797,0.0366776401887208,209.6148015817067
