PrincipalComponent,coi,c1i,a1i,c2i,a2i
1,0.0955387531171069,1.565639384162281,26.231988974933326,0.2237100847826791,209.5171809301072
2,0.0127903102161042,0.0146983420470124,27.726670512920723,0.0171113658928506,209.1245824332239
