PrincipalComponent,coi,c1i,a1i,c2i,a2i
1,0.079752483397281,1.3474037947097812,27.48129214356597,0.2733560781874968,210.11281516044312
2,0.0301980468669288,0.1542272890861357,28.345203170066505,0.0813701299283004,209.62903319641896
