PrincipalComponent,coi,c1i,a1i,c2i,a2i
1,0.0866132190293823,1.3139329892079028,27.46044940826252,0.2966794308924282,210.1310206054603
2,0.0312642325047245,0.1662969173456071,28.36328460455241,0.0913015160210226,209.63439268372403
