PrincipalComponent,coi,c1i,a1i,c2i,a2i
1,0.1011867772097477,1.223448809639516,27.381176335154695,0.3575509203166296,210.18431242043292
2,0.0409797939069111,0.1953156435456403,28.425028220726738,0.1339404931009681,209.63904838085156
