PrincipalComponent,coi,c1i,a1i,c2i,a2i
1,0.0719860903056716,1.5877097509944418,27.83846515281234,0.1126075480625034,210.07708767375024
2,0.0212637662319667,0.0678594435284808,28.28384443339361,0.0,209.70241739719256
