PrincipalComponent,coi,c1i,a1i,c2i,a2i
1,0.0824286604669822,1.6072479428268476,27.311731911601346,0.1345972523333804,209.8842399929
2,0.0172758407540415,0.0382017894525149,28.090376085332966,0.0,209.5111621018227
