PrincipalComponent,coi,c1i,a1i,c2i,a2i
1,0.1269525738071457,1.4747929607396322,25.79288427950148,0.3340492551801947,209.40107675166465
2,0.0147748525750669,0.0004898840810388,27.620352254879883,0.039033139018066,208.98003054629444
