PrincipalComponent,coi,c1i,a1i,c2i,a2i
1,0.1141707308541641,1.1407257955374943,26.96275809458986,0.4225002098575947,210.08248979481712
2,0.0512272765480333,0.2174110766368444,28.318410740948064,0.1599660940746024,209.50952938320424
