PrincipalComponent,coi,c1i,a1i,c2i,a2i
1,0.1613751894413973,0.82688982089676,24.81342522538216,0.7102138439206646,250.0
2,0.1447478513012394,0.3742932147379475,64.97022354250502,0.1036105289265504,226.5030603993497
