PrincipalComponent,coi,c1i,a1i,c2i,a2i
1,0.1146259222539559,1.1151629732982398,27.36392349940978,0.4279286541362415,210.2357774869635
2,0.0433946778853179,0.1909854945571991,28.468099015081066,0.153069116939377,209.64896655038007
