PrincipalComponent,coi,c1i,a1i,c2i,a2i
1,0.1363658738237358,0.96390379101132,26.80174268446452,0.5282312217827827,210.05618527782633
2,0.069314337770902,0.2199925243784439,28.367594800213144,0.2470487385442793,209.4438910514894
