PrincipalComponent,coi,c1i,a1i,c2i,a2i
1,0.1519943894648683,1.300329678708521,25.319631537650352,0.5339737270599737,209.41883151150608
2,0.0141728989891936,0.0371374125115592,27.56554225572082,0.0,208.86122707201224
