PrincipalComponent,coi,c1i,a1i,c2i,a2i
1,0.154699790709913,0.8795139855474646,26.00780661575181,0.6054371372700372,209.9074510703477
2,0.0737342206307446,0.2519261977170604,28.294547923685723,0.2694655678971338,209.1876935880143
