PrincipalComponent,coi,c1i,a1i,c2i,a2i
1,0.1014659194617111,1.2383916987365164,27.419729980556557,0.3506853196660827,210.15668363119175
2,0.0332556273727587,0.1705527649816633,28.35638926173196,0.0686339554736569,209.62883978724145
