PrincipalComponent,coi,c1i,a1i,c2i,a2i
1,0.1522883587236974,0.7706172522379395,22.103645412676357,0.7731045836107886,249.99999999999997
2,0.1150474554350333,0.4764496319039229,46.77939340618122,0.0610392668119476,221.8374703256553
