PrincipalComponent,coi,c1i,a1i,c2i,a2i
1,0.1324058276248857,0.7909477817301931,21.25504089089447,0.6922300568798382,250.0
2,0.1178676736848553,0.5451661483219746,48.18663526804569,0.0,222.16153989281588
