PrincipalComponent,coi,c1i,a1i,c2i,a2i
1,0.1676915908102821,1.2783628578326165,25.27622866184832,0.5666162718817024,209.42346319827357
2,0.0098536987934282,0.0248827655938135,27.521442629206444,0.0022417449586465,208.84157578626113
