PrincipalComponent,coi,c1i,a1i,c2i,a2i
1,0.1213570457688463,1.0729445564983788,27.406402376675448,0.4546873908007043,210.2793643885087
2,0.0504614630555767,0.199406620008265,28.517313432077625,0.1806347041625258,209.67861438808873
