PrincipalComponent,coi,c1i,a1i,c2i,a2i
1,0.1214486768510799,1.3669478957555592,26.93275996025301,0.3554010570356929,209.85480585822347
2,0.023343038912139,0.0806060374268355,28.02936817687772,5.3069968245871776e-18,209.39719529370868
