PrincipalComponent,coi,c1i,a1i,c2i,a2i
1,0.1079337564556875,1.2998051812999876,27.695361128757515,0.311881783861149,210.20841474294184
2,0.027239420879396,0.1540273656074233,28.398056749932863,0.0272428183013025,209.7093002723157
