PrincipalComponent,coi,c1i,a1i,c2i,a2i
1,0.1092531771667476,1.1439048095704314,27.380383239145846,0.4107770538090086,210.21312535073503
2,0.0407192725572455,0.1836559912526664,28.434202914041443,0.1371017007389267,209.64201558649455
