PrincipalComponent,coi,c1i,a1i,c2i,a2i
1,0.1357188442272556,1.336350911101409,25.712311372203345,0.4571263979096395,209.48055673420964
2,0.0162129269644791,0.0505194540475248,27.661048924472837,0.0,208.976572029405
