PrincipalComponent,coi,c1i,a1i,c2i,a2i
1,0.1093959857575881,1.3508615256083147,27.61621683552335,0.3122768806855664,210.12807591033547
2,0.0223301467040045,0.1275439454768666,28.30793044790155,0.0,209.65860074623623
