PrincipalComponent,coi,c1i,a1i,c2i,a2i
1,0.1265332091500969,1.0371981898217684,27.35488347645376,0.4715996389420994,210.2266019445791
2,0.0567632853652796,0.2072064502837586,28.505564494633926,0.2119224575531032,209.65510601239652
