PrincipalComponent,coi,c1i,a1i,c2i,a2i
1,0.1564826710502252,0.7838304752467873,22.9689702625233,0.7678027043669474,250.0
2,0.1027427869359791,0.4034188795405162,40.973671961912345,0.1495653763379894,220.951493119057
