PrincipalComponent,coi,c1i,a1i,c2i,a2i
1,0.1664064143368042,0.7265772906110182,22.91061708122503,0.7882744608008536,250.0
2,0.1337344390587318,0.2792182627875583,46.47489461587693,0.3522684858875713,225.1340476352929
