PrincipalComponent,coi,c1i,a1i,c2i,a2i
1,0.1401973446246692,0.6996237086147948,19.651570672345088,0.7800505282590786,250.0
2,0.169906937775921,0.56676267211956,68.83109944486685,0.0,225.2090132271826
