PrincipalComponent,coi,c1i,a1i,c2i,a2i
1,0.1173822226032865,0.9771789982362324,25.121035129366888,0.5457395200235337,209.4305590752062
2,0.0552004790432255,0.1729555076916499,27.69455327267781,0.2758658279212401,208.844313949029
