PrincipalComponent,coi,c1i,a1i,c2i,a2i
1,0.1146499324431548,1.1885068348210388,25.259842598783244,0.494761175195489,209.4363877230572
2,0.0203978313200509,0.1460229373103243,27.698096086635154,0.0564307495028135,208.86264087935731
