PrincipalComponent,coi,c1i,a1i,c2i,a2i
1,0.1123508969875456,1.0025268209096068,25.134345269882285,0.5348243174128785,209.4525526119704
2,0.0513602234455953,0.1695460884451071,27.68570659508459,0.2541481657484212,208.8494447265772
