PrincipalComponent,coi,c1i,a1i,c2i,a2i
1,0.1363737793298384,1.2146539607643516,23.736664972283336,0.6930836517583095,249.99999999999997
2,0.0226099431487609,0.069110780852703,40.98443306917843,7.022777458967505e-18,221.23201051542105
