PrincipalComponent,coi,c1i,a1i,c2i,a2i
1,0.111709258378291,1.1424685238727543,25.364532787240705,0.4761085703801277,209.49248302214548
2,0.0322609409156445,0.1571473044522875,27.72626147335642,0.1093676745533345,208.9101320116976
