PrincipalComponent,coi,c1i,a1i,c2i,a2i
1,0.1598490355322111,0.7664773064066794,23.97545753180611,0.68311768593282,209.1882030658899
2,0.0898667652928042,0.2090354652725565,27.33967378573711,0.4228117701763583,208.4045673183976
