PrincipalComponent,coi,c1i,a1i,c2i,a2i
1,0.1523248912357483,1.1859283520133002,23.395296538916295,0.7848418358268712,249.99999999999997
2,0.0209093330911834,0.0435592169890879,38.81091511672174,4.0262534763003905e-17,220.70498189648
