PrincipalComponent,coi,c1i,a1i,c2i,a2i
1,0.1054107712527678,1.0864871343217115,25.1652717718489,0.4974327554881321,209.4652752404697
2,0.0404758311351166,0.1682324051801702,27.69293493454189,0.1649839964850069,208.85159175881935
