PrincipalComponent,coi,c1i,a1i,c2i,a2i
1,0.1398378200787155,0.8444952352502285,24.726088656387507,0.6129020005314219,209.2944913469047
2,0.0855789694422156,0.1824818369248255,27.506890275653568,0.3969591859457388,208.6376357123467
