PrincipalComponent,coi,c1i,a1i,c2i,a2i
1,0.1241039127126599,1.2049277083904169,24.611784924575485,0.5561094307940446,209.21824504203585
2,0.0156696796909968,0.1211025179970178,27.48502483793204,0.017276179650611,208.63359826710484
