PrincipalComponent,coi,c1i,a1i,c2i,a2i
1,0.1592024840251992,0.6774792352030522,20.39583293518189,0.8541807273163768,250.0
2,0.1574287212883345,0.4453855379722482,59.84937183616282,0.1487988941568261,224.1402219548362
