PrincipalComponent,coi,c1i,a1i,c2i,a2i
1,0.1250613516126796,0.940227936361057,25.230176361109603,0.5620451140714722,209.45164949961736
2,0.0632173964285869,0.1752000525947808,27.717565823709137,0.3124460823476406,208.85964546537735
