PrincipalComponent,coi,c1i,a1i,c2i,a2i
1,0.1697231782793147,1.1693900364152587,23.417136518428304,0.8314363467033643,250.0
2,0.0172495838948389,0.0180422279026279,37.63265445941815,0.0,220.46596013366656
