PrincipalComponent,coi,c1i,a1i,c2i,a2i
1,0.1291810421674956,0.910948610747672,25.24115444253143,0.5688108069053293,209.42480207644175
2,0.0722142275492217,0.175928805231674,27.681101852494727,0.3524295004540513,208.8289201012508
