PrincipalComponent,coi,c1i,a1i,c2i,a2i
1,0.1622165734354143,0.6890767285190554,21.15711741131598,0.8444515941007953,250.0
2,0.1451040366786507,0.3598821433175463,52.40587251776708,0.2603822040951878,224.0645855375408
