PrincipalComponent,coi,c1i,a1i,c2i,a2i
1,0.1244326223758224,1.0790522707996952,25.37032105516339,0.5066813175849892,209.50262808260825
2,0.0647820972246164,0.1267326446648625,27.61377513855764,0.261251950072368,208.92619897565916
