PrincipalComponent,coi,c1i,a1i,c2i,a2i
1,0.1716169027641157,0.7281953362748822,23.127356687217837,0.7866541042945415,250.0
2,0.1342878758748621,0.2272379171473937,30.592980188714773,0.5154096470165049,226.7852645990145
