PrincipalComponent,coi,c1i,a1i,c2i,a2i
1,0.1305726004917198,1.1772787205983206,25.32289516911246,0.525770824176169,209.4598813828858
2,0.0458852148797988,0.1091027146678437,27.641873680651862,0.1324145290847053,208.89007092862624
