PrincipalComponent,coi,c1i,a1i,c2i,a2i
1,0.1375362227288216,0.9433670743736016,25.634080121178787,0.5505905931381201,209.4288052472479
2,0.0958157728714279,0.1224471427631503,27.60233401654341,0.4279591928203734,208.9409319010904
