PrincipalComponent,coi,c1i,a1i,c2i,a2i
1,0.1456461448006907,0.6839684257720496,19.335469714294614,0.8159069800268075,250.0
2,0.1855272377651638,0.5014490608302733,61.39915696167094,0.1409209657064074,223.41667583966475
