PrincipalComponent,coi,c1i,a1i,c2i,a2i
1,0.1312436493282175,1.136392350495503,25.51894049896639,0.4909865349706646,209.52464289514836
2,0.0553455807003972,0.114594531298425,27.66839942142823,0.2005342911910207,208.96448853887995
