PrincipalComponent,coi,c1i,a1i,c2i,a2i
1,0.1397448862893013,0.9167130104853164,25.647298995855575,0.5530771421816335,209.39818279738324
2,0.1064730487365874,0.1206800509720326,27.56621043816809,0.47236651061156,208.92048902081737
