PrincipalComponent,coi,c1i,a1i,c2i,a2i
1,0.127612751827533,0.999974192040262,25.449685730789376,0.5333679309465663,209.4158942659494
2,0.080673710533711,0.1225516229410705,27.587855803310298,0.3602062277517832,208.9246203706882
