PrincipalComponent,coi,c1i,a1i,c2i,a2i
1,0.1437176898800882,1.190559855049059,24.567823274341645,0.6046561960010989,209.22632439523736
2,0.0357406151496388,0.0881944340662349,27.42992245455512,0.0767993054854311,208.62606603371736
