PrincipalComponent,coi,c1i,a1i,c2i,a2i
1,0.1489792651766017,0.8517035717013892,25.138955088239943,0.5950583745889149,209.2489032234172
2,0.1211917642781348,0.1256681162161446,27.376513150383474,0.5192149795120828,208.74669262215215
