PrincipalComponent,coi,c1i,a1i,c2i,a2i
1,0.1317665613648073,0.9762598352192652,25.437631446783016,0.5408828041248638,209.39166859893268
2,0.0850758698740936,0.1245809800096506,27.57332280628448,0.3853690294787401,208.89550702596068
