PrincipalComponent,coi,c1i,a1i,c2i,a2i
1,0.1991113199412985,1.1449509759584504,23.060590787370145,0.9311798845686616,250.0
2,0.0152852616041602,0.0169380049300292,37.463486552608664,0.0024952119511577,220.3275819548286
