PrincipalComponent,coi,c1i,a1i,c2i,a2i
1,0.1598855511065227,1.1975959317022442,23.6562194525862,0.7661087176475019,250.0
2,0.0290643830756559,0.0570374699685918,37.713732357478385,0.0286736648367099,220.5230000547076
