PrincipalComponent,coi,c1i,a1i,c2i,a2i
1,0.1798865108566482,1.1661079109910517,23.227908465623617,0.8705793096555174,250.0
2,0.0240381990355445,0.0339668680230968,37.60551982627482,0.0163195241711216,220.39048980822452
