PrincipalComponent,coi,c1i,a1i,c2i,a2i
1,0.1656304514366496,0.7737576368147335,24.26512633388375,0.6701346252004535,209.0449248631763
2,0.1270610325837541,0.1523848348418866,27.078307650175702,0.5420036782654001,208.4523820287608
