PrincipalComponent,coi,c1i,a1i,c2i,a2i
1,0.1635402225822748,0.6676504677450891,20.25841444878254,0.8787930353638208,250.0
2,0.1728237455279856,0.3759892937760892,50.270213012092896,0.3014160468108078,222.6682872329065
