PrincipalComponent,coi,c1i,a1i,c2i,a2i
1,0.1373821340405907,0.7742023316979306,20.55912851031783,0.7258200647667801,250.0
2,0.1272744573006448,0.4359407011656079,35.390520892472715,0.3003308105213459,220.49187321277773
