PrincipalComponent,coi,c1i,a1i,c2i,a2i
1,0.1165128398349924,1.223585237863855,26.356667440557754,0.4364423920408152,209.8030415591785
2,0.0665342794495618,0.0862366732750674,27.950240456614218,0.2313808246287779,209.27302947285145
