PrincipalComponent,coi,c1i,a1i,c2i,a2i
1,0.1766387008839413,1.2808059578750235,24.13518532473373,0.7837104483272757,250.0
2,0.0212420283129319,0.0124623757487047,37.602695867645565,0.0100139814117852,220.58803655905027
