PrincipalComponent,coi,c1i,a1i,c2i,a2i
1,0.1470456180722004,0.9697614088537784,26.141562160228883,0.5501235110297177,209.6244060107997
2,0.1146139432077829,0.1125886431017744,27.78093627652076,0.4663321383604449,209.142274614208
