PrincipalComponent,coi,c1i,a1i,c2i,a2i
1,0.1215905221456128,1.1384414794818356,26.48000780587116,0.4663581178735689,209.84425143532857
2,0.0802561679631858,0.0886024913334047,27.988604669650258,0.3270897802903773,209.3390512910834
