PrincipalComponent,coi,c1i,a1i,c2i,a2i
1,0.1387753352985083,1.0454897790433937,26.521408176939993,0.5041981491261406,209.76869816114169
2,0.0980038118678315,0.0976406662626414,27.955960109848064,0.4235314285552959,209.3051588127521
