PrincipalComponent,coi,c1i,a1i,c2i,a2i
1,0.1598748120791097,0.8860108129290261,25.448690679535723,0.6174780439511701,209.40664682813028
2,0.1252979556401802,0.1439929801464632,27.512872085981073,0.4971318847390802,208.8834371268178
