PrincipalComponent,coi,c1i,a1i,c2i,a2i
1,0.157164929803581,0.7589659140160495,21.418919811997363,0.798222116617557,250.0
2,0.1234123246594996,0.362740218511053,32.11480274722326,0.3724924131250982,221.87798272638392
