PrincipalComponent,coi,c1i,a1i,c2i,a2i
1,0.1378993668425303,1.3451671155580454,25.751302228138357,0.5221209069015046,209.5448448713556
2,0.0398134662918053,0.0347675343918869,27.733746785061538,0.0571412809062334,209.02100065486408
