PrincipalComponent,coi,c1i,a1i,c2i,a2i
1,0.1326402830986372,1.077101113903024,26.530447953430514,0.4948863960281438,209.7984353012686
2,0.0918994379503108,0.0941380559903676,27.9840429889869,0.3854833613362196,209.3342658900562
