PrincipalComponent,coi,c1i,a1i,c2i,a2i
1,0.1822262619982913,1.23339835035152,23.881465457752977,0.8208653942243238,249.99999999999997
2,0.0275761619073366,0.0219962594345334,37.60279185095761,0.0158414863940489,220.52812323270248
