PrincipalComponent,coi,c1i,a1i,c2i,a2i
1,0.1242970826570864,1.282822042363878,26.525938580197053,0.42218359887042,209.83000751177485
2,0.0571277092926552,0.0720406541850508,27.991557847057994,0.1680736828122826,209.3229400134955
