PrincipalComponent,coi,c1i,a1i,c2i,a2i
1,0.123001641758844,1.3299591356279783,26.430416362593355,0.4507522781195476,209.76671054167952
2,0.0504958792218942,0.0591591692544102,27.96292009737883,0.1047675024243236,209.26143071609735
