PrincipalComponent,coi,c1i,a1i,c2i,a2i
1,0.1629679549347169,0.7735438190187578,22.35017162925277,0.7903588679529252,250.0
2,0.1155355647307677,0.3092080693777416,28.742591648859836,0.4314065218050242,224.6094957387568
