PrincipalComponent,coi,c1i,a1i,c2i,a2i
1,0.1703734893497968,0.7858316673532499,23.653149352857454,0.7153014522912,208.9804432679182
2,0.1255357968939016,0.2160293964027473,27.006156012241263,0.4858084041624138,208.23695999969053
