PrincipalComponent,coi,c1i,a1i,c2i,a2i
1,0.1258069817716245,1.112626954962108,26.45085590685338,0.4786067973120565,209.80086236054908
2,0.0840114940387129,0.0929593208583483,27.968079249230396,0.3480279049962965,209.32176220472715
