PrincipalComponent,coi,c1i,a1i,c2i,a2i
1,0.1549370734998842,1.332716366195816,24.693390480664014,0.6818116693670714,250.0
2,0.0285312361865007,0.014323160751198,37.57692082050452,0.0201002031334422,220.74280875820128
