PrincipalComponent,coi,c1i,a1i,c2i,a2i
1,0.1564258185557828,0.8889589699114627,22.08844480489448,0.6834918454776034,250.0
2,0.1477710862693814,0.3930518455305476,65.62784080116427,0.1431113126063298,225.5434602557417
