PrincipalComponent,coi,c1i,a1i,c2i,a2i
1,0.1216726560128888,1.1833523533396784,25.969654921318515,0.4163407706887865,209.6984104004552
2,0.0544321957320844,0.1365953666011105,27.976500763359645,0.2393819715191122,209.13042537684973
