PrincipalComponent,coi,c1i,a1i,c2i,a2i
1,0.1336011035249806,1.436155178993182,25.118517197001054,0.4249030015640737,209.2214656545627
2,0.0227843361791058,0.0193110674686023,27.45724187361681,0.0226733752040623,208.76880740689077
