PrincipalComponent,coi,c1i,a1i,c2i,a2i
1,0.1265489721534614,1.145595014170277,25.87344309828374,0.431776130180699,209.6449768359092
2,0.0607990605367606,0.1466106908590822,27.953568137425368,0.2721165608411737,209.09572294463297
