PrincipalComponent,coi,c1i,a1i,c2i,a2i
1,0.161076848279758,0.9992403399787236,24.898259665615683,0.5400355833476261,209.3037959231806
2,0.0753280966254222,0.1798911212945974,27.68232348076149,0.3499928759635609,208.72512651579697
