PrincipalComponent,coi,c1i,a1i,c2i,a2i
1,0.1022957653916045,1.3508449157231863,26.087521799670277,0.3260283041499254,209.61836232664723
2,0.0356078317641803,0.1065047562495923,27.899582239860976,0.1143758833360003,209.1427080912886
