PrincipalComponent,coi,c1i,a1i,c2i,a2i
1,0.1316942498190474,0.8824321458777273,20.527555134181146,0.6076826689403628,250.0
2,0.1118674558084266,0.4949042367136242,44.7767533351536,0.1225615809826938,221.2239194116103
