PrincipalComponent,coi,c1i,a1i,c2i,a2i
1,0.1160983224399068,1.2273604698044445,25.90321140163737,0.3957083516649818,209.63782196061865
2,0.0450749287372348,0.1267944247024204,27.934886495736475,0.2066755455779333,209.1004806268718
