PrincipalComponent,coi,c1i,a1i,c2i,a2i
1,0.111591648120545,1.41371529513898,26.422087598104348,0.2917438735926914,209.63524023089397
2,0.0278816203302313,0.0875798364072191,27.93202498965884,0.0682913478265619,209.2233846439848
