PrincipalComponent,coi,c1i,a1i,c2i,a2i
1,0.151445760061629,0.8715970321640306,21.3441956119537,0.6813621811537045,250.0
2,0.1071512072656431,0.4049457659217441,41.22554895091792,0.2093847985633976,220.65045911696728
