PrincipalComponent,coi,c1i,a1i,c2i,a2i
1,0.1401058112437491,1.0744725357105718,25.50536126464756,0.4785812825259233,209.48537801244416
2,0.0721283411698803,0.1570924897740525,27.82812698851612,0.313896070775213,208.95919109177555
