PrincipalComponent,coi,c1i,a1i,c2i,a2i
1,0.1440436184410492,1.3608630115176237,24.717212066736213,0.4892593789714362,209.18538096373535
2,0.0323246242672309,0.032378645505744,27.39904523919091,0.0460262012156934,208.6632695574185
