PrincipalComponent,coi,c1i,a1i,c2i,a2i
1,0.1661007447214003,0.9030774486560476,23.28482819936528,0.6229345625563564,208.88952802653145
2,0.0811247436848082,0.2486054028184598,27.411017737172457,0.3528862751790586,208.15531949204413
