PrincipalComponent,coi,c1i,a1i,c2i,a2i
1,0.1113970431376402,1.2564084299787208,25.9508417354532,0.3811382879735278,209.633828903363
2,0.0420400077950359,0.118869962182019,27.923809741502307,0.1881539415740636,209.1115449747307
