PrincipalComponent,coi,c1i,a1i,c2i,a2i
1,0.1366605169129808,1.2848355779836702,24.524850187358403,0.5052606150519925,209.17056870862277
2,0.0535772717987058,0.0665807356183553,27.37869853617304,0.072577450928173,208.61566781037035
