PrincipalComponent,coi,c1i,a1i,c2i,a2i
1,0.1237244399405763,1.491259792664295,26.21125994393403,0.3255280085722971,209.57766257891345
2,0.0217561643594141,0.031637800739795,27.79500109146462,0.0154898297581291,209.15117521120547
