PrincipalComponent,coi,c1i,a1i,c2i,a2i
1,0.111383367701473,1.4717440197779208,26.586421351907063,0.2886230020150432,209.69919221018117
2,0.0245251663426447,0.0626575004353194,27.954880573556224,0.0325091033518103,209.2841638617589
