PrincipalComponent,coi,c1i,a1i,c2i,a2i
1,0.1478235399402126,0.9757879166186004,23.463995159009844,0.5811107654397406,230.350188551989
2,0.1166522697770288,0.3878647624702783,57.31375885661957,0.0845496519441261,218.7577441550363
