PrincipalComponent,coi,c1i,a1i,c2i,a2i
1,0.1081020671580737,1.539365461687051,28.842039669214465,0.1358836740692641,210.43226611100303
2,0.025567230845415,0.0439991825614473,28.620273360713423,0.0493369676138724,210.0646409104063
