PrincipalComponent,coi,c1i,a1i,c2i,a2i
1,0.1380464285660533,1.2006289139887945,28.157359501949724,0.3925991229697483,210.43616346094535
2,0.063361882813719,0.1125316932853393,28.61247324736904,0.2332795753154315,209.90877602750717
