PrincipalComponent,coi,c1i,a1i,c2i,a2i
1,0.1048048258254121,1.5895593709157,28.803182678735144,0.117156082660815,210.41309363731492
2,0.0231001959332247,0.0273907345625632,28.577704327835463,0.0314171146022175,210.0478478026643
