PrincipalComponent,coi,c1i,a1i,c2i,a2i
1,0.1133857125872748,1.32677454815287,26.82650043489662,0.2809725018349651,209.85927667685655
2,0.0706322501163892,0.0992926320892514,27.98093665630724,0.1326567470062394,209.40605295017244
