PrincipalComponent,coi,c1i,a1i,c2i,a2i
1,0.1271309700322038,0.9832078708868184,22.373945093995328,0.4931150179647093,226.49472764663415
2,0.1162497837541749,0.4964170040221989,59.26674876033406,1.6820735796472638e-19,217.98851599976845
