PrincipalComponent,coi,c1i,a1i,c2i,a2i
1,0.1138514846597497,1.3814253819036235,28.881262230063083,0.2598884706187507,210.48912698861915
2,0.0375984318036133,0.0749908176137609,28.70616397987887,0.1312271614631425,210.0915201046379
