PrincipalComponent,coi,c1i,a1i,c2i,a2i
1,0.167609827346037,1.0297871766453035,26.007847761873222,0.5449851798190147,209.73425180544825
2,0.0675480615678863,0.1975937655743879,28.118341042738415,0.2740878868590696,209.17847046923265
