PrincipalComponent,coi,c1i,a1i,c2i,a2i
1,0.1080514825017418,1.401026599739954,26.85131930337255,0.2650075979873713,209.8090842336562
2,0.0606442827946397,0.0679095574232415,28.015298865951,0.1064959827631804,209.3897136644068
