PrincipalComponent,coi,c1i,a1i,c2i,a2i
1,0.1092186899781663,1.494582661187516,27.24250947619404,0.2128642003441012,209.90951052367205
2,0.0398655808168783,0.0379246428508859,28.129504945200217,0.0685933288230536,209.51388276960895
