PrincipalComponent,coi,c1i,a1i,c2i,a2i
1,0.1191250419302007,1.3534647448542905,28.881811404555748,0.2797170925639653,210.4985609096544
2,0.0400296055792729,0.0815752635596497,28.7104312664004,0.1449421799344785,210.09843112858167
