PrincipalComponent,coi,c1i,a1i,c2i,a2i
1,0.1531612691204835,0.999230441251365,24.36538280653277,0.5948033021076389,235.1485549818221
2,0.1124673366610674,0.3099798114472485,55.904000945973245,0.1410958631231585,220.2183025787483
