PrincipalComponent,coi,c1i,a1i,c2i,a2i
1,0.1351674137906033,1.2743833668027955,28.888155705098015,0.3330186901518855,210.5224257499312
2,0.0480741920037598,0.0993137734028624,28.748689158002662,0.1952979241954516,210.1011344648676
