PrincipalComponent,coi,c1i,a1i,c2i,a2i
1,0.1542654513706677,1.1200401955318544,27.727311133282488,0.4586358894982223,210.2942192728781
2,0.0722269077319649,0.1391368949470978,28.50536897875547,0.2659477369666875,209.7761230421455
