PrincipalComponent,coi,c1i,a1i,c2i,a2i
1,0.1263735827746742,1.3124921140197154,28.893888316286585,0.3099849682801609,210.51759894202897
2,0.0453032840560288,0.0892001640863654,28.73795956918643,0.1700912406635862,210.1077571886156
