PrincipalComponent,coi,c1i,a1i,c2i,a2i
1,0.1138219017216722,1.584882580917515,28.42942513727076,0.1374709316225591,210.3093886695611
2,0.0247171746624506,0.0189841387970179,28.45645092894437,0.0315940452695846,209.925104620677
