PrincipalComponent,coi,c1i,a1i,c2i,a2i
1,0.0999799044291937,1.48006217798795,28.4813068387316,0.1877772183803275,210.30780108845485
2,0.0307541984332369,0.0583990235192846,28.53850783643345,0.0809501412322013,209.9315544839799
