PrincipalComponent,coi,c1i,a1i,c2i,a2i
1,0.1629131860924516,1.0831934255346782,26.30372559427251,0.6389911406402857,209.91756427690524
2,0.0794977754406158,0.120209765425931,28.250982877568156,0.2751492403928359,209.2863823088782
