PrincipalComponent,coi,c1i,a1i,c2i,a2i
1,0.1167298457596604,1.4955210161403043,29.457093742560733,0.2939448116810969,210.7080372097198
2,0.0336590787320915,0.0187056970508642,28.840187294130917,0.0540504714103335,210.28811978338035
