PrincipalComponent,coi,c1i,a1i,c2i,a2i
1,0.1498514683411874,1.0672212930291136,24.319861748591237,0.6402069281850133,250.0
2,0.1135490496436743,0.3751938778881772,81.9417969048751,0.0333958380296442,225.07449564274657
