PrincipalComponent,coi,c1i,a1i,c2i,a2i
1,0.1226734934435914,1.545744245844089,29.743282431691647,0.2312577082542557,210.7838168737183
2,0.0297320284348919,0.0136305055068726,28.88501079626239,0.0339852087728244,210.38536772153037
