PrincipalComponent,coi,c1i,a1i,c2i,a2i
1,0.1101329027177188,1.2951425972536172,27.94212026693834,0.2958436982751176,210.25828202237523
2,0.0967932601259656,0.1031757470544242,28.300548514340633,0.1972678128473934,209.80928447767735
