PrincipalComponent,coi,c1i,a1i,c2i,a2i
1,0.1482754804836139,1.234346451274166,28.90832899922304,0.522298221535213,210.50621045289725
2,0.0672445233756912,0.0547577480486633,28.77050507614014,0.189729526205969,210.0992624548235
