PrincipalComponent,coi,c1i,a1i,c2i,a2i
1,0.132068383767469,1.3005302440254265,28.90903067866252,0.4741649419547982,210.47964590453824
2,0.0553424093551155,0.0505377287085875,28.744727352813687,0.1513480792791948,210.08944048010167
