PrincipalComponent,coi,c1i,a1i,c2i,a2i
1,0.1150865933231485,1.4035862101642085,28.88610321658772,0.3946105063073338,210.42800811716623
2,0.0404584546430078,0.0300617792024912,28.691326553354425,0.0939953393426884,210.0582859656755
