PrincipalComponent,coi,c1i,a1i,c2i,a2i
1,0.1260219680012589,1.0713959893578695,23.0250576327628,0.5291831910005579,237.91593934282488
2,0.1182593462575127,0.4534635178740512,77.84579305806534,1.4486529900951837e-17,222.07554748759495
