PrincipalComponent,coi,c1i,a1i,c2i,a2i
1,0.1603033421677324,1.04663080405143,24.548865743178112,0.6620437060769717,209.3810570077098
2,0.0655444687444129,0.1793871668127805,27.919353003237013,0.2703571723797509,208.71920073954385
