PrincipalComponent,coi,c1i,a1i,c2i,a2i
1,0.1560923192799319,1.1621575668662352,28.03246394496927,0.5796835155581982,210.42040736686965
2,0.0783163658829022,0.0735562143359667,28.64785855065908,0.2384344026874613,209.85172955624608
