PrincipalComponent,coi,c1i,a1i,c2i,a2i
1,0.1279202676278355,1.334506467021579,28.905564248017978,0.4525687990369174,210.45699476942227
2,0.047950273376544,0.0443106241711676,28.731012268115464,0.1249788163425547,210.07592213432488
