PrincipalComponent,coi,c1i,a1i,c2i,a2i
1,0.1050901320430848,1.3612461878909647,27.88073797706916,0.2788738807746247,210.23267160947157
2,0.0859474562419059,0.0801318787783931,28.343904277848257,0.1725726006492208,209.7869019062656
