PrincipalComponent,coi,c1i,a1i,c2i,a2i
1,0.1231301264635653,1.5827165095181424,30.077883525177295,0.1890802975137283,210.90461507658236
2,0.0298314887483395,0.0099392064014858,28.97656638142042,0.0315087026147307,210.50859125604987
