PrincipalComponent,coi,c1i,a1i,c2i,a2i
1,0.1281849756354895,1.558898563893982,29.64211442881035,0.1839778773631411,210.751156171391
2,0.0349835793975294,0.0197262666484069,28.86771293208097,0.0590009567603517,210.3626090683947
