PrincipalComponent,coi,c1i,a1i,c2i,a2i
1,0.1209569967639783,1.3773664576299265,28.884299770268857,0.4176686465960169,210.4244980192528
2,0.0422298024530982,0.0349902412920269,28.701649362445245,0.1044068031038232,210.05686369860695
