PrincipalComponent,coi,c1i,a1i,c2i,a2i
1,0.1047098762530047,1.448253988648379,28.304927282732752,0.2295254432383867,210.31184346932372
2,0.0676933807599899,0.0569833335734292,28.48025146336052,0.1301349428039561,209.90825411927847
