PrincipalComponent,coi,c1i,a1i,c2i,a2i
1,0.1940759816754849,1.1596830551495214,31.303737161260756,0.7768626845224004,211.59525718237305
2,0.0626498943599265,0.0128484099384577,29.605158853329417,0.1723670376594145,211.0053085817869
