PrincipalComponent,coi,c1i,a1i,c2i,a2i
1,0.1411223776123689,1.3549510351545366,31.376343478138555,0.5885746177225549,211.40112360520916
2,0.031016760633388,0.016645557733424,29.476044171688073,0.0361122391924403,210.94897491286568
