PrincipalComponent,coi,c1i,a1i,c2i,a2i
1,0.1027334621156618,1.1556516459666897,29.11456567405552,0.3270220256904727,229.69611413768592
2,0.0664024497941115,0.2025329230175763,17.830845547029917,0.3521375595348466,204.00040226909857
