PrincipalComponent,coi,c1i,a1i,c2i,a2i
1,0.0914111723563507,1.1957860452455902,28.36288993916807,0.3187712581433308,210.48184718043424
2,0.0908451157065534,0.1812917878057636,28.344598612565708,0.303724077625925,209.7600671921572
