PrincipalComponent,coi,c1i,a1i,c2i,a2i
1,0.1998091323323336,1.1042937496956835,28.95008388059172,0.6929687548079155,210.54682738785067
2,0.0718701153096407,0.076232168487713,28.829356938198575,0.3217004745776076,210.1244763157764
