PrincipalComponent,coi,c1i,a1i,c2i,a2i
1,0.2079634456913709,1.1172066939601075,30.652868130797103,0.7762269576708838,211.48853844909775
2,0.072097254562334,0.0168424856435461,29.43561089912672,0.2576840197493638,210.83871804707607
