PrincipalComponent,coi,c1i,a1i,c2i,a2i
1,0.1634200166282305,1.2722929134266474,31.566086404596593,0.6891271043981367,211.52415701422993
2,0.0404373618198715,0.0173451928037515,29.597397174047764,0.0722925409978697,211.03329919949505
