PrincipalComponent,coi,c1i,a1i,c2i,a2i
1,0.1033648949334375,1.4044471944178287,30.70934962211774,0.241937622606951,211.26531465948744
2,0.0569204196284266,0.111928320112556,29.28874323933795,0.1621122405824498,210.7913166027563
