PrincipalComponent,coi,c1i,a1i,c2i,a2i
1,0.0876556355281164,1.2744812250218176,28.867645746910632,0.2726839832386136,210.4331607023313
2,0.0769953713218539,0.1667602457847651,28.69688721144399,0.2563357203451171,210.0716325557175
