PrincipalComponent,coi,c1i,a1i,c2i,a2i
1,0.1188331296612149,1.467004412154373,31.353169363918436,0.2910730818022388,211.43188987292032
2,0.0340268484158301,0.0641867968980959,29.48602577197698,0.0860537721784051,210.97900589288452
