PrincipalComponent,coi,c1i,a1i,c2i,a2i
1,0.1594119167180163,1.2982406343096695,31.64507451486268,0.6573704204473091,211.53285269564088
2,0.0345572525871015,0.0192588773423374,29.600504239401257,0.0536962718917528,211.05574285285536
