PrincipalComponent,coi,c1i,a1i,c2i,a2i
1,0.147972898339785,1.334594177647848,31.53542232233147,0.6130634823753043,211.47967082947216
2,0.0332788844494673,0.0160487891797175,29.543846450396977,0.0429163444970214,211.01340793419564
