PrincipalComponent,coi,c1i,a1i,c2i,a2i
1,0.1285829622633687,1.459637003370684,31.249571173187064,0.3728975200415715,211.40935586253207
2,0.0275730486648661,0.0381954858752756,29.42826359286109,0.0440199106835613,210.93794728680203
