PrincipalComponent,coi,c1i,a1i,c2i,a2i
1,0.1303187949909812,1.4299050942749587,31.192786618562796,0.4621913205149479,211.31507009224575
2,0.0272304104666539,0.0222351008746329,29.38750045045656,0.0337447733711737,210.8847332373276
