PrincipalComponent,coi,c1i,a1i,c2i,a2i
1,0.1801429373233848,1.1496343834219964,27.89933858394752,0.5432950108250095,210.562660657708
2,0.0624480112829237,0.1146390963760169,28.6351668943467,0.3575538680965354,209.91041501757047
