PrincipalComponent,coi,c1i,a1i,c2i,a2i
1,0.1958744363794639,1.0996353041098517,28.982849851194608,0.7603339955738648,210.52767814253596
2,0.074157489478226,0.0475139619977395,28.837040889801617,0.2946625837011924,210.10763274675935
