PrincipalComponent,coi,c1i,a1i,c2i,a2i
1,0.1773469470359412,1.2157156138474037,31.2773524073006,0.7429917815009384,211.5332923732625
2,0.049994449101526,0.0116632143772218,29.557170108314303,0.1115374915629875,210.96775403461368
