PrincipalComponent,coi,c1i,a1i,c2i,a2i
1,0.1611684755033905,1.163211635592449,29.7176915743162,0.7847728176381782,211.0870229530502
2,0.0221518809072598,0.0654187033152584,29.102256717109206,0.0697751555905764,210.43617532296648
