PrincipalComponent,coi,c1i,a1i,c2i,a2i
1,0.2342778595579603,1.0068306521452912,29.71468606649796,1.1139464084549204,250.0
2,0.0678756736414601,3.429559874274127e-18,40.092307099402106,0.2749182488250842,226.68097616138832
