PrincipalComponent,coi,c1i,a1i,c2i,a2i
1,0.1783205524329333,1.1072512553463238,29.944602536048063,0.9379831119576818,211.18112288237657
2,0.0211022861389596,0.0405342825076983,29.183060849512007,0.0437787565187657,210.51040414973545
