PrincipalComponent,coi,c1i,a1i,c2i,a2i
1,0.2224556385859444,0.9957343687807548,30.20450663327154,1.128004070230516,211.57213131158528
2,0.0379309069861181,0.008330407063012,29.372611568554387,0.0760228528255571,210.6909745973203
