PrincipalComponent,coi,c1i,a1i,c2i,a2i
1,0.2078112364801365,1.043074155820115,30.385277673764215,1.0647857330341168,211.32629510144235
2,0.0271269094338543,0.0223384243345189,29.32790640115724,0.0493688726128221,210.65897314998077
