PrincipalComponent,coi,c1i,a1i,c2i,a2i
1,0.1855824576549186,1.0932223376564307,30.088435028512333,0.9698111591794504,211.195622436132
2,0.0229234077795354,0.0333491686557289,29.219754591209455,0.0435224241440945,210.54998511525744
