PrincipalComponent,coi,c1i,a1i,c2i,a2i
1,0.1142568425633002,0.9913245390559704,27.15450856904608,0.4821033733588667,209.8587985068025
2,0.077407599704386,0.2299302637020906,28.057963727424745,0.3979636929048934,209.3690842523746
