PrincipalComponent,coi,c1i,a1i,c2i,a2i
1,0.1206293751279443,1.108264155928623,28.86176541414525,0.4792752312854856,210.3827885513248
2,0.0607605062773078,0.1859165945989313,28.74713104840885,0.2867840517086157,210.03335474502083
