PrincipalComponent,coi,c1i,a1i,c2i,a2i
1,0.2386855630866072,0.9559488953886948,30.362871462757894,1.1641565266315168,211.76411911638888
2,0.0487332464420684,3.8357072705006255e-18,29.495094830355253,0.1289659462347394,210.81519641232816
