PrincipalComponent,coi,c1i,a1i,c2i,a2i
1,0.1233754448225626,0.891689584303326,27.049149107746455,0.5203782526699687,209.7552807737968
2,0.1072464430228042,0.221895861237424,27.601353535201355,0.4880133597948062,209.3223523359268
