PrincipalComponent,coi,c1i,a1i,c2i,a2i
1,0.2374391213285797,0.9320222419555614,28.933123982251065,1.1636815127982474,210.40005135786825
2,0.0572871357528456,0.0,28.84038323796368,0.2123708522596502,210.04563843249556
