PrincipalComponent,coi,c1i,a1i,c2i,a2i
1,0.1989610634027796,1.0657914439338787,30.375444218579613,1.0205310299784391,211.29716350756397
2,0.0246852106388493,0.0274058118196965,29.31475229403195,0.0451383147441013,210.64999034159987
