PrincipalComponent,coi,c1i,a1i,c2i,a2i
1,0.2082358874991324,1.0595996824060243,28.373002192407828,0.8470481999195961,250.0
2,0.0803321763450612,0.0373225852186614,38.30979745410834,0.3883535645436416,225.6345386271304
