PrincipalComponent,coi,c1i,a1i,c2i,a2i
1,0.1198654455754599,0.928000486969354,26.79353242739495,0.5086001080837746,209.69546935822223
2,0.0931897185903853,0.228949091711791,27.79022058978992,0.4598493283248105,209.2104061768864
