PrincipalComponent,coi,c1i,a1i,c2i,a2i
1,0.1202381875223865,1.172803500990888,28.92615633698822,0.5575680771173621,210.50054663871572
2,0.0451439777139673,0.135042292791458,28.79406585458949,0.1944273621169703,210.08358168827667
