PrincipalComponent,coi,c1i,a1i,c2i,a2i
1,0.2271025227116034,1.018084533160167,29.334321631752264,1.0293439480083406,249.99999999999997
2,0.0839248210828787,0.003790092611201,39.82627098520136,0.329381362170236,226.3739138942537
