PrincipalComponent,coi,c1i,a1i,c2i,a2i
1,0.1893781995037749,0.8900056191274069,30.50025351749138,0.8718366282126492,211.45936558542593
2,0.0643482082334372,0.1483079205026223,29.582431980859457,0.2104622546373224,210.7601864143948
