PrincipalComponent,coi,c1i,a1i,c2i,a2i
1,0.1867992631592664,0.6336810621934333,28.70346637448324,0.7297155775901081,209.99644644552345
2,0.1332291831342341,0.2375708659346505,28.602379627100337,0.5698844391758393,209.6233614383607
