PrincipalComponent,coi,c1i,a1i,c2i,a2i
1,0.179930844142046,0.7159493638342824,28.720596101866295,0.6933699871979581,210.0619695871809
2,0.1000428297318238,0.2640638121971829,28.628360100840027,0.4777583293003227,209.69141275933708
