PrincipalComponent,coi,c1i,a1i,c2i,a2i
1,0.3248131644326235,0.7977338771048184,30.762203619305165,1.4573663272656765,250.0
2,0.0565381144264286,0.0161891661633928,39.20663575697826,0.1990072044452212,223.78463756553043
