PrincipalComponent,coi,c1i,a1i,c2i,a2i
1,0.2064934374038871,0.8757884149882064,30.820503475306683,0.9990264076782828,211.5668142027635
2,0.0523042263146556,0.1174710378297213,29.611749125142467,0.1570180729527862,210.8556176531028
