PrincipalComponent,coi,c1i,a1i,c2i,a2i
1,0.2876008945799101,0.7866944060804595,32.08777021420613,1.3717598876519352,211.93750468413805
2,0.0235906744932832,0.0454192234833265,29.971161802477702,0.0410801618611458,211.2648293111826
