PrincipalComponent,coi,c1i,a1i,c2i,a2i
1,0.3338770833129006,0.7005449772580368,31.550222145317267,1.5449984989878407,212.29330028624943
2,0.0294141558530689,0.0151786381717293,29.90688693357133,0.0569489758755254,211.2199869312916
