PrincipalComponent,coi,c1i,a1i,c2i,a2i
1,0.166811948608552,0.8191305350906937,28.800942744539594,0.7093877931788869,210.18903855567268
2,0.0824730174280252,0.2372348157308229,28.7044017619094,0.3694932498868474,209.8316320652919
