PrincipalComponent,coi,c1i,a1i,c2i,a2i
1,0.3368901144309958,0.6869407127860656,28.95810672409744,1.5410300097621157,210.40136153571848
2,0.0489066340800189,0.0,28.868770615196112,0.1550185695501062,210.03742769926816
