PrincipalComponent,coi,c1i,a1i,c2i,a2i
1,0.3108132908877743,0.7377504030994645,31.563344310397987,1.470012425452742,212.00646675873287
2,0.0234488789404298,0.0320970665971466,29.835007605282808,0.0368171772920225,211.14026692419165
