PrincipalComponent,coi,c1i,a1i,c2i,a2i
1,0.3332055141207464,0.6773274308591836,28.957048515608268,1.5874231369823404,210.37865069605837
2,0.0410773574688458,2.1684043449710093e-18,28.86714125087578,0.1091966847330749,210.02014038646888
