PrincipalComponent,coi,c1i,a1i,c2i,a2i
1,0.1879178823804888,0.6605793070216662,28.701228195245548,0.712371442210437,210.01378395371455
2,0.1175248225528741,0.2535523785779057,28.609623993523872,0.5441116955683765,209.6397844895047
