PrincipalComponent,coi,c1i,a1i,c2i,a2i
1,0.2751555837284741,0.8065648966597231,32.2949354776319,1.303300818111914,211.78943646397948
2,0.0267456839505756,0.0531044017886618,29.950864992225416,0.0583317535759385,211.26895104902505
