PrincipalComponent,coi,c1i,a1i,c2i,a2i
1,0.2562909037648655,0.8243364201265654,31.81788422193213,1.2330941843817675,211.80834617781343
2,0.0305184600967983,0.0681218752902671,29.865547334587447,0.07707424891185,211.16277115547365
