PrincipalComponent,coi,c1i,a1i,c2i,a2i
1,0.1793531331471282,0.8761795780932242,30.56097596101357,0.7643708752008038,211.31288426006788
2,0.0700066391757641,0.1951964352279777,29.60543437788464,0.2795793579249593,210.71464794744657
