PrincipalComponent,coi,c1i,a1i,c2i,a2i
1,0.2412136202592022,0.8351547815993839,31.32650132530232,1.1882235478731893,211.62139180977152
2,0.034586824663217,0.0777218809507164,29.725407968379095,0.0934064101343565,210.9853733046126
