PrincipalComponent,coi,c1i,a1i,c2i,a2i
1,0.3044042137033415,0.8395182870387986,28.97326665240745,1.271212484259436,250.0
2,0.0510865357655241,0.0488850431813499,39.61731295436801,0.2668203271305537,222.86263075336177
