PrincipalComponent,coi,c1i,a1i,c2i,a2i
1,0.2426483299761654,0.7929796298838088,28.88001402835526,0.8814721477553822,210.39838064449037
2,0.084726059091894,0.1646245869297521,28.788524122668793,0.2710521059159451,210.04399400843667
