PrincipalComponent,coi,c1i,a1i,c2i,a2i
1,0.3696928482500867,0.7692696677946698,26.329282353023043,1.4591247153205484,250.0
2,0.0491222603031462,0.0513561856756682,38.43951675800164,0.1593173253630244,221.28081253755795
