PrincipalComponent,coi,c1i,a1i,c2i,a2i
1,0.3147377952814627,0.7117906849334722,28.957803608909433,1.32159434818889,210.53052350262425
2,0.0506502595320112,0.0644051798696552,28.87867021908528,0.1258989724381134,210.08470625403316
