PrincipalComponent,coi,c1i,a1i,c2i,a2i
1,0.2322443587515502,0.5245187524138005,24.157383785891827,0.8336259572810365,209.64397025770273
2,0.1345760741036972,0.2820141936936908,25.98585691568601,0.5511035621455781,208.73119095040815
