PrincipalComponent,coi,c1i,a1i,c2i,a2i
1,0.3893591330319468,0.7053263784654098,29.803023703775573,1.655438978704437,250.0
2,0.0283708968155977,0.0302128198434261,38.98057296964126,0.0320013702546801,221.74478549160096
