PrincipalComponent,coi,c1i,a1i,c2i,a2i
1,0.2285016949284183,0.6077349675592081,24.98234933000226,0.7784077217003966,209.68198874412963
2,0.1053393363759748,0.3028150699252085,26.992591960506957,0.4749994487141715,208.79509741533064
