PrincipalComponent,coi,c1i,a1i,c2i,a2i
1,0.2212982321310217,0.7145496165566749,26.517543056490492,0.763333819213162,210.17199178826857
2,0.095999970856635,0.2669160948639338,28.17261890504103,0.3873575148219593,209.31575271428423
