PrincipalComponent,coi,c1i,a1i,c2i,a2i
1,0.2920393330226246,0.7323889323197372,28.94890815384391,1.2348826565295328,210.47469391511956
2,0.0608671169822983,0.0772048172235128,28.864140801570414,0.1568955031682547,210.07322539813697
