PrincipalComponent,coi,c1i,a1i,c2i,a2i
1,0.3645940883314792,0.7382684943889005,30.3096355973095,1.5348016569077203,250.0
2,0.0305329567097935,0.0442316602950658,38.84151610486464,0.0510165452546379,221.95375364881403
