PrincipalComponent,coi,c1i,a1i,c2i,a2i
1,0.4050956301812645,0.684672801919006,28.63548886399628,1.7312244595239878,250.0
2,0.0334427748848508,0.0173243845714291,38.70247509047598,0.0439954575068388,221.47036368466337
