PrincipalComponent,coi,c1i,a1i,c2i,a2i
1,0.3931373079680953,0.7038135474565685,27.198012023339523,1.7141178393134844,250.0
2,0.0428909368562379,0.0121638223003928,38.38558985900658,0.0725292560977578,221.24080005793843
