PrincipalComponent,coi,c1i,a1i,c2i,a2i
1,0.2543363538045219,0.780713355931006,28.93449599007507,1.0013350626082458,210.5168055325069
2,0.0764455954257399,0.1315054145376392,28.843965242042955,0.2273498945441557,210.09251497963308
