PrincipalComponent,coi,c1i,a1i,c2i,a2i
1,0.2789677014225435,0.7444294019575657,28.951308673095696,1.1838399616609725,210.48982403745944
2,0.0662281491074136,0.0864945475584277,28.863640682603226,0.1745072386917594,210.07898646497225
