PrincipalComponent,coi,c1i,a1i,c2i,a2i
1,0.2337024645201881,0.5527436584446179,24.296861361809736,0.8096558164975509,209.62811637922815
2,0.1197610356436174,0.2955287553866511,26.410902034396297,0.5318299373887561,208.67592528519216
