PrincipalComponent,coi,c1i,a1i,c2i,a2i
1,0.3388736429688737,0.6930170672568589,28.935874875209045,1.4010548937244696,210.4122953336266
2,0.0379503874159101,0.0550206954722252,28.84626522290354,0.0947967684466805,210.0413707096487
