PrincipalComponent,coi,c1i,a1i,c2i,a2i
1,0.2349842128536904,0.7739564794407359,28.813359676643017,0.7936656188035504,210.28049271736447
2,0.0864866709525488,0.21705838983544,28.728887649466156,0.3221878596632506,209.91486309599472
