PrincipalComponent,coi,c1i,a1i,c2i,a2i
1,0.390777367071601,0.7215671805778527,27.119716389113695,1.6447164403826793,250.0
2,0.0482325842465761,0.024017595315398,38.250823706133765,0.1002155625593969,221.33817013716907
