PrincipalComponent,coi,c1i,a1i,c2i,a2i
1,0.2716881412603857,0.7489765780259751,27.272259680651285,1.2971752053394938,250.0
2,0.0795939574665015,0.04940013734847,35.08248672324637,0.3333765944884431,226.59521263655924
