PrincipalComponent,coi,c1i,a1i,c2i,a2i
1,0.2221435706520463,0.7829069893205788,26.068353029622997,1.0471580572114507,250.0
2,0.0713090017492155,0.1518732438262829,26.16928547932352,0.3780868805653832,227.78218127503095
