PrincipalComponent,coi,c1i,a1i,c2i,a2i
1,0.3526157289819999,0.6711207460186166,25.215193556565115,1.7136705953400977,250.0
2,0.0430488266021757,0.0105659985478453,37.97848045011711,0.1660085733270208,221.2675757031075
