PrincipalComponent,coi,c1i,a1i,c2i,a2i
1,0.3685194148628697,0.715379277508108,22.731143111205306,1.8370989408605287,250.0
2,0.033322205678173,0.0,37.57289488575663,0.0959056644529321,219.988038667207
