PrincipalComponent,coi,c1i,a1i,c2i,a2i
1,0.1981263448540882,0.6677421479592496,22.444691432523168,0.970227637541617,250.0
2,0.0798320881745335,0.3403480296125509,29.404730930375916,0.367638600560615,224.90761900907415
