PrincipalComponent,coi,c1i,a1i,c2i,a2i
1,0.2120068608997985,0.5073175095171102,19.83816859716661,1.0778333715985209,250.0
2,0.0965977781790496,0.3856838978351711,27.25534129136476,0.4477234179686944,225.86089343155433
