PrincipalComponent,coi,c1i,a1i,c2i,a2i
1,0.2067019063087308,0.6912389997794628,23.22992837743991,0.9340899699599704,209.49644748326145
2,0.0714313201473054,0.2577018707646529,27.09353994975592,0.3761234944673897,208.3792389215532
