PrincipalComponent,coi,c1i,a1i,c2i,a2i
1,0.2143741372936833,0.4738046521501071,19.63563889324564,1.1165233356801352,249.99999999999997
2,0.1069710270024423,0.3800135872467584,26.590763607485165,0.4529125169753243,225.9079869810208
