PrincipalComponent,coi,c1i,a1i,c2i,a2i
1,0.3790205243261445,0.6575245563044306,23.853396142896177,1.8718537503214971,250.0
2,0.0304684961614219,0.0028676830402487,37.85229573097936,0.0929509635701816,220.4081948000652
