PrincipalComponent,coi,c1i,a1i,c2i,a2i
1,0.2864165255852051,0.7385712844802006,27.216431998954093,1.3687569024354538,250.0
2,0.0754036481331978,0.0343772084664449,36.48049950581148,0.3121211575560661,225.5233256784757
