PrincipalComponent,coi,c1i,a1i,c2i,a2i
1,0.2541652564214471,0.7626446919869441,26.984972641095176,1.2210338212841667,250.0
2,0.0808011439576078,0.0686940139871728,32.94750666067687,0.3552650656844334,227.74144175293975
