PrincipalComponent,coi,c1i,a1i,c2i,a2i
1,0.3684150330081754,0.6881949216875078,22.671628691080212,1.8896624947296037,250.0
2,0.0300538519796757,2.100741191276575e-18,37.62773850618026,0.0813648297479452,220.04839601046535
