PrincipalComponent,coi,c1i,a1i,c2i,a2i
1,0.2124933581000305,0.7269311616454722,24.101280685268467,0.962508218108316,209.77518702181104
2,0.0802662940508639,0.1840497562899398,27.227422230100043,0.3793033386180507,208.74410290420184
