PrincipalComponent,coi,c1i,a1i,c2i,a2i
1,0.3163960176037149,0.6991864667788456,26.157748763001695,1.5256542640719415,250.0
2,0.0618135970247258,0.0223567432549905,37.60837445754088,0.2520373272267749,222.86566210332205
