PrincipalComponent,coi,c1i,a1i,c2i,a2i
1,0.344978562431478,0.7814108217725823,22.468937805546815,1.655322841165754,249.99999999999997
2,0.0349838245425625,0.0098692981544218,37.47676888156798,0.152353102365555,219.7479910600619
