PrincipalComponent,coi,c1i,a1i,c2i,a2i
1,0.2046665051688081,0.5603469201902035,20.49828836624476,1.033785660218321,250.0
2,0.0845305790863456,0.3893357739427769,27.90526583728173,0.4050905241709243,225.1942866400188
