PrincipalComponent,coi,c1i,a1i,c2i,a2i
1,0.2440034675351925,0.7683605106464507,26.78843480274792,1.179639745998018,250.0
2,0.0800263074084207,0.0843246954665147,31.30740797689093,0.3648644135242366,228.08042773965505
