PrincipalComponent,coi,c1i,a1i,c2i,a2i
1,0.2531985017671668,0.8216726166284337,24.135587527865383,1.1735240798613795,250.0
2,0.0688137901442988,0.1297291202286406,38.34349810023232,0.2969411119502562,221.7271551062784
