PrincipalComponent,coi,c1i,a1i,c2i,a2i
1,0.1847424586638897,0.8349294608701489,21.857328474845993,0.8705314618917989,250.0
2,0.1107316407355386,0.3695555578141999,59.73277609252999,0.1505275770792467,223.89312257362013
