PrincipalComponent,coi,c1i,a1i,c2i,a2i
1,0.3334211399869511,0.942602581353122,22.195729458753178,1.5336848150265203,250.0
2,0.0220529947795691,0.0162667014287451,37.27943339465305,0.0642015081541863,219.87457187000837
