PrincipalComponent,coi,c1i,a1i,c2i,a2i
1,0.2255908297837784,0.8355796716463367,23.63781740133186,1.0560336117959035,250.0
2,0.0730260090807455,0.1751562338326235,40.4522164466424,0.3042818209895548,222.00981894630368
