PrincipalComponent,coi,c1i,a1i,c2i,a2i
1,0.3425335261133388,0.7845119100212194,22.41006771718865,1.6349261793205394,250.0
2,0.0335617844879943,0.0504853448168255,37.71509788836872,0.1159099278185695,219.91604030634088
