PrincipalComponent,coi,c1i,a1i,c2i,a2i
1,0.1968765979122882,0.8443045907223332,22.596863257510144,0.9215185322594558,250.0
2,0.0893755461031743,0.2805616707541723,49.367132650871824,0.2384023018105225,222.8107919452385
