PrincipalComponent,coi,c1i,a1i,c2i,a2i
1,0.3093839692576726,0.7743469829771779,23.4137286728043,1.461701189754609,250.0
2,0.0557613393620058,0.0801202342261178,37.94884748732895,0.2016180167453004,220.3414511447468
