PrincipalComponent,coi,c1i,a1i,c2i,a2i
1,0.1792442489110405,0.6295837999308627,17.74688353477648,0.97054311228519,250.0
2,0.08656501747321,0.5233936794756799,35.92729189698625,0.2088841832774474,219.561000699287
