PrincipalComponent,coi,c1i,a1i,c2i,a2i
1,0.2788005244445114,0.7927029667391285,23.612153702095576,1.3049572309301931,250.0
2,0.0628645179948582,0.1065274925095362,38.44698942374946,0.2590128132409136,220.96435799732564
