PrincipalComponent,coi,c1i,a1i,c2i,a2i
1,0.3425425422720903,0.8320136144645821,21.662252295331847,1.6883221991687811,250.0
2,0.0252478987311924,0.0256508684380202,37.26217171325605,0.074134162660048,219.72263252487153
