PrincipalComponent,coi,c1i,a1i,c2i,a2i
1,0.349590723745012,0.8688982357268094,21.998185553519857,1.6666800685251908,249.99999999999997
2,0.0224313982606136,0.0171084389519967,37.25110915095692,0.0567842064420224,219.8046899414323
