PrincipalComponent,coi,c1i,a1i,c2i,a2i
1,0.241636798586999,0.8260247053595894,24.019010825571485,1.1161226855243174,250.0
2,0.0707639272562373,0.1509524080936776,39.249453061887294,0.3027914875822311,221.92534217442423
