PrincipalComponent,coi,c1i,a1i,c2i,a2i
1,0.190107367327162,0.5567001922513611,17.380488886721047,1.0441207515316184,250.0
2,0.107173033550349,0.4876187878702575,32.66858445687943,0.2818858062142598,219.87396003842707
