PrincipalComponent,coi,c1i,a1i,c2i,a2i
1,0.1873537091905824,0.5831528894089936,17.328418396040437,1.0132703557950424,250.0
2,0.0963662939973745,0.5069022995063059,34.05480296164088,0.2618677935130441,219.82143721626903
