PrincipalComponent,coi,c1i,a1i,c2i,a2i
1,0.1746606463671774,0.7232126451070783,19.15050130331126,0.9030253056709312,250.0
2,0.0857227464225562,0.5045243239977854,42.231541689496794,0.1474186367944862,220.276196051928
