PrincipalComponent,coi,c1i,a1i,c2i,a2i
1,0.1783174282949698,0.7951940581624893,20.785025309360236,0.8638423398036471,250.0
2,0.1273519239180686,0.5184640514933679,71.20924797540927,0.0057233182408648,225.58240883785737
