PrincipalComponent,coi,c1i,a1i,c2i,a2i
1,0.2173479003961183,0.8386351943267422,23.41575120045858,1.0228951192260436,250.0
2,0.0742168062214599,0.1927621746976444,41.382357994387675,0.3016956429988499,222.18841826963848
