PrincipalComponent,coi,c1i,a1i,c2i,a2i
1,0.1173555005279268,0.6700288059585844,17.794246719145608,0.9678275983528212,249.99999999999997
2,0.1153616518815164,0.6218216027125631,42.03959210785033,0.1040301405553333,220.275087652691
