PrincipalComponent,coi,c1i,a1i,c2i,a2i
1,0.1397545454527713,0.9400199520775172,22.67291723038583,0.7669793578116416,247.05616127759689
2,0.0965349518917167,0.5270080356977218,76.73763196138498,0.0,225.0069470161424
