PrincipalComponent,coi,c1i,a1i,c2i,a2i
1,0.1079781538889992,0.7426593401264969,18.19130370491348,0.8854288060613267,250.0
2,0.0961713538690914,0.672791142287021,46.214270938951046,0.0166527713233124,221.22669208924057
