PrincipalComponent,coi,c1i,a1i,c2i,a2i
1,0.2811643452694705,1.1211431591572405,24.72642779884542,1.3462259051700325,250.0
2,0.0139117171835817,0.0370070318494179,37.96246522212829,0.0477733043872074,220.53394941348927
