PrincipalComponent,coi,c1i,a1i,c2i,a2i
1,0.1592895618730612,0.9383371125898924,23.342458080874778,0.8469563156176266,250.0
2,0.0724829655309239,0.4226106616063448,71.37238237490502,0.1116098011816234,224.32002748213807
