PrincipalComponent,coi,c1i,a1i,c2i,a2i
1,0.1932271217460668,0.9312210440720312,24.164399785948373,0.9571679640015084,250.0
2,0.0565995077295393,0.2975877083590654,60.99035931838929,0.2242986252952654,222.57637475722467
