PrincipalComponent,coi,c1i,a1i,c2i,a2i
1,0.1664633030446171,0.9370701517915048,23.538792416839613,0.8701008699855272,250.0
2,0.0685811439711899,0.3927981917128371,69.4687885039876,0.1408916391220156,223.78006583298375
