PrincipalComponent,coi,c1i,a1i,c2i,a2i
1,0.1154476747871805,0.8947429332388049,20.922707999018815,0.7493786213282205,249.99999999999997
2,0.076092224850962,0.6061550551632388,54.66904584271297,0.0,222.6520514019515
