PrincipalComponent,coi,c1i,a1i,c2i,a2i
1,0.1265590230147248,0.931812892047167,22.03498618814683,0.7370099768959596,250.0
2,0.0772087359969245,0.5360211984228171,58.01931542213271,0.0399829358920045,222.88686916589117
