PrincipalComponent,coi,c1i,a1i,c2i,a2i
1,0.2883908508492668,1.041112735225472,24.02082818328618,1.425984990350438,250.0
2,0.0122011738977084,0.0497802629697195,38.40265185432417,0.0978969731219112,220.26572283653496
