PrincipalComponent,coi,c1i,a1i,c2i,a2i
1,0.2442436355538489,0.9032274805506036,24.062350873087293,1.1864978465863405,250.0
2,0.0378417178182264,0.188007839551654,47.93917112252248,0.2492009305945764,220.53614662778483
