PrincipalComponent,coi,c1i,a1i,c2i,a2i
1,0.1136642443564652,0.6995940717551116,17.816480010231288,0.9320388048248878,249.99999999999997
2,0.1039871195716717,0.6397238030325721,42.89900721143268,0.0885698405198652,220.4876346500232
