PrincipalComponent,coi,c1i,a1i,c2i,a2i
1,0.2701596524795463,0.9221242777037938,23.358579300849595,1.3406489832031412,250.0
2,0.0210405474862126,0.1374250186782385,43.43446722539197,0.1995527900688618,220.01048422974657
