PrincipalComponent,coi,c1i,a1i,c2i,a2i
1,0.1092296930526911,0.8263978505868588,19.484455949875464,0.8050503142783583,250.0
2,0.0821657855033533,0.6477723147289186,49.03220198325543,0.0,221.81872331505895
