PrincipalComponent,coi,c1i,a1i,c2i,a2i
1,0.2767034108824721,0.9853350045739206,23.190235710116987,1.4168437271248124,250.0
2,0.0126391944508865,0.083474034578725,39.66854355202911,0.145308518273548,219.98756323596623
