PrincipalComponent,coi,c1i,a1i,c2i,a2i
1,0.217413014598362,0.910189301378736,23.91189135946533,1.0632534137424356,249.99999999999997
2,0.0452020120635288,0.2456693252687941,54.735262391271064,0.2449384970251354,221.6851760689562
