PrincipalComponent,coi,c1i,a1i,c2i,a2i
1,0.1823023493247381,0.93166262390022,24.01540675602768,0.9134401587865044,250.0
2,0.0626816204245971,0.340961588718317,65.16008976894328,0.1885806965403809,223.15862746327423
