PrincipalComponent,coi,c1i,a1i,c2i,a2i
1,0.840391826108188,0.6583936745212786,45.818566433611984,0.5790934717881566,216.09902132990217
2,0.1972500276067395,0.2198987633195025,35.67203708725239,0.4067154215937104,215.76312846371428
