PrincipalComponent,coi,c1i,a1i,c2i,a2i
1,0.9249229265657104,0.6603356640292152,47.001634780776136,0.8101213721794902,215.1448320948248
2,0.1570539067440455,0.1109836373703467,34.06563770744436,0.2604038791122888,215.87504814545144
