PrincipalComponent,coi,c1i,a1i,c2i,a2i
1,0.882249548994518,0.6225518239742911,49.25516220217863,0.6861422188810246,215.23966419358533
2,0.1938091744819586,0.2300477864378185,35.20932917155452,0.4233783824036686,216.09555554629145
