PrincipalComponent,coi,c1i,a1i,c2i,a2i
1,0.8787167879891791,0.5590852683460193,46.60725146381842,0.8441439160126032,214.807695572007
2,0.206238987435327,0.2055075384401085,36.075324540565894,0.3092526897268253,215.62912019466964
