PrincipalComponent,coi,c1i,a1i,c2i,a2i
1,0.9087959675270488,0.603872352005899,45.698315667162845,0.8443866394585166,214.74838171880825
2,0.170777722921113,0.151591054548233,34.53007122481276,0.2598160409140135,215.4710470080333
