PrincipalComponent,coi,c1i,a1i,c2i,a2i
1,0.8882798074614018,0.6289204434477348,51.84864240421693,0.5762412417283667,217.3942383945841
2,0.1966016234314564,0.228532703877607,37.88890527057169,0.3900817022567003,217.63027616602065
