PrincipalComponent,coi,c1i,a1i,c2i,a2i
1,0.8638340850065604,0.5447746856449069,45.65795179134828,0.8329946704200472,214.15549622180913
2,0.2161113254225507,0.2133914006347865,35.43298010161506,0.380296966944023,214.99010898317516
