PrincipalComponent,coi,c1i,a1i,c2i,a2i
1,0.8716685949724489,0.5491313227555819,46.308781737333106,0.8311145578536219,214.49790366083656
2,0.2191780200419017,0.2080032932817752,35.65300046357572,0.3573181045786033,215.31801445406757
