PrincipalComponent,coi,c1i,a1i,c2i,a2i
1,0.8952435773960439,0.5795239832458569,45.91732974092466,0.8531400510864161,214.74214436718503
2,0.1829563035417002,0.1780420016448001,35.24505054478179,0.2695805199244337,215.5273159133231
