PrincipalComponent,coi,c1i,a1i,c2i,a2i
1,0.8517490555100826,0.5552526166790485,44.45755939162504,0.8320214765687719,213.73358675773272
2,0.2092921303941372,0.2180562437249688,34.834197920459246,0.3978243604302008,214.5188482973215
