PrincipalComponent,coi,c1i,a1i,c2i,a2i
1,0.936247484183216,0.7079933631164049,48.0306416969343,0.7844276547485585,215.53987065899307
2,0.1483146339905162,0.069096170756137,33.93585731341013,0.263533562089806,216.23026076683652
