PrincipalComponent,coi,c1i,a1i,c2i,a2i
1,0.87232733543296,0.5542913366692757,46.17370694202553,0.8313776323245536,214.50683213418765
2,0.2175292490345155,0.2086913069375671,35.60284478831796,0.3445833276005937,215.32633925344948
