PrincipalComponent,coi,c1i,a1i,c2i,a2i
1,0.8908496849651438,0.6943221387290195,58.85552144251411,0.5425489482970914,218.78025437485084
2,0.1946644236655964,0.237849884497722,40.34717031079286,0.3958489385293781,219.65079403333968
