PrincipalComponent,coi,c1i,a1i,c2i,a2i
1,0.8824203726236554,0.5553643998671615,45.46867362383736,0.8633249850914404,214.59098672207583
2,0.19686449168474,0.1936714368531252,35.60054056479103,0.2880178125738782,215.3493262399359
