PrincipalComponent,coi,c1i,a1i,c2i,a2i
1,0.92724514593082,0.6811249450329215,46.69951624797934,0.8024317966674127,215.19400294222885
2,0.1526086892063973,0.0885714843769566,33.73323820309975,0.2632705875923573,215.80772416898012
