PrincipalComponent,coi,c1i,a1i,c2i,a2i
1,0.8446960959187265,0.6600248241331118,47.158939358881405,0.6311869603942436,216.3432444981067
2,0.1732728898027038,0.2621784498363526,37.35947904115931,0.3753282586697137,216.32455146994508
