PrincipalComponent,coi,c1i,a1i,c2i,a2i
1,0.8147212295403305,0.6110435557282674,40.79416913264895,0.7979301308201535,212.85465153092804
2,0.1914065492879473,0.2270476568454864,32.95474463255123,0.424441450217771,213.3295869555836
