PrincipalComponent,coi,c1i,a1i,c2i,a2i
1,0.8583265025939918,0.6121256122802241,45.36855542786976,0.8509624323065532,215.67182308484112
2,0.1969551335803388,0.1960078498762042,35.594842273900966,0.2776860249415975,215.78235280861816
