PrincipalComponent,coi,c1i,a1i,c2i,a2i
1,0.7650355619267558,0.5728788954725634,40.77245759540299,0.8131947403716576,214.48774926322625
2,0.2255504770344525,0.3151829173075266,36.77878579921799,0.4382931493819908,214.12130949544184
