PrincipalComponent,coi,c1i,a1i,c2i,a2i
1,0.7716075811257375,0.616720923883356,41.75231464097298,0.648784507793861,229.90240434127173
2,0.2674802895297759,0.4199639582794541,70.92312304241842,0.2278294058324309,222.64037808086928
