PrincipalComponent,coi,c1i,a1i,c2i,a2i
1,0.7999494842748959,0.5212082364169094,44.73873154146305,0.84396503581233,216.08750054731283
2,0.2479560303634936,0.3080187242357947,40.11015474265564,0.4059747383793015,215.76398150397705
