PrincipalComponent,coi,c1i,a1i,c2i,a2i
1,0.8357679568085375,0.5376932437581661,45.7147185050866,0.8765900092671607,216.68706893794615
2,0.2247954944244432,0.2710007464937946,39.53384777890151,0.2771826346235879,216.5269560274711
