PrincipalComponent,coi,c1i,a1i,c2i,a2i
1,0.8600694798208681,0.6363812964459221,44.82800465547237,0.8435593491813631,215.38875845702464
2,0.1911991894457126,0.1682233820425738,34.57993750468073,0.2844729664323513,215.48622573816968
