PrincipalComponent,coi,c1i,a1i,c2i,a2i
1,0.8172769295730442,0.5190929279252968,46.15435336772697,0.8468237720856312,216.85600276475117
2,0.2575738167915836,0.299720508221696,40.87306694320898,0.3515675216707789,216.56489740418093
