PrincipalComponent,coi,c1i,a1i,c2i,a2i
1,0.8286175011197741,0.5707723131836209,47.79911215072171,0.7266403209214051,216.47316927360993
2,0.2268110794754233,0.3228685910220283,38.53047267282513,0.4287225484992759,216.4890154859622
