PrincipalComponent,coi,c1i,a1i,c2i,a2i
1,0.8348645058078967,0.577039043677337,50.91528387380249,0.6246896716301915,219.15314863250455
2,0.233680580702448,0.326982478335301,42.68305263251318,0.3758161716025319,218.51640937061964
