PrincipalComponent,coi,c1i,a1i,c2i,a2i
1,0.826232151283064,0.5179678968676565,45.63983782238705,0.8800957076089209,216.96707853006828
2,0.2380070725695056,0.2866918541056544,40.74705800291843,0.2940986769448888,216.65106796951335
