PrincipalComponent,coi,c1i,a1i,c2i,a2i
1,0.7727220493684802,0.6079165982627937,41.38012458446817,0.7119741989935714,226.1702070360807
2,0.2412105125204287,0.4469732679575775,66.0107767261456,0.219200662495318,221.70261330037897
