PrincipalComponent,coi,c1i,a1i,c2i,a2i
1,0.8242452724704794,0.521407421104014,46.66352675361847,0.8605044387983959,217.24941536845336
2,0.2460355377998326,0.2997079586929583,41.4874192673712,0.3141635440776958,216.9518474005857
