PrincipalComponent,coi,c1i,a1i,c2i,a2i
1,0.8452386838917708,0.5588193842149043,44.991637449484365,0.8756060982450791,216.13859838017424
2,0.2130640168457466,0.2426798697619302,37.73181878440491,0.2696602647619514,216.05231218847305
