PrincipalComponent,coi,c1i,a1i,c2i,a2i
1,0.8365450409470658,0.6274024265286889,56.80973745604336,0.6082565689143862,220.5535085425383
2,0.2311749660718799,0.3446519464893897,45.79589625790824,0.3740859221469105,220.3781333566999
