PrincipalComponent,coi,c1i,a1i,c2i,a2i
1,0.8164767501670959,0.5152469169069582,46.27134649821143,0.8457786607197508,216.9002775828061
2,0.2595513489619335,0.2980301165698129,41.0441896036663,0.364576001902041,216.5628745668952
