PrincipalComponent,coi,c1i,a1i,c2i,a2i
1,0.8106933813649485,0.5115110962601026,45.81833876775039,0.8451756351965868,216.63963307341817
2,0.2558587321265082,0.303325586909905,40.973526807510176,0.3878233348888081,216.2919684997273
