PrincipalComponent,coi,c1i,a1i,c2i,a2i
1,0.9326343409673764,0.5999148377485277,53.06998926387361,0.7912405132591583,213.7106909829491
2,0.1860248563667011,0.1645716934073968,35.43123704503355,0.3284691335469569,216.51272720506088
