PrincipalComponent,coi,c1i,a1i,c2i,a2i
1,0.9518264959058084,0.7044793621513994,58.46914334259074,0.5046928626364774,217.8665058030714
2,0.1684154925501922,0.1697107234983614,37.759283375027024,0.3607830378237741,219.1953778058457
