PrincipalComponent,coi,c1i,a1i,c2i,a2i
1,0.9534209153729492,0.8079007111215092,67.76874040634084,0.4300297108982954,219.4915535666438
2,0.168383855657812,0.1754967767233427,40.35441643496389,0.3656324612759806,221.78936358951623
