PrincipalComponent,coi,c1i,a1i,c2i,a2i
1,0.9857869076411642,0.6633054747806114,52.206911468330325,0.7907639994466824,214.94314278885676
2,0.1332032503430533,0.0982572762278591,34.96966861416671,0.2196687555469008,217.03721184418671
