PrincipalComponent,coi,c1i,a1i,c2i,a2i
1,1.0013705374747155,0.7302296383186071,52.50108483564054,0.7540996941131655,215.6833326569209
2,0.1163592211005962,0.0462288475521963,34.70687306929161,0.2193434376964397,217.35444794381343
