PrincipalComponent,coi,c1i,a1i,c2i,a2i
1,0.90637399165321,0.7243655980251582,52.27962544221164,0.5767178325019642,216.5234857075147
2,0.1466347204311915,0.1997334269223226,36.7021708121928,0.3468314741267481,217.42418450555
