PrincipalComponent,coi,c1i,a1i,c2i,a2i
1,1.0089050727270772,0.7559059426591869,53.90042747160205,0.7345170174425352,216.08882835944064
2,0.1129239070612512,0.0307855302206977,35.057390174061304,0.2186331078262288,217.82601907870455
