PrincipalComponent,coi,c1i,a1i,c2i,a2i
1,0.9431224052297226,0.6114039707305441,53.52607148901061,0.786930415586921,214.18901884516455
2,0.1850322609000088,0.1591095832020171,35.60259179779944,0.2945785870262319,216.88303558382452
