PrincipalComponent,coi,c1i,a1i,c2i,a2i
1,0.9416882499102586,0.6063216033036916,53.82059181241188,0.7865654067436194,214.16330164571053
2,0.1873994530130266,0.1592136802704248,35.677449354429164,0.3064596517509013,216.9029857631517
