PrincipalComponent,coi,c1i,a1i,c2i,a2i
1,0.9574464155235772,0.6141819988808128,52.3050881602065,0.8158057986212679,214.24215834391197
2,0.1600441731188,0.1387877630968053,35.45163312454651,0.2452693414462366,216.8120704005577
