PrincipalComponent,coi,c1i,a1i,c2i,a2i
1,0.881072326051817,0.6575904137242561,46.0835026443973,0.7696238032549125,212.66598150972789
2,0.1656345196853607,0.1729911520365765,32.959332462252966,0.373971061928876,214.4916304177873
