PrincipalComponent,coi,c1i,a1i,c2i,a2i
1,0.9481133211773488,0.699770122337078,56.878876944267446,0.6184448471824116,215.64594494714652
2,0.16876149368335,0.1724841854054481,35.70624512311178,0.3799908007255108,217.9518604301896
