PrincipalComponent,coi,c1i,a1i,c2i,a2i
1,0.9523928181947836,0.6202684973306071,54.00347410347813,0.7944671550028741,214.48328812397696
2,0.1710894668961881,0.1524178264810843,35.97815510475225,0.2634207401605853,217.20442790914592
