PrincipalComponent,coi,c1i,a1i,c2i,a2i
1,0.9041953292093682,0.715154992303087,50.50011004515793,0.5299262752452552,216.5393532733121
2,0.1687410358450215,0.16239373008897,35.519025585845,0.3760425294531911,216.9133925542576
