PrincipalComponent,coi,c1i,a1i,c2i,a2i
1,1.000185454995429,0.7153323866742656,53.10467239730373,0.7578075256057255,215.58834888486533
2,0.1206218476948547,0.063529304358717,34.91564623069365,0.2183458849158472,217.4549819527404
