PrincipalComponent,coi,c1i,a1i,c2i,a2i
1,0.9198763241562676,0.6076295388800224,51.38256952076259,0.7943028071348494,213.2992828820611
2,0.1804195938969955,0.168004874391996,34.807091329076115,0.3461985568729073,215.937536728737
