PrincipalComponent,coi,c1i,a1i,c2i,a2i
1,0.9718418680361498,0.6413124505573463,52.74501749541476,0.8001152195345271,214.68308456525136
2,0.1453905749781108,0.1225690629589078,35.368970167451764,0.2287931740286123,217.0803039068469
