PrincipalComponent,coi,c1i,a1i,c2i,a2i
1,1.083931600512268,0.9510195195125272,84.33149039964323,0.429271098953514,216.25134181455732
2,0.1226946899201697,0.1011964308641003,41.058497305387306,0.2056937591342746,224.85882495986831
