PrincipalComponent,coi,c1i,a1i,c2i,a2i
1,1.0136796234769057,0.9060034081418524,70.6364606932443,0.5082701572587803,214.8138039571941
2,0.1232353663726707,0.1115673203482413,37.77005093607909,0.2822932519069115,221.04841632900263
