PrincipalComponent,coi,c1i,a1i,c2i,a2i
1,1.0994528511960358,0.9255329961794244,81.00435149397542,0.4836331387278246,216.27032262246536
2,0.0956576909179495,0.0785581644158075,40.54565456173984,0.1660161996390962,224.23658631418044
