PrincipalComponent,coi,c1i,a1i,c2i,a2i
1,1.0213860768231509,0.9022730419527,65.12416336795967,0.3428451406666682,219.40194508810472
2,0.1167340104957813,0.0959577086746122,38.322977162203586,0.318750374230807,221.27831061217685
