PrincipalComponent,coi,c1i,a1i,c2i,a2i
1,1.0712079436967883,1.007803100680011,81.14348580235522,0.3006211648814176,218.66873798281097
2,0.1183961154051177,0.1123508704674529,40.539601422695014,0.2977260268077801,224.71939404134784
