PrincipalComponent,coi,c1i,a1i,c2i,a2i
1,1.1247166706385985,0.9348309757071506,72.23942741780522,0.5274366530638597,218.06629273202944
2,0.0597683486849368,0.0116724470347174,39.16654819567583,0.1417921466009766,222.8068486754551
