PrincipalComponent,coi,c1i,a1i,c2i,a2i
1,1.1255444746702756,0.9447871959771365,74.14468686113456,0.5071520774876818,218.01375177736284
2,0.0629874239654216,0.0222071767109804,39.50596152363794,0.1422498110365955,223.2266477957793
