PrincipalComponent,coi,c1i,a1i,c2i,a2i
1,1.1185148491412098,0.9200233556024346,75.79841727753565,0.5140513210665862,217.21287541915825
2,0.0727022001482832,0.0458700462561095,39.664395655262176,0.1451024439298637,223.35397881105945
