PrincipalComponent,coi,c1i,a1i,c2i,a2i
1,1.12891981216466,0.9604593952601556,73.57129677498351,0.5044038191519721,218.5123976938002
2,0.0575209630819228,0.0030029246948958,39.57362479171472,0.1396684899902693,223.2727016878166
