PrincipalComponent,coi,c1i,a1i,c2i,a2i
1,1.08110365324356,0.9535543073071288,85.44268823303868,0.4208850297377436,216.15854049560556
2,0.1264234745463862,0.1027354244240198,41.26081021392185,0.2156489779273163,225.0616026848132
