PrincipalComponent,coi,c1i,a1i,c2i,a2i
1,1.0520250178479265,0.9771971552472504,76.543736015928,0.3006152166328991,220.21870224609552
2,0.1109027659581579,0.116049030674269,40.80933267961413,0.2945220893194184,224.20809476507017
