PrincipalComponent,coi,c1i,a1i,c2i,a2i
1,1.109325749584063,0.9304880502972116,78.83505552959349,0.490988274757612,216.86594017136895
2,0.0827469030609568,0.0641685136473944,40.231867807195336,0.1530875749877985,223.9400484255017
