PrincipalComponent,coi,c1i,a1i,c2i,a2i
1,1.0630513405003277,0.9081701901813376,73.26290499681656,0.30895811250782,220.1310226664453
2,0.1123562535741964,0.1093784621969297,40.10412131433256,0.2987120804135371,223.43930815442496
