PrincipalComponent,coi,c1i,a1i,c2i,a2i
1,1.055324735562564,0.9431134813077962,83.3306820326438,0.4379168522611988,215.07281613005304
2,0.1286342263022242,0.113894349110371,40.529039181567896,0.2501218934696422,224.1235814505784
