PrincipalComponent,coi,c1i,a1i,c2i,a2i
1,1.0211467666955598,0.9518687927494056,69.40205021871363,0.3464218765879559,219.4795707722684
2,0.1009437357855546,0.1272060649886904,39.61522113556708,0.2873718931143778,222.33996519956625
