PrincipalComponent,coi,c1i,a1i,c2i,a2i
1,1.093613869074873,0.9585250327972504,83.79417757688209,0.4371256692455074,216.607080193334
2,0.1067270296280348,0.0913269583432345,41.17160582064704,0.1808031954242126,224.93443262039605
