PrincipalComponent,coi,c1i,a1i,c2i,a2i
1,1.0698301200922304,0.954376013416996,85.97905338293343,0.4160909923681026,215.4871489950912
2,0.1295140391984565,0.1096942078868209,41.19983566299161,0.2344468495359837,224.91990319488391
