PrincipalComponent,coi,c1i,a1i,c2i,a2i
1,1.1480084820736494,1.291419009192349,100.0,0.1399273521581342,215.59311656298067
2,0.0851756204739772,0.0607156620646285,43.85152290498177,0.1509311412383032,228.4791234052943
