PrincipalComponent,coi,c1i,a1i,c2i,a2i
1,1.1523592363408452,1.3027334115030471,100.0,0.1292932175895458,215.88088408639447
2,0.0817389196680249,0.0592143526924802,43.94842279594661,0.142105038967256,228.57591157239744
