PrincipalComponent,coi,c1i,a1i,c2i,a2i
1,1.115145913409545,1.0378176403763386,77.53853290870246,0.2523604553166593,220.2621213608741
2,0.0791770119555399,0.06983877920333,40.72073249434715,0.2501891430592607,224.5709724363736
