PrincipalComponent,coi,c1i,a1i,c2i,a2i
1,1.166795964639266,1.3044751287270957,100.0,0.137545190270018,216.28002876070624
2,0.059321226274198,0.0428040850090059,44.20420949033105,0.1062471426144947,228.78492581561704
