PrincipalComponent,coi,c1i,a1i,c2i,a2i
1,1.0786706358681044,1.1213381106748532,76.45792850843787,0.240474299806411,220.1727363421408
2,0.069043497392019,0.0822197606970351,40.706561198470816,0.2391201732004968,224.2575145917561
