PrincipalComponent,coi,c1i,a1i,c2i,a2i
1,1.122255636242507,1.3105276458135606,100.0,0.1235381883483585,214.5409596774391
2,0.0908910859503993,0.0715671915832465,43.53644678094364,0.1820524757525138,228.08628646040137
