PrincipalComponent,coi,c1i,a1i,c2i,a2i
1,1.1053530148075834,1.1226682416501128,81.43568037168524,0.231168398861175,220.31768901623596
2,0.0764006914152873,0.0788123492122448,41.5447781370365,0.2377334614663939,225.4794618861271
