PrincipalComponent,coi,c1i,a1i,c2i,a2i
1,1.1600658402502146,1.3142723053670522,100.0,0.1269373504609755,216.41182963967543
2,0.068245387833398,0.0514882110498004,44.19577510193659,0.1198391104762742,228.78317208866184
