PrincipalComponent,coi,c1i,a1i,c2i,a2i
1,1.0778951613418852,1.0295146323510356,70.20199759476367,0.2826286980734724,219.97276352913445
2,0.0828204816460399,0.0556145176434548,39.24172254583391,0.2726162173455365,222.7312972285224
