PrincipalComponent,coi,c1i,a1i,c2i,a2i
1,1.185027966305674,1.307697504853953,97.91689423795808,0.1352180238421081,218.17866681502292
2,0.0421374410354284,0.0209226381825819,44.28841237693477,0.0880403104351685,228.89400889362943
