PrincipalComponent,coi,c1i,a1i,c2i,a2i
1,1.1352790229885226,1.2849003716584448,100.0,0.1470628201855184,214.7156071146237
2,0.0891355819653545,0.0674495189166233,43.61270261698564,0.1676270319305132,228.1751856386027
