PrincipalComponent,coi,c1i,a1i,c2i,a2i
1,1.1873921543579335,1.2737762852556096,93.9237316798984,0.186531529498325,219.12532290546363
2,0.0352214544172584,0.0063903165487949,43.73584733124023,0.0841242038246377,228.23799868940884
