PrincipalComponent,coi,c1i,a1i,c2i,a2i
1,1.1868911301712126,1.259678057415902,92.42221504919534,0.2102852245121567,219.55337022554545
2,0.0298723004807897,0.0,43.56580463083461,0.0778176127729622,228.0270459962854
