PrincipalComponent,coi,c1i,a1i,c2i,a2i
1,1.1846359355597615,1.2283498083174889,90.8977708675656,0.2428444262177451,219.08860160213425
2,0.0330385600475614,0.0006933051672359,43.14129543176795,0.0825912855874109,227.515401311841
