PrincipalComponent,coi,c1i,a1i,c2i,a2i
1,1.1766143956312107,1.3306509066586485,100.0,0.1096376758865378,217.40665193877615
2,0.0494741464124751,0.033125323879583,44.5008898760576,0.0949992674357589,229.140547966787
