PrincipalComponent,coi,c1i,a1i,c2i,a2i
1,1.123669348059493,1.174484952697027,87.32087728631566,0.2116585785070495,218.3301130837139
2,0.0859249388188614,0.0793523563102356,41.78866036878717,0.2306238771937985,226.21985017912164
