PrincipalComponent,coi,c1i,a1i,c2i,a2i
1,1.088210889777396,1.2674976215424525,91.10127226909462,0.1783596297535052,215.44115854425948
2,0.0917221404831486,0.0724288785065597,41.96054046728301,0.2115428714176053,226.22001163049617
