PrincipalComponent,coi,c1i,a1i,c2i,a2i
1,1.1884283817559775,1.3899646672275456,100.0,0.1145419127986973,214.2203159919195
2,0.0535086855955812,0.0369439057837173,43.66178563378118,0.0932673806482265,228.10808586764844
