PrincipalComponent,coi,c1i,a1i,c2i,a2i
1,1.1847987200922885,1.3800284467797783,100.0,0.1252510854494301,213.88668430989708
2,0.0561061305738261,0.0379198467851392,43.58605198116304,0.100986790955428,228.00576760732008
