PrincipalComponent,coi,c1i,a1i,c2i,a2i
1,1.1732126518505708,1.37699007162656,100.0,0.1314930322953069,212.99418721456817
2,0.0592436576504972,0.0431310298421103,43.3746673503303,0.1158613808632429,227.7288148528117
