PrincipalComponent,coi,c1i,a1i,c2i,a2i
1,1.192179715842372,1.3978284732988329,100.0,0.1106217452881942,214.8207711125549
2,0.0433483386318863,0.0319762793258921,43.86276854844714,0.0742792107357092,228.31322877089156
