PrincipalComponent,coi,c1i,a1i,c2i,a2i
1,1.1603594081033068,1.4020923247100907,100.0,0.1103942556328609,212.71080694249832
2,0.0607953232322928,0.0471898330076305,43.29340560058408,0.1286536751861757,227.62849689590576
