PrincipalComponent,coi,c1i,a1i,c2i,a2i
1,1.1117593361284317,1.2294577738669905,79.31126741385134,0.1912559122941061,220.16133826409344
2,0.049140873247505,0.0562041451982806,41.16546934339972,0.1985058318831398,224.95780682233075
