PrincipalComponent,coi,c1i,a1i,c2i,a2i
1,1.1380532910381689,1.2421318373834045,85.00204006605318,0.1701028746389352,220.25506361312236
2,0.056260917144013,0.0580841928461492,42.23619084789235,0.1907051425997268,226.32930811819256
