PrincipalComponent,coi,c1i,a1i,c2i,a2i
1,1.1138521740984286,1.130931855895689,73.6917946315998,0.2356236443536636,220.2125133403736
2,0.060893348764827,0.0337236431983641,39.96073041323951,0.2314565122471791,223.65265392272784
