PrincipalComponent,coi,c1i,a1i,c2i,a2i
1,1.211149350744772,1.4302281919439728,100.0,0.0601646058089961,219.04971021688425
2,0.0195181270207716,0.0026934150708617,44.830617734326296,0.0373116093098219,229.58949279864345
