PrincipalComponent,coi,c1i,a1i,c2i,a2i
1,1.2093630779701117,1.4072337830901762,100.0,0.0831250436289367,216.90292960440956
2,0.0254586599251542,0.0139134164269752,44.338680481196505,0.0466644509379656,228.96093617278115
