PrincipalComponent,coi,c1i,a1i,c2i,a2i
1,1.2019519218107724,1.401252713792911,100.0,0.0977860454118742,215.9391473848818
2,0.0304575031916152,0.0206485303698247,44.1416750394345,0.0532471396540804,228.67666884017723
