PrincipalComponent,coi,c1i,a1i,c2i,a2i
1,1.2118348166377284,1.427948415148798,100.0,0.0604591712959572,218.7205634454608
2,0.0202823729007714,0.0036772414035091,44.74941226105503,0.0399399422329256,229.49593042642135
