PrincipalComponent,coi,c1i,a1i,c2i,a2i
1,1.1619346432546844,1.3147667567060983,91.4811476978756,0.1346160514677434,217.6241445918434
2,0.0616271128429006,0.0566987960051159,42.680738870709675,0.177103495012946,227.04263570201937
