PrincipalComponent,coi,c1i,a1i,c2i,a2i
1,1.1513179064311496,1.1451761459652932,80.51937596624836,0.203027447335556,220.26286775597373
2,0.0556115376522722,0.0451467711575391,41.32592261199916,0.2097703816392185,225.299765766935
