PrincipalComponent,coi,c1i,a1i,c2i,a2i
1,1.2123472028539473,1.4311420091593043,100.0,0.0585825325215619,218.36144775062948
2,0.0214322060076908,0.0059697982153909,44.67395528391802,0.042302188364802,229.38898854826712
