PrincipalComponent,coi,c1i,a1i,c2i,a2i
1,1.1960355641530884,1.3812657566047577,100.0,0.123793185227566,214.67092559083767
2,0.0369594400659618,0.0265453253098825,43.865829371106,0.0628405976481163,228.2934270327736
