PrincipalComponent,coi,c1i,a1i,c2i,a2i
1,1.2280209815904712,1.4728622839287624,100.0,0.059943678353383,216.8259959374267
2,0.0170082886430729,0.0099076066294568,44.19258117900798,0.016072774885638,228.87119463472135
