PrincipalComponent,coi,c1i,a1i,c2i,a2i
1,1.2264312210959951,1.46574906068533,100.0,0.0643176781298783,217.0239877428083
2,0.0166744569633108,0.009836629524467,44.164343891158666,0.0133932486202518,228.9149814296144
