PrincipalComponent,coi,c1i,a1i,c2i,a2i
1,1.2049125530439582,1.4558358322102396,100.0,0.1195627567346701,210.87694965367336
2,0.0411797895658148,0.0270603207978139,42.83413092634851,0.0794488589018077,227.1066625102491
