PrincipalComponent,coi,c1i,a1i,c2i,a2i
1,1.146480352084985,1.2200121494834293,76.12450572875258,0.2002432964867958,220.12121719115987
2,0.046527135726958,0.0168579117235801,40.383669838608334,0.20173322467945,224.21235364243196
