PrincipalComponent,coi,c1i,a1i,c2i,a2i
1,1.2196289691248148,1.4462566533576269,100.0,0.1126545886968434,212.7870058704342
2,0.0260561162499853,0.0186303596318189,43.292867841272034,0.0334874159367576,227.69446937785344
