PrincipalComponent,coi,c1i,a1i,c2i,a2i
1,1.2224054705375378,1.4606919302390242,100.0,0.0885381326009222,214.15245106362264
2,0.0220464959500797,0.0161858563025856,43.583020750703376,0.0252602727055964,228.0909243743031
