PrincipalComponent,coi,c1i,a1i,c2i,a2i
1,1.1924605635359644,1.485535025028408,100.0,0.0959143986109312,210.48685725494377
2,0.042288427523483,0.0297480329750017,42.733356499119864,0.0909036794347145,226.9846009325809
