PrincipalComponent,coi,c1i,a1i,c2i,a2i
1,1.181807724572171,1.2356053204023274,82.4788317248616,0.1670646365365421,219.99201007047955
2,0.0422294555110195,0.0276255277977914,41.59983409613446,0.1815883909849182,225.6852451503027
