PrincipalComponent,coi,c1i,a1i,c2i,a2i
1,1.218812843487921,1.4674103409630606,100.0,0.0985887663013738,213.02280128895777
2,0.0299271447553175,0.020606643166154,43.35299863964202,0.0441041832061961,227.74584754295677
