PrincipalComponent,coi,c1i,a1i,c2i,a2i
1,1.1989272017191983,1.4424227254177966,94.74810662043625,0.067258716297758,216.4796906187024
2,0.0428783809586741,0.041591851493836,43.06583614070036,0.1347548187471754,227.46546704569016
