PrincipalComponent,coi,c1i,a1i,c2i,a2i
1,1.168176002230294,1.3503259030272567,87.67988210910514,0.1196568165417436,219.8924569528248
2,0.0438716978464025,0.0419625326022012,42.63655872974761,0.1543381439050387,226.83986551173612
