PrincipalComponent,coi,c1i,a1i,c2i,a2i
1,1.2183671235416444,1.4664967942919196,100.0,0.0996633477145452,212.2358012001669
2,0.0368315045695667,0.0230555120472062,43.14205939048523,0.0603678056296898,227.5010186990497
