PrincipalComponent,coi,c1i,a1i,c2i,a2i
1,1.2156321480018335,1.4562053020413892,100.0,0.1124458446318806,211.8950323588287
2,0.0389730378361325,0.023410229720225,43.08342795152793,0.0666386129903574,227.3966601152383
