PrincipalComponent,coi,c1i,a1i,c2i,a2i
1,1.1682649390828008,1.5597333719992583,98.54860055956952,0.0124727872216941,211.8039464099411
2,0.0435979552736879,0.0346050742120509,42.77128406146113,0.111778395037875,227.02016903127665
