PrincipalComponent,coi,c1i,a1i,c2i,a2i
1,1.2273213213122838,1.4608126131774315,100.0,0.0760349466657996,215.23751371306932
2,0.0193124771436731,0.0121933303230157,43.81564225819704,0.0207138844706318,228.41152408808284
