PrincipalComponent,coi,c1i,a1i,c2i,a2i
1,1.2249456266577192,1.4642724097916802,100.0,0.06607374359163,217.44322558540296
2,0.0162976563313821,0.0112326285902979,44.302772406846245,0.0107889668945553,229.0440749959311
