PrincipalComponent,coi,c1i,a1i,c2i,a2i
1,1.1389512811709948,1.3227679074259782,81.29266678287009,0.1541822875391936,219.89212631151793
2,0.039695623291858,0.0369945296975806,41.38818462700981,0.1692982156128281,225.33217593878135
