PrincipalComponent,coi,c1i,a1i,c2i,a2i
1,1.2390142660365024,1.5496349022855946,100.0,0.0923408766784444,209.62826360251464
2,0.0281480637411402,0.0131140435637299,42.400740623407295,0.0341760072469387,226.67813850500403
