PrincipalComponent,coi,c1i,a1i,c2i,a2i
1,1.237050259560821,1.5325425751403892,100.0,0.0552403566300952,213.5295989574596
2,0.0206159643840658,0.0139650293257125,43.35603807616208,0.0025792175025258,227.85263426013543
