PrincipalComponent,coi,c1i,a1i,c2i,a2i
1,1.1639731899503216,1.441710657570821,84.01648395978665,0.1043226291628834,219.44062968187112
2,0.0319146379491547,0.0256488550909276,41.73884176551248,0.1323772933429455,225.79162558633757
