PrincipalComponent,coi,c1i,a1i,c2i,a2i
1,1.2306263229106582,1.519672593840267,100.0,0.0539294340861565,215.6075965289292
2,0.0224882410941565,0.0158884542818665,43.89665073709277,2.308675078134714e-19,228.4739586777976
