PrincipalComponent,coi,c1i,a1i,c2i,a2i
1,1.1978744179071472,1.6573885742970893,98.82392430028506,4.8984931422829843e-17,209.14517235882337
2,0.0296634925717225,0.0166432122560137,42.11237425448918,0.073961678179155,226.26751026938263
