PrincipalComponent,coi,c1i,a1i,c2i,a2i
1,1.2372412748378616,1.5553828608213098,100.0,0.0751150978010913,211.1161587604405
2,0.0232591812691382,0.0146028889837299,42.75166549228262,0.017278517496898,227.11818553733693
