PrincipalComponent,coi,c1i,a1i,c2i,a2i
1,1.234735720488491,1.5375817020944538,100.0,0.0418732797676384,215.0459782146061
2,0.0209987088041083,0.0149568154020692,43.71745312543214,4.233312997039101e-19,228.29455251971987
