PrincipalComponent,coi,c1i,a1i,c2i,a2i
1,1.2324666039606602,1.5267569564998804,100.0,0.0483048257824991,215.25101214352227
2,0.021710471592126,0.0146725678657787,43.79481483053086,0.0,228.36829230278505
