PrincipalComponent,coi,c1i,a1i,c2i,a2i
1,1.2351422401487044,1.5288194000100654,100.0,0.0901247413772512,210.96078765532295
2,0.022241265547288,0.0144980469616219,42.72464294134129,0.0102768221369637,227.0917363574148
