PrincipalComponent,coi,c1i,a1i,c2i,a2i
1,1.229638016828244,1.5897316903182488,97.23176784275556,2.949107127561313e-17,214.66955641845044
2,0.0309096968537052,0.0198970740370404,43.092012384785825,0.0957019471522856,227.47717235144984
