PrincipalComponent,coi,c1i,a1i,c2i,a2i
1,1.2058159543600109,1.3464306312499574,84.65465633365604,0.1248019521866658,219.5865862574592
2,0.0344489096562743,0.0143806888176554,41.87316715302586,0.1501711497231316,226.06130809535009
