PrincipalComponent,coi,c1i,a1i,c2i,a2i
1,1.2191778820278651,1.5818735871260807,100.0,0.0802740634728836,207.90184462305865
2,0.028250735770572,0.0182318392460669,42.03060941119359,0.0514888243261559,226.18240349055344
