PrincipalComponent,coi,c1i,a1i,c2i,a2i
1,1.174102943840347,1.3303242204267138,78.85936707347305,0.1579500486857882,219.92123611948463
2,0.0364645879780516,0.0043455844995698,40.82418989677618,0.1679807582530479,224.80048308382305
