PrincipalComponent,coi,c1i,a1i,c2i,a2i
1,1.2347539011818311,1.5400010763879586,100.0,0.0641635690789695,212.5241091859003
2,0.0212918916509556,0.0139120657415288,43.099316643590214,0.0058303930862464,227.5525086213312
