PrincipalComponent,coi,c1i,a1i,c2i,a2i
1,1.2408134265488509,1.558753287604954,100.0,0.0785045426575467,210.14308197966184
2,0.0269080881085612,0.013592067564331,42.52093778828599,0.0294469090572903,226.8292574245318
