PrincipalComponent,coi,c1i,a1i,c2i,a2i
1,1.230286702175006,1.5520017189390412,100.0,0.1004999548571138,208.36035651701405
2,0.0285211004591185,0.0158758943036286,42.12588328590859,0.043101433301531,226.3173090267349
