PrincipalComponent,coi,c1i,a1i,c2i,a2i
1,1.184619123531071,1.361675853576202,80.24019805773767,0.1424346466651677,219.8042713452442
2,0.0354226240023942,0.002927504759452,41.047381198163194,0.1567648525804688,225.0710355591112
