PrincipalComponent,coi,c1i,a1i,c2i,a2i
1,1.240641129495798,1.546659981563957,100.0,0.070722282724422,211.8103856032108
2,0.0223493041699309,0.0145328750702272,42.920112856852946,0.0022240586987644,227.3247705717929
