PrincipalComponent,coi,c1i,a1i,c2i,a2i
1,1.242113959434839,1.538888567840038,100.0,0.0606884428302828,212.71304367253163
2,0.0224582163632354,0.0149491728883563,43.12745657595265,0.0,227.59847136009972
