PrincipalComponent,coi,c1i,a1i,c2i,a2i
1,1.2373458170524485,1.5273022874042024,100.0,0.0584151118728709,214.3941794019375
2,0.0248458599621962,0.0149285939621225,43.54782775895665,1.2298870654340134e-18,228.0977800469368
