PrincipalComponent,coi,c1i,a1i,c2i,a2i
1,1.2088090085925574,1.6783065517874922,99.19252045334775,0.0,207.96097666997483
2,0.0266300126415271,0.0142938197425656,41.8661266810275,0.062871921165592,225.9950741506409
