PrincipalComponent,coi,c1i,a1i,c2i,a2i
1,1.2413438946246258,1.5388758593159544,100.0,0.0944722675527866,210.1748156545327
2,0.0231267392257227,0.0139189287309187,42.505466585889046,0.005919112446685,226.84600820277157
