PrincipalComponent,coi,c1i,a1i,c2i,a2i
1,1.2350374734635383,1.5212117189730925,100.0,0.0625710105438385,214.81525918259936
2,0.0255896722888521,0.0168043987256566,43.67956709157782,1.359990501771505e-18,228.2292891868255
