PrincipalComponent,coi,c1i,a1i,c2i,a2i
1,1.2285886365298613,1.59497774009457,100.0,0.0879075584403099,206.97274011669265
2,0.0264479312407191,0.0150556653176848,41.77711934184507,0.0427555139080426,225.90227315830865
