PrincipalComponent,coi,c1i,a1i,c2i,a2i
1,1.1751018822683754,1.4760079165136917,85.25875462738075,0.087405494443373,219.24853043539628
2,0.0300348623756417,0.0227725387344723,41.905263307012845,0.1212702589578546,226.01281859482592
