PrincipalComponent,coi,c1i,a1i,c2i,a2i
1,1.2398958858935991,1.6126376492108276,97.45618213732844,0.0,213.9420219999896
2,0.0294550302108143,0.0115556299969073,42.930160131867254,0.0887501713138805,227.2993512284207
