PrincipalComponent,coi,c1i,a1i,c2i,a2i
1,1.244320692497675,1.5648508589404315,100.0,0.0817214288797471,210.38753791659784
2,0.0235410430792627,0.0134062337104017,42.533720472170145,0.0120203054243747,226.88441344724055
