PrincipalComponent,coi,c1i,a1i,c2i,a2i
1,1.2160643255348005,1.3794142917258423,85.93986021697229,0.1084158895379165,219.3698982223354
2,0.0333422216712771,0.0121677401171001,42.04775340699216,0.1394496083452782,226.28070989502856
