PrincipalComponent,coi,c1i,a1i,c2i,a2i
1,1.2392687323686,1.54106483180762,100.0,0.0495630518397734,214.27487367219555
2,0.0241312893135702,0.0146238767556739,43.529225437874594,0.0,228.0587843100105
