PrincipalComponent,coi,c1i,a1i,c2i,a2i
1,1.248692555000671,1.5716144934138214,100.0,0.0831556406224792,209.14795052124987
2,0.02631928650192,0.0114444179175377,42.21786579375521,0.0229982437758981,226.5129675482157
