PrincipalComponent,coi,c1i,a1i,c2i,a2i
1,1.20873872896435,1.5292711053862809,92.13432811542106,0.0338624766206468,218.91462489021407
2,0.0295944233590648,0.0262714609183428,43.18335800589039,0.098666122293197,227.52531832571285
