PrincipalComponent,coi,c1i,a1i,c2i,a2i
1,1.2472590185436871,1.5627831931282514,100.0,0.0972887834990207,208.70459789617868
2,0.0272393510801002,0.0106326973743472,42.12584327389574,0.0274596773345318,226.38500349234528
