PrincipalComponent,coi,c1i,a1i,c2i,a2i
1,1.2389942845614408,1.5658555470844713,100.0,0.1062336753139853,207.39096831684083
2,0.0271112131761414,0.0128668195826638,41.85728769640957,0.0354333471408585,226.01646733975628
