PrincipalComponent,coi,c1i,a1i,c2i,a2i
1,1.2456349844821102,1.5918183327173252,100.0,0.0910953836767508,208.20324438303624
2,0.0233300212831502,0.0142238463414845,41.962335796605075,0.0055588036943084,226.2305788789443
