PrincipalComponent,coi,c1i,a1i,c2i,a2i
1,1.240693876994844,1.5560512357967702,100.0,0.0724337533460837,210.3694354662995
2,0.0252157265854221,0.0184980452866632,42.58403809244953,6.376904149864172e-19,226.91291504923777
