PrincipalComponent,coi,c1i,a1i,c2i,a2i
1,1.2418178551173542,1.5631395609940304,100.0,0.1038215090188358,207.802730890049
2,0.0236163371755377,0.0159705668420571,41.904943497710136,0.0014462346138079,226.1386189895186
