PrincipalComponent,coi,c1i,a1i,c2i,a2i
1,1.1865448405068617,1.5523799366544389,88.20720112417283,0.0507469559266303,218.40204247134625
2,0.0263877880957551,0.0210471037411032,42.26640796176252,0.0998787310839527,226.4374133202412
