PrincipalComponent,coi,c1i,a1i,c2i,a2i
1,1.2513780699567938,1.6001342448545204,100.0,0.0951787743383533,206.83955135440883
2,0.0253714549695119,0.0102123598400692,41.624796302493905,0.0138058519222309,225.819710502735
