PrincipalComponent,coi,c1i,a1i,c2i,a2i
1,1.2254663036529607,1.4519637282478322,88.84779775807628,0.0745245753766217,218.53634416392535
2,0.030843628693861,0.0111672640392445,42.40124382742678,0.1197953859306532,226.69961969668188
