PrincipalComponent,coi,c1i,a1i,c2i,a2i
1,1.243013762919836,1.595282994603172,100.0,0.1215434463333767,204.79186249286832
2,0.0251817552094022,0.0102995666108698,41.14974438805116,0.0226829641785198,225.2315669827827
