PrincipalComponent,coi,c1i,a1i,c2i,a2i
1,1.2502336129064135,1.5927832539010192,100.0,0.1090208805467549,206.3182621115207
2,0.0259309010808471,0.009072272605153,41.50640786730893,0.0170412987984428,225.6705311108969
