PrincipalComponent,coi,c1i,a1i,c2i,a2i
1,1.2374028192312,1.5552084950712377,100.0,0.0616802929694554,211.96544197087283
2,0.0265998363774131,0.0215073740475831,43.0043811897213,0.0,227.3788427585326
