PrincipalComponent,coi,c1i,a1i,c2i,a2i
1,1.217843397115709,1.6079925227958936,94.52231215432973,2.63371978139345e-17,217.84409317480032
2,0.0283169836793332,0.0164790411420477,43.367783884144686,0.0828163721833219,227.75503681928643
