PrincipalComponent,coi,c1i,a1i,c2i,a2i
1,1.19494018823173,1.4283226497058787,83.30917228164812,0.1116209587461486,219.25704000322725
2,0.0328588810369373,0.0042342252601301,41.48915957128061,0.136674671213127,225.61956493444427
