PrincipalComponent,coi,c1i,a1i,c2i,a2i
1,1.2490695277348305,1.6624339878465726,98.5604336940841,1.7363546419041638e-17,211.80602413487463
2,0.0254304886777781,0.0071995505396789,42.58031267558842,0.0684508569730009,226.90918255939647
