PrincipalComponent,coi,c1i,a1i,c2i,a2i
1,1.215871340562683,1.7264326876730685,100.0,2.7748480970112764e-17,205.4542522774165
2,0.0236307423580733,0.0100520136683202,41.350963674266346,0.045375287236137,225.43837346123655
