PrincipalComponent,coi,c1i,a1i,c2i,a2i
1,1.2328820781895264,1.6277094429981231,100.0,0.1020296266515452,204.2448113037853
2,0.023956421993399,0.0119733653798222,41.03628926565312,0.028150728955727,225.08048105611624
