PrincipalComponent,coi,c1i,a1i,c2i,a2i
1,1.2328550682790624,1.5316535392200623,100.0,0.0765735574048287,212.61170330805427
2,0.028076143196533,0.0259486959696852,43.25566631149238,0.0,227.59115536905657
