PrincipalComponent,coi,c1i,a1i,c2i,a2i
1,1.234858545467853,1.5413309296790645,100.0,0.0699166573744862,212.0632385309082
2,0.0274047202418345,0.0227592678593612,43.06571935693432,0.0,227.41944802779477
