PrincipalComponent,coi,c1i,a1i,c2i,a2i
1,1.2350093297999671,1.5381126180303557,100.0,0.0854130273426306,211.52644439056013
2,0.0306959178962427,0.0366748107816215,43.14276991442439,0.0,227.28054258960935
