PrincipalComponent,coi,c1i,a1i,c2i,a2i
1,1.2599449508914875,1.7002808079737337,99.16165038153196,0.0,211.0394411080456
2,0.0230556736788842,0.0039665366107857,42.44237813309402,0.0539360854983205,226.78911522181428
