PrincipalComponent,coi,c1i,a1i,c2i,a2i
1,1.2409277983619296,1.652532987749756,100.0,0.1104479027299291,203.4984742224812
2,0.0221546148179912,0.0119390136357227,40.80244798096807,0.0179063351127951,224.8317218455389
