PrincipalComponent,coi,c1i,a1i,c2i,a2i
1,1.2384617549024377,1.5119126752959904,90.96602384442488,0.0449749878857229,218.1958870359896
2,0.0278403428574695,0.0111670783760868,42.71484087010298,0.1031897667153331,227.05996441813863
