PrincipalComponent,coi,c1i,a1i,c2i,a2i
1,1.2438728368079923,1.566813492006403,100.0,0.0803135254168639,209.40286686973775
2,0.0278722206796312,0.0249743901425654,42.40459418392,1.1827081804311496e-20,226.6213887545995
