PrincipalComponent,coi,c1i,a1i,c2i,a2i
1,1.2572106280095614,1.612552620211682,100.0,0.1183245631946451,205.57575973253736
2,0.0252097931863084,0.0111802090611918,41.289398886432735,0.0092983794921354,225.43869349034296
