PrincipalComponent,coi,c1i,a1i,c2i,a2i
1,1.2437052789533525,1.5814913860070832,100.0,0.0876291856556567,208.50782294984745
2,0.0265102646270604,0.0216371557646262,42.11801345816879,1.3686417876942462e-19,226.3381905285458
