PrincipalComponent,coi,c1i,a1i,c2i,a2i
1,1.2001612984684988,1.6148004434787409,90.3167619788772,0.0192708952745245,218.1367026589114
2,0.0231200771431248,0.0208808831772076,42.57438704123205,0.0819767748102045,226.82367680542063
