PrincipalComponent,coi,c1i,a1i,c2i,a2i
1,1.2580834258566458,1.6199586965748989,100.0,0.1031180021943617,205.97420336823063
2,0.0247364177824673,0.0129010109508162,41.384053107179376,0.0068632421814151,225.5431479010624
