PrincipalComponent,coi,c1i,a1i,c2i,a2i
1,1.2400248354483334,1.5640120009325345,100.0,0.0695470077299925,210.95333736185145
2,0.029170361698735,0.0303706230885879,42.84925860642808,3.876247284720416e-19,227.07696163282756
