PrincipalComponent,coi,c1i,a1i,c2i,a2i
1,1.2234501429732474,1.762620227908688,100.0,1.448758965182546e-17,204.75561219818968
2,0.0218700589102819,0.0072390500119477,41.10306887252327,0.0336772122152895,225.19925322388937
