PrincipalComponent,coi,c1i,a1i,c2i,a2i
1,1.2464973546497555,1.5779007032657029,100.0,0.1119774638093294,206.95388702669288
2,0.0254134682348945,0.0189545076351478,41.70159955923242,2.5927762234967116e-19,225.87427411425745
