PrincipalComponent,coi,c1i,a1i,c2i,a2i
1,1.2506809014120874,1.6178905643283268,100.0,0.1299661455537329,203.9713185729018
2,0.0237244609068466,0.011499963390274,40.911332113792895,0.0135276320145089,224.96683638436625
