PrincipalComponent,coi,c1i,a1i,c2i,a2i
1,1.2285126098893209,1.647261900273617,94.89754132826624,0.0,217.114930831078
2,0.0290518846291418,6.0865002753999154e-18,43.21627815375355,0.0801314275745783,227.59637287170256
