PrincipalComponent,coi,c1i,a1i,c2i,a2i
1,1.2510237933466275,1.6099862454379326,100.0,0.097755131814342,207.26360534561945
2,0.0238715524103292,0.0176880253571855,41.726929688769786,0.0012172716085654,225.93386040857183
