PrincipalComponent,coi,c1i,a1i,c2i,a2i
1,1.2373921318170271,1.547555027692932,100.0,0.0799990588138988,211.034589572264
2,0.0301430964667412,0.0323981735696081,42.94126524072706,1.0043808628018825e-18,227.11907919756305
