PrincipalComponent,coi,c1i,a1i,c2i,a2i
1,1.2077345051759658,1.4829967167745264,85.52757232307508,0.0847929718202925,219.01744531087544
2,0.0302622460673666,0.0066645509591437,41.859146418845626,0.1198057049222819,226.02115346036297
