PrincipalComponent,coi,c1i,a1i,c2i,a2i
1,1.2188097042027468,1.5888376963084647,100.0,0.0434138886985368,212.92124258185208
2,0.0374103140535983,0.0578564597491426,43.838731925305545,0.0,227.70806662385056
