PrincipalComponent,coi,c1i,a1i,c2i,a2i
1,1.2383463120112126,1.6859088713960566,100.0,0.0445900978586015,209.02218824296327
2,0.0294305300901571,0.0227950851711507,42.19934789523536,0.0,226.4210304192446
