PrincipalComponent,coi,c1i,a1i,c2i,a2i
1,1.2539527328514406,1.7532295982942772,98.05482911614622,6.287100409619811e-17,212.27938824310704
2,0.0209567940220959,0.0056060686239934,42.44466715450607,0.0284747343453659,226.8291728007971
