PrincipalComponent,coi,c1i,a1i,c2i,a2i
1,1.228490415535351,1.6487025611227075,100.0,0.0369380041606956,210.18528776926937
2,0.033670827876778,0.0328180749846357,42.65702347831974,0.0,226.81252465755605
