PrincipalComponent,coi,c1i,a1i,c2i,a2i
1,1.1932987626085676,1.689730385701835,90.18217035995696,9.287741097312343e-17,218.3259553001118
2,0.0257387833632242,0.0085131520526826,42.55610285207656,0.0651576472328726,226.79589148734587
