PrincipalComponent,coi,c1i,a1i,c2i,a2i
1,1.246705238214658,1.6938159717277734,100.0,0.0663963205076594,207.56164965495853
2,0.0281870508712323,0.0154685440583864,41.76361931078129,0.0018415912741605,225.972258344732
