PrincipalComponent,coi,c1i,a1i,c2i,a2i
1,1.233080305491035,1.7364402237159289,100.0,0.0623851924432849,205.73239698689665
2,0.0226884063162213,0.0151654462397614,41.33467329018264,0.0042808728634596,225.44208681386755
