PrincipalComponent,coi,c1i,a1i,c2i,a2i
1,1.22387816697022,1.6202809363318995,100.0,0.024188369199235,212.37163653451688
2,0.0360908124480113,0.0485600767077672,43.457852682922294,0.0,227.50097836411047
