PrincipalComponent,coi,c1i,a1i,c2i,a2i
1,1.2237751493403464,1.7045344525639057,94.19543828888584,3.0725280599568586e-17,217.48234297182356
2,0.0258304192797613,0.0022351753500249,43.093149609676146,0.0493149814055242,227.4795136504784
