PrincipalComponent,coi,c1i,a1i,c2i,a2i
1,1.2205524587929295,1.8074312555479752,99.29378340491743,0.0,206.97749816633583
2,0.019175759249949,0.0109403682892385,41.47147407949381,0.0143424515512553,225.62643211958817
