PrincipalComponent,coi,c1i,a1i,c2i,a2i
1,1.241513518395658,1.700277850355904,100.0,0.0807415684947754,206.15458783781096
2,0.0256275811787576,0.0152119500792616,41.44243493323752,0.002519511601327,225.56820808760247
