PrincipalComponent,coi,c1i,a1i,c2i,a2i
1,1.2335676819562482,1.6076250734622493,92.13090033999778,0.0,218.552615560789
2,0.026685608637018,0.0131547712702896,42.97772047420837,0.0716407202084471,227.36571969545187
