PrincipalComponent,coi,c1i,a1i,c2i,a2i
1,1.2211866550725716,1.601285034510896,100.0,0.0361840276741295,212.46711802789363
2,0.0369290149707975,0.0520698596533836,43.61790946340088,1.3135415852970307e-19,227.55808918119808
