PrincipalComponent,coi,c1i,a1i,c2i,a2i
1,1.228019552052547,1.628451123001198,100.0,0.0326210285487744,210.9481837176837
2,0.0350128823341572,0.0396282562627753,42.98005513560499,4.2301658989370433e-19,227.0712002470276
