PrincipalComponent,coi,c1i,a1i,c2i,a2i
1,1.232695374732311,1.649652973601532,100.0,0.0598885697364269,208.82726324640356
2,0.03180099533137,0.0265967567120044,42.26805512062475,0.0,226.40980086233327
