PrincipalComponent,coi,c1i,a1i,c2i,a2i
1,1.2019604322059936,1.5745672805286213,87.17050895957067,0.0391540533874309,219.28230474534232
2,0.0294648870788842,0.0150216668898821,42.199555419734835,0.0863361209246903,226.40988387174153
