PrincipalComponent,coi,c1i,a1i,c2i,a2i
1,1.246977961045837,1.700578244908738,100.0,0.0500583213832915,208.02892397208183
2,0.0281574713265001,0.0177276168799173,41.8948233734033,0.0006756596248426,226.1124972468987
