PrincipalComponent,coi,c1i,a1i,c2i,a2i
1,1.2327442539241085,1.6561315636489888,88.87883919743982,6.290673418249026e-17,219.2835827603652
2,0.0307467136426244,0.0042126112891769,42.397942261921834,0.0480920652001765,226.73353669823612
