PrincipalComponent,coi,c1i,a1i,c2i,a2i
1,1.2418236800054552,1.7225225998045173,98.4196182017306,0.0,213.16160323371776
2,0.0354191636355379,0.036842526479115,43.009800517938565,0.0033488830914566,227.21478220340325
