PrincipalComponent,coi,c1i,a1i,c2i,a2i
1,1.2240413610063303,1.7452966299818906,91.06396671573404,1.0741977546103215e-16,218.73523011625463
2,0.0252148062390427,0.0098992598884186,42.64220020933088,0.0165482105610656,227.03697168674452
