PrincipalComponent,coi,c1i,a1i,c2i,a2i
1,1.2280447672962804,1.672407314102769,97.92211725412528,7.205594807666055e-17,214.1581831872016
2,0.0411937913014657,0.0518947131753697,43.39523728003535,0.0065529007709333,227.44211033064795
