PrincipalComponent,coi,c1i,a1i,c2i,a2i
1,1.2546705728410128,1.7835419770789802,94.30454227591034,6.025095995923336e-17,215.15081414716724
2,0.0193821932779131,0.0133236943794958,42.28330651979053,0.0073189501461679,226.69665404839228
