PrincipalComponent,coi,c1i,a1i,c2i,a2i
1,1.2536103838208734,1.755796453395645,99.24494173212756,5.676368664984042e-17,211.92681034814888
2,0.0325241518707613,0.0253014368617693,42.71055155166992,0.0019296874275719,227.0063383698324
