PrincipalComponent,coi,c1i,a1i,c2i,a2i
1,1.2494973692640663,1.7787842738775572,99.80108119651078,8.103717590521063e-17,210.8992897612613
2,0.029841259097007,0.0231506265078617,42.52885128811719,7.027963513886865e-19,226.83155280389732
