PrincipalComponent,coi,c1i,a1i,c2i,a2i
1,1.204401562592492,1.65377806191125,86.07433198191892,0.0,219.98284911739523
2,0.0288713807487211,0.0219412234093009,42.06215915973283,0.0485965476235826,226.28660816019325
