PrincipalComponent,coi,c1i,a1i,c2i,a2i
1,1.221364953131854,1.6268688081618037,97.44116887885322,0.0,215.77953270984383
2,0.0434745446564878,0.0745677149042233,44.08285305195663,0.0072864163379168,227.86613219771317
