PrincipalComponent,coi,c1i,a1i,c2i,a2i
1,1.2161366220031626,1.609696859223454,98.14382265464089,5.859212088085003e-17,216.1747907119966
2,0.0436590190125036,0.0912459666101827,44.69419488499926,0.0024239278220052,228.21441356318317
