PrincipalComponent,coi,c1i,a1i,c2i,a2i
1,1.2267583629984071,1.6452297706674872,97.6762962839214,1.5425720486019775e-16,214.7558452077499
2,0.04235804282846,0.0611385786299599,43.629755748223786,0.0082227578503848,227.58939072496796
