PrincipalComponent,coi,c1i,a1i,c2i,a2i
1,1.2179434064550936,1.82995219108248,95.3421133232508,0.0,211.8515611344418
2,0.0207806526793664,0.0195009643372152,41.82880200770822,0.0010779530347039,226.0405799585278
