PrincipalComponent,coi,c1i,a1i,c2i,a2i
1,1.1943413386210409,1.735969542426084,87.3141856658346,0.0,219.23372810288552
2,0.0234053028233863,0.0153014422324052,42.0805239546722,0.0288803249761433,226.31930474199544
