PrincipalComponent,coi,c1i,a1i,c2i,a2i
1,1.2411222172841831,1.8022711725426253,99.33111480786825,2.7440472281211506e-18,210.6561833687994
2,0.0272653416535802,0.0206909357819697,42.34410312918051,0.0,226.6424234691219
