PrincipalComponent,coi,c1i,a1i,c2i,a2i
1,1.218494556874181,1.61710843166685,97.85160683492268,0.0,215.80268556842464
2,0.0432094495207256,0.0833419039991038,44.36392910677171,0.0033256931706944,228.01429056251428
