PrincipalComponent,coi,c1i,a1i,c2i,a2i
1,1.2342557365325666,1.6964637147035369,98.75118248787236,0.0,213.0619428436874
2,0.0386864432109241,0.0437325512045418,43.17925463321668,0.0043128160593125,227.30087052867503
