PrincipalComponent,coi,c1i,a1i,c2i,a2i
1,1.252829576998522,1.7467811109105769,98.66442403369255,0.0,212.31846549024505
2,0.032580375320104,0.0280913405784893,42.72034878900891,0.0024436211462262,226.98943649802223
