PrincipalComponent,coi,c1i,a1i,c2i,a2i
1,1.1984376784117794,1.7723274527380397,87.00777471124209,4.660653763824408e-17,220.24913891404512
2,0.0277499429217659,0.0171975211038938,42.2122640403331,6.3508975341467274e-18,226.5051793959753
