PrincipalComponent,coi,c1i,a1i,c2i,a2i
1,1.1680816756750063,1.7713005367086685,83.8964408859524,6.551122025118556e-17,220.4790364175686
2,0.0248114647258459,0.0271582472505941,41.69420765874924,2.7283729984658763e-19,225.86466475537384
