PrincipalComponent,coi,c1i,a1i,c2i,a2i
1,1.1794721447879395,1.5873644480772202,90.70814967840651,0.0,219.85316663740664
2,0.0564916733622899,0.0949572628563647,43.94284632518818,0.0487820336122468,227.41354199316677
