PrincipalComponent,coi,c1i,a1i,c2i,a2i
1,1.1792962286021254,1.698556051353857,83.13466132502454,1.5030452945897066e-17,220.868684451693
2,0.0317268960596038,0.0297531357939403,41.702370678868334,0.0119987778654328,225.84065982339487
