PrincipalComponent,coi,c1i,a1i,c2i,a2i
1,1.218488969772092,1.7327246309208089,92.48742362867704,0.0,217.2930925248397
2,0.043320470978778,0.0353191522530355,42.78401192190114,0.0319310058778975,226.9515567572473
