PrincipalComponent,coi,c1i,a1i,c2i,a2i
1,1.223556159644291,1.7973371390576327,89.48122680991138,3.2385264923483e-16,218.2021773296884
2,0.0264243951800099,0.0203772123062913,42.16627643275152,0.0063499477765761,226.4499947319545
