PrincipalComponent,coi,c1i,a1i,c2i,a2i
1,1.1773364805206536,1.578857846007054,90.99435698136622,0.0,220.03377218784405
2,0.0570076915302716,0.1035421857143758,44.20555137901101,0.0479656653757586,227.55355256195023
