PrincipalComponent,coi,c1i,a1i,c2i,a2i
1,1.2197196188892143,1.7434140089837065,93.04854304305948,0.0,216.99611205529783
2,0.0424603218837743,0.0324684954237787,42.799116190773205,0.0293703061559245,226.9893636822804
