PrincipalComponent,coi,c1i,a1i,c2i,a2i
1,1.2070533840592277,1.6969853513714566,85.55569892810398,4.946608055640769e-17,220.4885580950028
2,0.0326559476005725,0.0167289888250165,42.00397785541348,0.0102462874267911,226.2786199964487
