PrincipalComponent,coi,c1i,a1i,c2i,a2i
1,1.1896819772664342,1.6488923644024576,91.05634864931542,4.887503374138405e-17,218.73153805372803
2,0.0548281899380348,0.0592551471918808,43.14622255751968,0.0483988270541162,227.0899765849087
