PrincipalComponent,coi,c1i,a1i,c2i,a2i
1,1.2097820764550018,1.797446670108046,93.53868330402248,0.0,216.05546102117916
2,0.0343444723270278,0.0297109060013379,42.65237936634417,0.0160958994414574,226.81835141986656
