PrincipalComponent,coi,c1i,a1i,c2i,a2i
1,1.1966409159781624,1.6749445438988628,92.04806708365608,0.0,217.99418914259508
2,0.0519521894177999,0.0514580574452523,43.07587789120504,0.0426712105759106,227.09892892496447
