PrincipalComponent,coi,c1i,a1i,c2i,a2i
1,1.1881771681819144,1.6191423548498751,90.64223732648858,0.0,219.17256574573233
2,0.0556846234223986,0.0697083490387184,43.315850848917194,0.052419155244436,227.13909803154556
