PrincipalComponent,coi,c1i,a1i,c2i,a2i
1,1.2044152791354508,1.704519300667472,91.9342443889523,0.0,217.92881360999303
2,0.0484026586161871,0.0442800022026769,42.95913276014263,0.0379805776891692,227.03853703320237
