PrincipalComponent,coi,c1i,a1i,c2i,a2i
1,1.2174851886348892,1.770101240963139,93.81012048928838,1.1602852936273854e-16,216.3843360775732
2,0.0377626646445556,0.0316394832757381,42.8015591194522,0.0212218482832348,226.98971076530097
