PrincipalComponent,coi,c1i,a1i,c2i,a2i
1,1.1823918835686802,1.598339351783358,90.36615434374588,0.0,219.7703537728947
2,0.0566866104957127,0.0853813344242572,43.63779494192139,0.0524243932679627,227.27228228009548
