PrincipalComponent,coi,c1i,a1i,c2i,a2i
1,1.186857469840169,1.8329613258034545,90.14563804045018,0.0,216.46723731881735
2,0.0266623455927739,0.0281634301617581,41.98404831177966,0.0115055394490153,226.12478307398516
