PrincipalComponent,coi,c1i,a1i,c2i,a2i
1,1.1802337727975356,1.6982537797720665,89.2401203757722,3.6976000396570395e-18,219.0921601779993
2,0.0500653264948345,0.0436498340363454,42.63947766994185,0.0634259284345442,226.7210416965058
