PrincipalComponent,coi,c1i,a1i,c2i,a2i
1,1.1682970499539709,1.6671086994927713,88.81509383914413,3.088671337107897e-17,219.6626790624795
2,0.0501600078675184,0.065158038449507,42.771037618722325,0.0600969159196861,226.80103473103628
