PrincipalComponent,coi,c1i,a1i,c2i,a2i
1,1.1387371752551725,1.503316383702319,85.65142716553754,0.0419268289269082,221.0048782669947
2,0.0589550998785139,0.1200916793431527,43.27221054188761,0.0810891965277344,226.54952650849697
