PrincipalComponent,coi,c1i,a1i,c2i,a2i
1,1.1718847151282574,1.7689295867364527,90.38904097725792,0.0,218.13395984811447
2,0.0427762693952479,0.0287298694180371,42.57207227256104,0.050328567605059,226.7087963880163
