PrincipalComponent,coi,c1i,a1i,c2i,a2i
1,1.1881729853622711,1.7787098633951397,86.91429859455802,0.0,219.3257830547871
2,0.0326406797465148,0.0207284243153971,42.0504199452615,0.0278350797810801,226.21286413113768
