PrincipalComponent,coi,c1i,a1i,c2i,a2i
1,1.163299149992141,1.7630470942998957,84.96560588820589,3.881696292249797e-17,220.7243994820114
2,0.0340799493872331,0.0194773733241588,42.05149519768241,0.0082702717212879,226.20579958699423
