PrincipalComponent,coi,c1i,a1i,c2i,a2i
1,1.150201931980288,1.5456633588806563,85.54572344073463,0.0409358919179376,220.3520771834926
2,0.0568754141659679,0.0883274656188634,42.57911478677411,0.0813237439301768,226.2737510602837
