PrincipalComponent,coi,c1i,a1i,c2i,a2i
1,1.140762237659737,1.5111818951419709,85.32441151858,0.0431644778171294,220.81142865860983
2,0.0582541036396527,0.1116750893297448,43.01873510431018,0.0814654298439974,226.40063729545776
