PrincipalComponent,coi,c1i,a1i,c2i,a2i
1,1.1810406022380917,1.7100817044707648,89.7665263856727,6.449213424489185e-17,218.9144235897707
2,0.0515750097289267,0.0340351085754098,42.68711745073174,0.0663122176991564,226.7899303239294
