PrincipalComponent,coi,c1i,a1i,c2i,a2i
1,1.1788200392119714,1.7392242714749455,90.5374122967852,2.1600926463524816e-17,218.36922994682547
2,0.0474634301907339,0.030204453418159,42.7043151242695,0.0581375931514741,226.8259719471944
