PrincipalComponent,coi,c1i,a1i,c2i,a2i
1,1.1437135436484618,1.5195973258439703,84.92123495311665,0.0465765141613754,220.69176210580375
2,0.0581189327568218,0.1031438467593133,42.74004477340783,0.0837035606131141,226.24573703671896
