PrincipalComponent,coi,c1i,a1i,c2i,a2i
1,1.150472096189086,1.809094202824855,87.2576615443038,0.0,218.3023167861847
2,0.0334677018518811,0.0272515498275717,41.95733254970881,0.0407660401643838,226.0174960107179
