PrincipalComponent,coi,c1i,a1i,c2i,a2i
1,1.137670662719225,1.7679010117865588,82.2614846203522,0.0,220.9133631302688
2,0.0265941174325759,0.0308440817181397,41.55838401291991,0.0,225.6396802810552
