PrincipalComponent,coi,c1i,a1i,c2i,a2i
1,1.1490844813064531,1.7047673276419533,82.03419487137715,0.0,221.19648169861648
2,0.0341701397678655,0.0336424258095885,41.588270042650095,4.780893704172138e-19,225.70068333384333
