PrincipalComponent,coi,c1i,a1i,c2i,a2i
1,1.1766075815573915,1.6982387001440706,84.09779914889242,0.0,220.9875773605038
2,0.0346171365494452,0.0221803230292523,41.9134105649303,0.0020702757251216,226.11433543134777
