PrincipalComponent,coi,c1i,a1i,c2i,a2i
1,1.1600740619393044,1.626432247680345,88.28279541094659,0.0120638842806449,219.85004499850908
2,0.0533171554651506,0.071404708699777,42.799204456787145,0.0674095189948117,226.7486781345108
