PrincipalComponent,coi,c1i,a1i,c2i,a2i
1,1.1522709840741714,1.5856447374843254,86.5301298475867,0.0292818328599201,220.15237107208017
2,0.0562190593705432,0.078385388412515,42.61164012359697,0.0752674115655773,226.43305983768587
