PrincipalComponent,coi,c1i,a1i,c2i,a2i
1,1.134703034425849,1.765112022124319,85.60113943896499,0.0035500181831073,219.52345200990945
2,0.034966810396694,0.0428025705938651,41.9681431672053,0.0544012442357517,226.0112876040017
