PrincipalComponent,coi,c1i,a1i,c2i,a2i
1,1.1201684714002722,1.4215356410020308,79.48728618253983,0.1129316369104727,220.92468059801803
2,0.0676062759750154,0.0953993337286242,41.569392759929464,0.1294200318391342,225.02190552431136
