PrincipalComponent,coi,c1i,a1i,c2i,a2i
1,1.1655914957714584,1.6750798479200066,83.44639947913818,0.0,221.47168026508393
2,0.0376635068859911,0.0249604196414507,41.96907999749038,0.0061510897956338,226.13321434243636
