PrincipalComponent,coi,c1i,a1i,c2i,a2i
1,1.163482168592065,1.6339219932383395,86.82442095157803,0.0360269405995793,220.05694175315247
2,0.0537944868966684,0.0510351353694962,42.4089208775991,0.0846664006554478,226.45324368728924
