PrincipalComponent,coi,c1i,a1i,c2i,a2i
1,1.126842462138812,1.4472345735015582,80.23421537557473,0.1074764741653777,220.66855514979608
2,0.0664010589963151,0.0809364858943411,41.48631589031358,0.1264302872077647,225.1224314922323
