PrincipalComponent,coi,c1i,a1i,c2i,a2i
1,1.1554702748717798,1.7210552015364748,88.69689293686177,0.0038231434414334,219.540462301537
2,0.0453296933231523,0.045809728827407,42.60814965367453,0.0656280772503357,226.73512652476907
