PrincipalComponent,coi,c1i,a1i,c2i,a2i
1,1.1620547103423646,1.6806199232365957,88.4454030780985,0.0155102961631258,219.76146871746863
2,0.04971120013917,0.0485420663678181,42.63958927149543,0.0737080018268782,226.74777018767932
