PrincipalComponent,coi,c1i,a1i,c2i,a2i
1,1.1731482744076265,1.7424313993030416,85.33745243906597,1.4782273996777358e-16,220.30446078407817
2,0.0373630441279328,0.0230542350518708,42.02811469048265,0.0490962880942534,226.15587014931592
