PrincipalComponent,coi,c1i,a1i,c2i,a2i
1,1.1483743909984951,1.7322290701132512,83.78625456203751,5.1181296428866545e-17,221.25306242666517
2,0.040831844125479,0.0181845024537652,42.0316164056729,0.0263391690175086,226.115576972392
