PrincipalComponent,coi,c1i,a1i,c2i,a2i
1,1.1469349705464873,1.567533076490539,84.1275789487176,0.0658220459168651,220.3804930207681
2,0.0587445185676454,0.060860952590333,42.016652171860045,0.1011017215942135,225.91899272755225
