PrincipalComponent,coi,c1i,a1i,c2i,a2i
1,1.1240725879837254,1.7401699270792426,81.41572818083824,0.0,221.37800596331235
2,0.0313676414098434,0.0347443374829862,41.58864677421733,0.0090661933344925,225.606860987802
