PrincipalComponent,coi,c1i,a1i,c2i,a2i
1,1.1380338886237833,1.5248776766018874,83.25117764800163,0.0805633297270919,220.3933224107827
2,0.0625554323704244,0.064967104522425,41.898652218194485,0.110981547968974,225.74079406240747
