PrincipalComponent,coi,c1i,a1i,c2i,a2i
1,1.129759777455427,1.4864624281472163,81.4313492168084,0.0958189475302643,220.55770637476851
2,0.0654256202199524,0.0718982825183602,41.62782211002568,0.1193210915541076,225.36581594897405
