PrincipalComponent,coi,c1i,a1i,c2i,a2i
1,1.161565298901606,1.6144743540583326,85.7592750041425,0.0455763758249757,220.14947659542173
2,0.0543023440677727,0.0538795560002861,42.23145677711005,0.0890513581122332,226.2271355614374
