PrincipalComponent,coi,c1i,a1i,c2i,a2i
1,1.1148485604065788,1.4030272004155189,79.96388592546293,0.1111610620176814,221.16419833227928
2,0.0683609887389,0.1110597608961469,41.94120558841579,0.1284710579793014,225.21959790064616
