PrincipalComponent,coi,c1i,a1i,c2i,a2i
1,1.1381808362714307,1.6854285193029592,81.71880695509827,9.578500514098919e-17,221.60759462200943
2,0.0387393722891845,0.0351714601977579,41.67366602133187,6.108488675563093e-19,225.7733219924772
