PrincipalComponent,coi,c1i,a1i,c2i,a2i
1,1.1171559201868488,1.4119187661111663,79.7773925642923,0.1108755378378213,221.0324407781324
2,0.0677340541741657,0.1034006096126297,41.76159630629152,0.127915636019884,225.13288597030035
