PrincipalComponent,coi,c1i,a1i,c2i,a2i
1,1.1008123961987282,1.377355470046649,76.27878563839447,0.1751747701418646,220.48179294065065
2,0.0748828555882992,0.0500619174731778,40.529052320960595,0.1815948601753289,224.186430859842
