PrincipalComponent,coi,c1i,a1i,c2i,a2i
1,1.0912701458655725,1.342067384143793,74.27535560120675,0.1882057566457546,220.4775329355459
2,0.0781344002582301,0.0567411079240494,40.12981394929534,0.1903393123501978,223.71433505610895
