PrincipalComponent,coi,c1i,a1i,c2i,a2i
1,1.0793145595907303,1.27984842813677,71.766311031547,0.2057979340549475,220.4970528988113
2,0.0815243230226348,0.0764778839214659,39.771311315690646,0.2033261579168603,223.10731733248875
