PrincipalComponent,coi,c1i,a1i,c2i,a2i
1,1.0734171539518562,1.2602584919824706,71.90500474653857,0.2063865073823387,220.63514828279637
2,0.0825358337572006,0.0901063197595952,39.94163677610556,0.2039648404483939,223.17959198253592
