PrincipalComponent,coi,c1i,a1i,c2i,a2i
1,1.1416215205835962,1.631402363289011,81.69215577610599,0.0565056837196508,220.99523753667225
2,0.0438748116333084,0.0290574129477239,41.58594106013461,0.0867608185635532,225.58706994449645
