PrincipalComponent,coi,c1i,a1i,c2i,a2i
1,1.0868933013054638,1.305260757864111,72.8148852053153,0.1992488006068354,220.44420390192477
2,0.0797508438301669,0.0642396037200747,39.88825690753555,0.1984608892801124,223.35383807592115
