PrincipalComponent,coi,c1i,a1i,c2i,a2i
1,1.1278699189179162,1.4842925693554203,80.5737941040982,0.1317879966093975,220.55338781738308
2,0.0660962964552545,0.03787622393233,41.3172282843972,0.1514670153677832,225.2120507372411
