PrincipalComponent,coi,c1i,a1i,c2i,a2i
1,1.1408781204138778,1.6226329294224038,82.6391029079494,4.532994018586604e-17,222.0918292687229
2,0.0451593616845621,0.0232006303809775,42.05901646886712,0.0338965417405789,226.18695849590512
