PrincipalComponent,coi,c1i,a1i,c2i,a2i
1,1.115207804239808,1.6416605893847205,80.9744419803558,0.0,222.23381002396263
2,0.0425025135242569,0.0367607251973213,41.76289479635279,0.0140825840724445,225.839018451626
