PrincipalComponent,coi,c1i,a1i,c2i,a2i
1,1.076073552427188,1.2698343488291846,71.90808739257068,0.2048221105681459,220.57609837651864
2,0.0816834819564125,0.0835826746386824,39.88418587193851,0.2024886114325469,223.16740148244003
