PrincipalComponent,coi,c1i,a1i,c2i,a2i
1,1.1106520153262491,1.419768942909481,77.47204969274432,0.160073023100151,220.5561882948263
2,0.0706606239244361,0.0469926804052223,40.74398317835505,0.1701917563539465,224.48962985253996
