PrincipalComponent,coi,c1i,a1i,c2i,a2i
1,1.0949515938987078,1.6278269603705504,80.3110960888118,0.0905842858569319,220.25134633727313
2,0.0515232280308828,0.0299788854227194,41.18736384873478,0.1149790106597288,225.0545280151066
