PrincipalComponent,coi,c1i,a1i,c2i,a2i
1,1.125931335061532,1.4661186427570774,79.43246312853368,0.1401305969883148,220.5276064385632
2,0.0661056350655457,0.0409754876709204,41.08753558454376,0.1562594069109754,224.9273163085278
