PrincipalComponent,coi,c1i,a1i,c2i,a2i
1,1.0984193838093728,1.6844433253941264,80.34955049151299,0.0,222.02580325149793
2,0.0354884021661384,0.0442868938573027,41.61863018951271,0.0297612667385488,225.6036223182706
