PrincipalComponent,coi,c1i,a1i,c2i,a2i
1,1.118679647423493,1.572616952457908,83.01031413860899,0.0987512232309927,220.410375641876
2,0.0597295693237085,0.0335507515278744,41.77239900140579,0.12909562953814,225.733291041116
