PrincipalComponent,coi,c1i,a1i,c2i,a2i
1,1.1264263028119887,1.5301681232008617,82.49039714143622,0.1116795520698768,220.470287117461
2,0.0627139094157193,0.0362357569468016,41.68697512180524,0.1386069662250077,225.63111899091996
