PrincipalComponent,coi,c1i,a1i,c2i,a2i
1,1.124145013494951,1.6687629032213065,82.56082081329946,0.0044582726824633,221.96036697746823
2,0.0401969589789673,0.0386876318652749,42.033924344508584,0.040696648541907,226.09163616822025
