PrincipalComponent,coi,c1i,a1i,c2i,a2i
1,8.393224936680361e-18,0.923679896550744,23.375423953320066,0.008885926773352046,207.3727365146357
