PrincipalComponent,coi,c1i,a1i,c2i,a2i
1,0.1124950513056408,1.51393264544884,25.751931480757506,0.3008285851495015,209.36051726145743
2,0.0149424312339973,0.0029388633006474,27.58491286796902,0.0310125377772418,208.9558924652986
