PrincipalComponent,coi,c1i,a1i,c2i,a2i
1,0.1271975307562551,1.473638025857964,25.69504675436982,0.3342206909977043,209.4037097091532
2,0.0151711456106345,0.0003117253881232,27.60711806660603,0.04034191696668,208.96054279425903
