PrincipalComponent,coi,c1i,a1i,c2i,a2i
1,0.0953514387028113,1.5654067200401924,26.126980185486328,0.2243453181936027,209.4671155051029
2,0.0129183472663488,0.0142813971133229,27.68834554491153,0.0179027168145474,209.08254493680488
