PrincipalComponent,coi,c1i,a1i,c2i,a2i
1,0.0823719730876969,1.6067181436146365,27.21036460173865,0.1365485238840921,209.84438195170424
2,0.0175349723018259,0.0374770648660646,28.05547416386992,9.352274436750185e-18,209.4737631353072
