PrincipalComponent,coi,c1i,a1i,c2i,a2i
1,0.0720602326696784,1.5865016575853883,27.7239499810378,0.1158885411778,210.03414729486735
2,0.0217990623736449,0.066520973622706,28.244785444153727,1.3414904721243419e-17,209.66091848900612
