PrincipalComponent,coi,c1i,a1i,c2i,a2i
1,0.0736145712780276,1.5255906256579308,27.68745655730403,0.1375364224822181,209.9936622573504
2,0.0225931617885976,0.1009688869655957,28.23812899514118,0.0092733275256194,209.6371381574416
