PrincipalComponent,coi,c1i,a1i,c2i,a2i
1,0.0698629120419357,1.4554369746023728,27.433284087663697,0.1930972290375547,209.9852512568243
2,0.0254511565322107,0.1265877871139729,28.23739049460621,0.0340649056912722,209.5741364738442
