PrincipalComponent,coi,c1i,a1i,c2i,a2i
1,0.0803173791843547,1.345120325189429,27.353607939945913,0.2782129122538798,210.0675924014124
2,0.0297408756377108,0.1554601871619898,28.304745918746217,0.0782526331965962,209.58375629892032
