PrincipalComponent,coi,c1i,a1i,c2i,a2i
1,0.0871285519999384,1.3115506948657811,27.32770656677257,0.301706482574909,210.08409082518912
2,0.0307877090065779,0.1676770387680068,28.322154957003704,0.0880388528051596,209.58743968438625
