PrincipalComponent,coi,c1i,a1i,c2i,a2i
1,0.0955715874564226,1.2622783887952704,27.34182669338716,0.3379124127752725,210.1353864125948
2,0.0359316375660806,0.1831520541833907,28.382687114728352,0.1064285111355364,209.61297555127385
