PrincipalComponent,coi,c1i,a1i,c2i,a2i
1,0.1019879548611599,1.2203953380172854,27.245231511520064,0.363106116637709,210.1367433900332
2,0.0402999043561839,0.1973555052347268,28.38390156787926,0.1300452183702449,209.5915444756735
