PrincipalComponent,coi,c1i,a1i,c2i,a2i
1,0.1151721026290896,1.1377035355130023,26.834651999365285,0.4278426296856771,210.0411207483716
2,0.0505774456009024,0.2194009054635856,28.280567337617804,0.1559995133531047,209.46569889645937
