PrincipalComponent,coi,c1i,a1i,c2i,a2i
1,0.1433833597363056,0.9684474008870712,24.85019771001668,0.6112814254126221,235.2398677257887
2,0.1118171025104849,0.3556120832536174,52.76759670137205,0.0600372355603065,220.19500890769055
