PrincipalComponent,coi,c1i,a1i,c2i,a2i
1,0.1359567959930444,0.906324381414996,22.540898927372847,0.6790314237577809,250.0
2,0.0839902171272487,0.4864309392399674,41.30002212467872,6.5952623774663924e-18,221.0495833706949
