PrincipalComponent,coi,c1i,a1i,c2i,a2i
1,0.1171251983413805,0.918283741800674,21.66221798849854,0.5963317361780781,250.0
2,0.0777469004574299,0.5281675996869742,38.27388261227853,1.0025741563646226e-17,220.5272773459302
