PrincipalComponent,coi,c1i,a1i,c2i,a2i
1,0.6072277085709015,1.164238260856686,37.957119997245904,0.2541065577871894,213.8585762627229
2,0.0767663556692448,0.062132232084846,31.438037041634175,0.2385664900318777,213.4221943030952
