PrincipalComponent,coi,c1i,a1i,c2i,a2i
1,0.5822780237529576,1.1282260781654103,38.04346359016822,0.2913018544428867,213.92597042436793
2,0.0970312697273644,0.0897162287217939,31.473670013138097,0.2760408687531072,213.44571033870884
