PrincipalComponent,coi,c1i,a1i,c2i,a2i
1,0.6412470841224444,1.1994090727178206,39.916821770469795,0.2202073836014672,214.50868141154203
2,0.0637837707319535,0.0428755372768838,32.003753544527584,0.2046303858544054,214.0952948387928
