PrincipalComponent,coi,c1i,a1i,c2i,a2i
1,0.7012416368070881,1.2309647861166952,44.56702444419225,0.1982677709641662,215.9856629195631
2,0.048715755703323,0.0322023151270176,33.333292325567314,0.1488281446673637,215.6451361118692
