PrincipalComponent,coi,c1i,a1i,c2i,a2i
1,0.7265044663860847,1.185211631875335,44.972726072824685,0.3037668778281136,216.0588751605712
2,0.0363430607790395,0.0552502357086937,33.443183092864246,0.0924337839401289,215.7513467030412
