PrincipalComponent,coi,c1i,a1i,c2i,a2i
1,0.7392951006064105,1.1443162128346964,45.034665204094544,0.3890259003602276,215.98772122093865
2,0.0280995266443421,0.0801663010030864,33.48851649374055,0.0525149064420865,215.7439768254307
