PrincipalComponent,coi,c1i,a1i,c2i,a2i
1,0.7776150530024902,1.106333652143488,46.4052458553934,0.5029536015925682,216.18585885596775
2,0.0264923493396544,0.1242516467824186,33.981781460754256,0.0,216.1454870596052
