PrincipalComponent,coi,c1i,a1i,c2i,a2i
1,0.7842450916332966,1.094168138522444,46.212891618025814,0.5279835783731338,216.07448666797904
2,0.029940526832937,0.1233172721397788,33.92557479389778,1.4810278307287369e-18,216.06595926998892
