PrincipalComponent,coi,c1i,a1i,c2i,a2i
1,0.7925704415797199,1.0711630449918332,45.79615799679718,0.5784916948256142,215.8092031787863
2,0.0345790256354482,0.1265371837406968,33.740269469576816,1.5860491067527618e-17,215.87303744912313
