PrincipalComponent,coi,c1i,a1i,c2i,a2i
1,0.8057689598595048,1.052287166522958,45.49707728740782,0.6137048130891675,215.64255416967993
2,0.0379527036142797,0.1315711603429776,33.61348592490127,0.0,215.7406763971213
