PrincipalComponent,coi,c1i,a1i,c2i,a2i
1,0.8086626134853363,1.0348537515295215,44.49763832053755,0.6546536236532499,215.31981344374492
2,0.0450813164824507,0.1394824945718535,33.2380617697829,0.0,215.38166474152783
