PrincipalComponent,coi,c1i,a1i,c2i,a2i
1,0.8117469378059952,1.0478912651224483,42.42000267893686,0.6331521229664342,214.82185949991265
2,0.0597515928513204,0.1703906913788074,32.55047620237073,2.8747254508035136e-18,214.7094252480372
