PrincipalComponent,coi,c1i,a1i,c2i,a2i
1,0.7984551827082842,1.058655776839886,42.70223679556925,0.5876536823367011,215.04966583757076
2,0.0594151949053845,0.1891392443041858,32.88829379441985,8.858214429723492e-17,214.89121809612553
