PrincipalComponent,coi,c1i,a1i,c2i,a2i
1,0.7961026387759295,1.0724757505277538,43.73745685671345,0.5221609283963101,215.55119004232063
2,0.0592792903768401,0.2031460183960903,33.461070329653225,6.178590334275416e-17,215.33914101492553
