PrincipalComponent,coi,c1i,a1i,c2i,a2i
1,0.776021601688047,1.0793260867992145,43.984136612070046,0.4343103386307466,215.98531428368517
2,0.0555598502758351,0.2257565854355778,34.15047252461849,3.2081977166599725e-17,215.64573535187685
