PrincipalComponent,coi,c1i,a1i,c2i,a2i
1,0.38248924538687795,0.7284915606659813,45.225893103753776,0.02943539062991221,219.34285108618272
