PrincipalComponent,coi,c1i,a1i,c2i,a2i
1,0.5286811448018331,0.7306671466894078,65.01456124144751,0.00226532141683788,228.44532657470114
