PrincipalComponent,coi,c1i,a1i,c2i,a2i
1,0.9037898635811504,1.0044064598269566,41.16847535030179,1.153232614863428,215.03943787959253
2,0.001841499256963,4.880776841237023e-19,32.33241048262045,0.0,214.3925043418068
