PrincipalComponent,coi,c1i,a1i,c2i,a2i
1,0.8974103190959056,0.9967860118732734,43.00658508454707,1.2677033086620058,215.46109623022735
2,0.0351202037469226,0.0163203387759871,32.636960221236045,0.0,214.87321740191865
