PrincipalComponent,coi,c1i,a1i,c2i,a2i
1,0.8406181951749511,0.939106305898601,37.75274028312175,1.4761130176934811,250.0
2,0.0503598928300111,0.0242966264103878,39.993521922365815,0.0261297221108903,223.4168147486828
