PrincipalComponent,coi,c1i,a1i,c2i,a2i
1,0.8270208352460839,0.9225440728679049,36.67933588724623,1.1752394730095064,249.99999999999997
2,0.059558353808684,0.0554501299057821,40.181523269629594,0.0164748736589627,223.44093132551376
