PrincipalComponent,coi,c1i,a1i,c2i,a2i
1,0.8507416236376559,0.7757170282904856,34.03034883470854,1.075279132360098,213.6389689346129
2,0.0652688136194896,0.1107922981863065,30.646260696816007,0.0091636507780868,212.3741643331172
