PrincipalComponent,coi,c1i,a1i,c2i,a2i
1,0.8709671312165628,0.589398542586024,35.707525034750354,1.0821207895360008,214.44417357708085
2,0.11268464168693,0.2058457406173998,33.693242175271465,1.009987126549963e-18,213.51038786505052
