PrincipalComponent,coi,c1i,a1i,c2i,a2i
1,0.8170282119502754,0.6241329523401021,53.05047271765788,0.8542811411359686,218.84375729570544
2,0.2157807245212918,0.3337344008841269,46.65668112248192,0.0990627687708559,219.86182990651469
