PrincipalComponent,coi,c1i,a1i,c2i,a2i
1,0.7557476007222618,0.5540314189641968,41.242565720081515,0.9264654048948768,215.0162662543108
2,0.2376518640951946,0.3544240200202257,41.50989605895637,0.2781541199628318,214.6869795990736
