PrincipalComponent,coi,c1i,a1i,c2i,a2i
1,0.7057442200473741,0.7408590480150906,48.10173773913159,0.6064405291658571,228.73646742279544
2,0.2372535451603306,0.7810089963669111,82.74548693866203,3.329911788324764e-18,225.7297951822372
