PrincipalComponent,coi,c1i,a1i,c2i,a2i
1,0.6720735629359272,0.738096170929888,44.78830642868865,0.5667967940253141,231.6419146193726
2,0.2311228200488335,0.81383547102827,91.27710933957428,0.0,225.73382680729824
