PrincipalComponent,coi,c1i,a1i,c2i,a2i
1,4.5821831499386235e-18,1.5261241902303575,22.662920296185835,0.0639172843878881,222.31946013507425
2,0.0210071669701531,0.2684716613478847,50.32856150919385,0.031573060098022,209.680303223674
