PrincipalComponent,coi,c1i,a1i,c2i,a2i
1,0.0067825199736213,1.4447779360777069,22.273045068758577,0.1233648784231011,223.61745394301744
2,0.0400136396495935,0.2588359272284964,47.498042345296994,0.0991312791554813,206.9434683481328
