PrincipalComponent,coi,c1i,a1i,c2i,a2i
1,1.2404069649698329e-17,1.5870867768395145,23.38035927875856,0.0346191989109903,223.44243048166857
2,0.0173736891891249,0.2437575357389945,55.093935988670594,0.0,211.96515598387455
