PrincipalComponent,coi,c1i,a1i,c2i,a2i
1,0.0,1.6438112972387806,24.756334520189338,0.0323945668927176,235.29288395780245
2,0.02692714800983,0.1661008385992909,68.6718096838723,0.0,213.016483045034
