PrincipalComponent,coi,c1i,a1i,c2i,a2i
1,0.0023737058167767,1.635432970641296,25.490696483349975,0.1027465570447928,209.2307141172093
2,0.0230471693619307,0.0678111432499879,27.667431623742495,0.0856529007441956,208.83679474039252
