PrincipalComponent,coi,c1i,a1i,c2i,a2i
1,0.0346311131202484,1.548002106117484,26.040533414361345,0.2203053694988283,209.42057485060383
2,0.0191366052899261,0.0741568570618634,27.77793134236848,0.0599867578820189,209.04719546963273
