PrincipalComponent,coi,c1i,a1i,c2i,a2i
1,0.0628083412901582,1.4601120999620385,25.862450796250723,0.3519306459699066,209.48817823032445
2,0.0083565927282887,0.1081630212800429,27.79559988906887,0.0184482371660452,209.0291023778213
