PrincipalComponent,coi,c1i,a1i,c2i,a2i
1,0.1030465353470971,1.3646990217114638,25.902832235491314,0.4914309028913396,209.6020499172776
2,0.0072374545988863,0.1233371468738611,27.792249934963777,2.337692423637779e-17,209.06464043627807
