PrincipalComponent,coi,c1i,a1i,c2i,a2i
1,0.1148296432858385,1.337804692187837,25.854754403831667,0.5278918078655142,209.6034522592632
2,0.0101473086768014,0.1217469612888544,27.745027205349217,2.896954106502815e-17,209.04643701209463
