PrincipalComponent,coi,c1i,a1i,c2i,a2i
1,0.123257243962713,1.321031969480343,25.621607861724428,0.6248994127212075,250.0
2,0.0225213592720684,0.1141848147753562,31.397161271447427,1.2364396797821808e-17,219.62982591708175
