PrincipalComponent,coi,c1i,a1i,c2i,a2i
1,0.1344958932701637,1.2849228185879775,25.164865409886954,0.6866182728242682,250.0
2,0.0222301141668462,0.1205103620936414,30.394581073183293,0.0,219.3241482329089
