PrincipalComponent,coi,c1i,a1i,c2i,a2i
1,0.1483248375163646,1.2516694994650113,25.125722512843836,0.740044261754164,250.0
2,0.0234973531181695,0.1292147566573946,28.654880969558583,0.0,218.95157154843895
