PrincipalComponent,coi,c1i,a1i,c2i,a2i
1,0.1578684303839425,1.2090534139415892,23.868841369715025,0.8003798871613386,250.0
2,0.0215439850656746,0.1417172238054827,25.612264414640695,1.5591352874919648e-16,218.0913126008198
