PrincipalComponent,coi,c1i,a1i,c2i,a2i
1,0.1345012264264359,1.2834394394814714,23.702469507630816,0.6060721803425733,250.0
2,1.7672495411513722e-17,0.2139464192981342,20.12181613683683,2.472470371297269e-16,217.0126340026929
