PrincipalComponent,coi,c1i,a1i,c2i,a2i
1,0.1281871525407962,1.333037463318372,24.294864833701105,0.3615922376223158,209.01829275405768
2,0.0228417110748186,0.2083742609246879,26.98365492768412,0.0,208.469456580664
