PrincipalComponent,coi,c1i,a1i,c2i,a2i
1,0.34412971558014516,0.6667003584362109,44.617108279332385,0.26239668863688365,218.6437238841834
