PrincipalComponent,coi,c1i,a1i,c2i,a2i
1,0.0846611916377901,1.1347378057508437,28.89295224736188,0.4399277721460327,210.35043716835315
2,0.0930162955903879,0.0981582221579839,28.751616694380072,0.3939635344001672,210.01589612674235
