PrincipalComponent,coi,c1i,a1i,c2i,a2i
1,0.1694048112836637,0.7410984160389019,25.481294959808388,0.7800743947476363,209.69499132243328
2,0.0937074662959984,0.2315833515512353,27.78535959810107,0.4173478609591441,208.92010661492887
