PrincipalComponent,coi,c1i,a1i,c2i,a2i
1,0.1498777720600456,0.8031542974580496,27.307598674201035,0.7194466171640199,210.2166274066651
2,0.08705744044103,0.229324439741901,28.24320018249304,0.4030710745355807,209.52811167184697
