PrincipalComponent,coi,c1i,a1i,c2i,a2i
1,0.1375293341199799,0.8702220310763793,24.07608238670107,0.5818039540354485,250.0
2,0.1452451915194356,0.339895826799009,67.25707184604451,0.1811478758328061,223.8343869236865
