PrincipalComponent,coi,c1i,a1i,c2i,a2i
1,0.1184010137764755,0.9602957920464024,28.815175297209088,0.5803437457444133,210.2265620643488
2,0.0917244143691392,0.1761464360129647,28.700311622344277,0.3957804737034944,209.87907203062795
