PrincipalComponent,coi,c1i,a1i,c2i,a2i
1,0.0681705200708781,1.2972446838658376,28.918633666799188,0.3350595637506634,250.0
2,0.0858980342065803,0.034285686854783,36.38580433332896,0.3637870746193092,193.8199847596161
