PrincipalComponent,coi,c1i,a1i,c2i,a2i
1,0.0678017003733438,1.2184397069725867,28.35805914456018,0.3859058485761157,210.6006457314968
2,0.081911549958787,0.0763792722022575,28.65704752997476,0.3717302386350343,209.7795019487344
