PrincipalComponent,coi,c1i,a1i,c2i,a2i
1,0.0998671581670285,1.0447514662393445,28.856390107449915,0.5202224606275974,210.28511218506543
2,0.0928973915436104,0.1401936920131775,28.72706406778697,0.3891681612508239,209.94503220669165
