PrincipalComponent,coi,c1i,a1i,c2i,a2i
1,0.1466147737698771,0.827191682317497,25.159765156320017,0.6790679623213315,209.4735168511031
2,0.0896167459371444,0.2543734708988752,27.73438313224107,0.3582014278490319,208.7733738852794
