PrincipalComponent,coi,c1i,a1i,c2i,a2i
1,0.1253375927435606,0.8807221288718994,24.436360116145288,0.6329353874092241,250.0
2,0.1408936901254111,0.3482622265563234,65.95852178691734,0.1519638620423846,224.65824299629236
