PrincipalComponent,coi,c1i,a1i,c2i,a2i
1,0.1555489199383094,0.8181158803157067,25.556439769265577,0.7008502419535112,209.61369134761816
2,0.0970757981588121,0.2292712446103262,27.70502246896732,0.399968231196329,208.91674254335408
