PrincipalComponent,coi,c1i,a1i,c2i,a2i
1,0.1727168787427147,0.7212990596470226,26.30164431964097,0.7986248990552789,209.97053705237784
2,0.0947105896171452,0.229506563845683,27.959776763428955,0.4229952248737722,209.20848158798947
