PrincipalComponent,coi,c1i,a1i,c2i,a2i
1,0.135687182585056,0.8142488901638426,23.24897557592097,0.6797166141668523,208.94478901834316
2,0.081877214859394,0.2602849869678932,27.369495536658967,0.3417684910888087,208.11476727835267
