PrincipalComponent,coi,c1i,a1i,c2i,a2i
1,0.1392955414108549,0.8859886603792388,28.78519799507379,0.6384499407635402,210.1921117454974
2,0.0892159618051213,0.2055384344759597,28.684894521637197,0.3959542371333019,209.83655615225896
