PrincipalComponent,coi,c1i,a1i,c2i,a2i
1,0.1560600781254302,0.7796415222128605,27.056390012875603,0.743691232768135,210.15588620960617
2,0.0905485398654059,0.2276683539922087,28.15208481218952,0.4089494813497158,209.44333602004775
