PrincipalComponent,coi,c1i,a1i,c2i,a2i
1,0.1702820239551281,0.729911374065215,26.82767915956773,0.7870308923084222,210.14728948295704
2,0.0951292077061358,0.2257396833305862,28.04160546459464,0.4197093664947819,209.39251807786135
