PrincipalComponent,coi,c1i,a1i,c2i,a2i
1,0.071609643132896,1.2678624318707563,29.236967771716397,0.3505427794189651,250.0
2,0.0914409972187468,0.0413586000523304,35.51767530217409,0.3757312879193949,196.34083675556317
