PrincipalComponent,coi,c1i,a1i,c2i,a2i
1,0.1561759381730263,0.6943200887308407,26.12180210891947,0.7806180795910986,209.8782411710647
2,0.1120734575142101,0.2311976115904533,27.537264208061774,0.4906547139655898,209.14548056057913
