PrincipalComponent,coi,c1i,a1i,c2i,a2i
1,0.106028188432226,0.949037984581058,28.78186574662269,0.5513792225686228,210.15811778110677
2,0.1161531977139321,0.1513245274344172,28.659615740764615,0.4706243461461677,209.810703847056
