PrincipalComponent,coi,c1i,a1i,c2i,a2i
1,0.137996745991361,0.7864596916838731,23.327288296755032,0.6447120680752366,250.0
2,0.1631272350986721,0.3072440786955341,55.31905771411016,0.2905496266463734,223.6870411578988
