PrincipalComponent,coi,c1i,a1i,c2i,a2i
1,0.1706761704457467,0.6451428445902635,25.77317525805347,0.8257532039323099,209.89276328140417
2,0.1159309678356901,0.2289983895217363,27.377887814022746,0.4998562493160356,209.09064199983615
