PrincipalComponent,coi,c1i,a1i,c2i,a2i
1,0.1475122637802591,0.7381585430050928,24.192937360750516,0.7395596347267933,209.241492587097
2,0.1101836612649909,0.2634597087967129,27.243433148884197,0.4141175807110395,208.43132998439077
