PrincipalComponent,coi,c1i,a1i,c2i,a2i
1,0.0693756236506153,1.1903497116989756,27.896299858410412,0.3976287833026707,250.0
2,0.1032305503885426,0.0581968444378007,36.157850351507,0.4271010200385153,191.72441230266375
