PrincipalComponent,coi,c1i,a1i,c2i,a2i
1,0.0725183840912625,1.1589973099738071,28.233430415543975,0.4129098899466537,250.0
2,0.1094167603061514,0.0664241699572033,35.011817736109414,0.4394801901236062,193.59310642975063
