PrincipalComponent,coi,c1i,a1i,c2i,a2i
1,0.1712365749357202,0.6553953630409938,24.52094352112696,0.8246308754915366,209.4908811564165
2,0.1143365877226985,0.2366158325014659,27.223265475824284,0.4888681696863355,208.63568453838008
