PrincipalComponent,coi,c1i,a1i,c2i,a2i
1,0.1501551589351543,0.7178696990911904,26.3753020128844,0.7553659098829777,209.90926228291508
2,0.1084396795584423,0.2322582577663912,27.64540528811252,0.486465048186625,209.21474843857024
