PrincipalComponent,coi,c1i,a1i,c2i,a2i
1,0.0942049195970482,1.0267272104632486,28.80441526252008,0.4812605580580498,210.2102835641781
2,0.1126110663321004,0.1216960273671027,28.68056192351529,0.4654609927293016,209.8655837536364
