PrincipalComponent,coi,c1i,a1i,c2i,a2i
1,0.1568592106057958,0.7307130078214334,24.70347853183118,0.7529880688357745,209.40258055475857
2,0.11848245447951,0.2359168116809333,27.1970343608105,0.4637201597948731,208.63652884908248
