PrincipalComponent,coi,c1i,a1i,c2i,a2i
1,0.1375745413552548,0.7277141574030632,22.420029442690005,0.7401556142029059,208.79530858361787
2,0.1040655601100272,0.2672390744418783,26.93661347444753,0.3938413286848362,207.80977977268137
