PrincipalComponent,coi,c1i,a1i,c2i,a2i
1,0.1307480839536622,0.7581649728661838,23.11334663580234,0.6851956490060476,208.98429521960017
2,0.0990712467512963,0.2924391769539369,27.378792964817404,0.3577432564337964,208.03962943309307
