PrincipalComponent,coi,c1i,a1i,c2i,a2i
1,0.1311141977253677,0.8010251828542454,27.19274545291432,0.6823745001345168,210.07850817869544
2,0.1105197112014407,0.2096777843184466,27.841668269686245,0.4809023493461334,209.48556191392316
