PrincipalComponent,coi,c1i,a1i,c2i,a2i
1,0.0726954756514781,1.140995111614352,28.46680477105152,0.4257242073203933,250.0
2,0.1124776535875546,0.0766938253798255,33.25041089260095,0.447830344964456,197.05229087568551
