PrincipalComponent,coi,c1i,a1i,c2i,a2i
1,0.1247964376557228,0.8690186844418746,28.751442390720893,0.6103727600601827,210.115655874042
2,0.1150283150649446,0.1827968655706042,28.64365407492652,0.4780524910979781,209.76104377728956
