PrincipalComponent,coi,c1i,a1i,c2i,a2i
1,0.1734133441636031,0.6362105194015204,25.25169514623419,0.8397749118231389,209.7378039554099
2,0.1153602105106692,0.233707960782707,27.321257190673933,0.4996659972283757,208.9086587603782
