PrincipalComponent,coi,c1i,a1i,c2i,a2i
1,0.0989830632459952,1.2149450523527767,30.753865118408545,0.4319010403128646,211.3051593435424
2,0.0770020921442323,0.0726583633384928,29.391902419539026,0.3140429563365589,210.8117999783845
