PrincipalComponent,coi,c1i,a1i,c2i,a2i
1,0.1556380261387688,0.9009489622279292,26.88792002983244,0.6812968133032995,210.06360028460716
2,0.0866335212189362,0.1964182796093753,28.295709308645193,0.3488623471059804,209.41844748556832
