PrincipalComponent,coi,c1i,a1i,c2i,a2i
1,0.1314218756155657,0.9297190441690096,25.335352929974224,0.5884148578559505,209.61873922461865
2,0.0659409297166375,0.2484346869544701,28.27969110937486,0.27124216096978,208.90548894159477
