PrincipalComponent,coi,c1i,a1i,c2i,a2i
1,0.1610729102275279,0.8590573743586826,28.840470744035343,0.7361666699502093,210.26362229624627
2,0.0782075896633355,0.199900092049984,28.746827250051872,0.3390646111576553,209.9135070693595
