PrincipalComponent,coi,c1i,a1i,c2i,a2i
1,0.0817224656231293,1.3141564544289277,30.71139712017124,0.3498547758659211,211.27264344935617
2,0.074606243186076,0.0342625337287982,29.377884889544383,0.3101628168495101,210.79017500596132
