PrincipalComponent,coi,c1i,a1i,c2i,a2i
1,0.1388970975722761,0.8940139776570578,24.699201415099505,0.6491249124962607,209.3768963160517
2,0.0707109549072623,0.2262981470187931,27.86248105023212,0.3040650222947729,208.660045536118
