PrincipalComponent,coi,c1i,a1i,c2i,a2i
1,0.1437217595377992,0.919536583098538,24.97880789975244,0.5419956165152595,209.47102622289083
2,0.0742452141409528,0.2346075805343381,28.18218236783792,0.299865947733401,208.75159246057612
