PrincipalComponent,coi,c1i,a1i,c2i,a2i
1,0.1136596357633009,1.128271323363686,30.86827327869615,0.5104014650901592,211.29756059528535
2,0.0776755762785207,0.1116409791348201,29.399140925776884,0.3106506784215594,210.8334593683586
