PrincipalComponent,coi,c1i,a1i,c2i,a2i
1,0.1754869454848749,0.8090578605396889,28.833110828023123,0.7757412109666628,210.24802139796964
2,0.0840267082252189,0.1974890515339469,28.74284986984471,0.3527778992637442,209.89512133906115
