PrincipalComponent,coi,c1i,a1i,c2i,a2i
1,0.1251426907690715,1.0448397979420585,30.34998506191953,0.5767833002504085,211.10354595965617
2,0.0769851596241395,0.1467029874874387,29.246776205515364,0.3193341926281976,210.6317061104813
