PrincipalComponent,coi,c1i,a1i,c2i,a2i
1,0.1529469089390982,0.8832221469535959,28.84725320079015,0.7152994984627387,210.27274896056736
2,0.0745564692261644,0.2010918565750845,28.750623212865214,0.3322618963447609,209.9242686891687
