PrincipalComponent,coi,c1i,a1i,c2i,a2i
1,0.167702018058275,0.823976552084823,26.910258125889673,0.76763215275103,210.14379608724133
2,0.0845248835004871,0.1992274808382519,28.418990913630623,0.3592380265755484,209.4388041952289
