PrincipalComponent,coi,c1i,a1i,c2i,a2i
1,0.181536896103528,0.8016016456355194,28.824170709769483,0.7792167309357703,210.24178593474804
2,0.0847942831231685,0.1989210158437592,28.73878295724696,0.3598331565350182,209.8866680962089
