PrincipalComponent,coi,c1i,a1i,c2i,a2i
1,0.1493578645967245,0.9131716781576118,26.67332534250374,0.6462699597546328,209.9638710037118
2,0.0789778987171883,0.2170956302281765,28.30809720679733,0.318829716932392,209.34237692581388
