PrincipalComponent,coi,c1i,a1i,c2i,a2i
1,0.0811539502696525,1.3378526695266084,30.753696986976617,0.3254277227679046,211.277242371152
2,0.0742662151512885,0.0216862099038377,29.38416218860856,0.3097883134613939,210.8007000415593
