PrincipalComponent,coi,c1i,a1i,c2i,a2i
1,0.0761784508478841,1.3644879525426246,30.308660452433205,0.3127830905448205,211.08820383903867
2,0.0689989624246634,0.0189898479113004,29.23876880184911,0.2970085292478392,210.6281421492823
