PrincipalComponent,coi,c1i,a1i,c2i,a2i
1,0.1395187382856022,0.9697626624867643,29.832410778627704,0.6407186235128668,210.98896218942855
2,0.0752073206493061,0.1767761343576247,29.146868045986547,0.3213322954021034,210.4396699739153
