PrincipalComponent,coi,c1i,a1i,c2i,a2i
1,0.1565225722590174,1.0278838374654655,30.82619091770274,0.7579771643678311,211.4500109365652
2,0.0541770622534019,0.1072041798628807,29.490601454531603,0.2061275614949406,210.82755381559667
