PrincipalComponent,coi,c1i,a1i,c2i,a2i
1,0.1715255547731412,0.9448588164236617,30.36615070677752,0.8207195114099831,211.4011981764166
2,0.0569242964405338,0.1280385331270638,29.418770952184676,0.2235648478996889,210.71367198774163
