PrincipalComponent,coi,c1i,a1i,c2i,a2i
1,0.1435150811112348,1.097695122819502,31.23602651183014,0.6986437339028663,211.51102200871728
2,0.0542591861232949,0.0820638467492165,29.562154537200357,0.2002071050395279,210.9551331542947
