PrincipalComponent,coi,c1i,a1i,c2i,a2i
1,0.175002824495159,0.9699952235726852,28.929182504465096,0.7316118318919022,210.48363396295213
2,0.075707120749992,0.1106850400324906,28.81812568922936,0.2910956286843983,210.08124806094563
