PrincipalComponent,coi,c1i,a1i,c2i,a2i
1,0.132116262280921,1.1731892989667685,31.64147172012261,0.6360559444840566,211.59631882612177
2,0.0535491037716592,0.055720532367127,29.670968796961994,0.1882223680395133,211.0818782005412
