PrincipalComponent,coi,c1i,a1i,c2i,a2i
1,0.1859188480097791,0.8819322094701779,28.93076235733824,0.8422413207388373,210.4652933181572
2,0.0723872444505647,0.1250901358780221,28.833809281505292,0.2795231630944911,210.06906325366833
