PrincipalComponent,coi,c1i,a1i,c2i,a2i
1,0.0998573512581339,1.3342420172234284,31.347808029190947,0.48380820284065,211.45566135102115
2,0.0501626701758178,0.0023542483090273,29.55923358268611,0.1811221469503591,210.9729263635865
