PrincipalComponent,coi,c1i,a1i,c2i,a2i
1,0.1588376051548431,0.9869995298865022,26.410160587517954,0.5847581172139524,210.04901695374008
2,0.0615981048034156,0.148967239889822,28.3578490491974,0.2593630771975839,209.33036542445527
