PrincipalComponent,coi,c1i,a1i,c2i,a2i
1,0.1476227134923067,1.0036054130606469,27.043790848820603,0.6174972507611128,210.25986420959168
2,0.0558542077327455,0.1556933132567097,28.494547866046883,0.2406358291096234,209.5521031738891
