PrincipalComponent,coi,c1i,a1i,c2i,a2i
1,0.1726822695831395,0.9838788103998564,28.920608333985783,0.6805185114117581,210.4826028850274
2,0.0664123748898345,0.1296714557409204,28.80689778680726,0.2741749788711732,210.07643045512145
