PrincipalComponent,coi,c1i,a1i,c2i,a2i
1,0.1178971810564101,1.2481555904165684,31.46572239499133,0.5627549719826609,211.5204038111577
2,0.0520538698030925,0.0281447446248608,29.60844470299781,0.187161667795087,211.01995822714596
