PrincipalComponent,coi,c1i,a1i,c2i,a2i
1,0.0954784970977666,1.3828281724793754,31.30436017204963,0.4334985714510874,211.41827982623136
2,0.0413545995090756,0.0,29.526113402225295,0.1690874323802088,210.95322360751229
