PrincipalComponent,coi,c1i,a1i,c2i,a2i
1,0.1834528022573199,0.8615647594071416,28.94827350098469,0.8872361724236815,210.4743426905508
2,0.069709879481976,0.1268336745933468,28.84735455979119,0.2663264883506642,210.07198503039564
