PrincipalComponent,coi,c1i,a1i,c2i,a2i
1,0.1778475748820604,0.9193897713892942,30.163284564481017,0.8427157347576338,211.4071082593456
2,0.0602015900866238,0.1279251226514776,29.35972495463378,0.2325450690185146,210.66395306102933
