PrincipalComponent,coi,c1i,a1i,c2i,a2i
1,0.0991423340751973,1.3538817633752027,31.40603151337821,0.4596389560450359,211.4677176943728
2,0.0462789691979711,0.0,29.569029765319424,0.1771110156304141,210.99500818482664
