PrincipalComponent,coi,c1i,a1i,c2i,a2i
1,0.1905575289995646,0.8686784948193313,30.236285344190794,0.8766553574142522,211.46278568600368
2,0.067769921949131,0.1265374517824599,29.36375179678378,0.2516617226537095,210.70735245689627
