PrincipalComponent,coi,c1i,a1i,c2i,a2i
1,0.1544677312951687,0.962248565063267,26.337535760757657,0.6854510011384588,210.01747128680728
2,0.0606418078802902,0.1385560554862517,28.177725123321196,0.268013902741592,209.30790461535744
