PrincipalComponent,coi,c1i,a1i,c2i,a2i
1,0.1767309172468744,0.9429978962405164,26.109540132500317,0.8282620402856146,210.05017853046184
2,0.0481232162069922,0.0863871419398938,28.07334501287136,0.2288731954745985,209.2431987190685
