PrincipalComponent,coi,c1i,a1i,c2i,a2i
1,0.1556401146360928,1.127561839021308,31.20113766006691,0.8297021926006816,211.40180538692303
2,0.0359947613811313,0.0283447752450504,29.526369180260083,0.1052407835660678,210.89795650189183
