PrincipalComponent,coi,c1i,a1i,c2i,a2i
1,0.1406385078840927,1.193359094099531,31.005777401984247,0.7584189600957146,211.31768225562183
2,0.0347201964537517,0.0099496033592355,29.455254545113252,0.1028837501527694,210.82572658425957
