PrincipalComponent,coi,c1i,a1i,c2i,a2i
1,0.1821509401296741,0.9969314129722006,30.581611713542426,0.9478838337630504,211.40008655190897
2,0.0373508195705851,0.0655608299587088,29.40561170830548,0.1228754743444339,210.7422575086713
