PrincipalComponent,coi,c1i,a1i,c2i,a2i
1,0.2118536526816294,0.8374621775196321,28.946042168468008,1.0660998972580733,210.4553811709815
2,0.0532684709359656,0.0783920407238994,28.862241785560883,0.189699592946879,210.05222203568744
