PrincipalComponent,coi,c1i,a1i,c2i,a2i
1,0.1219929134234156,1.2688599485035368,30.85344383149652,0.6800389853002825,211.2415364802439
2,0.0292028605736073,0.0,29.385208803385893,0.0947671690633383,210.76450035289255
