PrincipalComponent,coi,c1i,a1i,c2i,a2i
1,0.1853392962786966,0.9653201402570184,27.86605788246047,0.8374916536589977,210.68360614828907
2,0.0540090125620921,0.0779029443852194,28.601697998931726,0.2322438649547756,209.894276937806
