PrincipalComponent,coi,c1i,a1i,c2i,a2i
1,0.1948213862677227,0.8931133113160525,28.922116880321468,1.0420294324581392,210.42216299934975
2,0.0427031116746567,0.0812810157800011,28.831414730156844,0.1504455170364795,210.03754273633348
