PrincipalComponent,coi,c1i,a1i,c2i,a2i
1,0.1696179035618626,0.9874301106701058,26.98965234488032,0.7502042909659331,210.2751059171598
2,0.0456335025293671,0.0994227694830745,28.365750402842227,0.210269687644088,209.524833415998
