PrincipalComponent,coi,c1i,a1i,c2i,a2i
1,0.1970611293183227,0.9489714519278276,28.93593882417323,0.8839214475777503,210.4804453713117
2,0.0653657394730831,0.059640678452609,28.83253945280715,0.2407480853612796,210.07228389812775
