PrincipalComponent,coi,c1i,a1i,c2i,a2i
1,0.1982669023164075,0.91915617674553,30.228942443702756,1.0079615151550394,211.4662695908519
2,0.0401722245807183,0.0815650283748991,29.3475089665666,0.1411022640826679,210.68096209485984
