PrincipalComponent,coi,c1i,a1i,c2i,a2i
1,0.1169037753477911,1.310298574726321,30.77591031599244,0.6297925833032721,211.19670520464464
2,0.0234425816007921,0.0,29.338931820435043,0.0860444316374094,210.7324012214296
