PrincipalComponent,coi,c1i,a1i,c2i,a2i
1,0.1827753717724766,0.9666664209050976,26.20433800992591,0.7240090220303246,210.0748055962358
2,0.0476454594319579,0.0975825441074009,28.197861056996267,0.2238499426250305,209.26784393609557
