PrincipalComponent,coi,c1i,a1i,c2i,a2i
1,0.2081298749233046,0.8428707658882203,28.943539359000592,1.073520366048741,210.44469721236896
2,0.049766849643101,0.0792856179107366,28.854423745759135,0.1719414853376702,210.05195640263616
