PrincipalComponent,coi,c1i,a1i,c2i,a2i
1,0.1677337004448406,1.0609287714323423,30.879401689495943,0.8908187596058373,211.37918513670684
2,0.0370898562921086,0.0464573170353361,29.457759345652008,0.1165668568464641,210.81043730193295
