PrincipalComponent,coi,c1i,a1i,c2i,a2i
1,0.121270173496993,1.284635609520546,30.90069701633768,0.6566146848105143,211.25125331562688
2,0.0259948894374761,1.916763233062109e-18,29.391163557732217,0.0911783083801258,210.78007212586456
