PrincipalComponent,coi,c1i,a1i,c2i,a2i
1,0.2112711712008066,0.8595994797429874,28.933411790065097,1.0098252639886287,210.4586716024158
2,0.0589782100959397,0.0751782397159872,28.839476312102526,0.2138909557807569,210.06255434141897
