PrincipalComponent,coi,c1i,a1i,c2i,a2i
1,0.1445057568529928,1.204254107117216,30.96533650305384,0.8094334731646483,211.32918717406767
2,0.017985938223849,2.1696372546865112e-18,29.39540898551568,0.0472895349384192,210.79910695627473
