PrincipalComponent,coi,c1i,a1i,c2i,a2i
1,0.2193070438820322,0.911797299883548,28.9208592914623,0.9693751145518124,210.44671568496557
2,0.0446153034567033,0.0535085689751295,28.82848647892222,0.1929343995270071,210.0534344088537
