PrincipalComponent,coi,c1i,a1i,c2i,a2i
1,0.1637764903603538,1.122765180160891,31.111392381155348,0.9127144791184396,211.38725342750192
2,0.024043347697166,0.005369777073912,29.483482850902327,0.0542029992205473,210.8559943698899
