PrincipalComponent,coi,c1i,a1i,c2i,a2i
1,0.2386760256662525,0.809618171591168,28.913483923574617,1.1730229286178286,210.4029355108943
2,0.0439090535701229,0.0497226429733523,28.83236225270911,0.1562600277659037,210.02826307000555
