PrincipalComponent,coi,c1i,a1i,c2i,a2i
1,0.1449736434234276,1.1909066810098858,30.90961069618431,0.8332271010249143,211.29808256764736
2,0.0199106379363162,6.090169036637082e-19,29.382783294052903,0.0492462033757252,210.77494080294684
