PrincipalComponent,coi,c1i,a1i,c2i,a2i
1,0.1928913505505612,1.0022482067964806,31.121858775323354,1.0471886946287343,211.5118238670429
2,0.0257256655111204,0.0301422910544361,29.54902609592869,0.0640014987883452,210.8962269916361
