PrincipalComponent,coi,c1i,a1i,c2i,a2i
1,0.2259306851505851,0.8694174935050552,30.601831214707385,1.166822174539098,211.6214432773404
2,0.0278241529596891,0.0562202359829843,29.48274762222765,0.0843074573987101,210.79961692256975
