PrincipalComponent,coi,c1i,a1i,c2i,a2i
1,0.2234006028760572,0.8962060236323929,28.91865661249071,1.040798268678126,210.4342854461497
2,0.0518240293577533,0.0366297146609905,28.835078568298492,0.1894026398572937,210.0510432821474
