PrincipalComponent,coi,c1i,a1i,c2i,a2i
1,0.2209655058954261,0.8423131993708944,28.912378676907913,1.2056124342385546,210.3594061136815
2,0.0295716686007397,0.056082152567941,28.8139620074685,0.0923447250986559,210.0010512405517
