PrincipalComponent,coi,c1i,a1i,c2i,a2i
1,0.1396097983298616,1.227692906588645,30.822086360010907,0.782020985060949,211.2899621334768
2,0.01726086866395,5.721805275752593e-19,29.33915758374178,0.0440282635900856,210.7516977777572
