PrincipalComponent,coi,c1i,a1i,c2i,a2i
1,0.2396270904325805,0.7865338796824987,28.91270906044553,1.2330063025827889,210.37712235933233
2,0.0379325133812601,0.0537970293369534,28.833402574794203,0.1283752024133709,210.0107772054507
