PrincipalComponent,coi,c1i,a1i,c2i,a2i
1,0.2097553025350755,0.912887706424262,26.174156488709645,0.863281208414013,210.20297796017283
2,0.0351012492193962,0.0756027107173701,28.22719347546115,0.1881924270854153,209.28848558226792
