PrincipalComponent,coi,c1i,a1i,c2i,a2i
1,0.2357549401957563,0.7916272444205558,28.90624644766191,1.2393992221709718,210.36109141307375
2,0.0347993477067113,0.0548030733415396,28.828215032431505,0.1115508765947613,210.00136950175008
