PrincipalComponent,coi,c1i,a1i,c2i,a2i
1,0.2017311458932258,0.8912384508149517,26.111938679207487,0.9698392662000777,210.195131598707
2,0.0379542953800273,0.0623435554224665,28.133493093217055,0.1905073289092626,209.2822333261523
