PrincipalComponent,coi,c1i,a1i,c2i,a2i
1,0.1956902905121783,0.9374604619655992,27.017634110785224,0.8884053478731624,210.40254291597108
2,0.0341389318063562,0.0735351897065784,28.41772336305232,0.175721765890513,209.56659403382295
