PrincipalComponent,coi,c1i,a1i,c2i,a2i
1,0.1797335380973817,1.0633553602252983,31.41929979072381,0.983863827412698,211.51490874786785
2,0.0252454152027703,0.0175795201861032,29.60158464431248,0.0553848166479096,210.9709030536489
