PrincipalComponent,coi,c1i,a1i,c2i,a2i
1,0.2082517821215464,0.9433925215178331,30.88389207726773,1.104648843280547,211.53085397511708
2,0.0256204430610254,0.0443492779450584,29.50919418465049,0.0688486574349761,210.84094734546548
