PrincipalComponent,coi,c1i,a1i,c2i,a2i
1,0.2245817892133592,0.852218684122317,25.89230269624716,1.0856913158013182,210.2764364656339
2,0.0326504639406806,0.0472319017930542,28.12028724712972,0.1651893461499636,209.2457839983207
