PrincipalComponent,coi,c1i,a1i,c2i,a2i
1,0.2176106262790325,0.954370280219714,31.16744472971528,1.1677412681595152,211.590423966424
2,0.01872099597773,0.0238719389178822,29.570323915620257,0.0340193111442284,210.91847641374628
