PrincipalComponent,coi,c1i,a1i,c2i,a2i
1,0.2696930413785048,0.7445888776082603,28.92833800833001,1.3651086777699235,210.36473090739787
2,0.0266447652026252,0.0409028567997089,28.833743628064695,0.085921254517992,210.00499717854336
