PrincipalComponent,coi,c1i,a1i,c2i,a2i
1,0.2203037817927149,0.8989803696804,26.90864106150359,1.002044416342932,210.4787246849156
2,0.0274661602081899,0.0579481323335914,28.421861411844635,0.1519957935243693,209.55539022619823
