PrincipalComponent,coi,c1i,a1i,c2i,a2i
1,0.2308186904798954,0.8750376053452174,27.512251067002616,1.1051554879344658,211.06077147943608
2,0.0372574294986062,0.0394311832994435,28.668236568215697,0.1621843013736027,209.896348898766
