PrincipalComponent,coi,c1i,a1i,c2i,a2i
1,0.2033542272516764,1.0118761607858238,31.402653843000657,1.1021962053565315,211.5669387026132
2,0.0184837318252589,0.0149288179898849,29.58953790579547,0.02862711951577,210.9686065431332
