PrincipalComponent,coi,c1i,a1i,c2i,a2i
1,0.2374547691405423,0.8735782525478352,26.075619621586284,0.9777896169352492,210.32119176950988
2,0.0260737281152137,0.0605744950311514,28.24591991204156,0.1630699708943067,209.29696889009895
