PrincipalComponent,coi,c1i,a1i,c2i,a2i
1,0.2339800699896416,0.8996055664955688,30.990548069205012,1.2258785963757874,211.6651774482263
2,0.0183398177435678,0.0339685031223118,29.56706531044253,0.0374199856041644,210.8975826019639
