PrincipalComponent,coi,c1i,a1i,c2i,a2i
1,0.1680211612575475,1.1413270908629454,30.93392017318821,0.9257052703889604,211.45253368280848
2,0.013893336092979,0.0046690314255848,29.38186207199523,0.0248524810284496,210.8289205307859
