PrincipalComponent,coi,c1i,a1i,c2i,a2i
1,0.2648061902548561,0.7496237069828212,28.918915433953632,1.3694745205788788,210.34460306843243
2,0.0244345528109773,0.0420001676184785,28.820338269883717,0.0711840457494658,209.993955348161
