PrincipalComponent,coi,c1i,a1i,c2i,a2i
1,0.1689620229883868,1.1294580260041305,30.918039952016446,0.949248548619008,211.39131955811183
2,0.0145369946889464,0.0050917809140837,29.36235607808365,0.0255028385226096,210.7876721441184
