PrincipalComponent,coi,c1i,a1i,c2i,a2i
1,0.1629225512835434,1.1631563971572485,30.780643473915585,0.8979439961434226,211.35804857703303
2,0.0130107564719628,0.0066766028203032,29.306930770196093,0.0217537331667546,210.74406400222455
