PrincipalComponent,coi,c1i,a1i,c2i,a2i
1,0.253142455355256,0.828319188441395,30.75452736299609,1.2918663191851891,211.8322216140581
2,0.0193066312342101,0.043578988306773,29.57776055384215,0.0484051046857576,210.8919417897254
