PrincipalComponent,coi,c1i,a1i,c2i,a2i
1,0.2618656081623534,0.8037611373277406,30.644327281294025,1.3154566618007495,212.11892006370817
2,0.02085803234279,0.0434163929962706,29.62667157823524,0.0545792541861584,210.94909358394816
