PrincipalComponent,coi,c1i,a1i,c2i,a2i
1,0.2693447429620642,0.768025790527642,28.908956465605275,1.3062594978434563,210.37377625315872
2,0.0320928440130193,0.0362537122243768,28.83336233414569,0.1128510962180794,210.01031551649064
