PrincipalComponent,coi,c1i,a1i,c2i,a2i
1,0.2448920313462923,0.9254928953934024,29.881449718982232,1.178436746416947,250.0
2,0.0428740654885936,0.0260413378118598,38.55579756974673,0.145974182160052,222.83692335402688
