PrincipalComponent,coi,c1i,a1i,c2i,a2i
1,0.1873289389812511,1.0669399347316415,31.096342654118335,1.0298064081426186,211.43613468656264
2,0.0172990933910102,0.0071285149910554,29.451607065992523,0.0286213342454276,210.84910424901963
