PrincipalComponent,coi,c1i,a1i,c2i,a2i
1,0.2770574838194702,0.8307546896374676,26.590972422895568,1.1071757200212464,210.732273009868
2,0.0191944468701281,0.0473313896245218,28.459675723809895,0.1294158228648579,209.53788295762564
