PrincipalComponent,coi,c1i,a1i,c2i,a2i
1,0.2555507401180313,0.8586866916315405,27.40166416943745,1.1293601924406815,211.0406284114646
2,0.0240334146282389,0.0430554059927134,28.6832362161396,0.1208837619093115,209.8341551364962
