PrincipalComponent,coi,c1i,a1i,c2i,a2i
1,0.2793904220110163,0.8266231392010002,28.886812715334344,1.2399866879409385,210.37041191739488
2,0.0285207064418728,0.0291176852985679,28.81209987870849,0.1147427697226495,210.01193113753723
