PrincipalComponent,coi,c1i,a1i,c2i,a2i
1,0.3191447799687059,0.7049087454276087,31.184751431712883,1.4949400243521294,212.62440755247735
2,0.0176662093528893,0.031624787767379,29.876363261536454,0.0382462758838672,211.22464247874305
