PrincipalComponent,coi,c1i,a1i,c2i,a2i
1,0.3064748479551793,0.7230829546921977,28.924124941265134,1.4600244922670174,210.36543067422215
2,0.0205178809699384,0.0266775803793257,28.82174200234171,0.0612377431170317,210.00380600392512
