PrincipalComponent,coi,c1i,a1i,c2i,a2i
1,0.2591110033569437,0.8105048350297036,26.27548177843931,1.220950580864994,210.65442740526015
2,0.0294165374183224,0.0332552062631418,28.314797878394913,0.1270622887217229,209.44130867901188
