PrincipalComponent,coi,c1i,a1i,c2i,a2i
1,0.2355792053616013,0.9609437831448772,32.10311819193642,1.2148692646248305,211.86896728967793
2,0.0163152378105215,0.0129290282513445,29.77689463604344,0.0111045478650055,211.2148528124045
