PrincipalComponent,coi,c1i,a1i,c2i,a2i
1,0.315276660028363,0.7099316814479184,31.49463293054859,1.4915403998997088,212.4121224302283
2,0.0169412512400793,0.0321433513316557,29.880786234086067,0.0281680546837668,211.23492647281395
