PrincipalComponent,coi,c1i,a1i,c2i,a2i
1,0.288523812571998,0.7867131352348697,31.59090805687479,1.4201018376141823,212.20892768799368
2,0.0144253489248876,0.0325051762945513,29.904297333906637,0.0148394946445142,211.21217391467877
