PrincipalComponent,coi,c1i,a1i,c2i,a2i
1,0.2192144669444927,1.01157369002005,31.71409368507584,1.1403675080471602,211.7623657657171
2,0.0151503019572185,0.0094715495328828,29.647241430011345,0.0137284658677936,211.0894533044832
