PrincipalComponent,coi,c1i,a1i,c2i,a2i
1,0.2005346625974921,1.067518879704722,31.442013173337685,1.0599553021373,211.7002966379917
2,0.0122290744835792,0.0137436350785942,29.564918520154233,0.0113389832039755,211.01133694041943
