PrincipalComponent,coi,c1i,a1i,c2i,a2i
1,0.1995845505506676,1.0772006180151574,31.424490160061268,1.0365028734484585,211.6976630319813
2,0.0112708654008171,0.0154139768158833,29.583715841679588,0.0110032387963353,211.0281050785268
