PrincipalComponent,coi,c1i,a1i,c2i,a2i
1,0.2976122602651037,0.7609502642027945,31.371126263484612,1.4475848121333508,212.1965246915718
2,0.0148838365808791,0.0326571633391429,29.79020543535655,0.0184725886054153,211.13814637448905
