PrincipalComponent,coi,c1i,a1i,c2i,a2i
1,0.1943523770688093,1.0964344093287843,31.223729081963892,1.009376616052304,211.56116094443075
2,0.0102627319578035,0.0198064973057953,29.47491413803168,0.0077650656222579,210.9129623519799
