PrincipalComponent,coi,c1i,a1i,c2i,a2i
1,0.2506962315126297,0.9070509538947116,31.922370954313863,1.28458374960322,211.90122297662015
2,0.0159280180497383,0.0184282804241483,29.77602386557933,0.0118812269474233,211.18192784594848
