PrincipalComponent,coi,c1i,a1i,c2i,a2i
1,0.2679075914761518,0.8559109656313106,31.809256783105077,1.3459284511693976,211.98591693591752
2,0.0149982631320561,0.0249920621029067,29.800134706444695,0.0116486250615046,211.1831620885472
