PrincipalComponent,coi,c1i,a1i,c2i,a2i
1,0.2925970905683748,0.8056739100655852,28.93948780928914,1.32935867076638,210.37213751044777
2,0.0268886609116279,0.0177815193359331,28.822163017155855,0.0926398304420133,210.0204116555317
