PrincipalComponent,coi,c1i,a1i,c2i,a2i
1,0.2695894915402242,0.794969601262265,26.101535047312787,1.2623567395980153,210.69393002226985
2,0.0258415626017369,0.0374345410221989,28.29614991484397,0.1080072723275039,209.40746858910128
