PrincipalComponent,coi,c1i,a1i,c2i,a2i
1,0.2974748939184756,0.8758206645922597,30.54158245280369,1.3723119119941138,250.0
2,0.0248004750295975,0.0222061761359076,39.20182916034613,0.0700224999600257,222.13849375208383
