PrincipalComponent,coi,c1i,a1i,c2i,a2i
1,0.2448651771436207,0.9481466989392082,32.216694877196225,1.2375680064793635,211.97401835084352
2,0.015650694985488,0.0144122063897705,29.897374682427095,0.008617407919557,211.2989401132883
