PrincipalComponent,coi,c1i,a1i,c2i,a2i
1,0.316038814372338,0.685253786004221,28.94017340974849,1.5508668009617366,210.3736275032563
2,0.0140695158154442,0.0338375145932464,28.811100188138408,0.0235064468698004,210.0000407723715
