PrincipalComponent,coi,c1i,a1i,c2i,a2i
1,0.3079242322338786,0.7488204732789067,31.441504252817097,1.4786603585769684,212.39733363670504
2,0.0129674414166899,0.0334479917324959,29.93001054663947,0.008278815939591,211.23235134150292
