PrincipalComponent,coi,c1i,a1i,c2i,a2i
1,0.2677139104548258,0.9112523767863154,29.390992322336107,1.1615517619051088,250.0
2,0.0236783920556783,0.054145574164186,41.12629201186918,0.0944501396947479,221.58386432236856
