PrincipalComponent,coi,c1i,a1i,c2i,a2i
1,0.3261950141894125,0.6969242421152866,31.553185211563033,1.5256078433346103,212.56052614926065
2,0.0141886654403122,0.0338273204266552,29.92675354608419,0.0151414119280912,211.28840873622835
