PrincipalComponent,coi,c1i,a1i,c2i,a2i
1,0.2283946580841405,0.9977094857219696,31.82419887972736,1.1620916417575142,211.79176334075788
2,0.01475734566822,0.0117342460938325,29.681074137313363,0.0121678828927126,211.12517405351755
