PrincipalComponent,coi,c1i,a1i,c2i,a2i
1,0.2773858219911533,0.8440840079628452,31.89075726469669,1.3726955972181962,212.1558759556464
2,0.014016530281086,0.0254104631340292,29.95795126491123,0.0055695003246971,211.2743733241021
