PrincipalComponent,coi,c1i,a1i,c2i,a2i
1,0.2987224996809644,0.7741571748822792,31.66575438240605,1.4499666137822185,212.15132123145565
2,0.0126160446924802,0.033215024095346,29.827420709898156,0.0057745323258199,211.1943546196513
