PrincipalComponent,coi,c1i,a1i,c2i,a2i
1,0.287093172159879,0.8164920067730377,26.502732139312037,1.1433801089363245,210.8031537628368
2,0.0169655132260886,0.0499089496576553,28.4826993191615,0.1148894441621487,209.54037220279287
