PrincipalComponent,coi,c1i,a1i,c2i,a2i
1,0.3192396052986375,0.7077583531495969,28.963738525764523,1.4995680493386905,210.5173750804005
2,0.0166999029702293,0.0297044638214401,28.89999283776402,0.0428864505432746,210.06730110874048
