PrincipalComponent,coi,c1i,a1i,c2i,a2i
1,0.2095710990871626,1.0522206437208093,31.53336621364224,1.0814599017765278,211.69813207781627
2,0.0118576648362752,0.0173652098678579,29.592120157146702,0.0101691203213484,211.03017632353303
