PrincipalComponent,coi,c1i,a1i,c2i,a2i
1,0.2921179645092913,0.8098796941930502,28.909947065235723,1.282033572243095,210.3734023376638
2,0.0243229512673134,0.0338393863349398,28.812932086687177,0.0936362557594497,210.01755537566993
