PrincipalComponent,coi,c1i,a1i,c2i,a2i
1,0.2032759570078718,1.0803428169210978,31.3061960709881,1.0308975737636592,211.58944109224137
2,0.0100178398111083,0.0241673613237113,29.519306188968308,0.0067034718291537,210.94696948121344
