PrincipalComponent,coi,c1i,a1i,c2i,a2i
1,0.2089512756224143,1.0613176234588575,31.52949132969779,1.0576892833373963,211.66419848189307
2,0.010866659618924,0.0193513698384948,29.579873071200964,0.0100445273591649,211.01915360203915
