PrincipalComponent,coi,c1i,a1i,c2i,a2i
1,0.3396244960258829,0.6747861173946608,28.970597831949128,1.5811289165173834,210.52241419907597
2,0.0138350394063715,0.0276677191688337,28.909701176638727,0.0252125568658147,210.0697316760074
