PrincipalComponent,coi,c1i,a1i,c2i,a2i
1,0.2891653125821227,0.8118065569976588,31.35587696204504,1.4431867109991825,212.15622375591036
2,0.015220305885716,0.0216821641154043,29.72123008998212,0.0064230068484239,211.1085958527213
