PrincipalComponent,coi,c1i,a1i,c2i,a2i
1,0.2804537141250438,0.8439013843701467,27.37376425872522,1.3535050628426606,250.0
2,0.0245449331712502,0.0389180833185161,39.48568063120117,0.0823497179937348,221.0830765003174
