PrincipalComponent,coi,c1i,a1i,c2i,a2i
1,0.3102522160750651,0.8461505318518749,29.64400361617577,1.4719519824357472,250.0
2,0.0197382176405022,0.0231135989374541,39.19155390015957,0.0458178968432999,221.76858381655055
