PrincipalComponent,coi,c1i,a1i,c2i,a2i
1,0.2389063005142525,0.9597641142194896,31.258161248451614,1.2299832436410496,211.68701988575037
2,0.0162846200702457,0.0132215119113571,29.557568281398535,0.0171105440020525,210.954464692746
