PrincipalComponent,coi,c1i,a1i,c2i,a2i
1,0.2710507877279791,0.8607967791879566,31.399322571048053,1.3792065802612083,211.96023077859655
2,0.0162147381706467,0.0169801647238536,29.67205069122287,0.010413389234683,211.06300476232065
