PrincipalComponent,coi,c1i,a1i,c2i,a2i
1,0.3356576927694306,0.6528527700603223,28.950344109709572,1.6269887664706433,210.3995378171553
2,0.0123808626462028,0.0306054869256999,28.799610184231323,0.0115898746375698,210.00403952600016
