PrincipalComponent,coi,c1i,a1i,c2i,a2i
1,0.2551742258035009,0.9121128082176102,31.5838170425639,1.306620222490825,211.83230600935505
2,0.0170298396523264,0.0138336099516852,29.669247175448447,0.0129821522089224,211.07353915859457
