PrincipalComponent,coi,c1i,a1i,c2i,a2i
1,0.2194825538826173,1.0207184970456258,30.997998059436256,1.1250536500797568,211.60100129259243
2,0.0121598368591846,0.0239164409005736,29.496756664228617,0.0153542419048772,210.8768840381689
