PrincipalComponent,coi,c1i,a1i,c2i,a2i
1,0.2782632142850541,0.884511988819289,28.589169308291673,1.2517883713150706,250.0
2,0.0210948949648603,0.0521109823455251,40.83179319898491,0.0788328447545534,221.36888542713316
