PrincipalComponent,coi,c1i,a1i,c2i,a2i
1,0.220297003274782,1.012126807022822,31.004746763825445,1.148767821133263,211.5875852113872
2,0.0131410783730733,0.0212312465528669,29.484551660009863,0.0154226187531089,210.86823671154113
