PrincipalComponent,coi,c1i,a1i,c2i,a2i
1,0.3281579027516206,0.6593499485398159,28.949208153557333,1.621212456483739,210.3975775374672
2,0.0128539331914007,0.0302513290609184,28.790193873097454,0.0069254921217275,209.9999282818052
