PrincipalComponent,coi,c1i,a1i,c2i,a2i
1,0.2976333265292532,0.8567428150010599,27.630449606756592,1.226024168512835,250.0
2,0.0160845279853068,0.0581956537184236,41.49475709725715,0.0904674364173387,220.92251236020337
