PrincipalComponent,coi,c1i,a1i,c2i,a2i
1,0.3078231481585274,0.7127899072640601,28.930900265218565,1.5709784124681276,210.3886027098976
2,0.0128665839531213,0.0291294207859385,28.766478085569528,0.0040914221534667,209.99052012732955
