PrincipalComponent,coi,c1i,a1i,c2i,a2i
1,0.3126213955522031,0.7443642964467824,31.32968359854104,1.521745024796478,212.71071448159685
2,0.0132820837832163,0.0285836756662125,29.877577386513128,0.0028987103315497,211.26462609118
