PrincipalComponent,coi,c1i,a1i,c2i,a2i
1,0.295214402073811,0.8626932583181134,29.353314327833168,1.3833165483682264,250.0
2,0.0225177201664788,0.0360732276632002,39.649326318908265,0.0653823951198517,221.69501652617595
