PrincipalComponent,coi,c1i,a1i,c2i,a2i
1,0.2137974683560942,1.0393728825423827,30.80011414940109,1.0980480065340448,211.4943681582562
2,0.011522776494694,0.0291034012761283,29.42496110232311,0.011873457840844,210.79660968769605
