PrincipalComponent,coi,c1i,a1i,c2i,a2i
1,0.3464080521291724,0.6325252122757199,28.995486441797237,1.6695119052424048,210.5195279940635
2,0.0128854138159617,0.0264582709453157,28.927576689218483,0.0067664552857353,210.07149475414784
