PrincipalComponent,coi,c1i,a1i,c2i,a2i
1,0.2176968899862929,1.0723187234007228,31.116137410607003,1.1488847941387843,250.0
2,0.0143645588725676,0.0365465456180996,39.96579184316313,0.0156813527506236,222.2429171218565
