PrincipalComponent,coi,c1i,a1i,c2i,a2i
1,0.2243606014506406,1.0500690914360402,31.438850585199656,1.1969678436385771,250.0
2,0.015433828869386,0.0262784102260584,39.59319279792248,0.02235573647034,222.2400291489292
