PrincipalComponent,coi,c1i,a1i,c2i,a2i
1,0.3132621159677062,0.711934764497628,28.928831489981032,1.5877298754913791,210.39086120651808
2,0.013616541653638,0.0246637075125243,28.759169397150735,0.0077809070102405,209.9889452222469
