PrincipalComponent,coi,c1i,a1i,c2i,a2i
1,0.2746636431464088,0.919556850275662,32.321613120574,1.4241895063372887,250.0
2,0.019064452901982,0.0140310423085327,39.42203999430424,0.0189761007899664,222.3690147918448
