PrincipalComponent,coi,c1i,a1i,c2i,a2i
1,0.2434894797622813,1.0052529474645333,31.956541620308386,1.275097995808398,250.0
2,0.0185363608925197,0.0150790170549127,39.54601835212029,0.026289146580528,222.35732992471335
