PrincipalComponent,coi,c1i,a1i,c2i,a2i
1,0.325363166171188,0.685783025210214,28.934813950685793,1.6162741777822196,210.40172978131835
2,0.0134108768832031,0.0251372762142513,28.766864385075607,0.007316241277962,209.99446510746432
