PrincipalComponent,coi,c1i,a1i,c2i,a2i
1,0.3213528364218179,0.8222310243893518,28.73972646076262,1.5448398979779745,250.0
2,0.0170101182728645,0.0213390887914668,38.97744497852452,0.0324562275184786,221.5065857567583
