PrincipalComponent,coi,c1i,a1i,c2i,a2i
1,0.3060427215583736,0.8397438835505409,28.44025200080897,1.4590512125744777,250.0
2,0.0197307548283912,0.0335681313721085,39.380745788264065,0.0494538894579873,221.45889446021977
