PrincipalComponent,coi,c1i,a1i,c2i,a2i
1,0.2914561049801629,0.8758116803334044,32.319499087630625,1.4903363221550052,250.0
2,0.0187292161476606,0.017022588731304,39.342907339491816,0.0131410424428245,222.32747001061335
