PrincipalComponent,coi,c1i,a1i,c2i,a2i
1,0.2235657723826768,1.05600890839365,31.35953475218725,1.1745609871920142,249.99999999999997
2,0.0143008032682674,0.0303888016391936,39.73464415687528,0.0211047120774069,222.2477114711707
