PrincipalComponent,coi,c1i,a1i,c2i,a2i
1,0.2667654792835328,0.8809116860303007,30.977345613851387,1.3530125065944003,211.93616817600483
2,0.0176455004253721,0.0140668660342247,29.593286805936415,0.0231728353299181,210.9587066353959
