PrincipalComponent,coi,c1i,a1i,c2i,a2i
1,0.2884127759604908,0.8628785340237035,27.76158017947989,1.3193756011688749,250.0
2,0.0191568823559596,0.0479500240360747,40.12275943130404,0.0708176539973014,221.16784281972556
