PrincipalComponent,coi,c1i,a1i,c2i,a2i
1,0.2922065771590824,0.8211899563960545,26.549905811047164,1.4253047859038672,250.0
2,0.0214934296439306,0.0365466518749969,39.11137730456127,0.0689451589087295,220.8989069289066
