PrincipalComponent,coi,c1i,a1i,c2i,a2i
1,0.3420700505476155,0.7333201064137669,31.11103758679606,1.679580519409699,250.0
2,0.0147825522346212,0.0263569213053661,39.47685819445344,0.0058138618403446,222.06605059668075
