PrincipalComponent,coi,c1i,a1i,c2i,a2i
1,0.3380722345219448,0.7511435006069721,29.718594344632763,1.6528980599260013,250.0
2,0.0144202836694399,0.0254204865732078,39.260952873482765,0.0137464991439464,221.7397505348297
