PrincipalComponent,coi,c1i,a1i,c2i,a2i
1,0.3319588243726812,0.7758037707893514,31.9013679180715,1.642312763158866,250.0
2,0.0205863834184441,0.0160045203617656,39.332695668164966,0.0175367888841309,222.21809598388725
