PrincipalComponent,coi,c1i,a1i,c2i,a2i
1,0.2332467335685191,1.030437491452456,31.35883172107256,1.1975989278591146,250.0
2,0.019958220822391,0.0347437279306204,39.684226072875525,0.0441363562160772,222.25406788824188
