PrincipalComponent,coi,c1i,a1i,c2i,a2i
1,0.3220214997068573,0.8262332310751717,27.121910389200075,1.341351475638591,249.99999999999997
2,0.0178489402017833,0.0407122886291011,39.72465888522324,0.079924803487209,220.82050166051368
