PrincipalComponent,coi,c1i,a1i,c2i,a2i
1,0.3593352590878361,0.6155854711721022,29.007275847045317,1.7099464135686162,210.52498537316688
2,0.0157614924038837,0.020863620375735,28.937333896203697,0.0112110891787535,210.07718615992
