PrincipalComponent,coi,c1i,a1i,c2i,a2i
1,0.2695167126471713,0.9463086585829844,32.612482725900165,1.3707444887585791,250.0
2,0.0259929146105805,0.0101138428697836,39.59117438427651,0.0468176447543805,222.58189901373547
