PrincipalComponent,coi,c1i,a1i,c2i,a2i
1,0.2269533409962851,1.0451656723400766,31.075153269590807,1.1739453124036,250.0
2,0.0201165967969931,0.0425538779262904,39.97100061589991,0.0371805656346394,222.2298505384606
