PrincipalComponent,coi,c1i,a1i,c2i,a2i
1,0.3241991282423185,0.6979596329926131,28.987094321683777,1.618445844296714,210.5226819360537
2,0.0188158337611092,0.0162343605551212,28.923260040615364,0.021689616878043,210.06946406578237
