PrincipalComponent,coi,c1i,a1i,c2i,a2i
1,0.2846680992153902,0.9040107984188562,32.502465824590274,1.44627220516937,250.0
2,0.0250441775431407,0.0086135309727396,39.5320542669371,0.0416748858047909,222.50494942185912
