PrincipalComponent,coi,c1i,a1i,c2i,a2i
1,0.323397821811145,0.8255200725379085,28.4645265564524,1.5276852094941402,250.0
2,0.0172265952031499,0.028251808064148,39.1765140597611,0.0277669494251515,221.45187312320712
