PrincipalComponent,coi,c1i,a1i,c2i,a2i
1,0.3090176240488904,0.8103357372748742,26.60997761505788,1.4910975888042064,250.0
2,0.0199052858201108,0.0278817544844126,38.861101043852585,0.0493406072022246,220.9451413351492
