PrincipalComponent,coi,c1i,a1i,c2i,a2i
1,0.2340608189693288,1.025441038552655,31.44321995417652,1.2197775239310702,250.0
2,0.0210863317019088,0.029356168016075,39.519052278974534,0.0460770464164245,222.2611272838236
