PrincipalComponent,coi,c1i,a1i,c2i,a2i
1,0.2529144669197614,0.9846428961476884,32.047225578800465,1.2955655480269237,250.0
2,0.0250060500103497,0.014405904057779,39.42883232466256,0.0510843486979192,222.4286328190007
