PrincipalComponent,coi,c1i,a1i,c2i,a2i
1,0.355455806362067,0.7180641714611034,31.185893332748662,1.7263724025029104,250.0
2,0.0162851445721042,0.0214458097541431,39.41094272222863,0.0054616594582191,222.05701645215703
