PrincipalComponent,coi,c1i,a1i,c2i,a2i
1,0.3534864798540323,0.7360216868135063,29.79232000838948,1.7077794529326191,250.0
2,0.0140174730565751,0.0209846876497586,39.101272027506354,0.0048067058625442,221.7101363601584
