PrincipalComponent,coi,c1i,a1i,c2i,a2i
1,0.3019043563093171,0.862177548813241,32.515889148592684,1.5150122630155414,250.0
2,0.0243749266229296,0.0092007508922424,39.48107722093122,0.0339359989711818,222.4526543322956
