PrincipalComponent,coi,c1i,a1i,c2i,a2i
1,0.3370049613209744,0.8070409819587162,28.677211944100804,1.6095828572153033,250.0
2,0.0154297539255389,0.0174590013273282,38.9032177738471,0.014824016398584,221.46262420953195
