PrincipalComponent,coi,c1i,a1i,c2i,a2i
1,0.3051679325600153,0.8517839888728675,27.85954892726759,1.382131016566977,250.0
2,0.0176360100223411,0.0391670750460162,39.6515504686783,0.0545766498592927,221.2442980925592
