PrincipalComponent,coi,c1i,a1i,c2i,a2i
1,0.3367576550254709,0.7475700818448222,29.225364040159,1.671545563870242,250.0
2,0.0279652548054722,0.009549228704891,38.785960594845214,0.0447785142988223,221.68017633798317
