PrincipalComponent,coi,c1i,a1i,c2i,a2i
1,0.2369198956030697,0.9834892250587493,28.973949573432744,1.2268118276962512,250.0
2,0.0248365830020252,0.0499077222044451,39.347247837218504,0.0723086419478217,221.74445108912988
