PrincipalComponent,coi,c1i,a1i,c2i,a2i
1,0.3460495306861618,0.7829203322871884,26.4608931697466,1.6678337082829182,250.0
2,0.0172674698695349,0.014199902503111,38.280538618145776,0.0067643924508833,220.90340882333211
