PrincipalComponent,coi,c1i,a1i,c2i,a2i
1,0.360639439744423,0.7104362814266887,27.255782897174328,1.753971320127352,250.0
2,0.0184766067232081,0.0164366418690974,38.40379939983518,0.0107860157635217,221.07522558142713
