PrincipalComponent,coi,c1i,a1i,c2i,a2i
1,0.2725126200877934,0.9055652685599924,29.974997382042307,1.397229993984448,250.0
2,0.0323210379748885,0.0160916558862529,38.858361907649986,0.0805278392294902,222.05236167623772
