PrincipalComponent,coi,c1i,a1i,c2i,a2i
1,0.2378378756835182,0.9794956613076878,29.05889042345632,1.2479620253245758,250.0
2,0.0260813864416458,0.0432539769845998,39.087829165462765,0.0752625452980486,221.7494721730807
