PrincipalComponent,coi,c1i,a1i,c2i,a2i
1,0.2886687868590295,0.8659242223918101,29.91574435877365,1.4724173190647285,250.0
2,0.0318878597289846,0.0112617875650663,38.91181499610936,0.0746167816598991,222.0229412572816
