PrincipalComponent,coi,c1i,a1i,c2i,a2i
1,0.3611744814591658,0.6912428736618386,28.413894854201494,1.764974418182423,250.0
2,0.0225034330957219,0.0156441075977843,38.67097949770068,0.0214828593245865,221.392913215626
