PrincipalComponent,coi,c1i,a1i,c2i,a2i
1,0.3155329213801946,0.8326044570767036,25.80447592329248,1.4590540670579142,250.0
2,0.0174331398292254,0.0321023266623369,38.60263724748784,0.0282708399267671,220.84151055342295
