PrincipalComponent,coi,c1i,a1i,c2i,a2i
1,0.3187568608446299,0.7939084650065508,24.573827594613743,1.5634867195129536,250.0
2,0.0192006910622998,0.0212636355655022,38.09268586672902,0.0245338618631434,220.5066426050251
