PrincipalComponent,coi,c1i,a1i,c2i,a2i
1,0.3060107881914782,0.8284179352229395,29.907975960707855,1.541096117305202,250.0
2,0.0317172735194384,0.0075433897606169,38.95593382797794,0.066002691191602,221.98346502438233
