PrincipalComponent,coi,c1i,a1i,c2i,a2i
1,0.2304261541092521,0.9976178957215008,28.717856379953243,1.2043097760798729,250.0
2,0.0246629747029528,0.0595470679077273,39.77047520886897,0.0633235896521483,221.7200943003233
