PrincipalComponent,coi,c1i,a1i,c2i,a2i
1,0.3282203974339421,0.770861252496706,29.63018834104501,1.6340905602793838,250.0
2,0.0287114473618233,0.0090832177893545,38.85928159706615,0.0496864193726512,221.81581944393247
