PrincipalComponent,coi,c1i,a1i,c2i,a2i
1,0.3326069375820859,0.8036343356510475,26.32267032788292,1.5982271559558394,250.0
2,0.0184797599659212,0.0235994933888181,38.40471083264752,0.0074730771509769,220.91838158094137
