PrincipalComponent,coi,c1i,a1i,c2i,a2i
1,0.2561520440677995,0.9416551947279465,29.522547820644988,1.322177923694804,250.0
2,0.0307292773695456,0.0236396818606269,38.80180663624301,0.0837857529912824,221.91454324445655
