PrincipalComponent,coi,c1i,a1i,c2i,a2i
1,0.356296557418249,0.6969581053307443,29.00085971838181,1.7404232928008778,250.0
2,0.0257624310651821,0.012852853723506,38.751715518554754,0.0311561201714647,221.57210322190952
