PrincipalComponent,coi,c1i,a1i,c2i,a2i
1,0.3312777510645546,0.8102033477154214,25.30357838446825,1.4114379839562794,250.0
2,0.0211369639191913,0.0297196516065277,38.60026972074549,0.0579563919489557,220.60730182517415
