PrincipalComponent,coi,c1i,a1i,c2i,a2i
1,0.34613835743695,0.7375051085760139,27.254638772346325,1.6757859877416483,250.0
2,0.0258700050578152,0.0277046773759005,38.29654544170943,0.0558492504618392,221.21853923575352
