PrincipalComponent,coi,c1i,a1i,c2i,a2i
1,0.2226425524402237,1.0009351291321815,27.683496924533035,1.1574309078702472,250.0
2,0.0262769477146232,0.0839541209968351,40.646661606869294,0.1102606315288348,221.7062360126143
