PrincipalComponent,coi,c1i,a1i,c2i,a2i
1,0.3448553414145944,0.759335017635941,26.23255507090983,1.674341256175383,249.99999999999991
2,0.0217810640411374,0.0278385208610469,38.28531569132634,0.0344131258094389,220.91077018578153
