PrincipalComponent,coi,c1i,a1i,c2i,a2i
1,0.2214379034532122,1.003093851444676,27.572467806677096,1.1387793686607632,250.0
2,0.0252287417698986,0.093519389863033,41.42585780392171,0.1036617743985036,221.75341632743036
