PrincipalComponent,coi,c1i,a1i,c2i,a2i
1,0.3308297174900316,0.8328221757646012,25.643215085974415,1.6029129126141377,250.0
2,0.0202511977148667,0.0251582682118097,38.169808089068646,0.0154378789497941,220.74178852686097
