PrincipalComponent,coi,c1i,a1i,c2i,a2i
1,0.3219334167899356,0.8566580569178962,25.624792343671164,1.5541795619582426,249.99999999999997
2,0.0193116417941206,0.0268267884349918,38.18146619532168,3.098176236261162e-18,220.75045528010213
