PrincipalComponent,coi,c1i,a1i,c2i,a2i
1,0.2149231031576525,1.0150001341883044,27.304323226940216,1.119135757884128,250.0
2,0.0250556403175076,0.1070320284472909,42.54817194512934,0.0898607609931734,221.8190765230447
