PrincipalComponent,coi,c1i,a1i,c2i,a2i
1,0.2745194817088596,0.898978161916335,28.599989759119495,1.3706660484896862,250.0
2,0.0332719614545079,0.035942586256435,38.44884878263737,0.1230642365560553,221.91222279406557
