PrincipalComponent,coi,c1i,a1i,c2i,a2i
1,0.2582039182418577,0.934798700652604,28.58061588925493,1.2981205739778516,250.0
2,0.0327583028068548,0.0453223688509291,38.67947565218831,0.1269393495050434,221.8812709460156
