PrincipalComponent,coi,c1i,a1i,c2i,a2i
1,0.3227895226157862,0.7907216075497866,28.080066312667412,1.5712555892537912,250.0
2,0.030793229567212,0.0241248843117512,38.335802250123294,0.0896343777390435,221.6123606617927
