PrincipalComponent,coi,c1i,a1i,c2i,a2i
1,0.2412355407535164,0.9680110357898378,28.1455355464467,1.2262025118577569,249.99999999999997
2,0.0310469837701516,0.056995663432412,39.10097741658863,0.1266017796788431,221.7471892510693
