PrincipalComponent,coi,c1i,a1i,c2i,a2i
1,0.3141989576402943,0.8129430458045442,28.480291575667948,1.5325079975614762,250.0
2,0.0318310036779343,0.0243286257526207,38.346814052248725,0.0961027378184996,221.76848629521209
