PrincipalComponent,coi,c1i,a1i,c2i,a2i
1,0.3420021564249813,0.7415343297640794,27.78682939602418,1.6461276945810703,250.0
2,0.0286166495254994,0.0262876055361888,38.288291242528054,0.0703806659009215,221.42192857705828
