PrincipalComponent,coi,c1i,a1i,c2i,a2i
1,0.3230149300841358,0.8674956851896376,25.08724936515815,1.3876186650320683,250.0
2,0.0230778073719193,0.0305119377718604,38.26444072934767,0.0236565091481631,220.7154611137538
