PrincipalComponent,coi,c1i,a1i,c2i,a2i
1,0.2918766848904509,0.8649818435381456,28.663564938291287,1.4387458752540891,250.0
2,0.033938989511298,0.028744939849241,38.36099863265443,0.1138124456258075,221.9011209046405
