PrincipalComponent,coi,c1i,a1i,c2i,a2i
1,0.306144181883039,0.8874962382309668,25.31484475320837,1.4324827997667688,250.0
2,0.0174821226819585,0.0359068929730373,38.306703130935944,0.0,220.76467774564637
