PrincipalComponent,coi,c1i,a1i,c2i,a2i
1,0.308640335696558,0.8472219702157561,24.00733093166442,1.5320595194987885,250.0
2,0.0175674179688698,0.0295887562956771,37.904048665867954,0.0,220.3963618234879
