PrincipalComponent,coi,c1i,a1i,c2i,a2i
1,0.298620040995545,0.877907851442154,23.5875375673934,1.4692476221438475,250.0
2,0.0160622614110139,0.0394149934348969,37.93563678406118,0.0027530343897206,220.3390800044224
