PrincipalComponent,coi,c1i,a1i,c2i,a2i
1,0.2995794093197249,0.8373018118386271,27.52762404272953,1.424565570170525,250.0
2,0.0338637688866206,0.0371224603087804,38.33277731939022,0.1474488327534396,221.7027005007444
