PrincipalComponent,coi,c1i,a1i,c2i,a2i
1,0.3141841437409362,0.8980210446804399,24.842013211761294,1.3376111539184856,250.0
2,0.0239807301601185,0.0379694820986371,38.15634031113248,0.0127711851071832,220.6926857309308
