PrincipalComponent,coi,c1i,a1i,c2i,a2i
1,0.3091833545408785,0.8873897115292315,25.125752793292495,1.477900170818735,250.0
2,0.0194549363449748,0.0394508974474425,38.29590925526735,0.0125383219131243,220.6954460759565
