PrincipalComponent,coi,c1i,a1i,c2i,a2i
1,0.3082261323075008,0.815647701834003,27.152079398980728,1.4628298261574215,250.0
2,0.0327522963003271,0.0367494941171902,38.32428432644767,0.1408758212697639,221.55100153507257
