PrincipalComponent,coi,c1i,a1i,c2i,a2i
1,0.2774481069329735,0.8877296727059425,27.726631595371305,1.3326317020073104,250.0
2,0.0355169406458833,0.0432922992577325,38.445945178063795,0.163606596450125,221.8134090347493
