PrincipalComponent,coi,c1i,a1i,c2i,a2i
1,0.2087063399844447,1.0165025172594304,26.806570097523547,1.0628304848139667,250.0
2,0.0272136216863454,0.1100755777463921,42.67364133768922,0.1435721095395795,221.70767457206972
