PrincipalComponent,coi,c1i,a1i,c2i,a2i
1,0.3310795884694532,0.7653552275310428,26.366247828770987,1.5699035659109313,250.0
2,0.028179770995503,0.0381445304893939,38.357380504450674,0.1037995549836945,221.15236345350735
