PrincipalComponent,coi,c1i,a1i,c2i,a2i
1,0.2074038485805156,1.0179876410894426,26.69279064085055,1.0454749501767913,250.0
2,0.0267257525897678,0.120907366075682,43.78354812681481,0.134407754722134,221.79134564735503
