PrincipalComponent,coi,c1i,a1i,c2i,a2i
1,0.3309111881263575,0.7868309581376933,25.465496038587176,1.5762802257862585,250.0
2,0.0231490584820367,0.0391481155798457,38.32239486400086,0.0740809355104157,220.80749819696032
