PrincipalComponent,coi,c1i,a1i,c2i,a2i
1,0.3174020501774832,0.8587231044730659,24.95181090353287,1.5184470514087194,249.99999999999991
2,0.0203939114673737,0.0399866930218175,38.30939975760933,0.0406672738920456,220.64810224568615
