PrincipalComponent,coi,c1i,a1i,c2i,a2i
1,0.2601706805375986,0.92088020731212,27.66672763773451,1.2660837472746178,250.0
2,0.0343821402956065,0.0519738203493285,38.756836937850856,0.1710429974026315,221.80538472828428
