PrincipalComponent,coi,c1i,a1i,c2i,a2i
1,0.3270097710557316,0.76809260958849,26.849153424336013,1.538310026026693,250.0
2,0.0307548149651881,0.0377111617210902,38.31853328792464,0.1208060247129556,221.3600716801583
