PrincipalComponent,coi,c1i,a1i,c2i,a2i
1,0.2440241488727042,0.9544519997587042,27.629793161967985,1.1972068444816106,250.0
2,0.0334877630497038,0.0639996754671588,39.353564218114265,0.1712209223033634,221.74034459044483
