PrincipalComponent,coi,c1i,a1i,c2i,a2i
1,0.2010161136968726,1.0293413946003664,26.452782798991237,1.0269408715192012,250.0
2,0.0268040762397082,0.1364710129568105,45.29096026813069,0.1171405657381434,221.9210042114159
