PrincipalComponent,coi,c1i,a1i,c2i,a2i
1,0.2975572846630949,0.9160324776434686,24.88926814732992,1.3765189307005774,250.0
2,0.0175309535355285,0.0424457513151931,38.345624806575216,0.0,220.7065210054983
