PrincipalComponent,coi,c1i,a1i,c2i,a2i
1,0.2271203022188073,0.9856637038767015,27.231712834619273,1.1282188833308942,249.99999999999997
2,0.0315144181364754,0.0792244400573002,40.22336809779447,0.1662702544685636,221.623332344493
