PrincipalComponent,coi,c1i,a1i,c2i,a2i
1,0.3133783799880747,0.9104966846344696,26.110060726010552,1.3637087471094165,250.0
2,0.0177611865436281,0.0522714907120678,39.12360230323885,0.0631381741928711,221.01658059299308
