PrincipalComponent,coi,c1i,a1i,c2i,a2i
1,0.3215791504868531,0.8178977325546959,28.04253491343789,1.3748057626680947,250.0
2,0.0286979233576989,0.05391773695163,39.225346294226235,0.1502421579788685,221.72806465053972
