PrincipalComponent,coi,c1i,a1i,c2i,a2i
1,0.2018766328329429,1.062741717306421,27.44244928893452,0.9102009021741428,250.0
2,0.0252490045572624,0.1381889588815172,47.456987145483104,0.1537514579412071,222.21610891992557
