PrincipalComponent,coi,c1i,a1i,c2i,a2i
1,0.2965343850609269,0.9286509575876454,24.960688377200785,1.3253565021720308,250.0
2,0.0158332353337484,0.0488985056832083,38.70986103819815,0.0142613550851014,220.79727605660096
