PrincipalComponent,coi,c1i,a1i,c2i,a2i
1,0.3026755263503637,0.866117549240349,28.2439924526136,1.2987966760047809,250.0
2,0.0301902903715178,0.0527790713370726,39.244875406081405,0.1710582687417896,221.87082273683816
