PrincipalComponent,coi,c1i,a1i,c2i,a2i
1,0.2714187755018615,0.93890773895131,28.651743436450317,1.169645443959397,250.0
2,0.0323813125544226,0.0599122633277084,39.65722695607971,0.1924327047488885,222.04816935897773
