PrincipalComponent,coi,c1i,a1i,c2i,a2i
1,0.3256938329211644,0.8368952728329457,26.665799489694543,1.417668267632206,250.0
2,0.0211226076643459,0.0540469805128956,39.260292570770254,0.0999619247486745,221.1868694350652
