PrincipalComponent,coi,c1i,a1i,c2i,a2i
1,0.3126467338273496,0.9495750819176588,26.217534738134862,1.2073543581310773,250.0
2,0.0226574081000945,0.0489251667386437,38.913748907803985,0.0092158148673436,221.15391333988052
