PrincipalComponent,coi,c1i,a1i,c2i,a2i
1,0.2376095292161652,1.0038723885143837,28.398206531478323,1.0382857064057842,250.0
2,0.0300167085467585,0.0843486947259714,41.8115275215928,0.19457412949813,221.92415880478637
