PrincipalComponent,coi,c1i,a1i,c2i,a2i
1,0.2006510390206785,1.0637480774847217,27.332922884526667,0.8934987330559884,250.0
2,0.0246132296642103,0.1521174845615855,49.128566132435296,0.1406320938749109,222.3929895927857
