PrincipalComponent,coi,c1i,a1i,c2i,a2i
1,0.2971970366634753,0.9691827798139796,26.30777421914308,1.2348889103882414,250.0
2,0.0140359569541031,0.0568003639094366,39.17706982371951,0.0011201101863896,221.18844876876133
