PrincipalComponent,coi,c1i,a1i,c2i,a2i
1,0.293843289394626,0.8885732024086496,28.58095805095959,1.260100149882078,250.0
2,0.0311964099097767,0.0528413833046536,39.25156581065418,0.1777678715218524,222.0042108685031
