PrincipalComponent,coi,c1i,a1i,c2i,a2i
1,0.2539770185010983,0.9713366605907414,28.511831466627484,1.1049269618747095,250.0
2,0.0310523130078344,0.0699627267074179,40.44990426177424,0.1977740171884509,222.0044812760273
