PrincipalComponent,coi,c1i,a1i,c2i,a2i
1,0.2207530112947751,1.0335713678921006,27.952433829261256,0.9717866450898824,249.99999999999997
2,0.0284333041444104,0.1023952541503601,43.496812081633166,0.1849244323919305,221.885156832888
