PrincipalComponent,coi,c1i,a1i,c2i,a2i
1,0.3256006400241174,0.8147435708549168,27.583382717217233,1.4081524265989092,250.0
2,0.0262975276913728,0.0545977739051624,39.31293673530818,0.1316798349686959,221.53718512284004
