PrincipalComponent,coi,c1i,a1i,c2i,a2i
1,0.3055192379078021,0.9414027271546116,26.390930443745734,1.3268286231833992,250.0
2,0.0182924674159954,0.0485603916917891,39.025145262491215,0.0303916668456849,221.1058433194212
