PrincipalComponent,coi,c1i,a1i,c2i,a2i
1,0.193952860315518,1.074320087756999,27.04405205312099,0.8767375942586553,250.0
2,0.0254143549169199,0.1701376265921735,51.26827185560609,0.1191674682506157,222.6414729607294
