PrincipalComponent,coi,c1i,a1i,c2i,a2i
1,0.3159101047612388,0.8668922359628131,28.300353548759723,1.1641868802865785,250.0
2,0.0281893915028295,0.0662884972416179,40.29920888063567,0.1697743658802254,221.77459378733403
