PrincipalComponent,coi,c1i,a1i,c2i,a2i
1,0.2276882957381054,1.05634876014264,28.81371010146246,0.8047716055221339,250.0
2,0.0306187102257077,0.0998559130027215,44.583684417285454,0.2193258969799266,221.93171958888956
