PrincipalComponent,coi,c1i,a1i,c2i,a2i
1,0.29322239485191,0.9183026962296356,28.831879258260088,1.0593116742246391,250.0
2,0.0306212702563,0.0660572652079411,40.316825890088445,0.2043204045953266,222.00584177637265
