PrincipalComponent,coi,c1i,a1i,c2i,a2i
1,0.2900856435091255,1.0259468124873008,27.227076955331604,1.001183848143498,250.0
2,0.0168447578092604,0.0614509644139647,39.850886763199185,0.0279687174126385,221.55108239596493
