PrincipalComponent,coi,c1i,a1i,c2i,a2i
1,0.3050416514748998,0.967326405617804,26.947684426838084,1.1140449595843098,250.0
2,0.020224490215446,0.0563630791128714,39.67009871997454,0.1078845292761257,221.26366910134016
