PrincipalComponent,coi,c1i,a1i,c2i,a2i
1,0.2844859714062506,0.940522124481438,29.11114888056875,1.022018965498641,250.0
2,0.0312905097979345,0.0663235218278587,40.34855345128741,0.2101397589952898,222.10157007967575
