PrincipalComponent,coi,c1i,a1i,c2i,a2i
1,0.2440574269004617,1.0237771273949032,28.94488997121871,0.8704867344138302,250.0
2,0.0312739081154259,0.0843878064951607,42.434945923445085,0.2253484312566141,222.02337815004404
