PrincipalComponent,coi,c1i,a1i,c2i,a2i
1,0.1840099477929564,1.1267315033607497,27.448321605393993,0.6450817294359967,250.0
2,0.0282338155032775,0.1979105370357572,58.18947358309219,0.1241018807616464,223.1749032938922
