PrincipalComponent,coi,c1i,a1i,c2i,a2i
1,0.2105606735725164,1.0860961725069564,28.36417811527444,0.7395572198829018,249.99999999999997
2,0.0299644696619195,0.1190951986189878,47.24501280624765,0.2062044575405563,221.9538321190772
