PrincipalComponent,coi,c1i,a1i,c2i,a2i
1,0.1916221607067268,1.1149936885540592,27.83140845265342,0.6789693157387781,249.99999999999997
2,0.0272664534694007,0.1605190454739176,52.99596654088227,0.16670755341083,222.53741920546537
