PrincipalComponent,coi,c1i,a1i,c2i,a2i
1,0.2872599347175547,0.9871386826557808,25.85893740880098,1.0876374161403703,249.99999999999997
2,0.0197850413076489,0.0507783050025867,39.22833106961321,0.0476637147423711,221.10025166096503
