PrincipalComponent,coi,c1i,a1i,c2i,a2i
1,0.3118587530474734,0.8704041424854648,28.69371759398543,1.132486304981582,250.0
2,0.0298647002564025,0.0660403243614104,40.19769616891805,0.1867617674164954,221.9220437944007
