PrincipalComponent,coi,c1i,a1i,c2i,a2i
1,0.1901127559187118,1.1157748564810377,27.69984607676304,0.6635508694968106,250.0
2,0.0272066391081623,0.1774197811475291,55.34653491603583,0.1486656402005547,222.80697120150356
