PrincipalComponent,coi,c1i,a1i,c2i,a2i
1,0.298695203996194,0.9996809345020709,27.282463870344788,1.0840549678605034,249.99999999999991
2,0.0201701404182684,0.0513867537868979,39.4946793589883,0.0670730820945011,221.39725408377208
