PrincipalComponent,coi,c1i,a1i,c2i,a2i
1,0.3103178036454609,1.000614871185344,27.118632961849965,0.9901124021993029,250.0
2,0.0209896954206723,0.05997522586449,39.6919602362774,0.019201160557344,221.5642289267051
