PrincipalComponent,coi,c1i,a1i,c2i,a2i
1,0.3159507738340297,0.8898348663885338,27.423716398589132,1.1700637479426783,250.0
2,0.0237482742413753,0.0636895940824057,40.11188968856505,0.1422485445366331,221.42784179397208
