PrincipalComponent,coi,c1i,a1i,c2i,a2i
1,0.2618922297077308,0.9907221089509344,29.110942840196607,0.93464326786451,250.0
2,0.0321881197164518,0.0742454028064383,41.12725312832093,0.2215712286194825,222.0899061217124
