PrincipalComponent,coi,c1i,a1i,c2i,a2i
1,0.1728508801363094,0.640001295545816,25.816597714710134,0.8275670624776015,209.92087879532775
2,0.118652703536375,0.2210502905290557,27.372827806126633,0.5150955923228214,209.1224938045552
