PrincipalComponent,coi,c1i,a1i,c2i,a2i
1,0.0753040934925299,1.131400568090544,28.41391533789266,0.4341873422981884,250.0
2,0.1136929325377761,0.0727674140949348,33.52453818873913,0.4575310394543834,195.8265719536675
