PrincipalComponent,coi,c1i,a1i,c2i,a2i
1,0.1331909388242362,0.7955756060271275,27.21221023507949,0.6848897859191498,210.10504578794308
2,0.1131389496700097,0.2019739893777227,27.827551968476904,0.4958093336388567,209.5127497642248
