PrincipalComponent,coi,c1i,a1i,c2i,a2i
1,0.1582434257238842,0.6890393104684871,26.14761363254301,0.7828160552756057,209.9012824489721
2,0.1148458616888166,0.2232438375576039,27.522265426863353,0.5057820842243808,209.1699899216168
