PrincipalComponent,coi,c1i,a1i,c2i,a2i
1,0.1330775625866527,0.7519150148162569,23.10842736790453,0.6888808099249003,208.98613038419384
2,0.1015700313797988,0.2853438691161838,27.350917027401703,0.3714398821415566,208.02991347500327
