PrincipalComponent,coi,c1i,a1i,c2i,a2i
1,0.1590932070576392,0.7251559270844129,24.714746571988492,0.7554908641453374,209.41731752121535
2,0.1211292067406675,0.2281941019722376,27.188800347247952,0.4785043653665018,208.6503755921082
