PrincipalComponent,coi,c1i,a1i,c2i,a2i
1,0.1755782289932634,0.6309439918615904,25.277255297925016,0.841728394004982,209.76054828096284
2,0.118120911430554,0.22568372579407,27.308621834171685,0.514990788334292,208.93251684980055
