PrincipalComponent,coi,c1i,a1i,c2i,a2i
1,0.1402018795102748,0.7804856023613754,23.336792346120063,0.6485510459093409,250.0
2,0.1629630050639242,0.2966816168577724,53.89924806074229,0.3122158680565551,223.40587750030792
