PrincipalComponent,coi,c1i,a1i,c2i,a2i
1,0.0752067621735217,1.1491985490704482,28.18580045196043,0.4216463701794378,250.0
2,0.110331324183619,0.0627958791211475,35.011531421546344,0.4493814835567074,192.71563882454225
