PrincipalComponent,coi,c1i,a1i,c2i,a2i
1,0.1080001276622296,0.9429020904145664,28.78286107737275,0.5549641904804191,210.1529990718238
2,0.118572740214136,0.1442978725235373,28.659360885390885,0.4848131385871456,209.80588125822425
