PrincipalComponent,coi,c1i,a1i,c2i,a2i
1,0.1735733233893168,0.6499146361222763,24.5372725923048,0.8267812226416351,209.5087589892133
2,0.1169162693421608,0.2288319717869464,27.208693282872,0.5039470746218291,208.65253054716015
