PrincipalComponent,coi,c1i,a1i,c2i,a2i
1,0.1521796022694411,0.7127551097110787,26.412562295532727,0.7574022844685466,209.93137546201083
2,0.1112356893231047,0.224257672429582,27.634695311072385,0.5016152807233212,209.24028210517528
