PrincipalComponent,coi,c1i,a1i,c2i,a2i
1,0.1339536229089364,0.7615883038029677,22.958867129107865,0.7593699331452025,250.0
2,0.1455343293160006,0.2715452490145748,43.82853114672107,0.3545101846314101,224.33384865442073
