PrincipalComponent,coi,c1i,a1i,c2i,a2i
1,0.1160257264151026,0.8655597112904173,27.692870181864738,0.6248078506237353,210.28094182251365
2,0.115747642268328,0.176167538314068,27.941734365330948,0.4939191742096022,209.74571036421463
