PrincipalComponent,coi,c1i,a1i,c2i,a2i
1,0.0720755346229708,1.1805421205938946,27.85898842774375,0.4063186873707582,250.0
2,0.1041770333833518,0.0547412406998167,35.993303034612275,0.4369041067380232,191.02424379969187
