PrincipalComponent,coi,c1i,a1i,c2i,a2i
1,0.0879966706649612,1.022134736132812,28.104391046371955,0.4937089670259358,210.35785291916903
2,0.114703362400615,0.1146124808615421,28.40673741565306,0.4799505780541502,209.6133255415155
