PrincipalComponent,coi,c1i,a1i,c2i,a2i
1,0.1500154667013322,0.7319188730752139,24.22296883324554,0.7428039164032382,209.2562733421133
2,0.1129084255355064,0.2561841998989744,27.23126840061696,0.4280049175597518,208.44384296697177
