PrincipalComponent,coi,c1i,a1i,c2i,a2i
1,0.0778824182505892,1.1318129454288066,28.133693217494983,0.4247910670892478,245.46545594207475
2,0.1153524632541626,0.0616532504753976,33.343081445791405,0.4565593151912452,193.68093301821213
