PrincipalComponent,coi,c1i,a1i,c2i,a2i
1,0.1538157991649845,0.6745983902774606,26.46404458272932,0.7831960893447885,209.98056946335527
2,0.1244070172983874,0.2200225389311231,27.299754246713,0.5181585930415777,209.34640505857945
