PrincipalComponent,coi,c1i,a1i,c2i,a2i
1,0.1428396139944074,0.7373609866019517,23.27191769019987,0.6887974610478007,250.0
2,0.1710246728362754,0.2885423456392403,48.83155114639385,0.333610402577199,223.4957595132441
