PrincipalComponent,coi,c1i,a1i,c2i,a2i
1,0.1086177280921134,0.9001923743867423,28.77830774939434,0.5812479982400779,210.1175261250781
2,0.1321901090424303,0.1443574306936097,28.650665029553924,0.5017304801343246,209.7739508273471
