PrincipalComponent,coi,c1i,a1i,c2i,a2i
1,0.1386537225830005,0.7162089208074756,22.869527850851025,0.801357445429605,250.0
2,0.1480271718121948,0.2729195582629218,38.86070623890016,0.3698167327987378,224.34039096885675
