PrincipalComponent,coi,c1i,a1i,c2i,a2i
1,0.0806706134035614,1.1029145317905429,28.61313479706354,0.440323766789159,250.0
2,0.1223334660531273,0.0687521155988625,32.28499340410865,0.4684707551473444,193.9160768613364
