PrincipalComponent,coi,c1i,a1i,c2i,a2i
1,0.1601021889864773,0.6505074654994947,26.204951276331883,0.8094962429160457,209.95344683119637
2,0.1279208748793633,0.219364883332487,27.170818021062768,0.5213120331856557,209.28183294854944
