PrincipalComponent,coi,c1i,a1i,c2i,a2i
1,0.1740309260766997,0.6099900264712855,24.379993351231622,0.8606972672671646,209.5141569217136
2,0.1307267364509781,0.2265031162682606,26.967806873061164,0.5127051311716908,208.6615265400838
