PrincipalComponent,coi,c1i,a1i,c2i,a2i
1,0.0965819806241544,0.9752202449113448,28.79589327400575,0.5118167321688425,210.1617448163744
2,0.128747869936161,0.1173642649707598,28.662839782543465,0.496080806802407,209.82175004433955
