PrincipalComponent,coi,c1i,a1i,c2i,a2i
1,0.1316217794365508,0.7453803186685383,23.591015350615432,0.7430149406283292,250.0
2,0.160101708010654,0.3028981054890498,46.54576851278052,0.3042881759237858,223.94069560089085
