PrincipalComponent,coi,c1i,a1i,c2i,a2i
1,0.1735479875497513,0.6020545993509087,25.77282561401581,0.8566046382551251,209.9625744547172
2,0.1321816432007127,0.2167652439942808,26.992702372004604,0.5289431699195457,209.21518897107524
