PrincipalComponent,coi,c1i,a1i,c2i,a2i
1,0.1339865856021683,0.7563649847685808,27.191618732515877,0.7106374723656855,210.22149795520696
2,0.1259036192419411,0.1992845938387523,27.39073974344136,0.5135531413647253,209.66972521457657
