PrincipalComponent,coi,c1i,a1i,c2i,a2i
1,0.1269697538161323,0.8223641710539594,28.75108532901904,0.6405996505832794,210.08042791814344
2,0.1316280718129299,0.1734843118257637,28.637511873620035,0.5088257878932473,209.729495597224
