PrincipalComponent,coi,c1i,a1i,c2i,a2i
1,0.1758551469822704,0.5925180885544602,25.208647642885555,0.8728783871210536,209.77890190640213
2,0.1322822900605759,0.2217920455896945,26.99261497825182,0.5264700705997808,208.99253137447292
