PrincipalComponent,coi,c1i,a1i,c2i,a2i
1,0.1602966690725328,0.6836456413284278,24.59259598932255,0.7917301458005728,209.4348996651701
2,0.1344420037914368,0.2273722854089296,26.9855162809872,0.4847178888562873,208.64850967607583
