PrincipalComponent,coi,c1i,a1i,c2i,a2i
1,0.0805884394762166,1.0854136582488134,28.881743421095223,0.452913672932804,250.0
2,0.1231917608576804,0.0814525024333664,29.65948814238119,0.4768326818661116,197.73921237275505
