PrincipalComponent,coi,c1i,a1i,c2i,a2i
1,0.0665311749982971,1.255554899060772,28.40827120415198,0.359263750426823,250.0
2,0.0907033563263907,0.043878520071547,36.56689646994132,0.3908144623452584,191.479921468693
