PrincipalComponent,coi,c1i,a1i,c2i,a2i
1,0.1711808356115347,0.6925120078006611,26.001708178185886,0.8060716979964916,209.86998906349
2,0.1029290627559148,0.2270650656532134,27.702571414703232,0.4617414710955755,209.10631246708832
