PrincipalComponent,coi,c1i,a1i,c2i,a2i
1,0.1546667767895111,0.7880151428648583,25.30803875927186,0.7129631723904124,209.52438187177532
2,0.1050991053793796,0.2281732004897764,27.49928889051716,0.4334403927085094,208.82062085052044
