PrincipalComponent,coi,c1i,a1i,c2i,a2i
1,0.1365158819885621,0.8410489470492452,23.853794280823287,0.5977760314478788,250.0
2,0.1508487067698943,0.3171249066191658,61.41361931159842,0.2416784344471616,223.4854911204232
