PrincipalComponent,coi,c1i,a1i,c2i,a2i
1,0.0707030771953101,1.2077809466002165,28.955084407714494,0.387354890373083,250.0
2,0.1000792079224084,0.0598242782179337,34.38797643698859,0.4111030952039024,196.6752663964025
