PrincipalComponent,coi,c1i,a1i,c2i,a2i
1,0.1452687113998214,0.7966538543678388,24.876503478493092,0.6943798491725751,209.3732836395479
2,0.0977147043992145,0.2539749186316187,27.53119335726382,0.3885956588416626,208.65396066270097
