PrincipalComponent,coi,c1i,a1i,c2i,a2i
1,0.1280057838513336,0.8163335471666164,23.67523370242231,0.6393713167905297,209.079703866015
2,0.085437114592591,0.283391887937797,27.6210552365766,0.3348448537603488,208.23846448239695
