PrincipalComponent,coi,c1i,a1i,c2i,a2i
1,0.069876449883524,1.22543215569077,28.71692862319454,0.3747958702573096,250.0
2,0.0966425422750848,0.0503920444352971,35.71101395702313,0.4034695826850598,193.2035822399334
