PrincipalComponent,coi,c1i,a1i,c2i,a2i
1,0.1184132304650433,0.9292267345458614,28.789081431090015,0.5836957014882788,210.17706611492025
2,0.1007191008103105,0.1751455597282665,28.67468146374443,0.4368717130441769,209.8271265604991
