PrincipalComponent,coi,c1i,a1i,c2i,a2i
1,0.1542349454792503,0.7509240092101646,26.78426551974877,0.7496364989675974,210.0466597971091
2,0.0988748871906484,0.2252170340608105,27.90143175717949,0.4493796176226121,209.34316879670212
