PrincipalComponent,coi,c1i,a1i,c2i,a2i
1,0.1686538252670853,0.7012320334815063,26.53615666782667,0.7936945862267843,210.0431201626565
2,0.1033798426378146,0.2231045391086902,27.77906271752749,0.4594480771504248,209.2943363473652
