PrincipalComponent,coi,c1i,a1i,c2i,a2i
1,0.1485229818515464,0.7741484430404086,27.05991472017821,0.7247962919353772,210.10029487967316
2,0.0953916220271023,0.2265906848542234,28.004251007550195,0.4442118318569085,209.42883934041893
