PrincipalComponent,coi,c1i,a1i,c2i,a2i
1,0.1393632023745498,0.8561793173300334,28.764055400837194,0.6414518454192835,210.14663853002668
2,0.0983088294513576,0.2031260926828629,28.66137250694006,0.4373993771483443,209.78975827213117
