PrincipalComponent,coi,c1i,a1i,c2i,a2i
1,0.1688018523794427,0.7121766184735921,25.231024631914252,0.788284273329174,209.6066000948048
2,0.101782045315634,0.2290790451113784,27.560368417903227,0.4545441525817811,208.82818017764615
