PrincipalComponent,coi,c1i,a1i,c2i,a2i
1,0.0861659971601378,1.098054086717012,28.85724736774668,0.4473647491839566,210.2908668152323
2,0.1008723745046792,0.1020735402328648,28.721965519627712,0.4314429783171119,209.95302885680468
