PrincipalComponent,coi,c1i,a1i,c2i,a2i
1,0.0999094579121737,1.0118930100103811,28.826318380993527,0.524452201451952,210.2297739951592
2,0.1018258727528992,0.140970515769654,28.697834414749497,0.4294511213933258,209.8869765310373
