PrincipalComponent,coi,c1i,a1i,c2i,a2i
1,0.1344221745994688,0.7849715135058091,22.99079108808587,0.6948556273825378,208.85991121597968
2,0.0905359877445598,0.2588354189624285,27.17803239252082,0.3711643215291552,207.9951668858568
