PrincipalComponent,coi,c1i,a1i,c2i,a2i
1,0.1618245441261927,0.8558691588614167,28.839033100008496,0.7378569254017358,210.26197482958105
2,0.0804865807359185,0.1920872339195513,28.746014850900544,0.3491677343767262,209.91196097060225
