PrincipalComponent,coi,c1i,a1i,c2i,a2i
1,0.1715577293702181,0.8007113196756728,27.675313055871523,0.7919356643668043,210.45284067232956
2,0.0868200766946376,0.1912550555690312,28.59215764358406,0.3703182247004568,209.7155860500325
