PrincipalComponent,coi,c1i,a1i,c2i,a2i
1,0.1673850202696107,0.8208554079185603,26.80219784121859,0.7699933426390718,210.09290090318655
2,0.0866186017187921,0.1918446884326595,28.34108887804827,0.3694834804231094,209.38980498308084
