PrincipalComponent,coi,c1i,a1i,c2i,a2i
1,0.1305117529183175,0.9276431234466964,25.208209872133875,0.5902950674618643,209.55677651440917
2,0.068100505896334,0.2402202797786778,28.188216177919283,0.2823902006582224,208.84409483862424
