PrincipalComponent,coi,c1i,a1i,c2i,a2i
1,0.1130948735952028,1.1241915351633225,30.696346097237193,0.5162876556037452,211.24563688572837
2,0.0792413827686206,0.1047761474879759,29.344235479171346,0.31903091108991,210.77613325002105
