PrincipalComponent,coi,c1i,a1i,c2i,a2i
1,0.0755362105841968,1.3597512897221546,30.200049222862265,0.3195668086026845,211.04903155710804
2,0.0710587813864772,0.0129057026071151,29.2038377970672,0.3038261203522417,210.58625750696984
