PrincipalComponent,coi,c1i,a1i,c2i,a2i
1,0.1434556470737389,0.917359869613684,24.903644503198414,0.5439369750753038,209.4270288031404
2,0.0763155774080991,0.2265127862450542,28.101031214564685,0.3102076989045445,208.7075948621992
