PrincipalComponent,coi,c1i,a1i,c2i,a2i
1,0.1485020468349338,0.9111010557809928,26.57458253760126,0.6478649584597569,209.9116674767611
2,0.0815414932964642,0.2087951272913774,28.236128041952195,0.3297583746865205,209.29650359137807
