PrincipalComponent,coi,c1i,a1i,c2i,a2i
1,0.1305343359075471,0.9670213694685202,28.879246369869563,0.6542599552061096,210.3171379297661
2,0.0767380039794483,0.1688402999538499,28.766683074073132,0.3317373803503389,209.97551913009065
