PrincipalComponent,coi,c1i,a1i,c2i,a2i
1,0.0804162451717841,1.333155576088064,30.614568980520776,0.3324710293046707,211.23385440269524
2,0.0761134434283038,0.0154767268975161,29.349795907614357,0.3168610918024467,210.75658849136045
