PrincipalComponent,coi,c1i,a1i,c2i,a2i
1,0.12443181314446,1.0413114998762627,30.17225821310761,0.5817133326706327,211.04394378857177
2,0.0787343128784043,0.1392577066887254,29.1845152085481,0.3286479301394674,210.56967738395323
