PrincipalComponent,coi,c1i,a1i,c2i,a2i
1,0.1534518571227073,0.8802735164257708,28.84591014399936,0.7171012213965376,210.27065849574393
2,0.0770792927629942,0.1932394470245231,28.74972836763411,0.3419187971293201,209.9224959498784
