PrincipalComponent,coi,c1i,a1i,c2i,a2i
1,0.0809730017791538,1.309201907570409,30.549385977158312,0.357349324018991,211.2169080691829
2,0.0762539694698923,0.0282019117515266,29.33081277544261,0.3171323476906856,210.73477493703095
