PrincipalComponent,coi,c1i,a1i,c2i,a2i
1,0.0983093782296399,1.2104548949252694,30.584060529362556,0.4387088049119145,211.2469728139191
2,0.0784902900336878,0.0662934282408876,29.34025346791521,0.3216304648965075,210.75359463369833
