PrincipalComponent,coi,c1i,a1i,c2i,a2i
1,0.1385949910795185,0.8909520724843271,24.59433502575943,0.6514509409562945,209.3306218498924
2,0.072527446378636,0.2192498377762141,27.78973318222538,0.3141882827339347,208.61277135395335
