PrincipalComponent,coi,c1i,a1i,c2i,a2i
1,0.176027455500702,0.8060681780822918,28.83341003488571,0.7771820649021656,210.24621342318275
2,0.0862816123794838,0.1896785291875663,28.742958767548153,0.3631298866661701,209.89365158939185
