PrincipalComponent,coi,c1i,a1i,c2i,a2i
1,0.1550127476719462,0.8983571278473027,26.76611981888836,0.6832799045856155,210.01620801152097
2,0.0888263634697825,0.1885066116214706,28.226781913527784,0.3597967448357722,209.37052458607
