PrincipalComponent,coi,c1i,a1i,c2i,a2i
1,0.1584260628942153,0.9772210604422468,27.83526549360961,0.6596866467764669,210.4393103051421
2,0.0685853263761765,0.1538862850522379,28.599629810092072,0.2908033391134886,209.83322716237416
