PrincipalComponent,coi,c1i,a1i,c2i,a2i
1,0.12629708195209,1.1752220692600597,31.58451192618221,0.5815768103567953,211.58668384487075
2,0.059255985081072,0.0691014126357277,29.653221175907543,0.2256832081611215,211.07223444026607
