PrincipalComponent,coi,c1i,a1i,c2i,a2i
1,0.1655798239059165,0.9401697091359345,30.173467269389484,0.7709243253243658,211.2960409465848
2,0.0612586305451355,0.148311140136615,29.34760174591441,0.2578652247097984,210.6357228867175
