PrincipalComponent,coi,c1i,a1i,c2i,a2i
1,0.0892599626969659,1.3945885007267145,31.246112032429195,0.3784498813038988,211.41352705110248
2,0.0498835989301067,0.0,29.519985740024733,0.2088295515371951,210.95269407333848
