PrincipalComponent,coi,c1i,a1i,c2i,a2i
1,0.1111795087516925,1.2540471655902874,31.36941062786812,0.5078353259617399,211.50054785033956
2,0.0581192884405391,0.0378165693126802,29.587198783007445,0.2255370462378798,210.99640892818377
