PrincipalComponent,coi,c1i,a1i,c2i,a2i
1,0.1408961419065601,0.9940414443749452,26.58428179996437,0.5943611973282535,210.0493608449576
2,0.0569525663599585,0.1824988290597152,28.434834903252316,0.2513541618610934,209.38414911341303
