PrincipalComponent,coi,c1i,a1i,c2i,a2i
1,0.0925729210999099,1.3644882168023782,31.3260144176553,0.4044055886672872,211.45553572054743
2,0.0555074448987523,0.0,29.55517377717149,0.2180943772409952,210.98221302344336
