PrincipalComponent,coi,c1i,a1i,c2i,a2i
1,0.1484149040805431,0.9548940265062792,25.93494180121038,0.6589851452339829,209.81604242988325
2,0.0616572629451381,0.1631704636615732,28.092881691223745,0.2812574792981675,209.1514130764305
