PrincipalComponent,coi,c1i,a1i,c2i,a2i
1,0.1369062778247654,1.0974013642269302,31.130590477002983,0.6451044861598962,211.47768926780944
2,0.0598858985694118,0.0982051170603442,29.528668650214755,0.2372740018156074,210.9257108700892
