PrincipalComponent,coi,c1i,a1i,c2i,a2i
1,0.1501162877990864,1.024770541331986,30.65947850645891,0.7064650890312207,211.3780911756483
2,0.059153693918225,0.1258387908458791,29.43369453796383,0.2420686755030674,210.77206776745896
