PrincipalComponent,coi,c1i,a1i,c2i,a2i
1,0.1798089584913716,0.8571611646032242,28.911579982562735,0.8394956421367981,210.39128209587227
2,0.073077300494002,0.1470249440729497,28.812198446172623,0.2966362567581445,210.03920725888185
