PrincipalComponent,coi,c1i,a1i,c2i,a2i
1,0.1839235678876304,0.8760735306714924,28.895985236386203,0.8003370803961237,210.3912691448203
2,0.0741700790002939,0.1466723309555167,28.810015331681896,0.3040645151443042,210.0418946792153
