PrincipalComponent,coi,c1i,a1i,c2i,a2i
1,0.0930803570535001,1.3438452033359762,31.257585621166783,0.4287750326831822,211.43966870868172
2,0.0561883309929871,0.0085553310400505,29.54101674010532,0.2194145169490583,210.95480888725336
