PrincipalComponent,coi,c1i,a1i,c2i,a2i
1,0.1527878474703981,0.9797300039724468,26.041602082420827,0.5569869675430047,209.8627926784063
2,0.0630520425654037,0.1734208174985215,28.31542354936652,0.2734923783995057,209.1914264914905
