PrincipalComponent,coi,c1i,a1i,c2i,a2i
1,0.1618812556986525,0.914973509508498,28.926068923820974,0.8049373649570517,210.4393661169525
2,0.0639377131373546,0.1476293359515974,28.819251027055767,0.2675100967559893,210.05510141731028
