PrincipalComponent,coi,c1i,a1i,c2i,a2i
1,0.1747799652481806,0.864431903242545,28.929437368183645,0.8404214474055552,210.41207039341347
2,0.0713738991695778,0.1458546807177329,28.83106485794307,0.2850296549549065,210.05083086113385
