PrincipalComponent,coi,c1i,a1i,c2i,a2i
1,0.1630894844740104,0.9631063722785776,27.91791377690264,0.7083056001452057,210.5635036384197
2,0.0762339483986159,0.135583409095473,28.60575760059703,0.3088827755152139,209.8956802333129
