PrincipalComponent,coi,c1i,a1i,c2i,a2i
1,0.1616980561829748,0.9714629427187752,26.38969260340225,0.7197759805381555,210.0657128573354
2,0.059304736042844,0.1114993497438483,28.15808199494659,0.2528568577679731,209.3292345345406
