PrincipalComponent,coi,c1i,a1i,c2i,a2i
1,0.1891288385981424,0.8731214847070494,28.94985854467259,0.9440725051844828,210.47098508595684
2,0.0626675334945043,0.103375664615563,28.843515035153747,0.2187558066362283,210.06903728407656
