PrincipalComponent,coi,c1i,a1i,c2i,a2i
1,0.154600333982271,1.014122631224953,27.136324824742243,0.6485307069241605,210.29285584606967
2,0.0553811853412014,0.1270015123603344,28.454492768948622,0.2283905844660992,209.57655549044213
