PrincipalComponent,coi,c1i,a1i,c2i,a2i
1,0.1104721300065434,1.321253595436802,31.198356765457486,0.54465354769246,211.3877945226999
2,0.0411577169270537,0.0,29.5024818559215,0.1415996545557684,210.9041139636332
