PrincipalComponent,coi,c1i,a1i,c2i,a2i
1,0.1878857495601919,0.9237578517682168,30.14948158040743,0.8983580553406882,211.43373231090192
2,0.0553659614259515,0.1058036153118306,29.35443131688792,0.1969204002348383,210.66575618802736
