PrincipalComponent,coi,c1i,a1i,c2i,a2i
1,0.1668806468955799,1.029776571585756,30.75772819532434,0.8155736405634209,211.42110630858247
2,0.0484961424269375,0.0874406558497701,29.46052468870945,0.1692718933746085,210.80665961449895
