PrincipalComponent,coi,c1i,a1i,c2i,a2i
1,0.1683349245824457,0.9945381533222124,26.488526949340972,0.6187609562334083,210.1015163787908
2,0.0583878074189566,0.1233611116802166,28.312255244583667,0.2442937129579794,209.3570246529103
