PrincipalComponent,coi,c1i,a1i,c2i,a2i
1,0.1932574918797493,0.8895318120769966,28.930344192124352,0.8876768544777686,210.48318653652916
2,0.070331634445371,0.0998706777092211,28.832904416176067,0.2537509166531357,210.0727980343067
