PrincipalComponent,coi,c1i,a1i,c2i,a2i
1,0.1818750355281541,0.9488036700662434,30.360287813676464,0.8766189727208313,211.41196690030708
2,0.051759364884636,0.1064557460449418,29.401249526377025,0.1875211881101921,210.70536196944445
