PrincipalComponent,coi,c1i,a1i,c2i,a2i
1,0.1428185153025525,1.1693312413700174,31.537632526485915,0.6948811777540291,211.5463958742099
2,0.0469201086015321,0.0416037059326752,29.63945510346697,0.1510613309272317,211.03448859566916
