PrincipalComponent,coi,c1i,a1i,c2i,a2i
1,0.1927025912313695,0.8677043713587791,28.945965312081004,0.9381735258525604,210.47997201712235
2,0.0657683370820896,0.1030152622306138,28.850969064316736,0.2350648977220929,210.0717574818995
