PrincipalComponent,coi,c1i,a1i,c2i,a2i
1,0.1056333641422359,1.365871672342965,31.12306446944565,0.4955250996151825,211.3496366282316
2,0.033225424800195,0.0,29.458985520876375,0.1300124401216594,210.875936275685
