PrincipalComponent,coi,c1i,a1i,c2i,a2i
1,0.1097149396599579,1.3388417122543017,31.25410130431999,0.5212883802860846,211.41091999211167
2,0.0369747067056319,0.0,29.51249557038718,0.1368578794168693,210.9272204676307
