PrincipalComponent,coi,c1i,a1i,c2i,a2i
1,0.1538224521043226,1.0980974090965787,31.17176501387346,0.7561669844203084,211.48466278663113
2,0.0483318888018884,0.0641558703754778,29.549171999837085,0.1633829020808969,210.92576031420649
