PrincipalComponent,coi,c1i,a1i,c2i,a2i
1,0.1279436490177203,1.2402606594068253,31.308539795893047,0.6235309503658265,211.4698561640443
2,0.045327805338502,0.0180772235951077,29.553324166496612,0.1490048538227825,210.9567692726602
