PrincipalComponent,coi,c1i,a1i,c2i,a2i
1,0.1819687889011595,0.977681006639318,28.935001547167197,0.7713283973369353,210.50456619918393
2,0.0738384665662048,0.0857687584345844,28.82774483798668,0.2707120987531815,210.08399075340367
