PrincipalComponent,coi,c1i,a1i,c2i,a2i
1,0.1806825955541996,0.992453121677378,28.915065484565563,0.7173052759473872,210.502524104021
2,0.0637584743412348,0.1031244527895178,28.805024308866013,0.2573506190563743,210.08432552910787
