PrincipalComponent,coi,c1i,a1i,c2i,a2i
1,0.2057088624854007,0.9042865257417284,30.3869832337684,1.024551994304262,211.54686897410593
2,0.0420252912026538,0.0803052672109685,29.40813691644612,0.1451435143359281,210.744970235453
