PrincipalComponent,coi,c1i,a1i,c2i,a2i
1,0.2190639215260533,0.8538385843595783,30.482643114377954,1.0559588436312606,211.6133595638973
2,0.0489176601738656,0.0787875639961642,29.428360353199984,0.1666869289985302,210.79854889713593
