PrincipalComponent,coi,c1i,a1i,c2i,a2i
1,0.1993713671273272,0.9292418439194104,30.609250460610408,1.0026620449581136,211.5165338436156
2,0.0392771161142961,0.0802875358472702,29.45265471600553,0.1361655609617492,210.7872843246568
