PrincipalComponent,coi,c1i,a1i,c2i,a2i
1,0.1945069755117411,0.9732948303828884,28.932400367892264,0.8216028550242795,210.48524191205397
2,0.0531051571330656,0.07675310358861,28.82194378865113,0.2294970545408418,210.06777919333615
