PrincipalComponent,coi,c1i,a1i,c2i,a2i
1,0.2092755247887542,0.8470958809292527,28.950254480264913,1.0651504375111909,210.45367487407216
2,0.0525669416483095,0.0774235496738645,28.856056894725853,0.1850868121001351,210.05663150556356
