PrincipalComponent,coi,c1i,a1i,c2i,a2i
1,0.1860730097242398,0.9745549080156252,26.63456386032079,0.7160887993884103,210.21768541880428
2,0.046110052826401,0.097212493965383,28.326074617341373,0.2213177753159083,209.41645325475295
