PrincipalComponent,coi,c1i,a1i,c2i,a2i
1,0.1220450933433976,1.294802284221698,31.18668462872574,0.6491358271863041,211.35018679635348
2,0.0247349371131356,1.5037177428752424e-18,29.477821076868267,0.0875457373494996,210.88008247031155
