PrincipalComponent,coi,c1i,a1i,c2i,a2i
1,0.2082300974810245,0.8701679172980151,28.94047874652765,1.007272418996021,210.45617860117483
2,0.0581161097843785,0.0741132584761896,28.84457758462101,0.2105229475880977,210.06285809519315
