PrincipalComponent,coi,c1i,a1i,c2i,a2i
1,0.1228839057956301,1.2796552510401369,31.14128964361001,0.6721238175636075,211.33876215095185
2,0.0274134739172455,9.823943421526324e-19,29.472129132285215,0.0912722499185048,210.86450241525367
