PrincipalComponent,coi,c1i,a1i,c2i,a2i
1,0.1570079224067232,1.1394675986207436,31.58852386263031,0.8216860478900001,211.53588844467976
2,0.035177489846011,0.0261859199865503,29.646912055361156,0.1014663424138247,211.0339773982415
