PrincipalComponent,coi,c1i,a1i,c2i,a2i
1,0.1792497129573566,0.9522168039118294,26.558019230957825,0.8194370723283123,210.19520993707073
2,0.0474410645458393,0.0846753856370619,28.208690789415588,0.2272001726923379,209.3980494350968
