PrincipalComponent,coi,c1i,a1i,c2i,a2i
1,0.1832665412649425,1.008376358001306,30.95504575594096,0.9413078004293468,211.4915820145876
2,0.0363211455602319,0.0636419692567503,29.519372440411047,0.1184990261726827,210.86169334569908
