PrincipalComponent,coi,c1i,a1i,c2i,a2i
1,0.1175335423591353,1.319757074544057,31.048068094003813,0.6226466844239019,211.3013641717484
2,0.0226611968446113,1.3096997712453529e-18,29.423728962000812,0.0825884075349772,210.8310980643853
