PrincipalComponent,coi,c1i,a1i,c2i,a2i
1,0.1690904957736808,1.0728235927546788,31.268514519386656,0.8833057378663494,211.49673022298316
2,0.0361591731677879,0.0441798364769614,29.57571344722072,0.1126047794075761,210.94163064278985
