PrincipalComponent,coi,c1i,a1i,c2i,a2i
1,0.1947333469922213,0.9587187231338808,28.94451717445685,0.8808829668384718,210.48363216094415
2,0.0642639077079124,0.0588974155202289,28.83641214788923,0.2379567740373402,210.07261751877945
