PrincipalComponent,coi,c1i,a1i,c2i,a2i
1,0.1416169683408568,1.2047707732924955,31.33335258916851,0.7509137628839692,211.426459797688
2,0.033852527121626,0.008226581179421,29.555295556323134,0.0991746494625206,210.93913076032013
