PrincipalComponent,coi,c1i,a1i,c2i,a2i
1,0.1706214228627942,0.9979341939726372,27.37772011324023,0.741127963313484,210.4160704157584
2,0.0455141544603322,0.0971857556413318,28.483316983589727,0.209083752114693,209.6646083164594
