PrincipalComponent,coi,c1i,a1i,c2i,a2i
1,0.1957220561369241,1.009557776202156,31.572840912532904,1.0651468621267877,211.61626929133243
2,0.024750144158013,0.0271676981877996,29.67881247570171,0.0586178846504885,211.0378675133608
