PrincipalComponent,coi,c1i,a1i,c2i,a2i
1,0.1480336291779028,1.1952215150705408,31.3019914214888,0.851424609423024,211.41851357331657
2,0.0187477749509771,0.0,29.4928075368772,0.0435636008385263,210.9048960454722
