PrincipalComponent,coi,c1i,a1i,c2i,a2i
1,0.2207609334250749,0.9065453549061948,28.92721363837618,1.0579050042291325,210.42743025886583
2,0.0519249895446558,0.0301170067489125,28.837208354479937,0.1910314910418744,210.0497081524844
