PrincipalComponent,coi,c1i,a1i,c2i,a2i
1,0.182855394151477,1.0703922336447969,31.86847007273293,1.0010897291807186,211.6248035970087
2,0.0241498140293971,0.0149070193725589,29.72998788996794,0.0504839661310474,211.113089261537
