PrincipalComponent,coi,c1i,a1i,c2i,a2i
1,0.2492642172395071,0.802073487616936,30.867064272070735,1.242023306517341,211.72576291273273
2,0.0347726747274096,0.0501186270516253,29.573852079616017,0.1076878859181924,210.9041936140115
