PrincipalComponent,coi,c1i,a1i,c2i,a2i
1,0.1670853046511452,1.1284825961190763,31.523214818100563,0.9305711490411004,211.54376342276828
2,0.0226331892718238,0.0039230798855587,29.612417619979063,0.0490230265714923,211.00460494597647
