PrincipalComponent,coi,c1i,a1i,c2i,a2i
1,0.2361487932305329,0.8192680821942461,28.91667420125403,1.1925059631845705,210.38991911258395
2,0.0441577311589275,0.0436078553799064,28.831477387319595,0.1554995128263761,210.02323926752345
