PrincipalComponent,coi,c1i,a1i,c2i,a2i
1,0.1425954578056362,1.2306038231315224,31.188639000175385,0.8006012981480243,211.38442762805684
2,0.0168798486591299,8.494126650325719e-19,29.43388222169834,0.0388559518773609,210.8659190764465
