PrincipalComponent,coi,c1i,a1i,c2i,a2i
1,0.2280251450717948,0.8768997039210744,31.00339978786086,1.1857539209534018,211.63286789513347
2,0.0267380453028171,0.0526439154957462,29.583910173102996,0.0794203689656245,210.90163526060152
