PrincipalComponent,coi,c1i,a1i,c2i,a2i
1,0.2171722596354259,0.9227745137902028,28.925401851722143,0.9837407273415012,210.4405912997956
2,0.0444971642537685,0.046082750433429,28.8393140514853,0.1972909575418993,210.05760575026733
