PrincipalComponent,coi,c1i,a1i,c2i,a2i
1,0.250197538564996,0.7975883003268073,30.522926854554907,1.2383004451640771,211.70793497372463
2,0.0380279660896521,0.0484219053423699,29.496744717785703,0.1255539175319645,210.8237033687488
