PrincipalComponent,coi,c1i,a1i,c2i,a2i
1,0.1986389992922086,0.9483636602381684,27.47845428778277,0.8958454093657942,210.55993620071953
2,0.0340242701109578,0.065148998793823,28.55379306987721,0.1819473930361661,209.72680734182524
