PrincipalComponent,coi,c1i,a1i,c2i,a2i
1,0.1476278371902662,1.2075612388053178,31.34414646770124,0.8282444486828883,211.43980209378097
2,0.0172916610867007,0.0,29.497904170273326,0.0416324855135945,210.92198463326525
