PrincipalComponent,coi,c1i,a1i,c2i,a2i
1,0.2132086871780783,0.9220235714101164,26.634530283419533,0.8731956101371103,210.33804899878044
2,0.034681553537806,0.0684452164585276,28.35837874005354,0.1923652243902781,209.4443756423072
