PrincipalComponent,coi,c1i,a1i,c2i,a2i
1,0.2349026954836697,0.8518483414427448,30.73946615464609,1.2091646271311698,211.64577043539893
2,0.02897589084968,0.0521259190194133,29.531905442801968,0.0876566896192101,210.8413399574863
