PrincipalComponent,coi,c1i,a1i,c2i,a2i
1,0.2049708691257776,0.9008609251262736,26.578425751382532,0.9785155223086116,210.31792126424892
2,0.0378597187735603,0.0545120442258868,28.27076546411869,0.1960276019091713,209.43778443645812
