PrincipalComponent,coi,c1i,a1i,c2i,a2i
1,0.2108140439453182,0.951289719079468,31.322994442681622,1.122633894577293,211.6360495930009
2,0.0248219999219564,0.0403867464282864,29.63947716549968,0.0641143474537687,210.98206280991388
