PrincipalComponent,coi,c1i,a1i,c2i,a2i
1,0.2151423570741341,0.8858368268150083,26.610031306411475,1.0201570395205817,210.35767343498335
2,0.0362845428814252,0.0480001080080029,28.2981481415801,0.187053655124267,209.45887693193424
