PrincipalComponent,coi,c1i,a1i,c2i,a2i
1,0.2476297101283884,0.8372772652489664,31.002205667923143,1.2540361500606467,211.67544660469653
2,0.0257566229494387,0.045619301335834,29.595741166685315,0.0737504483019332,210.91261508072017
