PrincipalComponent,coi,c1i,a1i,c2i,a2i
1,0.2249596739056631,0.9065491492643146,26.675170356024076,0.9145623271574724,210.38719489381785
2,0.0315901182959239,0.0624146034795571,28.383347462435463,0.1835529950816901,209.4667481463256
