PrincipalComponent,coi,c1i,a1i,c2i,a2i
1,0.2098756539730088,0.9329591438432258,27.549769700981013,0.9375418064189168,210.62283229850271
2,0.0316382784709592,0.0590629676452646,28.59666537424543,0.1725731590057418,209.7627420444093
