PrincipalComponent,coi,c1i,a1i,c2i,a2i
1,0.178675267973972,1.107103484136685,31.700542633939257,0.972610582656082,211.5553772358352
2,0.0198021539297086,0.0044576716757304,29.636892979179713,0.0385139596434141,211.043825411154
