PrincipalComponent,coi,c1i,a1i,c2i,a2i
1,0.262194667559682,0.787233413698308,31.101590195506997,1.2887308010758989,211.73396411562288
2,0.0309677023126404,0.0438852212211926,29.629790280086972,0.0924069664392243,210.96126769812736
