PrincipalComponent,coi,c1i,a1i,c2i,a2i
1,0.2482942322737695,0.8036352950941968,28.906419005682455,1.242853322603254,210.36498648354552
2,0.0400458203655627,0.0374452559672883,28.82580072189381,0.1387974934457541,210.00835479333423
