PrincipalComponent,coi,c1i,a1i,c2i,a2i
1,0.1542779910714394,1.204496151002327,31.31779077656226,0.8434441262412087,211.4427230011026
2,0.0153615685854764,0.0025559043597821,29.45566251398814,0.0294171814521828,210.90844632601392
