PrincipalComponent,coi,c1i,a1i,c2i,a2i
1,0.1946756457065975,1.0509788192460234,32.07751814934045,1.0431387367446534,211.6727006188116
2,0.0214325702203296,0.01338680099988,29.77682986036469,0.0397472312022174,211.17394713842285
