PrincipalComponent,coi,c1i,a1i,c2i,a2i
1,0.2331239102716072,0.8890962017016442,28.91082700573159,1.1081607636395143,210.39546226713875
2,0.0471034331731998,0.0262731293682969,28.81910444575854,0.1742837431832588,210.03201336203085
