PrincipalComponent,coi,c1i,a1i,c2i,a2i
1,0.2407376521179413,0.8624654154196363,31.296471575914527,1.2296006159923296,211.6826152224032
2,0.0236824521744128,0.0461820538204499,29.65955085891308,0.0661376833214441,210.9864408960587
