PrincipalComponent,coi,c1i,a1i,c2i,a2i
1,0.1589197218592306,1.1828432083604334,31.466480463058524,0.8709971648194165,211.49306042198543
2,0.0165147219346288,0.0004147228381392,29.515363921380573,0.0328323847581724,210.9610074998345
