PrincipalComponent,coi,c1i,a1i,c2i,a2i
1,0.2630801803932645,0.7824284734568051,30.697931072576697,1.2863423526043043,211.66235632698584
2,0.0339231170928083,0.0422881768260027,29.531794368195367,0.1095323769549321,210.84792933724
