PrincipalComponent,coi,c1i,a1i,c2i,a2i
1,0.2274968540755103,0.9069776075516038,28.91413122355133,1.0279844074553193,210.42232368789237
2,0.0418593221480885,0.0403442994376325,28.830320123818144,0.1867614930148544,210.0468727317756
