PrincipalComponent,coi,c1i,a1i,c2i,a2i
1,0.223055901317162,0.9355547920220711,31.583357743781395,1.1651562247318634,211.66864499687392
2,0.0219676909750162,0.0353565986918144,29.705576346353165,0.0522658094192222,211.05217514437356
