PrincipalComponent,coi,c1i,a1i,c2i,a2i
1,0.2077470373779269,0.9921041119517812,31.807121162124577,1.1075309652134298,211.65492628959433
2,0.0220022602178158,0.0237377188597636,29.73628938358334,0.047242686000385,211.10322601160752
