PrincipalComponent,coi,c1i,a1i,c2i,a2i
1,0.1597264116873364,1.1710013569136282,31.45646098470421,0.8939524350702974,211.4948335951208
2,0.0172259747796196,0.0009585736540706,29.527539443265177,0.0340809565306512,210.96008588598988
