PrincipalComponent,coi,c1i,a1i,c2i,a2i
1,0.177081261036933,1.1319374985564783,31.608515340804647,0.9628141668401804,211.6307601613332
2,0.0127955317456953,0.0071265299098744,29.568131031763343,0.0199244809122682,211.0269563052227
