PrincipalComponent,coi,c1i,a1i,c2i,a2i
1,0.1710441963721568,1.162889015434692,31.420921498485814,0.913172819429458,211.56980455951177
2,0.01097848087796,0.0112883096083208,29.49826889749945,0.0150336235155774,210.9640899041122
