PrincipalComponent,coi,c1i,a1i,c2i,a2i
1,0.2597953016472937,0.8372246792672265,31.639194413812028,1.3031655666669468,211.82162672467712
2,0.018907414497159,0.0387157252557186,29.768926837923473,0.0453906228965863,211.10653838328307
