PrincipalComponent,coi,c1i,a1i,c2i,a2i
1,0.2536191290217734,0.8603735360962894,28.90748483268327,1.1910842082553572,210.3734708479401
2,0.0394021376561743,0.0209622309625618,28.817817862621045,0.1473750919291769,210.01680749610856
