PrincipalComponent,coi,c1i,a1i,c2i,a2i
1,0.2841077896144719,0.7564798255783125,31.002990272822135,1.3654207361978294,211.80277914468556
2,0.0268775368849454,0.035392904463304,29.63914831924666,0.0838828491921893,210.95474543284277
