PrincipalComponent,coi,c1i,a1i,c2i,a2i
1,0.2672841809082469,0.8119898418792255,31.36249566872315,1.328510150197469,211.8268359622858
2,0.0204824621568914,0.0382677444553132,29.71306742632058,0.0519112360066548,211.04008794668968
