PrincipalComponent,coi,c1i,a1i,c2i,a2i
1,0.2259904663381865,0.9621902445010586,32.06928659446288,1.178212110529516,211.808405608574
2,0.0175702344190247,0.0207473706466598,29.823499067279077,0.0302520654350254,211.20740485332885
