PrincipalComponent,coi,c1i,a1i,c2i,a2i
1,0.1761864108521471,1.1426069137089687,31.610902095299444,0.9399612245740372,211.64669158801237
2,0.0120435082154333,0.007806644692777,29.565876543702277,0.0186927738793012,211.0335190124416
