PrincipalComponent,coi,c1i,a1i,c2i,a2i
1,0.241779404146025,0.9080633043010204,31.910623313843555,1.2363237355032566,211.8154565594206
2,0.0175221941338704,0.0300554484964695,29.806786482383036,0.0340459647334091,211.1695098636709
