PrincipalComponent,coi,c1i,a1i,c2i,a2i
1,0.2405645328004993,0.9044889942722778,28.881185459189275,0.9920688034055622,210.39791117216052
2,0.027547521565942,0.0513302001599156,28.79453663977296,0.1583293203517835,210.031300114626
