PrincipalComponent,coi,c1i,a1i,c2i,a2i
1,0.2118541416363912,1.018551416657541,32.25745804084163,1.11312077482812,211.78303562068055
2,0.0169887345100058,0.013204092469898,29.821098494442616,0.0243462539754173,211.2412963795496
