PrincipalComponent,coi,c1i,a1i,c2i,a2i
1,0.2452835701284357,0.8810758604538456,26.84478974554159,0.9824022794770968,210.5423477391219
2,0.0263456546555584,0.0539472380255133,28.45767413991324,0.1688891620682445,209.551463344717
