PrincipalComponent,coi,c1i,a1i,c2i,a2i
1,0.2685434297558468,0.7771596667779274,28.933952123879116,1.3251119851407926,210.3683334535641
2,0.0324355313900678,0.0302781972896847,28.840309031588703,0.112213942408419,210.0130096310444
