PrincipalComponent,coi,c1i,a1i,c2i,a2i
1,0.2827899679064583,0.7616692683047815,31.463853745337545,1.365795794933056,211.89991727453355
2,0.0246160975392457,0.0367512457482257,29.756176925082244,0.0682966014979838,211.09206532105227
