PrincipalComponent,coi,c1i,a1i,c2i,a2i
1,0.2322558139293413,0.859766922055625,26.71165699936444,1.0899618958097894,210.48821972120925
2,0.0335337496545437,0.0402141554785939,28.35255141587387,0.1712425898964611,209.51657964393135
