PrincipalComponent,coi,c1i,a1i,c2i,a2i
1,0.1960135255265251,1.071735168332352,31.88979657187054,1.0415124521444652,211.6581986824137
2,0.0157029594581393,0.0068274682902579,29.66379843995257,0.0240027462149326,211.10735703021084
