PrincipalComponent,coi,c1i,a1i,c2i,a2i
1,0.2448196055362392,0.8799031385692979,28.902929407387067,1.1044264692122268,210.3863762419792
2,0.0366989128083815,0.0341859364651352,28.81171059778624,0.1659538111738138,210.02756894629437
