PrincipalComponent,coi,c1i,a1i,c2i,a2i
1,0.2739590669792082,0.8134356750696337,31.562701979277247,1.3723194984675426,211.93894785599048
2,0.0149352977946452,0.03508189473695,29.775890815546337,0.026032102623272,211.11625040813271
