PrincipalComponent,coi,c1i,a1i,c2i,a2i
1,0.254534938001088,0.8831200681061147,31.79260179074855,1.302721185441336,211.87213368334687
2,0.0144612500207869,0.0274435368168605,29.77542548466304,0.0180807557812169,211.14755851753455
