PrincipalComponent,coi,c1i,a1i,c2i,a2i
1,0.2380971573230517,0.9355385932480976,31.90742532499619,1.2431479386412778,211.82223513152724
2,0.0146271397349899,0.0197566364934776,29.760004301946143,0.01635733756298,211.15798138846196
