PrincipalComponent,coi,c1i,a1i,c2i,a2i
1,0.1825728148705188,1.1267747664244627,31.25874807885902,0.9747689068818798,211.6004834456355
2,0.0084436361564981,0.0195173807744023,29.47536885044002,0.0051149597070515,210.93179274950887
