PrincipalComponent,coi,c1i,a1i,c2i,a2i
1,0.2875892026091752,0.7520691999352795,28.92251074233296,1.3998164810309868,210.35415343673375
2,0.0248938985037497,0.027522303027147,28.8271104516306,0.0856233508649881,210.00221470881223
