PrincipalComponent,coi,c1i,a1i,c2i,a2i
1,0.2870560430961568,0.7282606993449764,28.929392506761975,1.4584913134718105,210.34995165130275
2,0.0199103694263094,0.0329819976276498,28.82435385651395,0.0588338699278475,209.99536197487177
