PrincipalComponent,coi,c1i,a1i,c2i,a2i
1,0.2988109291799959,0.737299645412255,31.389972549451073,1.438729361621737,212.0889841155937
2,0.0188212855399094,0.0339198260566006,29.783641336697706,0.0450557579173611,211.1205121029379
