PrincipalComponent,coi,c1i,a1i,c2i,a2i
1,0.260861279419896,0.8567086383732818,28.899425742947717,1.1741698610939262,210.3739178184643
2,0.032487054553195,0.0291218891306464,28.814503886149257,0.1444873729400041,210.0169368361668
