PrincipalComponent,coi,c1i,a1i,c2i,a2i
1,0.1877775881151676,1.107574502839443,31.448171791891987,1.0017012613448957,211.6861920572666
2,0.0094222580109726,0.0150220573369139,29.540267977874525,0.0085813287270821,211.0088421598805
