PrincipalComponent,coi,c1i,a1i,c2i,a2i
1,0.1883655572129882,1.0978454152799355,31.42753606209716,1.0249835550528894,211.65507813521913
2,0.0102945791810784,0.0134296246549697,29.530649412415187,0.0095593799881293,210.98321996385388
