PrincipalComponent,coi,c1i,a1i,c2i,a2i
1,0.2607915827285015,0.8605128084683034,26.738114870714657,1.0465878278267298,210.59706539398783
2,0.0216976730045505,0.0469793499353737,28.44018918075945,0.1534519883826678,209.5376977061303
