PrincipalComponent,coi,c1i,a1i,c2i,a2i
1,0.2071015218221231,1.0409587881028142,31.71473845057826,1.1040587105664077,211.71597180977196
2,0.0134865956793551,0.0099488018530754,29.620251844491513,0.0130488354785894,211.07132231300105
