PrincipalComponent,coi,c1i,a1i,c2i,a2i
1,0.2441115857957417,0.8387701245289954,26.498887065121345,1.156752542839981,210.5324733808429
2,0.0314787414670738,0.034021934541845,28.312573278380302,0.1541022504844563,209.46855834579475
