PrincipalComponent,coi,c1i,a1i,c2i,a2i
1,0.2820836167745228,0.7881519834003171,31.30341052693341,1.3986223689682595,211.97636295143383
2,0.0160813978680369,0.0347331139673161,29.72972745065231,0.0313506322548556,211.0617236887247
