PrincipalComponent,coi,c1i,a1i,c2i,a2i
1,0.2719854498756422,0.8363865498283476,28.89537616834347,1.2648663775329585,210.364489039846
2,0.0325141750991833,0.0171029443656269,28.817392355741035,0.1217035608270524,210.00928458029023
