PrincipalComponent,coi,c1i,a1i,c2i,a2i
1,0.2404418074803569,0.8881419463463612,27.554833683252895,1.068168799765933,210.89648767725697
2,0.0257133969402607,0.0429479831351715,28.662248360060904,0.1450665001227945,209.83241777729253
