PrincipalComponent,coi,c1i,a1i,c2i,a2i
1,0.2234018761401731,0.9897607525913626,32.09247959320759,1.1765497788545969,211.80727996906217
2,0.0145849977621794,0.0140951361741234,29.754286083910777,0.0124222536169362,211.19432115702827
