PrincipalComponent,coi,c1i,a1i,c2i,a2i
1,0.2658988231113399,0.8309552402293746,26.73997753893633,1.1930413860400364,210.82608576447663
2,0.0207750086670567,0.0402855098650143,28.4833701148925,0.1138767399891808,209.60511971106288
