PrincipalComponent,coi,c1i,a1i,c2i,a2i
1,0.2038006014052382,1.054840205565702,30.682707203318927,1.0747217295734517,211.49317575279912
2,0.0080345273243183,0.0291444544359842,29.35746482422929,0.0016593552984972,210.75862915538752
