PrincipalComponent,coi,c1i,a1i,c2i,a2i
1,0.3233288242623002,0.6692951696460864,28.97542878675072,1.5784842173463476,210.51495403985743
2,0.0121145917805766,0.0302916378897836,28.91324424256159,0.0249943156927563,210.06278889602547
