PrincipalComponent,coi,c1i,a1i,c2i,a2i
1,0.2101135544778994,1.0282670414758406,30.8405345474886,1.1251319841445075,211.63243768704052
2,0.0094234743803802,0.0206761532731902,29.421688560319808,0.0060635989869419,210.83427511975185
