PrincipalComponent,coi,c1i,a1i,c2i,a2i
1,0.2683757163906943,0.8585945611134544,27.54235061008946,1.2881874066703305,250.0
2,0.0269543695674091,0.0343339073507229,39.18766285005423,0.1120641368324943,221.2063877355349
