PrincipalComponent,coi,c1i,a1i,c2i,a2i
1,0.2283528766891349,0.9752292223019648,31.06046706399363,1.2061242647863224,211.7307647355418
2,0.0126757236122413,0.0134651898215184,29.49024322603128,0.0081423080960422,210.91037857539135
