PrincipalComponent,coi,c1i,a1i,c2i,a2i
1,0.2977796899830778,0.8606234347037509,29.79247361769663,1.4075336721306415,249.99999999999997
2,0.0224296497338794,0.0194578872372042,39.08089332961183,0.0739093919417124,221.9397545447205
