PrincipalComponent,coi,c1i,a1i,c2i,a2i
1,0.2791432478750452,0.8258005926252671,31.25390686874751,1.4119725470331244,212.21945257087827
2,0.0121968444875649,0.023286730613245,29.704555048626577,0.0035235207374196,211.100132754087
