PrincipalComponent,coi,c1i,a1i,c2i,a2i
1,0.2095307335698769,1.0366096306909258,30.86043842990296,1.101637665341307,211.58879573760217
2,0.0085295967193692,0.0234500425108538,29.4127114569015,0.0054335864053574,210.82629061577
