PrincipalComponent,coi,c1i,a1i,c2i,a2i
1,0.2448660477142748,0.9271203331211628,31.401931902419783,1.2807815466465735,211.89479364480485
2,0.0136364487864636,0.0143412365525197,29.619120429231756,0.0056850295611618,211.0397641808581
