PrincipalComponent,coi,c1i,a1i,c2i,a2i
1,0.2970738605134091,0.7271695789961722,28.925518939888367,1.532048344299792,210.3766670224063
2,0.010973761760114,0.0302139026011361,28.766160265493124,0.0084539017137981,209.9858602435509
