PrincipalComponent,coi,c1i,a1i,c2i,a2i
1,0.3257275146261866,0.6914465625231009,28.929668998426816,1.5265933126816318,210.38457323379575
2,0.0149465631532307,0.0262099492178427,28.818974398985915,0.0453159471594206,210.00746883935503
