PrincipalComponent,coi,c1i,a1i,c2i,a2i
1,0.2609138054874585,0.8756645596206222,31.250661592611984,1.3503920137083976,212.0104044117126
2,0.0128571043012807,0.0177597551493616,29.632033307563837,0.0056086840678203,211.03672756116256
