PrincipalComponent,coi,c1i,a1i,c2i,a2i
1,0.3168750582431739,0.6748649229142879,28.98681248166545,1.5768955876776454,210.50005446100252
2,0.0117266278627781,0.0307721140979997,28.91355518901939,0.0160164709817755,210.06196605296836
