PrincipalComponent,coi,c1i,a1i,c2i,a2i
1,0.2825353234903422,0.8784180491912704,29.5196999601712,1.315594004616206,250.0
2,0.0255276105509266,0.0305019015012425,39.3240447703,0.0973684081832201,221.86110322432611
