PrincipalComponent,coi,c1i,a1i,c2i,a2i
1,0.2874868546275152,0.8704693938451947,27.744198940536005,1.171129788383551,250.0
2,0.0158230193866196,0.0552857380491863,41.20789733939391,0.1103011311657577,220.92162888414052
