PrincipalComponent,coi,c1i,a1i,c2i,a2i
1,0.2275671273341062,1.038175969260352,31.662683146080763,1.2098800120627595,249.99999999999997
2,0.0134397088890174,0.03173985408867,39.97243821310026,0.0157210491771026,222.34396899124224
