PrincipalComponent,coi,c1i,a1i,c2i,a2i
1,0.3141509360611038,0.7060602047363107,28.991882908908085,1.6023800672857036,210.5023198241628
2,0.0128730838915187,0.0222446405882642,28.91781477267558,0.0028225848626485,210.06473668447384
