PrincipalComponent,coi,c1i,a1i,c2i,a2i
1,0.2287344355902071,0.9881927377914868,30.444028013670188,1.1592247657948338,211.69500281685055
2,0.0097207334093803,0.041609811734694,29.44921191378352,0.0150112309454237,210.7740594726772
