PrincipalComponent,coi,c1i,a1i,c2i,a2i
1,0.3428003865457062,0.7467748681406943,30.29373522179574,1.6594124761247515,250.0
2,0.0133207177284262,0.0215779085257166,39.392870736711345,0.0123254528181285,221.887664197972
