PrincipalComponent,coi,c1i,a1i,c2i,a2i
1,0.3258718206660059,0.8178418101635782,29.205263019833104,1.5500309839453483,250.0
2,0.01603473798065,0.0171164147193777,39.11777313703549,0.0329081808092592,221.6329147803139
