PrincipalComponent,coi,c1i,a1i,c2i,a2i
1,0.2691985417867931,0.8713749315924055,31.20239771713846,1.3658870870102604,212.0174358336128
2,0.016512222038582,0.0155094036890087,29.6629263620521,0.0181125763488277,211.03733588690304
