PrincipalComponent,coi,c1i,a1i,c2i,a2i
1,0.3108412654643067,0.8333230524055991,27.37967084963677,1.2901035712507378,249.99999999999997
2,0.0165096851427124,0.0449227780280065,40.22369739700638,0.0917020111056703,220.77989812153436
