PrincipalComponent,coi,c1i,a1i,c2i,a2i
1,0.3550197156153592,0.6203128544668651,29.00850448713121,1.6920119436338767,210.52945622370655
2,0.0106935408649781,0.0246684839172529,28.933706984340564,0.0044328121702138,210.07623553045815
