PrincipalComponent,coi,c1i,a1i,c2i,a2i
1,0.3100205877451878,0.8377593582951235,28.98046718253012,1.4597541389765152,250.0
2,0.0199801855008869,0.0258945035793521,39.25186304126188,0.0547041989298291,221.54951885088192
