PrincipalComponent,coi,c1i,a1i,c2i,a2i
1,0.293437790086496,0.8606428447548605,28.316807057021055,1.3181895380278554,250.0
2,0.0190106470501542,0.0399124862622139,39.842161520249526,0.0777721257565518,221.24363165586703
