PrincipalComponent,coi,c1i,a1i,c2i,a2i
1,0.2954331274460812,0.8192620030612063,27.051116933447176,1.4252404306051167,250.0
2,0.0228391003340867,0.0281792135956616,38.97330509909338,0.0752036110306729,220.9938971413849
