PrincipalComponent,coi,c1i,a1i,c2i,a2i
1,0.2777245804461278,0.9118063117905024,32.67861219071625,1.4362840702238475,250.0
2,0.0176479595579743,0.0150828915330934,39.592039045873626,0.0129275168495232,222.45574513171704
