PrincipalComponent,coi,c1i,a1i,c2i,a2i
1,0.234450382538784,0.9713146438104384,30.60896683665911,1.1854689544511452,211.7462939114521
2,0.010033308082171,0.0345782120849496,29.49210762290269,0.0195810490050798,210.82714480197703
