PrincipalComponent,coi,c1i,a1i,c2i,a2i
1,0.3260942165882901,0.6796978498890973,28.960107779316697,1.631183520151141,210.4468360248628
2,0.012502231407263,0.022882558302359,28.764063542585152,0.0023675907658758,210.00736031249173
