PrincipalComponent,coi,c1i,a1i,c2i,a2i
1,0.2943094865894541,0.8697451533062127,32.66533662753894,1.5021983113967643,250.0
2,0.0172251711847194,0.0164603064199191,39.547086587645474,0.007596155895563,222.42340254794993
