PrincipalComponent,coi,c1i,a1i,c2i,a2i
1,0.2530070238434354,0.916077631492426,30.849017378825877,1.2892723848449594,211.8389055857661
2,0.0151153730610926,0.0180621478806102,29.542998399820146,0.0225636185391568,210.90155481479704
