PrincipalComponent,coi,c1i,a1i,c2i,a2i
1,0.3470599531833035,0.626052926813951,28.984541016668608,1.684395002615163,210.46738350909555
2,0.0118445824940974,0.0243926830011183,28.809922755192048,0.0020751509148534,210.02595814322228
