PrincipalComponent,coi,c1i,a1i,c2i,a2i
1,0.3459262391958163,0.7894084231282339,27.927877339174486,1.6649784210064973,250.0
2,0.0136141043379428,0.0163820646222413,38.57690336457976,0.0062291079481877,221.2408123030626
