PrincipalComponent,coi,c1i,a1i,c2i,a2i
1,0.3215421649783226,0.7833090818383891,30.44183418820119,1.655563213144608,250.0
2,0.0233634899913047,0.0103868242265651,39.09115334266395,0.0306852402009648,221.92382714317392
