PrincipalComponent,coi,c1i,a1i,c2i,a2i
1,0.2769121586295227,0.9186506196005926,31.816352178965932,1.406388134046761,250.0
2,0.0265215601602446,0.0149904908076809,39.29929574845518,0.0613420272275848,222.39357868553185
