PrincipalComponent,coi,c1i,a1i,c2i,a2i
1,0.3630511256685927,0.7002483826495383,30.431906452460552,1.772614943959382,250.0
2,0.0176953535005487,0.0175253367676106,39.19699071967734,0.0071419841222588,221.8565996426571
