PrincipalComponent,coi,c1i,a1i,c2i,a2i
1,0.3612791692583841,0.71779118192961,28.98670660936868,1.758459356570642,249.99999999999997
2,0.0144457516000485,0.0184848432124692,39.02685268958989,0.0019253722798468,221.53004653058167
