PrincipalComponent,coi,c1i,a1i,c2i,a2i
1,0.3399406110180273,0.7579493188203518,31.258344424616677,1.681135193994835,250.0
2,0.0221249557293446,0.0114777157795104,39.208673434295775,0.0262894240332069,222.0861302957151
