PrincipalComponent,coi,c1i,a1i,c2i,a2i
1,0.3303703016203934,0.8122636337459561,26.494251161822564,1.3973966304319354,250.0
2,0.0172527849713039,0.0355447287311959,39.27948215139569,0.0704697471022107,220.7475345584937
