PrincipalComponent,coi,c1i,a1i,c2i,a2i
1,0.2922838417246546,0.8783643967098078,31.754011910783827,1.482796823910412,250.0
2,0.0261924654851764,0.0109883587812497,39.32506214726033,0.0549662387648747,222.3540510229097
