PrincipalComponent,coi,c1i,a1i,c2i,a2i
1,0.2381167794425727,0.9332978429190276,28.873820348328376,1.213304951831846,210.33463536801383
2,0.0160806593283563,0.0564831244102142,28.775413049427844,0.054542786644576,209.9891554659497
