PrincipalComponent,coi,c1i,a1i,c2i,a2i
1,0.2603236222956093,0.9542919860731064,31.255398397723997,1.331725430057331,250.0
2,0.0252950116225778,0.0225239533099005,39.23174919883326,0.0646417807319468,222.2437434482924
