PrincipalComponent,coi,c1i,a1i,c2i,a2i
1,0.3094631315909499,0.8395648053814171,31.78943961130568,1.5519604504870617,250.0
2,0.0257803804832815,0.008851311958608,39.411317204436585,0.0459884195932224,222.33482080822665
