PrincipalComponent,coi,c1i,a1i,c2i,a2i
1,0.3189555977802754,0.7952524531127405,25.92473434503297,1.5492876257443702,249.99999999999997
2,0.0171121527321723,0.0248793020412731,38.620800629153905,0.0372300837343466,220.8121049087922
