PrincipalComponent,coi,c1i,a1i,c2i,a2i
1,0.3586688248921674,0.7072631258887391,31.09410180294061,1.7486512999877184,250.0
2,0.0201556806895496,0.0149780665686927,39.13436803308131,0.0144926358622592,221.9978573843019
