PrincipalComponent,coi,c1i,a1i,c2i,a2i
1,0.3327609656659089,0.8079341012700354,27.72643818617498,1.5874777444728831,250.0
2,0.0149376449525445,0.0271670116098697,38.93941098674565,0.0149894313532213,221.27068591309924
