PrincipalComponent,coi,c1i,a1i,c2i,a2i
1,0.2402672622157383,0.994544337452145,30.596521013357073,1.2362368430742292,250.0
2,0.0206508590575131,0.0495116757686163,39.88821900264018,0.0537624724235924,222.1188717616779
