PrincipalComponent,coi,c1i,a1i,c2i,a2i
1,0.2431317115375818,0.9134739804398796,28.891950525888213,1.2615632212992265,210.33084547678504
2,0.0180152199964979,0.0407963982281405,28.785508408795224,0.062250843860761,209.98933668501843
