PrincipalComponent,coi,c1i,a1i,c2i,a2i
1,0.3153085926886173,0.8367250802319505,27.210729221015693,1.4400243450089605,250.0
2,0.015436279058177,0.03448140818583,39.25324677880417,0.0439797028574416,221.12759035693125
