PrincipalComponent,coi,c1i,a1i,c2i,a2i
1,0.2261731075686976,0.9925987659428488,28.65698328870712,1.2105532262559833,250.0
2,0.0232311501352257,0.0907525083794719,41.16624122552758,0.0612640552930583,221.92899137200965
