PrincipalComponent,coi,c1i,a1i,c2i,a2i
1,0.2838463011025061,0.8790765093557147,30.002821158972743,1.4685169777223923,250.0
2,0.0302579149061528,0.0223684023609028,38.7319725229621,0.0856979661728408,222.06035917405225
