PrincipalComponent,coi,c1i,a1i,c2i,a2i
1,0.3125950327266409,0.8542286801414449,26.082374952638524,1.4801133099040265,250.0
2,0.0151552250884318,0.0338245250862272,38.62504519689691,0.015318193697471,220.9244848612752
