PrincipalComponent,coi,c1i,a1i,c2i,a2i
1,0.268548745591221,0.9148886220705688,30.035755313146808,1.3943944551776686,250.0
2,0.0298698520831271,0.0311471195251022,38.71767712630405,0.0904113835474257,222.06559298514568
