PrincipalComponent,coi,c1i,a1i,c2i,a2i
1,0.3540504771438572,0.7128107902078397,28.540565825504387,1.7687409001814978,250.0
2,0.0223885855877403,0.0184894286642453,38.64119015422782,0.0262014516232326,221.4074214007752
