PrincipalComponent,coi,c1i,a1i,c2i,a2i
1,0.233565164773763,0.97897522764896,29.038375823510663,1.2512681408065494,250.0
2,0.0241405095203743,0.0691729986676756,39.76771181361217,0.0777223842339541,221.8444409285257
