PrincipalComponent,coi,c1i,a1i,c2i,a2i
1,0.328167612017648,0.8256954428974949,26.451836007219924,1.616786185328095,250.0
2,0.0162920028599809,0.024120076597476,38.45154554465676,0.0,220.9419127020396
