PrincipalComponent,coi,c1i,a1i,c2i,a2i
1,0.3500143102611341,0.7173303861344241,29.13555939178992,1.7414401666910582,250.0
2,0.0249857516865832,0.0171058169025545,38.74534226334875,0.0378820203554842,221.60955867798464
