PrincipalComponent,coi,c1i,a1i,c2i,a2i
1,0.3225612832968477,0.7899205982477299,29.83315276555626,1.630281903198657,250.0
2,0.0284129972121593,0.0140571824878102,38.78184713065309,0.0604497537541628,221.89565043336412
