PrincipalComponent,coi,c1i,a1i,c2i,a2i
1,0.3008193688785719,0.8441338224332896,30.0524641750685,1.5365252563834366,250.0
2,0.0307684274996199,0.0160618917624931,38.784220555408346,0.0773914896206266,222.04287339160447
