PrincipalComponent,coi,c1i,a1i,c2i,a2i
1,0.326770666908607,0.8340075816724927,25.660304699595343,1.432799988692265,250.0
2,0.0207548080911841,0.02926489997796,38.598595480671555,0.0441656742595243,220.7590289913514
