PrincipalComponent,coi,c1i,a1i,c2i,a2i
1,0.252080815192464,0.9467920508871503,29.55244577166575,1.3219818096707474,249.99999999999997
2,0.0283682329055484,0.0432981919197495,38.829696988103805,0.0906420710056914,221.92230906164872
