PrincipalComponent,coi,c1i,a1i,c2i,a2i
1,0.3310826927864841,0.7670041116442662,29.40907823388225,1.6688286118586615,250.0
2,0.0272791330215245,0.0144986458699023,38.79594532632861,0.0544166160185894,221.76026875516325
