PrincipalComponent,coi,c1i,a1i,c2i,a2i
1,0.2324645834815365,0.9810114158777375,28.93524440228594,1.2315839103467232,250.0
2,0.0232318501889504,0.0781789778312373,40.34086548024852,0.0726451620745571,221.8840778030363
