PrincipalComponent,coi,c1i,a1i,c2i,a2i
1,0.3522984857199752,0.7323922243839784,27.333956416891873,1.7629752419283689,250.0
2,0.0189841182847855,0.0193597680988933,38.5883416426643,0.0106474078173991,221.117167920856
