PrincipalComponent,coi,c1i,a1i,c2i,a2i
1,0.2816736495496421,0.8906575390944741,29.45885646346043,1.399256324796213,250.0
2,0.0315581959762858,0.0418034701473072,38.88717396048199,0.1166021020161101,222.05857129562125
