PrincipalComponent,coi,c1i,a1i,c2i,a2i
1,0.3532102634902174,0.7511569515408121,27.166153452653717,1.7052304374998235,250.0
2,0.0198649981829295,0.0312557440371278,38.56410226175607,0.0274823196235037,221.1114100301165
