PrincipalComponent,coi,c1i,a1i,c2i,a2i
1,0.3195612654797231,0.8367030290386339,24.825560028078417,1.5598333240165976,249.99999999999997
2,0.0163911493417009,0.0293503369071971,38.174203935228626,1.6692218883759649e-18,220.59861591398615
