PrincipalComponent,coi,c1i,a1i,c2i,a2i
1,0.3168302809512944,0.8785363632016568,26.212219030514913,1.456000888459526,250.0
2,0.0157367736381911,0.0376203821964504,38.65512466546611,0.0,220.9962799691045
