PrincipalComponent,coi,c1i,a1i,c2i,a2i
1,0.2229539478536197,0.99410427930889,27.9427009857103,1.1524030590691066,250.0
2,0.0247144353621474,0.1265489337819538,44.47922392257999,0.0746601887778581,222.26127998090757
