PrincipalComponent,coi,c1i,a1i,c2i,a2i
1,0.3536336958066179,0.730822841629006,28.31535161246884,1.7033500911360753,250.0
2,0.0247328529072131,0.0307548658974602,38.643770474671605,0.0505304781032106,221.45298612525875
