PrincipalComponent,coi,c1i,a1i,c2i,a2i
1,0.2988347369491079,0.8582731111540587,29.58621270919899,1.4659553308109077,250.0
2,0.032761224539934,0.0323841374894393,38.71678551203518,0.1090880406843507,222.07212352135372
