PrincipalComponent,coi,c1i,a1i,c2i,a2i
1,0.3387868205215875,0.8231815120608987,26.37271919373729,1.635771751108444,249.99999999999997
2,0.0174948076955864,0.0309581664262074,38.48557358601089,0.0069895351749616,220.92153510893877
