PrincipalComponent,coi,c1i,a1i,c2i,a2i
1,0.2490937747517911,0.9532092888046476,28.91537668648706,1.2569953516563916,250.0
2,0.0293684026233517,0.0695814975570345,40.00161605461462,0.1167186632306069,221.94647337018327
