PrincipalComponent,coi,c1i,a1i,c2i,a2i
1,0.3302412374340357,0.8482386631580829,26.464756535882614,1.5810461672137694,249.99999999999997
2,0.0194670963830718,0.0263085538451967,38.39379057267904,0.0,220.9436801759529
