PrincipalComponent,coi,c1i,a1i,c2i,a2i
1,0.2657169133228191,0.9235341298338352,29.397783429179388,1.3276593711427005,249.99999999999997
2,0.0308473731537359,0.0542319529533657,39.309277433077305,0.1192747335497247,222.03858364343665
