PrincipalComponent,coi,c1i,a1i,c2i,a2i
1,0.3319206110192901,0.8594790343077029,25.92616587045518,1.413219835296716,250.0
2,0.0217819175980743,0.0323500007979765,38.580015699339285,0.0220163812622377,220.92463223601723
