PrincipalComponent,coi,c1i,a1i,c2i,a2i
1,0.230617994956825,0.9822733220575124,28.361125813805977,1.1899726523499206,250.0
2,0.0251877454841183,0.1006244989263357,42.11316366122859,0.0975814880556374,222.0303150463136
