PrincipalComponent,coi,c1i,a1i,c2i,a2i
1,0.2294608517061557,0.983311212878398,28.231676395553723,1.1717094615056631,250.0
2,0.0243779472498731,0.1116054716956711,43.13064167990111,0.0898692327709084,222.13137606292537
