PrincipalComponent,coi,c1i,a1i,c2i,a2i
1,0.3298233408835277,0.7837986045787003,29.07818580470037,1.5981431339174466,250.0
2,0.0298136403551817,0.027661200572725,38.64297154938497,0.085199907579788,221.81089287956584
