PrincipalComponent,coi,c1i,a1i,c2i,a2i
1,0.349165226139967,0.7346998481438064,28.853697525769352,1.6731014383946796,250.0
2,0.0276412629658466,0.0295357272931894,38.62476819394679,0.0659302360330851,221.6498017924561
