PrincipalComponent,coi,c1i,a1i,c2i,a2i
1,0.3210896547232781,0.8068543347646627,29.482131972199845,1.5584307787698892,250.0
2,0.0310197043177617,0.0274128225906736,38.66135779912444,0.0919344843020118,221.96655378404716
