PrincipalComponent,coi,c1i,a1i,c2i,a2i
1,0.2082465677291303,1.0153892242983518,26.95410204031301,1.0086968714278537,250.0
2,0.0232382563457662,0.1692041684107277,49.40780165474984,0.1117917106848334,222.5429584597579
