PrincipalComponent,coi,c1i,a1i,c2i,a2i
1,0.2607147331419182,0.9326088780678956,28.14339942893545,1.2213488460591102,250.0
2,0.0281692933124926,0.0767313793735073,40.55226792757301,0.1715867244916749,221.81652168828907
