PrincipalComponent,coi,c1i,a1i,c2i,a2i
1,0.2017545066875496,1.0252136822742677,26.685377002129233,0.9911264197583488,250.0
2,0.0240715034811232,0.1885605396257931,51.46874951166906,0.0899531239764342,222.8220641947847
