PrincipalComponent,coi,c1i,a1i,c2i,a2i
1,0.2783718586205986,0.902048695695138,28.293026698250703,1.2864650075970885,249.99999999999997
2,0.0297464980335533,0.0639078133863783,39.67561296883537,0.1665247730140745,221.82506400394664
