PrincipalComponent,coi,c1i,a1i,c2i,a2i
1,0.3206998506082756,0.8754106966686768,25.74107119009151,1.4754270287566438,250.0
2,0.0150649059359615,0.0551351483391325,39.09749668000072,0.0408452881757436,220.91358716748115
