PrincipalComponent,coi,c1i,a1i,c2i,a2i
1,0.3019124171946852,0.935577940607503,25.938574718229436,1.3359450455857416,250.0
2,0.0166650649277116,0.0479413578627117,38.99498999941779,9.987820291546025e-18,221.0521019726549
