PrincipalComponent,coi,c1i,a1i,c2i,a2i
1,0.2277484701293925,0.9893761870784248,27.59404442313671,1.0872984477362533,250.0
2,0.0262385996095412,0.1149623343993952,43.80302602434903,0.1580744517990536,221.88080910750327
