PrincipalComponent,coi,c1i,a1i,c2i,a2i
1,0.3325018590388993,0.7796968340691577,27.1890304962333,1.5245351358235295,250.0
2,0.0237657250257444,0.0571277758838789,39.30392747258271,0.105655420073388,221.35143625754463
