PrincipalComponent,coi,c1i,a1i,c2i,a2i
1,0.3324665324000843,0.8013153651901046,26.273539644895703,1.5318032181786765,249.99999999999997
2,0.0190044666235292,0.0571741390581623,39.24573419285259,0.0756083595723862,221.0538009992368
