PrincipalComponent,coi,c1i,a1i,c2i,a2i
1,0.3005320393565312,0.8541170387921181,28.226985810551895,1.3767510792499364,250.0
2,0.028723881129992,0.0545238593618179,39.22858941789669,0.1519851588321499,221.77423270787384
