PrincipalComponent,coi,c1i,a1i,c2i,a2i
1,0.3122777498507413,0.9039820126188642,25.938172448262744,1.4387101975283785,249.99999999999997
2,0.0148860072185407,0.0546809211031539,39.12566022396325,0.0084261190406379,221.00710921882856
