PrincipalComponent,coi,c1i,a1i,c2i,a2i
1,0.2097298252120535,1.0150782654127206,27.095986317672416,1.025012139388398,250.0
2,0.0233016833658319,0.1548273851735191,47.76631941354524,0.1252622543740841,222.33295890494344
