PrincipalComponent,coi,c1i,a1i,c2i,a2i
1,0.3016085355934946,0.8948402784445407,24.54484040100107,1.4280087669364268,250.0
2,0.0143460717567641,0.0511769690591495,38.63113251068357,0.0009832184810076,220.669410544823
