PrincipalComponent,coi,c1i,a1i,c2i,a2i
1,0.317603800614743,0.916733153531632,25.84019305649184,1.3038837127383194,250.0
2,0.0219076128669157,0.0488706921614349,38.84629816417469,0.0027534008907987,221.0293969377629
