PrincipalComponent,coi,c1i,a1i,c2i,a2i
1,0.3283452015753298,0.7835124255414685,27.64186866938176,1.4917203400922234,249.99999999999997
2,0.0261613080420071,0.0557387978926324,39.22813335244942,0.1239525000119239,221.52069357570284
