PrincipalComponent,coi,c1i,a1i,c2i,a2i
1,0.3093745844432783,0.8318057802988481,27.882492602357303,1.41562866314093,250.0
2,0.0277460679368896,0.0545100407974147,39.21199067922938,0.1447807070168335,221.65116255720991
