PrincipalComponent,coi,c1i,a1i,c2i,a2i
1,0.904519707334996,1.0039291660484284,48.00432574658506,0.3154564802875941,216.9021390663393
2,0.1179277628783406,0.0388331881924613,33.96522026431848,0.2491918303764499,216.768769435676
