PrincipalComponent,coi,c1i,a1i,c2i,a2i
1,0.9542251654708056,1.0351103871186678,54.58065600128497,0.2457078646737665,218.7252485658065
2,0.1095512123918194,0.0257557463853952,35.78565499449367,0.2000904921610401,218.8740787891759
