PrincipalComponent,coi,c1i,a1i,c2i,a2i
1,1.0137897916236505,0.9841617711387444,61.12443134379353,0.2982368792570289,219.42719101229255
2,0.0915832839431131,0.0722819325057577,37.056796847395034,0.1152464183936995,220.57635786944536
