PrincipalComponent,coi,c1i,a1i,c2i,a2i
1,1.0365340914695744,1.319787602851516,87.72534570299106,6.906262239292335e-18,223.96344288306312
2,0.0934167438217015,0.1679533611123181,45.51023651529885,0.0,228.47644440841233
