PrincipalComponent,coi,c1i,a1i,c2i,a2i
1,1.024336304936913,1.1160266319363266,79.95820976208245,0.3437812039210249,218.67726230378867
2,0.103521021933512,0.2090007765120054,45.893508320206976,0.0,225.56821401474096
