PrincipalComponent,coi,c1i,a1i,c2i,a2i
1,1.02861884088497,1.4651812901356165,97.88530349579231,0.0,216.01057295738167
2,0.1198443191648316,0.2382193166792013,49.871578438198625,3.1560941363664946e-18,228.97744372374055
