PrincipalComponent,coi,c1i,a1i,c2i,a2i
1,0.9631998472291644,1.1516096579964783,79.16702653479378,0.4121664968605419,220.05042383062448
2,0.1275348188581364,0.2857593437356742,54.94072719426634,5.50382906304119e-18,227.32914498334867
