PrincipalComponent,coi,c1i,a1i,c2i,a2i
1,0.9209560412775748,1.3230587497467652,78.93709106136275,0.1541111582929929,224.4676162563908
2,0.1245544395482583,0.3088125929376764,53.43818989378587,0.0,228.1384265995933
