PrincipalComponent,coi,c1i,a1i,c2i,a2i
1,0.8805545323567076,0.6140796165230128,60.564328765820385,0.7844215561406098,221.95865407150603
2,0.2438173061421782,0.4334839305526171,58.13293198106556,0.134461524560302,223.1033622441991
