PrincipalComponent,coi,c1i,a1i,c2i,a2i
1,0.9284483255288568,0.7202716608053228,58.14724029614676,0.7639445363894993,218.5157302271211
2,0.1706461628348731,0.2689091563792377,42.60312727701866,0.1283934271789416,220.2177895051948
