PrincipalComponent,coi,c1i,a1i,c2i,a2i
1,0.895752251391329,0.7681527887156795,71.86097467654447,0.5056563269669423,226.47178779282945
2,0.2216571383446276,0.4880514143729342,61.37201330578762,0.108365434150507,227.3143356951659
