PrincipalComponent,coi,c1i,a1i,c2i,a2i
1,0.9356406735907372,0.7731053137354275,56.94845018233705,0.7448020447331702,217.76051875397445
2,0.1572065914142811,0.2057900326408498,39.03808038469054,0.1545654920946222,219.2800052071635
