PrincipalComponent,coi,c1i,a1i,c2i,a2i
1,0.8048242818775456,0.6250482852309562,43.13985862469962,0.8575282593781769,223.43391826602883
2,0.2456675119533967,0.5494544083302006,76.45423629327892,0.0204355786996583,222.4232429469091
