PrincipalComponent,coi,c1i,a1i,c2i,a2i
1,0.8191793397231348,0.6482899751117541,45.32672850160437,0.7380130232720779,226.28523398765384
2,0.2225383060447642,0.5656499320033367,71.34358461519726,1.4472960618306337e-17,224.04176980449927
