PrincipalComponent,coi,c1i,a1i,c2i,a2i
1,0.8870550857254338,0.6199316198052935,60.99517014282256,0.7805862785555128,222.0107654975859
2,0.2452297272525994,0.4219026483549351,57.238619057321934,0.1222596818545047,223.25620426771323
