PrincipalComponent,coi,c1i,a1i,c2i,a2i
1,0.8698952501077789,0.6209148309473419,59.29919684241326,0.7868038846910401,221.4599960398623
2,0.2384854588478512,0.4376459944037417,57.36240863191131,0.1500124323891728,222.5020357912178
