PrincipalComponent,coi,c1i,a1i,c2i,a2i
1,0.9185430471694512,0.6685556544008275,59.0815866181748,0.7877336827661681,219.69360938763023
2,0.1895644285561049,0.3275908324963751,47.82301696644032,0.0973651288296527,221.46775698130165
