PrincipalComponent,coi,c1i,a1i,c2i,a2i
1,0.8960897348384613,0.6816698909780188,63.640598089735775,0.5582248662508796,224.58037373027324
2,0.2206058308473593,0.4529981844578443,56.40701614068584,0.1403015774718512,224.52806487740776
