PrincipalComponent,coi,c1i,a1i,c2i,a2i
1,0.9280619020664596,0.7392413597902383,56.38326650115672,0.763934880162879,217.83519322213033
2,0.1636962770491627,0.2347894680700341,40.13447202485501,0.1459305677067486,219.32442430723376
