PrincipalComponent,coi,c1i,a1i,c2i,a2i
1,0.8962977619025306,0.628512351470872,61.200999902753786,0.7874870665408139,221.926975892451
2,0.2282166394281514,0.4165547172451351,56.34252460325698,0.0867881088111696,223.4599237653023
