PrincipalComponent,coi,c1i,a1i,c2i,a2i
1,0.8885435144137045,0.6233467469729018,60.7961574776304,0.7805336450498176,221.83079130145703
2,0.2425997724523469,0.4211203750506819,56.61210398636697,0.113531544162882,223.19269596583467
