PrincipalComponent,coi,c1i,a1i,c2i,a2i
1,0.895764083700547,0.6795122049883171,62.47769271171339,0.6587466523627955,221.9563094934707
2,0.2196689985102141,0.4431157662540387,53.46021398218237,0.1840845045845311,222.87657184984724
