PrincipalComponent,coi,c1i,a1i,c2i,a2i
1,0.8187957845412971,0.6585825954033541,45.89451754730237,0.670863123699993,229.35799955296775
2,0.2483060736464905,0.5465693437447388,76.56309631282683,5.6696432549575736e-18,225.43750199161303
