PrincipalComponent,coi,c1i,a1i,c2i,a2i
1,0.909061137909556,0.6477450452565593,59.990921561122846,0.7928233927362437,220.65611543773264
2,0.2032540258530422,0.3664825551742935,51.59580833808519,0.085235998463398,222.40196166162008
