PrincipalComponent,coi,c1i,a1i,c2i,a2i
1,0.8985994108666802,0.6252640212059879,60.01108065902516,0.8042207604060798,221.23089569088776
2,0.2188451740090528,0.3918592501648446,54.35823272619465,0.0843942982174879,222.85707936234436
