PrincipalComponent,coi,c1i,a1i,c2i,a2i
1,0.7714547585453565,0.5483954200297363,40.01894050340767,0.8728540886508533,227.30227714465937
2,0.2735228581448191,0.685016024027807,70.45723176031927,0.0,222.72448216994383
