PrincipalComponent,coi,c1i,a1i,c2i,a2i
1,0.8498505315667462,0.5266527376277581,57.12192498018385,0.912074562214935,227.4365986929479
2,0.294380321417523,0.6029031729359827,69.68830877029578,2.6533634534139777e-18,225.65027905201663
