PrincipalComponent,coi,c1i,a1i,c2i,a2i
1,0.8639767345812837,0.554033297344677,58.362781345089914,0.9079539381836956,226.44240960908832
2,0.2726985295499751,0.5457266597070124,65.96062565850016,0.0,225.45596054375488
