PrincipalComponent,coi,c1i,a1i,c2i,a2i
1,0.8453780324799863,0.6036824106079363,62.54425943879596,0.723348533640815,229.58238022696668
2,0.2832836519089532,0.6841064368589636,72.5926799448701,7.794090057962598e-19,227.54627419234637
