PrincipalComponent,coi,c1i,a1i,c2i,a2i
1,0.8315923360070366,0.5355398626578683,57.220963770905726,0.8833717380415008,228.33634923484425
2,0.3014115885223298,0.6525310438476405,73.58108294782745,0.032057278321905,225.49083850269335
