PrincipalComponent,coi,c1i,a1i,c2i,a2i
1,0.8883765317767156,0.661417960388061,59.41318962569672,0.8523500032042677,221.6324190617763
2,0.2279054811569503,0.3678997660787906,49.77652278919908,0.1203588904679075,222.1332902863384
