PrincipalComponent,coi,c1i,a1i,c2i,a2i
1,0.8751460825853993,0.5834375231263308,59.800960860932186,0.8912301633093517,225.67211263662384
2,0.2609937269685417,0.5037939946909117,62.93516582994566,0.011480156460093,225.22584113974784
