PrincipalComponent,coi,c1i,a1i,c2i,a2i
1,0.7732505401537986,0.5586254646481195,41.49720458713796,0.8065231470129152,229.5804614952523
2,0.2994753207711696,0.6616980941466237,73.87434496249932,0.0,224.10052843595892
