PrincipalComponent,coi,c1i,a1i,c2i,a2i
1,0.8870433091732848,0.6407853819880049,60.703083054499366,0.8561353527664602,223.18943685253464
2,0.2388496832633922,0.4162661268708305,54.60996534280329,0.0817114611379768,223.5338627664574
