PrincipalComponent,coi,c1i,a1i,c2i,a2i
1,0.8455268012567578,0.5294039571291875,57.86019101363589,0.8923294038335177,228.3669948726297
2,0.3085910776855242,0.6295563854407057,72.43165798157474,3.4322442296149573e-19,226.0895236373985
