PrincipalComponent,coi,c1i,a1i,c2i,a2i
1,0.8447672204789308,0.5299588521234171,58.37040803716828,0.8869806606337467,228.8554410407004
2,0.3109680228201907,0.6354781311310345,73.6725412056966,0.0029211197353831,226.2863187221952
