PrincipalComponent,coi,c1i,a1i,c2i,a2i
1,0.8563435231444337,0.5761102287277471,61.21519695396908,0.6995417952525737,229.9518959043928
2,0.2848233589596301,0.6662994076671337,71.53278239514916,8.502368902970933e-19,227.34451243999823
