PrincipalComponent,coi,c1i,a1i,c2i,a2i
1,0.8937755026498123,0.6897427320605349,59.226188122737774,0.8425978840565834,220.55511632784905
2,0.2183081998513837,0.3283317652808258,46.40835213373983,0.1449330042599544,221.3158753267057
