PrincipalComponent,coi,c1i,a1i,c2i,a2i
1,0.7659195911629126,0.5440252255736392,39.778201465097595,0.948586124656256,228.2044024402343
2,0.2947890705694089,0.6991074473276102,78.27819439334937,2.312498384045207e-18,222.7737611541935
