PrincipalComponent,coi,c1i,a1i,c2i,a2i
1,0.8392754324074929,0.5264763139425622,57.789941274100855,0.8872382451617554,228.7978296722876
2,0.3080494369733862,0.6475733146647881,74.35433114222216,0.0160894420798291,225.97198456338515
