PrincipalComponent,coi,c1i,a1i,c2i,a2i
1,0.8525031910947468,0.5312676408076324,57.14143669920568,0.9208046254876728,226.98610424067644
2,0.2867457126359281,0.5727445160804563,68.18177039556106,2.3525939835529226e-18,225.48082621288705
