PrincipalComponent,coi,c1i,a1i,c2i,a2i
1,0.7416505810717149,0.4968658588276671,38.4976811467082,0.9356454504712588,238.6149860678345
2,0.3433338195587083,0.7160183109685906,92.82334818890422,0.0,225.7661887837023
