PrincipalComponent,coi,c1i,a1i,c2i,a2i
1,0.7283876404137514,0.4612310214744511,33.63794012101264,1.065888664903026,239.4283204265725
2,0.3705648234447369,0.591764192884678,88.09297268964232,0.0940152948750383,223.04069341496836
