PrincipalComponent,coi,c1i,a1i,c2i,a2i
1,0.7538856414840873,0.4741589919593509,35.18133333192964,1.0910216019166885,240.01880610016616
2,0.3350515090054237,0.5303146149561976,83.92223163277417,0.0651531513597803,225.01210251559695
