PrincipalComponent,coi,c1i,a1i,c2i,a2i
1,0.7465588218292708,0.4873583445420199,36.13386611512136,0.972458209581174,235.82796875009157
2,0.346280536628058,0.6076951156271637,83.39576466076228,0.1563384979704133,221.97569731569496
