PrincipalComponent,coi,c1i,a1i,c2i,a2i
1,0.766818369973797,0.4903767893092532,36.2950918664652,1.0901491050401384,240.40546141504095
2,0.3242539612631729,0.4908602852107195,82.07182750389471,0.0722107126443936,225.6285559292465
