PrincipalComponent,coi,c1i,a1i,c2i,a2i
1,0.7855953241516069,0.5349763874461279,39.19029514178062,1.0651317729597995,241.6357590404963
2,0.307599782895552,0.4312540449788264,80.71619292413924,0.1020804881943262,226.62910964625593
