PrincipalComponent,coi,c1i,a1i,c2i,a2i
1,0.8167890454926928,0.5386055794259196,42.99960538592014,1.0324063047212175,216.80956827143007
2,0.2565509581953377,0.2391320166409885,37.94622452317439,0.3271434844476771,215.5854210772209
