PrincipalComponent,coi,c1i,a1i,c2i,a2i
1,0.7913558221480033,0.5630180260868463,40.238651366973514,1.0533845190891975,244.6386964746412
2,0.3006219671957964,0.4037498363130114,82.49312125159864,0.1108402368102037,227.55242691376833
