PrincipalComponent,coi,c1i,a1i,c2i,a2i
1,0.6771184944581032,0.5208160081918398,30.9802421936123,1.0232800153946628,234.2362748420469
2,0.3466578882492445,0.6111607946774983,85.61164432816238,0.15794701105111,218.3068857047041
