PrincipalComponent,coi,c1i,a1i,c2i,a2i
1,0.6955582323955185,0.530017909363285,33.7210492586371,0.8966539698275975,241.47008086232267
2,0.353444041167422,0.6928551226054176,92.40505657398464,1.1045701291209897e-18,225.3371110176629
