PrincipalComponent,coi,c1i,a1i,c2i,a2i
1,0.7257870200092579,0.4622620375272468,33.53580699464012,1.0639876742763792,240.44684785761217
2,0.3730884617113371,0.6041862650964706,90.54237859458924,0.0894106947787106,222.9675026901435
