PrincipalComponent,coi,c1i,a1i,c2i,a2i
1,0.709548103558946,0.4690888649771452,32.45959249319435,1.059665851660177,237.1962162956173
2,0.3621883826254972,0.6014819268722993,87.89618989464537,0.1403708754095177,220.54809331386824
