PrincipalComponent,coi,c1i,a1i,c2i,a2i
1,0.6923478331172868,0.5209529740531184,32.16239747959993,0.9554586847160288,236.20374275954455
2,0.3274070421680785,0.7168484712703458,87.4574998090652,4.336808689942019e-19,223.58503371346248
