PrincipalComponent,coi,c1i,a1i,c2i,a2i
1,0.7416806370620913,0.4875516274030595,36.554031060799446,0.910337529387998,240.9728816479685
2,0.3519052218189715,0.6702453498814468,91.43025663878448,0.0214837924213267,225.9875528193888
