PrincipalComponent,coi,c1i,a1i,c2i,a2i
1,0.7404710061731969,0.4626634412480984,34.167019323317696,1.092478050925413,240.39464561541095
2,0.3492250605372329,0.5580621184522895,86.32637326860292,0.0648504434453444,224.47260584323936
