PrincipalComponent,coi,c1i,a1i,c2i,a2i
1,0.7370647571973916,0.4606057530524729,34.258664406648556,1.0790375723775183,239.94829276408728
2,0.3574606312249171,0.5865325550438547,87.35106130427641,0.0670368034168064,224.10501937178648
