PrincipalComponent,coi,c1i,a1i,c2i,a2i
1,0.7196832008026234,0.4604158310221479,32.93655150552653,1.0618388264686682,239.0964450582633
2,0.3687643484899428,0.605268783901678,89.8754742843412,0.1158175730943505,221.7065648921374
