PrincipalComponent,coi,c1i,a1i,c2i,a2i
1,0.7461117261974495,0.5423468989720611,40.00249170871284,0.9445553010933584,233.54459716658147
2,0.3364377797252651,0.4309420339717665,75.8385910626365,0.1332908025121215,224.61243232331887
