PrincipalComponent,coi,c1i,a1i,c2i,a2i
1,0.7207725211236115,0.5652121158118492,43.21381250069919,0.7792104671014126,232.92236919526863
2,0.3560669023876899,0.6086001268451583,85.29185079736232,0.1100517558251917,225.62197076397044
