PrincipalComponent,coi,c1i,a1i,c2i,a2i
1,0.768922535818099,0.61550581427487,43.07293290252517,0.904932762123453,236.52389132866753
2,0.3123638012554287,0.3519148233111846,76.35610438944427,0.1644845066764527,225.6981805952822
