PrincipalComponent,coi,c1i,a1i,c2i,a2i
1,0.70104308617254,0.5065126036845443,36.83319705102021,0.9259372073374736,230.70069139464104
2,0.3788250746881085,0.5001308290961846,79.1290617482625,0.2249770698553816,221.442049847348
