PrincipalComponent,coi,c1i,a1i,c2i,a2i
1,0.7639610195100458,0.5878487292244426,42.39017537143771,0.9176852212585602,234.49404411588367
2,0.319691884318936,0.3806001901449175,75.11503257607134,0.1537797580007362,225.2194114508444
