PrincipalComponent,coi,c1i,a1i,c2i,a2i
1,0.6792730491870848,0.5771221374850817,36.73865551278948,0.8067051173946956,230.09722331984537
2,0.3352486665510382,0.5944104567329346,77.32344516031208,0.1321818396435056,222.97676226223425
