PrincipalComponent,coi,c1i,a1i,c2i,a2i
1,0.7199880972893001,0.5094347278930834,37.93073433234523,0.9542572277370068,232.98776595917727
2,0.3608687337814234,0.4815907459057015,78.19990082957261,0.1434960914738955,223.65765488687103
