PrincipalComponent,coi,c1i,a1i,c2i,a2i
1,0.7091517216007343,0.5097270945758154,37.55814462833967,0.92752405690546,231.4954808695177
2,0.3807716336610255,0.496990525089379,78.41182225999972,0.1918875816718709,222.4481137019452
