PrincipalComponent,coi,c1i,a1i,c2i,a2i
1,0.733080037037428,0.5236326800104931,38.96754545952647,0.9497752530738556,233.0469819223887
2,0.3472400499319041,0.4628998823538279,76.81286790091083,0.1336982896816582,224.1487612707385
