PrincipalComponent,coi,c1i,a1i,c2i,a2i
1,0.7232482931134788,0.5471347807207751,39.98357708921093,0.8294886738748909,228.54605603693616
2,0.3582481425220533,0.5116195278197563,74.5119809761896,0.2535686894385806,221.5925052881359
