PrincipalComponent,coi,c1i,a1i,c2i,a2i
1,0.6598421231206248,0.5672046063081179,34.515347043041,0.8891561888281604,226.7026994968115
2,0.355559707525641,0.5080800041851177,75.01953443645411,0.2660024837163305,218.68946374070876
