PrincipalComponent,coi,c1i,a1i,c2i,a2i
1,0.706901817940805,0.5081989733556513,37.34917091550911,0.9276959173318352,231.95343334350588
2,0.3831286819975558,0.501164857719986,79.9849957096642,0.1963616625990732,222.3777426860576
