PrincipalComponent,coi,c1i,a1i,c2i,a2i
1,0.7209870041371798,0.548633205699085,40.871483104846305,0.761149071655036,233.0923030788594
2,0.3626038396571748,0.5488141509652709,80.89032004165828,0.1490537869425552,224.93674754699217
