PrincipalComponent,coi,c1i,a1i,c2i,a2i
1,0.6785590177996748,0.5893019442065507,38.138656342457445,0.7436320481662966,233.6724604882928
2,0.3638012468114976,0.5607880546380495,81.3903737511683,0.1417937975846415,224.36771136334352
