PrincipalComponent,coi,c1i,a1i,c2i,a2i
1,0.7886905730062213,0.613385959362844,45.233018202833534,0.884137245318996,216.37751756034496
2,0.2741079335237243,0.2150609914064838,36.958317542267615,0.3404002403479041,215.92915554047536
