PrincipalComponent,coi,c1i,a1i,c2i,a2i
1,0.7158744242263396,0.510665401841721,38.04195306795593,0.9401808221278756,232.67162118653897
2,0.3693688712961812,0.5021710074108063,79.20911583332135,0.1526529539279008,223.41440641843084
