PrincipalComponent,coi,c1i,a1i,c2i,a2i
1,0.6899615117512656,0.5157139214842283,36.13598493198257,0.925806566054342,229.3040748312158
2,0.3726522152083421,0.5028254079414236,77.93758971501511,0.2415492427299768,220.53833333227004
