PrincipalComponent,coi,c1i,a1i,c2i,a2i
1,0.8690741510642727,0.685305672794319,48.477108984023296,0.7019571368168072,216.07365122147567
2,0.2185285552922416,0.1531670803151336,34.34421680993015,0.2823205638711825,216.60793214609984
