PrincipalComponent,coi,c1i,a1i,c2i,a2i
1,0.8586853110858422,0.6290117597354736,48.34414446156851,0.7299818688533672,216.06238575934807
2,0.2291465662820099,0.2075062821841579,35.108475810880954,0.2692747433773745,216.6732122570828
