PrincipalComponent,coi,c1i,a1i,c2i,a2i
1,0.8612494766075691,0.6551652700248419,47.78168815659456,0.7189463466990437,215.9245305735041
2,0.2234810220216848,0.1788621110813078,34.43959816996428,0.2774492191150377,216.42619272632652
