PrincipalComponent,coi,c1i,a1i,c2i,a2i
1,0.803884490977803,0.5395507747298963,48.858140469258174,0.7258809858996592,215.3928838453501
2,0.2716131451790778,0.314433050226007,36.25248219542942,0.4044080205531333,216.67739109659465
