PrincipalComponent,coi,c1i,a1i,c2i,a2i
1,0.8247657509881967,0.5346352654166852,49.70360507235256,0.7482829555826077,216.454652972718
2,0.2727672077621242,0.3055314306000404,38.00952203634216,0.313748536539172,217.43244066393152
