PrincipalComponent,coi,c1i,a1i,c2i,a2i
1,0.8448914688150325,0.5710716919321095,47.96165052065147,0.7605128381703843,216.11385929500148
2,0.2443689264853157,0.2549621819541692,36.337027397175646,0.2615290334283853,216.7784862027385
