PrincipalComponent,coi,c1i,a1i,c2i,a2i
1,0.7971819325458422,0.638704486085217,50.34694583944671,0.5425468377614622,217.94571223466733
2,0.2361424581496764,0.3624147210848254,39.297131142847576,0.364100120442607,218.21204755817368
