PrincipalComponent,coi,c1i,a1i,c2i,a2i
1,0.8128560403101813,0.5292084453070184,49.66054450907223,0.7293942918572138,215.84118523910792
2,0.2806709039751195,0.3087153758510675,37.053581432827805,0.3865636454326805,217.09873683857535
