PrincipalComponent,coi,c1i,a1i,c2i,a2i
1,0.7749709103650476,0.5933437131907829,45.725416154718815,0.6869098985215912,214.36426593945447
2,0.2481203132003813,0.3255816133445058,33.81446700721476,0.4321779272917491,215.3839668250029
