PrincipalComponent,coi,c1i,a1i,c2i,a2i
1,0.8399931086666033,0.6726483236079764,62.01768116464062,0.4584157300379432,220.7095592909249
2,0.2578642111057618,0.3423754171835397,42.72822641186649,0.3796383526021453,221.83924904642956
