PrincipalComponent,coi,c1i,a1i,c2i,a2i
1,0.826339647780455,0.5282758827184697,48.36396344030248,0.770262812955614,216.21298038667155
2,0.2650603309590998,0.2949472937649544,37.62043122222273,0.2919170172188108,217.0535547359601
