PrincipalComponent,coi,c1i,a1i,c2i,a2i
1,0.8376816481579832,0.6110483284983083,54.627117280604885,0.576595830012785,216.8854139468203
2,0.2517379415963562,0.330967008539003,36.16083749146576,0.4237513492364204,218.416811825065
