PrincipalComponent,coi,c1i,a1i,c2i,a2i
1,0.8352467894288425,0.5505672643789651,48.51914771637733,0.7631543458426174,216.24448493222204
2,0.2539109005361026,0.2794889795196429,37.12729817011751,0.2737149824109698,217.04193532825687
