PrincipalComponent,coi,c1i,a1i,c2i,a2i
1,0.81850955529913,0.5321418561598191,49.88854043567911,0.7305020751604991,216.1430532178082
2,0.2850933531587434,0.3032713509111802,37.37148964444297,0.3631847815439153,217.290819017282
