PrincipalComponent,coi,c1i,a1i,c2i,a2i
1,0.8191673337867744,0.5355656085912076,49.64938619250563,0.7315770627495755,216.1217689696481
2,0.2833132091211061,0.304728105294335,37.27131576970187,0.35092068411919,217.22826225790268
