PrincipalComponent,coi,c1i,a1i,c2i,a2i
1,0.7920966904794949,0.6376801110948718,49.05619806905852,0.4920249692922125,217.6210759678121
2,0.2595117227788464,0.3178519558210684,37.32224648635504,0.3976694190586471,217.53703067541173
