PrincipalComponent,coi,c1i,a1i,c2i,a2i
1,0.8370592170469701,0.6097042071991287,55.12594533449447,0.491384859927165,219.08108769979816
2,0.2609405729652842,0.3266423753136128,39.819918095757245,0.37821799214191,219.64689385687052
