PrincipalComponent,coi,c1i,a1i,c2i,a2i
1,0.928933464155424,0.6269250612063428,47.87470316868611,0.7029821728996417,214.90107827707683
2,0.1993417810388648,0.1826840971284859,34.33221141595069,0.1998111084233779,216.04947933566712
