PrincipalComponent,coi,c1i,a1i,c2i,a2i
1,0.959660383966425,0.7307876887048966,47.380534226194094,0.6428436244373777,215.51213945475428
2,0.1686296277139569,0.0875157257254845,33.53036305747813,0.209177723509424,216.0981973539407
