PrincipalComponent,coi,c1i,a1i,c2i,a2i
1,0.9582198141383776,0.7134486075308935,47.88569067175342,0.649496342012817,215.48770690515536
2,0.1729299355816684,0.1075381214085298,33.73190894463791,0.205167896961033,216.2087594385047
