PrincipalComponent,coi,c1i,a1i,c2i,a2i
1,0.9137933861650686,0.6056062999567249,49.19907606408248,0.6781018938304375,214.69485149401152
2,0.2274303808923565,0.2143617380062706,34.3042559369546,0.2704660886456221,216.1350902100267
