PrincipalComponent,coi,c1i,a1i,c2i,a2i
1,0.8797781199553848,0.7092099744391499,47.66954501017633,0.4227076596464231,216.40954121832053
2,0.2080863719968898,0.2223000409554788,34.84238694799233,0.3412310745491108,216.36556473931617
