PrincipalComponent,coi,c1i,a1i,c2i,a2i
1,0.9307830606890576,0.7726783356744832,62.61457810890485,0.3504827474448163,219.60869195559584
2,0.2083517854281648,0.2344162648922512,38.890779655708094,0.3351497336048926,220.84589923727071
