PrincipalComponent,coi,c1i,a1i,c2i,a2i
1,0.8826490610001126,0.7206141591292289,49.78702909417888,0.4627149875741257,216.6381373665447
2,0.1866979344624074,0.2588326116182398,35.754386249655006,0.3154420056787088,217.00865485360637
