PrincipalComponent,coi,c1i,a1i,c2i,a2i
1,0.9223308198550398,0.6823450203721158,52.56171984270709,0.52135069678042,215.8100143495185
2,0.2067717309487929,0.2336393629607963,34.309901910404925,0.3509969005796272,217.1033697973453
