PrincipalComponent,coi,c1i,a1i,c2i,a2i
1,0.9428362143620692,0.6559456786292471,47.246966362612696,0.6867628346516694,215.0088793303554
2,0.1867095739823933,0.1513038820435663,33.86910295069236,0.1979874317324806,215.93028653510953
