PrincipalComponent,coi,c1i,a1i,c2i,a2i
1,0.9165833878420429,0.6089098020500628,48.93567543013539,0.6948253650765921,214.88333170954667
2,0.2187139219437361,0.2086874322944836,34.73712623767477,0.2371019084952285,216.22576527565633
