PrincipalComponent,coi,c1i,a1i,c2i,a2i
1,0.9174857696301792,0.6011287739102927,47.3986801071235,0.7174534147102029,214.6147593129891
2,0.2109072048927311,0.1992783356291773,34.381456750938,0.2158743187645343,215.8296476003449
