PrincipalComponent,coi,c1i,a1i,c2i,a2i
1,0.892877353512648,0.6034415831295943,47.563407176756144,0.682935414562347,213.94805735463336
2,0.2193480910050074,0.226663161280631,33.53277041612568,0.3203617371260806,215.38153316321615
