PrincipalComponent,coi,c1i,a1i,c2i,a2i
1,0.9682000905565902,0.7527206845897425,48.65054262117895,0.6246957047319804,215.8701808283243
2,0.1647397135796265,0.0724757667939065,33.83108065627387,0.2102260124109272,216.51586584635365
