PrincipalComponent,coi,c1i,a1i,c2i,a2i
1,0.9290479685334307,0.6815559943616348,54.15523555817236,0.41269108001298,217.8161792387173
2,0.2068057659679806,0.2325001590048847,36.75293391891088,0.3264932842972952,218.3610937669367
