PrincipalComponent,coi,c1i,a1i,c2i,a2i
1,0.914575663191722,0.6009668693581594,49.85740758010933,0.6750570510603823,214.75104415969048
2,0.2283587389375348,0.2163777145205441,34.41899568352836,0.2811768082639773,216.28345491703803
