PrincipalComponent,coi,c1i,a1i,c2i,a2i
1,0.8524963823810994,0.6586662523327532,43.05624252241967,0.6542863408501873,213.0356572068172
2,0.2037942981220641,0.2327112170564338,31.975122257020423,0.3472378157404615,213.9949805445216
