PrincipalComponent,coi,c1i,a1i,c2i,a2i
1,0.9749596783763276,0.8328326208669488,62.343454419945616,0.3307578404658155,219.17435426201112
2,0.1841912961796905,0.1483825305690038,37.802691952689514,0.3155624131828995,220.4817268948371
