PrincipalComponent,coi,c1i,a1i,c2i,a2i
1,1.0299650390943815,0.7860065716727356,57.920302164171744,0.5398182097803432,217.29425181977376
2,0.1513084910132038,0.0601759152981663,36.17672656104098,0.1890523641779215,219.0379687822327
