PrincipalComponent,coi,c1i,a1i,c2i,a2i
1,0.9795198816014108,0.7355902461561528,61.99814786268134,0.53590109612494,216.76196824660644
2,0.2055631005399856,0.1357717284990469,36.956924279653,0.2721247224456802,219.50665526699453
