PrincipalComponent,coi,c1i,a1i,c2i,a2i
1,0.9869895752763008,0.7427091992379545,61.40105175017292,0.5364755203384529,217.02349348235504
2,0.2060381955190457,0.1276918167189214,36.93674168405142,0.2431019072908087,219.5513243449092
