PrincipalComponent,coi,c1i,a1i,c2i,a2i
1,0.983419977001795,0.7885531260727259,60.095929308964,0.3221338870503871,218.9700182399919
2,0.1877294502529098,0.1430826913473994,37.30341882363834,0.3067666989032064,219.93105431015525
