PrincipalComponent,coi,c1i,a1i,c2i,a2i
1,1.043660299042129,0.8363099261573316,57.344689839307115,0.5118893190987808,217.7039820189463
2,0.1343571860384222,0.018362832894152,36.056911629728646,0.1896748519631845,219.08980999395408
