PrincipalComponent,coi,c1i,a1i,c2i,a2i
1,0.9677833141360616,0.7403252055555977,60.44989826054678,0.5407435379770705,216.37442780778628
2,0.200615429841788,0.1406474276353914,36.49726652395269,0.2879301264892562,218.97649336616277
