PrincipalComponent,coi,c1i,a1i,c2i,a2i
1,1.013034161657496,0.7649859871851358,58.845589156321736,0.5532669854604555,217.1500287636072
2,0.1667257777481751,0.0860300431485403,36.4996526703073,0.1910561947214507,219.18619551916777
