PrincipalComponent,coi,c1i,a1i,c2i,a2i
1,0.9978181400057162,0.7378697862499565,59.285802251303735,0.5705484260229166,216.8724491084141
2,0.1832388729071934,0.1063432794616108,36.65590403827157,0.200218431339935,219.16863978638108
