PrincipalComponent,coi,c1i,a1i,c2i,a2i
1,1.0494395385459945,0.8565764573289799,58.75661816387709,0.4925102543795022,218.08452408316205
2,0.1315488036720619,0.0104785817228683,36.44253304860443,0.1873956229221505,219.55905767402336
