PrincipalComponent,coi,c1i,a1i,c2i,a2i
1,0.9435032832352102,0.8008088518220036,53.607982419791625,0.3378120041570949,217.73173700624824
2,0.184870894603229,0.1376600422782739,35.63082371023491,0.322132634953666,218.0448635434767
