PrincipalComponent,coi,c1i,a1i,c2i,a2i
1,0.9909562346102224,0.7496415940427407,61.12719887293757,0.5468113946113489,217.1441918050592
2,0.1955569043664025,0.1197727567779993,37.12646864736418,0.2146993272901599,219.631602758761
