PrincipalComponent,coi,c1i,a1i,c2i,a2i
1,0.931670423213874,0.7792653878315134,55.08447751926527,0.5220114729774982,215.61256018902745
2,0.1888739485667144,0.1480196669937017,34.882990720034925,0.3123855948040419,217.48177247543177
