PrincipalComponent,coi,c1i,a1i,c2i,a2i
1,0.9845685637557549,0.8304850210479785,62.835886598655826,0.3750010517275872,218.2358667325181
2,0.1946886918291951,0.1382145670666628,37.08722559035118,0.3273414247665164,220.13579527112063
