PrincipalComponent,coi,c1i,a1i,c2i,a2i
1,0.9504522198599687,0.8588795662597948,59.951914994999946,0.3157785652919879,218.96724856418223
2,0.1688351668748786,0.1688098740042144,37.55102119638262,0.2967701565653264,219.9255167373684
