PrincipalComponent,coi,c1i,a1i,c2i,a2i
1,0.9872638424195834,0.7401699106906823,62.1439198173461,0.5324119580622698,217.0726853438657
2,0.2068548068448617,0.1297566662860532,37.05918085268771,0.2531122893003478,219.7047282633108
