PrincipalComponent,coi,c1i,a1i,c2i,a2i
1,1.043189254871932,0.8311215641420708,58.14303288387006,0.5096223503270547,217.74890796588735
2,0.1381951689725244,0.0300785157742345,36.22973973089349,0.1893339820746605,219.27037309630245
