PrincipalComponent,coi,c1i,a1i,c2i,a2i
1,1.1337473882058364,0.9632086169352228,79.40586263374574,0.3518024321356981,217.7043195441584
2,0.1109104996516348,0.0349375641473869,40.0892530453696,0.1320730850441406,224.27661326179177
