PrincipalComponent,coi,c1i,a1i,c2i,a2i
1,1.0196407258544005,0.9561666815811792,69.88480298887247,0.2591919602912264,219.4247531458007
2,0.150350457090772,0.1184189665641277,38.61097366289632,0.2480310958731929,222.356593551116
