PrincipalComponent,coi,c1i,a1i,c2i,a2i
1,1.0764942546302296,0.987585656759876,89.03172580014804,0.2845877512719252,215.87549581876368
2,0.1806206395475229,0.1008662872554867,40.33616237763224,0.1822019147055328,225.47809194295095
