PrincipalComponent,coi,c1i,a1i,c2i,a2i
1,1.020630571814349,0.8813268491253554,64.18854204245216,0.2867994264755767,219.0120040344656
2,0.1627083370455901,0.0954306618907449,37.36496128056199,0.2720040637617019,220.92229258093303
