PrincipalComponent,coi,c1i,a1i,c2i,a2i
1,1.0606730955788517,0.9728571442215282,78.5202176069698,0.2642866360749054,217.9563494675658
2,0.1727591669126847,0.1034324767212617,38.959024933358315,0.258211876852181,223.74217170095545
