PrincipalComponent,coi,c1i,a1i,c2i,a2i
1,1.0531845637472943,0.881141368529321,70.82600245548119,0.2677746563268791,219.55672323202455
2,0.166302656023105,0.0997217493546972,38.720981032580674,0.2560867836232849,222.6487337885661
