PrincipalComponent,coi,c1i,a1i,c2i,a2i
1,1.1427618076068873,0.9816217560092828,77.9896297605389,0.3456882378114965,218.53350042230767
2,0.0991317178531312,0.017751503515542,40.180880233767994,0.1281637318890383,224.26388225738148
