PrincipalComponent,coi,c1i,a1i,c2i,a2i
1,1.1451423923092925,0.9935331012995522,78.52852642525163,0.3380176641011213,218.93556103748335
2,0.0945144109519116,0.0109674208649007,40.44896829435489,0.1204603889429239,224.549367470702
