PrincipalComponent,coi,c1i,a1i,c2i,a2i
1,1.0671033317658356,0.9953614294134132,89.62443768873551,0.2761006255151335,215.07259349912587
2,0.1818681903343832,0.1048008327203203,40.127136362934166,0.2001151371762793,225.27928497853563
