PrincipalComponent,coi,c1i,a1i,c2i,a2i
1,1.0224573007607718,0.9748866442237042,77.22344498426749,0.3325668902296398,214.70047757129475
2,0.1716101344080121,0.1054194839694674,37.490073001577336,0.2422862239687965,222.27394750800113
