PrincipalComponent,coi,c1i,a1i,c2i,a2i
1,1.078951712719793,0.9845071531480616,87.94546533209778,0.2923682386525618,215.99312481461277
2,0.1774065690563256,0.0998908588125343,40.234878288400424,0.1725294465898495,225.3045889278905
