PrincipalComponent,coi,c1i,a1i,c2i,a2i
1,1.0566150889577268,0.9933220418667864,87.45054901618222,0.2883824765589614,214.66814477655748
2,0.1783408509898691,0.1060257334467559,39.519977594882135,0.2163558595964479,224.5972464400583
