PrincipalComponent,coi,c1i,a1i,c2i,a2i
1,1.1192803723329754,0.9716489366330812,82.1883478534758,0.3368612466573876,217.19748774255655
2,0.1251842745750551,0.0537310674982157,40.365110233269135,0.135303202378369,224.70311094247415
