PrincipalComponent,coi,c1i,a1i,c2i,a2i
1,1.141421897398669,0.963651845551176,76.20360861164266,0.3713371615943583,218.45270090680015
2,0.0962955190517138,0.0125026619229854,39.85614717473773,0.125809048921112,223.8438696743627
