PrincipalComponent,coi,c1i,a1i,c2i,a2i
1,1.040169949633272,0.9394525612401418,73.13518896636072,0.2685828641918941,219.6951764859427
2,0.1660184185812037,0.1036786449333866,39.27946268160877,0.2592944914864347,223.2062294767528
