PrincipalComponent,coi,c1i,a1i,c2i,a2i
1,1.0917988036352868,0.9977388201945362,87.64368579130573,0.2912714544992519,216.57511965683736
2,0.1593122844914506,0.087979319911942,40.77824662631311,0.1512513750635589,225.57744016755035
