PrincipalComponent,coi,c1i,a1i,c2i,a2i
1,1.1323267893341225,1.1250894304781918,73.64526474008261,0.1668708171430364,220.20349983187052
2,0.086482913269316,0.0933671703963188,39.94546778395805,0.1647667171384512,223.55458619456027
