PrincipalComponent,coi,c1i,a1i,c2i,a2i
1,1.2449128770199958,1.3482336051833703,95.77007617796008,5.4827533919858085e-18,218.69521534625224
2,0.0543424633433752,0.0247507337811197,43.696330445558665,0.0576833935250052,228.42960824248655
