PrincipalComponent,coi,c1i,a1i,c2i,a2i
1,1.1920692080199222,1.3474977548206075,99.91214829594284,0.0,216.2706260859827
2,0.1070305119322431,0.0811703466054823,43.758054691238065,0.0904618253869113,228.52522191178255
