PrincipalComponent,coi,c1i,a1i,c2i,a2i
1,1.2472394196852925,1.3378079455581453,95.20580994187266,1.1477654125224881e-17,219.68291136241191
2,0.0468155912788877,0.0268446670049937,43.82791606115561,0.0322008424728318,228.609254367463
