PrincipalComponent,coi,c1i,a1i,c2i,a2i
1,1.1747839708197292,1.0474660004624317,75.66298938334415,0.1692225970441301,220.355480749782
2,0.091535952035984,0.0883875161537308,40.22007594037565,0.1682362705285711,224.09046294383504
