PrincipalComponent,coi,c1i,a1i,c2i,a2i
1,1.132691291130883,1.2909461034646534,88.82667257890553,0.0901141325773943,216.8098173149134
2,0.1194503433283134,0.082902207343411,41.926389873975324,0.1262731070742578,226.01895191221024
