PrincipalComponent,coi,c1i,a1i,c2i,a2i
1,1.2451497503794249,1.337674901041425,95.82348982835694,0.0,219.7340176964646
2,0.047464922826513,0.0325244221465879,43.95938322149704,0.025176949388271,228.76874698268716
