PrincipalComponent,coi,c1i,a1i,c2i,a2i
1,1.1835521208171704,1.188708374720779,84.17978126915393,0.1338800429371379,218.96752730465815
2,0.098150685068883,0.084683111565238,41.343261051222335,0.1517684249349459,225.59347911212495
