PrincipalComponent,coi,c1i,a1i,c2i,a2i
1,1.2495353980933228,1.3419737251459796,94.82794547907308,0.0,219.68905655175868
2,0.0474771746861236,0.0220449982568004,43.7469989916114,0.0385985188620315,228.51452310801488
