PrincipalComponent,coi,c1i,a1i,c2i,a2i
1,1.1735043411794357,1.3469191955414672,99.02891773151624,0.0094133602677375,216.0147246294484
2,0.1121471985016647,0.0925977048290781,43.58551744653949,0.0949017269465663,228.20744166748847
