PrincipalComponent,coi,c1i,a1i,c2i,a2i
1,1.2164887709854453,1.3472351799190485,98.16469366727031,1.0947423974804863e-16,217.29513669517456
2,0.0926602970811196,0.059925696343039,43.65492872221013,0.0823551019455885,228.4608425984301
