PrincipalComponent,coi,c1i,a1i,c2i,a2i
1,1.2504705941958372,1.3414277819881326,95.22240421506116,0.0,219.10806819651432
2,0.0500336614233704,0.0198575314065019,43.68751521816608,0.0499563663898656,228.43554201082677
