PrincipalComponent,coi,c1i,a1i,c2i,a2i
1,1.2380947877893882,1.3497331269455672,97.09837611637116,4.320069232014879e-17,217.95612987200923
2,0.0632764920555132,0.0325337583100341,43.74643405678878,0.0656982870469273,228.50870090808337
