PrincipalComponent,coi,c1i,a1i,c2i,a2i
1,1.2293090850090722,1.3540919368702056,97.13528919741994,5.499254528029791e-17,217.9225776007071
2,0.0744894995699827,0.0428863005524094,43.70964534020799,0.0728631508620912,228.46407741341127
