PrincipalComponent,coi,c1i,a1i,c2i,a2i
1,1.1566322481742102,1.1394952276216277,79.32492502367506,0.1472773218107387,220.6124254314312
2,0.0973212987637089,0.0908482843800716,40.999151839994774,0.1546962404369476,225.00744289132905
