PrincipalComponent,coi,c1i,a1i,c2i,a2i
1,1.1612655492168382,1.4128284347713795,93.27684022270228,0.0546496019357317,217.8098182549116
2,0.0740279640796507,0.0680707919755341,43.042893494409014,0.1158085085348622,227.48661904492567
