PrincipalComponent,coi,c1i,a1i,c2i,a2i
1,1.1923219421014544,1.4746322757236254,100.0,7.852040117742806e-18,217.2117046872402
2,0.0408062361900175,0.0410007382567255,44.343420740643275,0.0,229.02136874004847
