PrincipalComponent,coi,c1i,a1i,c2i,a2i
1,1.2065595399085558,1.514457417483099,100.0,4.8585809854506675e-18,215.31348881980216
2,0.0339402820413091,0.0183066986686524,43.83983323810988,0.0308314627686149,228.43253629375943
