PrincipalComponent,coi,c1i,a1i,c2i,a2i
1,1.2068911250059633,1.487736124497791,100.0,0.0,216.7038622586658
2,0.0354323218975554,0.0247503779799061,44.16865908909544,0.0145011520140427,228.8518134000749
