PrincipalComponent,coi,c1i,a1i,c2i,a2i
1,1.1863087917943664,1.4695186562681128,100.0,0.0024845368823052,217.1847104603729
2,0.0443580758922893,0.0441110397970421,44.3978332719029,6.760331242251805e-19,229.02745261240517
