PrincipalComponent,coi,c1i,a1i,c2i,a2i
1,1.1249575706795152,1.1983761338216097,74.75434494852038,0.1837413501379338,220.41899763229463
2,0.0638966941720202,0.037300857045318,40.194936169655314,0.1838043705903691,223.9990514561992
