PrincipalComponent,coi,c1i,a1i,c2i,a2i
1,1.2094177362434273,1.5244864729279142,100.0,4.2240625351931276e-17,215.4843164227275
2,0.0369925100631776,0.0185145071302993,43.865302282109155,0.0399923413593259,228.4612989902578
