PrincipalComponent,coi,c1i,a1i,c2i,a2i
1,1.199455596817148,1.4798323229564978,100.0,0.0,217.29692872792177
2,0.0385322826680341,0.0357545033737108,44.34613264826521,0.0042274428873479,229.03675207893397
