PrincipalComponent,coi,c1i,a1i,c2i,a2i
1,1.1672415520067103,1.53895405993873,100.0,3.8742709448761947e-17,213.7323562386632
2,0.0620485598660322,0.0362776716384814,43.40960005108262,0.0816184763337614,227.91221015457944
