PrincipalComponent,coi,c1i,a1i,c2i,a2i
1,1.1311446709649884,1.5305537339359112,96.64950940141088,0.005160685667829,215.20155497014923
2,0.0744915725952978,0.0547291034745735,43.17466054802655,0.0931850681994399,227.51940821199943
