PrincipalComponent,coi,c1i,a1i,c2i,a2i
1,1.1536282024957998,1.328585470861161,85.91915728269456,0.1061311977250116,220.36906904889912
2,0.0526325437072984,0.0605511650582366,42.348293373172744,0.1358321712799501,226.58720436340485
