PrincipalComponent,coi,c1i,a1i,c2i,a2i
1,1.2004409697768912,1.527893268631478,100.0,7.134050294954619e-17,214.47303774745671
2,0.0476229343653958,0.0249264406173259,43.57856944993472,0.0586988181713162,228.14531302908543
