PrincipalComponent,coi,c1i,a1i,c2i,a2i
1,1.2066698453761535,1.5262388117106194,100.0,0.0,214.84458080471384
2,0.0444059721815859,0.0234509788593099,43.68109901828432,0.0530371375179719,228.2568979494297
