PrincipalComponent,coi,c1i,a1i,c2i,a2i
1,1.184531430349701,1.526101569826661,100.0,0.0077309402971908,213.73684799618655
2,0.0543072374237862,0.0313766682564418,43.40305008340361,0.0699817807835558,227.9237208937017
