PrincipalComponent,coi,c1i,a1i,c2i,a2i
1,1.1564484154449166,1.2132146174253702,81.42233358581112,0.1481263790952237,220.38417204626495
2,0.0624714153840769,0.0535373261526525,41.46088951521693,0.1610472185003954,225.54958328824335
