PrincipalComponent,coi,c1i,a1i,c2i,a2i
1,1.207725901103865,1.5028569336946342,100.0,9.779881209739354e-18,216.29377484966176
2,0.0334081925614481,0.0209376324949852,44.081345299171765,0.0219310861920961,228.7267472540425
