PrincipalComponent,coi,c1i,a1i,c2i,a2i
1,1.1135669026896895,1.3004443945894462,79.12864076689968,0.1447310088524908,220.36783786223415
2,0.0605078255527249,0.0483360042226526,41.05093668881691,0.1555358844047092,224.97447644932777
