PrincipalComponent,coi,c1i,a1i,c2i,a2i
1,1.2047083988212242,1.4577463912655,100.0,0.2025557199004272,197.9782595588906
2,0.0431886983393065,0.032977546580971,39.713842696981466,0.00925323812454,223.37135607957848
