PrincipalComponent,coi,c1i,a1i,c2i,a2i
1,1.2273381044326157,1.5096556383219784,100.0,0.1955231388483932,195.85770900943487
2,0.0330839532767544,0.0143347798916443,39.073491753471274,0.022221896061188,222.71526661413472
