PrincipalComponent,coi,c1i,a1i,c2i,a2i
1,1.1889093991578863,1.426938829848356,100.0,0.1858395894668095,201.3649447090738
2,0.0553350143525714,0.0542983201074164,40.6990210525437,0.0040549396386469,224.3775812586283
