PrincipalComponent,coi,c1i,a1i,c2i,a2i
1,1.1963299134165486,1.420805317104363,90.02308819719973,0.0925017950796705,216.1049904991027
2,0.0452691121096821,0.0154042162616049,42.08423359126758,0.1379789812159007,226.3003773244401
