PrincipalComponent,coi,c1i,a1i,c2i,a2i
1,1.1425039973890765,1.5018837548942623,88.50421300501866,0.0812411874273869,216.29314450860113
2,0.0539706544517874,0.0285589629336607,41.823855504275144,0.1261799320990536,225.9383848177664
