PrincipalComponent,coi,c1i,a1i,c2i,a2i
1,1.2216197990320783,1.5141177417437248,100.0,0.2076185973631329,193.75121894953443
2,0.0313712946602969,0.0132332025019653,38.55599039731985,0.0274216673055799,222.11214624626987
