PrincipalComponent,coi,c1i,a1i,c2i,a2i
1,1.1777458262008884,1.404647485605402,100.0,0.1920458986615462,203.2870046071712
2,0.0627492677453091,0.0696086040385641,41.465322593042366,0.0,224.98350337885
