PrincipalComponent,coi,c1i,a1i,c2i,a2i
1,1.1695326033554596,1.5769763363164848,97.12048624447928,0.0006317687376119,215.04379394003217
2,0.0586034274122813,0.0449194825647443,43.229119191841576,0.0947033493300446,227.57060765985125
