PrincipalComponent,coi,c1i,a1i,c2i,a2i
1,1.2117001535596663,1.5462125351095244,100.0,0.1876491409712515,192.6596102080367
2,0.029544082213977,0.0155333933287327,38.291032255377544,0.0334188446656555,221.8074362228868
