PrincipalComponent,coi,c1i,a1i,c2i,a2i
1,1.2067461500590622,1.6487486060809498,100.0,5.4082604543159465e-17,204.2379494159902
2,0.0461175679753607,0.0203759140769582,41.10820650875738,0.0804618851012218,225.1060644562224
