PrincipalComponent,coi,c1i,a1i,c2i,a2i
1,1.1584915722858729,1.3991223246842934,85.30452674111929,0.1204785345876161,217.35645704643463
2,0.054305306303723,0.0200472823873409,41.45312870471857,0.1483170491585801,225.52443193597517
