PrincipalComponent,coi,c1i,a1i,c2i,a2i
1,1.227240676756045,1.5161806225972216,100.0,0.1813593110983621,196.54168025432196
2,0.033486932370924,0.0166148022755739,39.24012645930064,0.0196043601636126,222.9120923917627
