PrincipalComponent,coi,c1i,a1i,c2i,a2i
1,1.2143672513160018,1.50109318022384,100.0,0.1793801399327083,198.89219060880163
2,0.0376701630237796,0.0259730532338501,39.86528447748413,0.0125047404440535,223.60556109984984
