PrincipalComponent,coi,c1i,a1i,c2i,a2i
1,1.1949915332806866,1.4531743253413307,100.0,0.1844441315640636,200.40393103942003
2,0.0498186581759243,0.0424771984546629,40.3489821492373,0.0068396991648516,224.0802777711069
