PrincipalComponent,coi,c1i,a1i,c2i,a2i
1,1.1842414001554988,1.6860536588781452,100.0,0.0409948248444266,192.0340476835148
2,0.0325378333130145,0.0171863603783864,38.14425372655358,0.052025607452673,221.644819502702
