PrincipalComponent,coi,c1i,a1i,c2i,a2i
1,1.1675338025765978,1.3581111306094888,100.0,0.2247247257775525,203.43827321984435
2,0.0694951995158729,0.0824500328547688,42.073751797699465,8.140896358844011e-19,225.14498360085457
