PrincipalComponent,coi,c1i,a1i,c2i,a2i
1,1.172122745666701,1.378438611519905,100.0,0.2104968262756092,202.87265145312176
2,0.0662536968998136,0.0749954639637512,41.582044554383955,0.0,224.91530670236097
