PrincipalComponent,coi,c1i,a1i,c2i,a2i
1,1.174394652239089,1.5525278867665884,93.20327075422372,0.0658262093794932,212.1828824626378
2,0.0735453893560924,0.0094672059993682,41.7378481476856,0.1322893326374075,225.92425448750504
