PrincipalComponent,coi,c1i,a1i,c2i,a2i
1,1.161838004879147,1.5087587206294304,100.0,0.1895439757250068,187.46003944407212
2,0.0830915367099292,0.0428008986970583,37.19766162642957,0.0536055678929924,220.2574746976353
