PrincipalComponent,coi,c1i,a1i,c2i,a2i
1,1.1331294201341515,1.423266027996256,100.0,0.2039002256349714,193.54469257597563
2,0.1002729954714352,0.0901102872832102,39.59088267962601,0.0569846010896361,222.0326901878449
