PrincipalComponent,coi,c1i,a1i,c2i,a2i
1,1.1744660230050366,1.504266415457603,100.0,0.2236333349433294,182.92634090755251
2,0.0740220510504638,0.033270548755444,36.065791489246074,0.0481066920587065,218.9833231968095
