PrincipalComponent,coi,c1i,a1i,c2i,a2i
1,1.1380351000862146,1.4391087729925611,100.0,0.1961405743491926,191.9125895803017
2,0.098045826986598,0.0806458224215234,38.9060200403332,0.056744565737198,221.5493323469574
