PrincipalComponent,coi,c1i,a1i,c2i,a2i
1,1.205545606857445,1.554575085622976,100.0,0.2276362641923709,179.0842069359983
2,0.0563769120033196,0.0170317043679843,35.08695051849527,0.0398421044280869,217.901748635236
