PrincipalComponent,coi,c1i,a1i,c2i,a2i
1,1.207127499579698,1.5334508025807492,100.0,0.2840811214804558,172.5429091749118
2,0.0483389324915022,0.0122319779438163,33.500027650675314,0.035303351393775,216.05630334597495
