PrincipalComponent,coi,c1i,a1i,c2i,a2i
1,1.2053772219396708,1.7605831842149082,100.0,0.035563329012652,190.63302493261332
2,0.0481885071863577,0.0034086863745081,37.79588643413681,0.0503945661415762,221.1881297496328
