PrincipalComponent,coi,c1i,a1i,c2i,a2i
1,1.1816233902901172,1.7222390390423776,100.0,0.1294369738277489,165.78817329106914
2,0.037106287866839,0.0143032015854511,31.741200282409412,0.034349144861511,214.1621579471985
