PrincipalComponent,coi,c1i,a1i,c2i,a2i
1,1.142797195887362,1.4671864841748967,100.0,0.1781772260643101,192.6521436737152
2,0.0970512904499003,0.0706793422450562,38.8460465368745,0.0589108991941503,221.73349418555105
