PrincipalComponent,coi,c1i,a1i,c2i,a2i
1,1.1871348991525672,1.547799052740094,100.0,0.2078348453688819,184.2344167770049
2,0.0655243503619697,0.0265780036839057,36.351520916158805,0.0437672831775803,219.36326833814852
