PrincipalComponent,coi,c1i,a1i,c2i,a2i
1,1.1707382163502853,1.7232626952322048,98.31139503570472,2.5901410433393434e-17,209.36718545882783
2,0.0684722147634141,4.244332448077739e-18,42.06721392109917,0.0888009732277751,226.17332933686137
