PrincipalComponent,coi,c1i,a1i,c2i,a2i
1,1.2007144129660268,1.5655829908032384,100.0,0.2728398522093946,170.11526761407924
2,0.0431174621727787,0.0131344487796555,32.88110924107642,0.0330708530611146,215.3758505682727
