PrincipalComponent,coi,c1i,a1i,c2i,a2i
1,1.135194049787691,1.663661068754729,93.28924218920712,0.0280746061781849,211.78071309949553
2,0.0695622975824904,0.026624127720515,41.61068157072447,0.106065724934832,225.70301378217795
