PrincipalComponent,coi,c1i,a1i,c2i,a2i
1,1.1597525590813156,1.5428750486384153,88.75707450437923,0.0926325115194232,213.6078912585068
2,0.061729292310719,0.0037863842017784,41.216296328893584,0.1380222615301537,225.30121775275956
