PrincipalComponent,coi,c1i,a1i,c2i,a2i
1,1.1542263398702153,1.4850870447296625,100.0,0.1827509013679491,189.14963849713288
2,0.0902511167642705,0.0536707179055476,37.717334951993486,0.0578213840713108,220.7301023355357
