PrincipalComponent,coi,c1i,a1i,c2i,a2i
1,1.0732759197989872,1.5980874205775857,100.0,0.0267522879334531,208.73057542563365
2,0.1037536606947473,0.1413546054770776,45.00284134177867,0.0885979331669728,226.56137815846057
