PrincipalComponent,coi,c1i,a1i,c2i,a2i
1,1.0771461867990857,1.6399350533195072,100.0,0.0187439582276886,208.29158387601296
2,0.0997635113121727,0.1226805411084287,44.08127257022658,0.0886482265596123,226.35366193586336
