PrincipalComponent,coi,c1i,a1i,c2i,a2i
1,1.0856718838741266,1.6584684526842646,100.0,0.0361681233513632,206.90377659108245
2,0.0941467733876848,0.1072982007294684,43.31117685560441,0.0833980917126603,225.9293869664164
