PrincipalComponent,coi,c1i,a1i,c2i,a2i
1,1.1145648054619357,1.7523646110077264,100.0,0.0661081630236473,203.26074844703555
2,0.0711069611352652,0.0685943682485452,41.51586368675889,0.0539095720544177,224.82467355691057
