PrincipalComponent,coi,c1i,a1i,c2i,a2i
1,1.1131636975249255,1.738499595064058,100.0,0.0285723110055981,205.73993367072484
2,0.0801137372854392,0.0785914631422205,42.29184952259581,0.0679147875310807,225.5396945006464
