PrincipalComponent,coi,c1i,a1i,c2i,a2i
1,1.0895196515637846,1.7899633821210517,93.354867061579,2.292369803889044e-16,216.26725986768076
2,0.0548649262689278,0.0660148875984133,43.01067446445762,0.0350117975431277,226.95375042501456
