PrincipalComponent,coi,c1i,a1i,c2i,a2i
1,1.1148158420862273,1.7374333990433362,100.0,0.0459101437146969,205.14053884103453
2,0.0786588343381268,0.073256934824228,42.067025131952214,0.0642618263793279,225.35887902336145
