PrincipalComponent,coi,c1i,a1i,c2i,a2i
1,1.0600025517217735,1.514042427848973,100.0,0.065653234501691,210.2654962867433
2,0.1078073827810808,0.1914518473947554,47.87074217272363,0.0762929318071583,227.2992472911155
