PrincipalComponent,coi,c1i,a1i,c2i,a2i
1,1.0867038701228002,1.6941215053608325,92.23448234450454,0.0,217.59028750476585
2,0.0739111788633388,0.0731832507005142,43.00056550935095,0.0705295450715195,227.0758796972704
