PrincipalComponent,coi,c1i,a1i,c2i,a2i
1,1.0660393716711896,1.5633870509571943,100.0,0.0353553025647975,209.97325730061104
2,0.106875661286444,0.1666780983705207,46.460560276419194,0.0842983381541433,227.05524096133135
