PrincipalComponent,coi,c1i,a1i,c2i,a2i
1,1.107158358696099,1.8764283049338248,100.0,5.2678131314108264e-17,203.5324185218391
2,0.0519664124961973,0.0638933488056164,41.23515523189284,0.0315697274460038,224.8702271121209
