PrincipalComponent,coi,c1i,a1i,c2i,a2i
1,1.146835256847052,1.8447960663268603,99.7580335092098,0.0,208.82672612217516
2,0.0524610537903674,0.0525093695311977,42.44164993602623,0.0219391008420753,226.29899741915423
