PrincipalComponent,coi,c1i,a1i,c2i,a2i
1,1.1193683016859064,1.7067338867360764,94.7412784731434,5.319747484915134e-17,216.33969879278305
2,0.0694462848603165,0.0517471000599182,43.21600421937135,0.0635551391093158,227.29709862300393
