PrincipalComponent,coi,c1i,a1i,c2i,a2i
1,1.1101297911938035,1.7918046364655231,100.0,0.0570181453650187,202.67999489115113
2,0.0647983782498065,0.0653072863601208,41.268436935552415,0.0455618764669995,224.6603189879039
