PrincipalComponent,coi,c1i,a1i,c2i,a2i
1,1.0627131501269675,1.5334653647258236,100.0,0.055430093465813,209.70721093594855
2,0.1071458044112118,0.1800320329258171,47.16405557774983,0.0778222357576265,227.0795872868823
