PrincipalComponent,coi,c1i,a1i,c2i,a2i
1,1.121258794520395,1.809417502756565,97.1030107743386,0.0,214.77869798977727
2,0.0538017203816731,0.0560981718031696,43.51169843994222,0.0179219310565624,227.42867109000957
