PrincipalComponent,coi,c1i,a1i,c2i,a2i
1,1.0968184705717934,1.7063666495357173,100.0,0.0216820047566969,207.18867158122563
2,0.0876193621887717,0.0949391022690968,43.00759286581502,0.077831413628129,225.98098198803905
