PrincipalComponent,coi,c1i,a1i,c2i,a2i
1,1.01939358294798,1.4949536694109906,85.71666122665003,0.0837869525686958,219.58678993930508
2,0.1052872803657973,0.1601474221635612,43.50443232866714,0.120197997058232,226.14770962885277
