PrincipalComponent,coi,c1i,a1i,c2i,a2i
1,1.0344073847634097,1.6930786346610152,83.57096126249957,6.320844685888629e-17,221.13168580713577
2,0.0700734113616059,0.099479108818352,42.45340171964688,0.0184617605104862,226.14607773481669
