PrincipalComponent,coi,c1i,a1i,c2i,a2i
1,1.0587230130410663,1.6391964248544486,89.19416223964183,0.0344630194549896,218.6576859630352
2,0.0871753362799215,0.1226472923451076,43.33168271568981,0.092570648483351,226.6513627264425
