PrincipalComponent,coi,c1i,a1i,c2i,a2i
1,1.0411002147456474,1.5846020748410052,87.86256454939236,0.0550343969876322,219.08957700363456
2,0.0945969072273618,0.1373653847847676,43.40306105474598,0.1041511939238311,226.4777073832898
