PrincipalComponent,coi,c1i,a1i,c2i,a2i
1,1.057179096231251,1.7487575784514386,91.59366978160143,0.0,217.589155469759
2,0.076365304490045,0.0982847272492888,43.40861409246184,0.0768343572361317,226.91689311164345
