PrincipalComponent,coi,c1i,a1i,c2i,a2i
1,1.0058031370884408,1.4163501250893495,86.59701345650367,0.0754850836006922,220.90169520855983
2,0.1104952184485263,0.225454151170437,45.94159643560983,0.1124123482006858,226.92261712445932
