PrincipalComponent,coi,c1i,a1i,c2i,a2i
1,1.0566496115386708,1.7691246118857282,86.67637990144217,8.630024799916204e-17,220.39423939179707
2,0.0639567041021395,0.073632847519255,42.88263292156819,0.0178073154275566,226.61663515366115
