PrincipalComponent,coi,c1i,a1i,c2i,a2i
1,1.061727525706507,1.6628342564145413,90.29391401407952,0.0226152722564394,218.4978731661243
2,0.0858885052836982,0.1181261597570304,43.475257384449215,0.0873282900038784,226.858856601309
