PrincipalComponent,coi,c1i,a1i,c2i,a2i
1,1.0795144711662186,1.7781993074017903,88.3337293292065,0.0,218.81681148688955
2,0.064040188911644,0.0741447040804218,42.73568068059903,0.047055248008859,226.48244042472467
