PrincipalComponent,coi,c1i,a1i,c2i,a2i
1,1.01605715894967,1.4549632824874883,85.22118644065931,0.0896882435144049,219.89686533086316
2,0.1077913572454989,0.1774883058633192,43.932522592449345,0.1228231817987428,226.1596896038348
