PrincipalComponent,coi,c1i,a1i,c2i,a2i
1,1.0296936715408147,1.5386825000668567,87.30291560788608,0.0685533555567328,219.18056386646967
2,0.1007360950309677,0.146953896494079,43.55117078211998,0.1128342501074063,226.39014915554205
