PrincipalComponent,coi,c1i,a1i,c2i,a2i
1,1.0096822882222078,1.430733490412082,85.33606588992518,0.0866069933855089,220.4522232938589
2,0.1098553455563054,0.2019227594375778,44.77950098242067,0.1195491520518194,226.40772016188453
