PrincipalComponent,coi,c1i,a1i,c2i,a2i
1,1.0073685624081,1.424696569396728,86.14482800380766,0.078318497532241,220.63549709639665
2,0.1099505883703433,0.2145697886069378,45.42227940392433,0.1139459801257183,226.71211729270328
