PrincipalComponent,coi,c1i,a1i,c2i,a2i
1,1.029352243871966,1.7726366739159618,83.8091096914487,2.2506076065163743e-16,220.70698005817368
2,0.058062623304777,0.0838988692229959,42.29950114350774,0.012271915212324,226.03549075939404
