PrincipalComponent,coi,c1i,a1i,c2i,a2i
1,1.0413810595662882,1.7948885313812186,88.65446119527269,3.3213157240687517e-17,217.7255522297
2,0.0629205181314586,0.0919946955103944,42.618915685975075,0.0654249870815654,226.24828799151103
