PrincipalComponent,coi,c1i,a1i,c2i,a2i
1,1.0631382314818736,1.714955425234831,91.93036491584574,0.0,217.9025049416738
2,0.079514914884724,0.1119543510676005,43.57637194193567,0.0765856340504214,227.08810135884636
