PrincipalComponent,coi,c1i,a1i,c2i,a2i
1,1.0643814982193285,1.7040801739974647,85.60010981159994,3.074115788277126e-17,220.6840435199298
2,0.0701972033500919,0.0719013329645393,42.63820436482063,0.017033315045193,226.4730687849337
