PrincipalComponent,coi,c1i,a1i,c2i,a2i
1,0.9613530741903532,1.2333714241002696,73.76809195144703,0.2407122452308354,220.1228939710668
2,0.1126759665300488,0.1653405540764107,41.14355460801243,0.2384982989135913,223.40019148037103
