PrincipalComponent,coi,c1i,a1i,c2i,a2i
1,0.9670593357464426,1.4016588081080228,84.17004049195917,0.0,244.2371949105645
2,0.1306054048348818,0.359620675778664,100.0,0.0044981655217245,218.70258982103928
