PrincipalComponent,coi,c1i,a1i,c2i,a2i
1,1.00893821522751,1.4428016025934325,80.53723992173204,0.1772141768141242,219.7045253953487
2,0.0957244041666842,0.1038090734901808,41.54147117259376,0.1929709284574828,224.90244992264212
