PrincipalComponent,coi,c1i,a1i,c2i,a2i
1,0.9701015425075054,1.3027822472471071,75.59944165837517,0.2276565704805016,219.89343635973276
2,0.1116089401361208,0.1323325805922714,40.92691027243568,0.229145817848607,223.771767161552
