PrincipalComponent,coi,c1i,a1i,c2i,a2i
1,1.0183505092620793,1.7113288132381224,85.78973253396946,8.281182372518055e-18,221.67544310810675
2,0.0633093787073838,0.0904520535995187,43.01958726533722,0.0494431683750679,226.80301684631283
