PrincipalComponent,coi,c1i,a1i,c2i,a2i
1,0.9672609694916272,1.261470905162492,74.41986238629391,0.2371575507657237,219.9484091865225
2,0.1124429535641378,0.1459272866311577,40.8890685163187,0.2360508485671437,223.506217352513
