PrincipalComponent,coi,c1i,a1i,c2i,a2i
1,1.034754802776809,1.659398250380082,84.80841414915854,0.0578624568927734,220.36406931586828
2,0.0667001459108295,0.0885715052307356,42.395287652158,0.0989777833018625,226.12910185936332
