PrincipalComponent,coi,c1i,a1i,c2i,a2i
1,1.0130475600565394,1.517091101132494,83.81595145247998,0.1436436276495706,219.49623578504725
2,0.0887486847185113,0.0962534312888181,42.1153109125215,0.1716939971399127,225.62123655671897
