PrincipalComponent,coi,c1i,a1i,c2i,a2i
1,1.0295374518492175,1.668929553597425,85.4608941724501,0.0,221.67616431097
2,0.0742515371354129,0.0642385339862676,42.93652846461932,0.0460052186831097,226.7796121139397
