PrincipalComponent,coi,c1i,a1i,c2i,a2i
1,0.9911403434286564,1.3890745878629027,78.59832310254659,0.198785353312321,219.81708064719552
2,0.1023163857961813,0.1153006003742434,41.284194990933266,0.2082166841222989,224.4729578672652
