PrincipalComponent,coi,c1i,a1i,c2i,a2i
1,0.9803822405526882,1.3423063193269145,77.52482536361343,0.2142017067848791,219.80125394088728
2,0.1075189731768437,0.1221950028071612,41.17467523509579,0.2199470251917999,224.204977878776
