PrincipalComponent,coi,c1i,a1i,c2i,a2i
1,1.0121090164158542,1.4643665238988042,81.76015012823918,0.1671134569828538,219.69969436796052
2,0.0943534472699,0.1000480306081395,41.77639526151724,0.1869107524414094,225.18986914209648
