PrincipalComponent,coi,c1i,a1i,c2i,a2i
1,0.9920397160661816,1.6357923751839514,83.00198592529063,0.1021176417866608,219.5215639007464
2,0.0688306150097913,0.0968140830328103,41.87455666512874,0.1337979210529562,225.4552357338876
