PrincipalComponent,coi,c1i,a1i,c2i,a2i
1,0.9691414852146544,1.410803823920885,83.98464872067662,0.0,244.872671459836
2,0.1282253258923943,0.3522358095958776,100.0,0.0049378057477095,216.9387805558972
