PrincipalComponent,coi,c1i,a1i,c2i,a2i
1,1.006006328801862,1.6725463407134735,84.00088969629577,7.614289660540867e-17,221.9168597912205
2,0.0691283651126057,0.0904430996901425,42.80839216885485,0.0299974841680049,226.53019571931085
