PrincipalComponent,coi,c1i,a1i,c2i,a2i
1,1.0080882717729105,1.5669443623747332,84.66589274956932,0.12498933289801,219.40177354907465
2,0.0832348045760193,0.0941220959803522,42.23858692243724,0.1582902187435814,225.8022221943781
