PrincipalComponent,coi,c1i,a1i,c2i,a2i
1,0.9929841697789438,1.7264778158803231,83.32181522581689,5.676824826321043e-17,221.74464322023127
2,0.0593189788063217,0.0898964831297382,42.53004951718735,0.040830466335601,226.26240099880556
