PrincipalComponent,coi,c1i,a1i,c2i,a2i
1,0.9227957809932008,0.7415671518248336,55.46600949708915,0.76846316333634,217.7344322346219
2,0.1607060789666565,0.2306839621925859,39.68072914984872,0.1474267742657067,219.05010626988752
