PrincipalComponent,coi,c1i,a1i,c2i,a2i
1,0.9228284824069228,0.7213514962513035,56.985789083177664,0.7703518796921598,218.35550759780855
2,0.1671965902686929,0.2642094454399036,41.952128424237145,0.1311587951282743,219.8441275233104
