PrincipalComponent,coi,c1i,a1i,c2i,a2i
1,0.9133922478070984,0.6697234214812761,57.91543997220544,0.7936173715551008,219.50622873477135
2,0.1855488936573155,0.3217509060052546,46.87329641198264,0.1021052257217192,221.03749331507845
