PrincipalComponent,coi,c1i,a1i,c2i,a2i
1,0.9042643324318224,0.6491367351495101,58.91153116765778,0.7982858644076364,220.46883538516428
2,0.1989981308528467,0.3598566147743109,50.50816403859056,0.0909754768062506,221.97193814532037
