PrincipalComponent,coi,c1i,a1i,c2i,a2i
1,0.8940954018065179,0.6273996579738149,59.03685310582457,0.8085873500059299,221.077796483077
2,0.2145458617389272,0.385048488678903,53.26191313253103,0.0902293353064856,222.4604270169545
