PrincipalComponent,coi,c1i,a1i,c2i,a2i
1,0.8917345912360061,0.6308849062437185,60.20431076241198,0.7918126858802172,221.7579165112975
2,0.2240033635238126,0.4084692510711933,55.1738941400767,0.0938749191475268,223.04673895430264
