PrincipalComponent,coi,c1i,a1i,c2i,a2i
1,0.8646683474499357,0.6240660641255088,58.35217170460076,0.7913032229088883,221.30697416143045
2,0.234707762999437,0.428876701892075,56.17352744265513,0.1570836492873163,222.1328958521153
