PrincipalComponent,coi,c1i,a1i,c2i,a2i
1,0.8900361878809311,0.6803480667214635,61.14401839357306,0.6665172511193578,221.6935369514057
2,0.21580726467164,0.4347622546460012,52.42404032678856,0.190717866676397,222.41181185301548
