PrincipalComponent,coi,c1i,a1i,c2i,a2i
1,0.8904576000978588,0.7674662180465073,70.42460820785712,0.514327218689858,226.05254355110677
2,0.2178692249745729,0.4753370338247596,59.92835268687357,0.120415799057709,226.70915927220392
