PrincipalComponent,coi,c1i,a1i,c2i,a2i
1,0.8645246835074535,0.6362593795760854,51.433173947854925,0.6620088005027022,229.35530539876163
2,0.2404457218453167,0.5414855205883319,76.17400722206109,3.584665470512803e-18,226.7098776216409
