PrincipalComponent,coi,c1i,a1i,c2i,a2i
1,0.8132486785246184,0.6648370450545187,45.30941372496636,0.6722095927482852,229.48802459434089
2,0.2452538210248905,0.5430177034288122,76.73538768273282,2.482137247477968e-18,225.33025372106593
