PrincipalComponent,coi,c1i,a1i,c2i,a2i
1,0.6486444142145604,1.161376948460011,40.43641280117446,0.7287629770938034,214.47995118652167
2,0.0165765833924147,0.0107281853782448,32.01029941275105,0.0194975644722424,214.1080531989213
