PrincipalComponent,coi,c1i,a1i,c2i,a2i
1,0.6486821718454512,1.151443449419361,40.01245797492756,0.6853604997643901,214.30243840544568
2,0.0170574812634698,0.0215989925051449,31.899486212672596,0.0144019785503527,213.96920891661307
