PrincipalComponent,coi,c1i,a1i,c2i,a2i
1,0.6554467861877369,1.1305476039362117,40.97513346878569,0.623484522267622,214.5804002878394
2,0.0225798118249031,0.0562904371818819,32.2486136054861,0.0073579063514304,214.31251476296933
