PrincipalComponent,coi,c1i,a1i,c2i,a2i
1,0.6603530054812498,1.053190603752041,42.7047674771178,0.6018431431169794,215.21341310826344
2,0.0457462364585334,0.1294708712662201,33.055213426681306,0.0211485650346158,214.96667619531405
