PrincipalComponent,coi,c1i,a1i,c2i,a2i
1,0.6506086833042738,1.0103369070301642,42.59673162651618,0.6185149368807527,215.25077712143607
2,0.0571817200459365,0.1586881306404722,33.256352337879555,0.0418126727611098,214.98043231562
