PrincipalComponent,coi,c1i,a1i,c2i,a2i
1,0.6475524569391041,0.9426186590796676,42.97467047528673,0.64399538889164,215.43521709259113
2,0.0734276840551707,0.2119847089273158,33.93476433165911,0.0852670519839345,215.1902210925586
