PrincipalComponent,coi,c1i,a1i,c2i,a2i
1,0.650429969461848,0.9230884106577864,43.56875226044268,0.6390389211439849,215.63133521011443
2,0.0822493529760569,0.2292023417333091,34.29842487111898,0.1076469426848431,215.4028114542137
