PrincipalComponent,coi,c1i,a1i,c2i,a2i
1,0.6511966166587497,0.9160564874290236,44.41110430554128,0.6288691664143147,215.8209465330991
2,0.0926764464404495,0.2431511919771307,34.68941095743255,0.1291581071017901,215.665789969128
