PrincipalComponent,coi,c1i,a1i,c2i,a2i
1,0.656449750544184,0.8750864969359764,44.41010698823808,0.6414833818343907,215.778914656843
2,0.1052429563988841,0.2714606287419923,35.07540091683042,0.1608104943339304,215.6565575895369
