PrincipalComponent,coi,c1i,a1i,c2i,a2i
1,0.6601722591164609,0.8352689750525165,42.805016834293504,0.6780150745704137,225.6599243530676
2,0.1573530012080914,0.4244962734815214,70.33297048939968,0.0,222.6093645756984
