PrincipalComponent,coi,c1i,a1i,c2i,a2i
1,0.6581358245422102,0.7972484287894595,40.711713245468545,0.6811705266457693,224.860958101194
2,0.1727371923933724,0.4921444313461382,68.10244209216093,0.0,221.9985256000869
