PrincipalComponent,coi,c1i,a1i,c2i,a2i
1,0.6319951131477229,0.7814182340848723,37.68731975374641,0.5658951374370654,224.83988640454328
2,0.192952697554821,0.6065457120059042,66.9339908707558,0.0,221.5673579190654
