PrincipalComponent,coi,c1i,a1i,c2i,a2i
1,0.8305870058015346,0.9784405268573692,39.11847785919792,1.339931201557582,249.99999999999997
2,0.058957327444075,0.0209098078707289,40.45141200147429,0.0329224387209066,223.8148936890992
