PrincipalComponent,coi,c1i,a1i,c2i,a2i
1,0.761023782271406,0.5482511087516778,41.6059439442738,0.9254831578482212,214.95611264816904
2,0.2407395443611214,0.3573932305343823,41.930065513368355,0.2783144032445619,214.74372409793617
