PrincipalComponent,coi,c1i,a1i,c2i,a2i
1,0.712385137919359,0.7340644286728414,48.71716448035908,0.6039992596484812,228.6314839138602
2,0.2390159400119027,0.7860948736022676,82.51438591296382,0.0,225.80382245018257
