PrincipalComponent,coi,c1i,a1i,c2i,a2i
1,0.8221355161006352,0.6210948498667972,53.832172524617974,0.8512904428163851,218.9654448768764
2,0.2193909946279724,0.3384595031471858,47.50326464409039,0.0955083112760631,220.178982847341
