PrincipalComponent,coi,c1i,a1i,c2i,a2i
1,0.8489210576292942,0.9357343471838492,37.827349812443394,1.479988462894988,250.0
2,0.0489016149403491,0.0238641084609716,39.98216210198755,0.0249422900180019,223.42803196085535
