PrincipalComponent,coi,c1i,a1i,c2i,a2i
1,0.8336148949605608,0.9177905906640652,36.73872916568419,1.179676112415521,250.0
2,0.0596914336348823,0.056431522050271,40.15750423291297,0.0148772804244515,223.44738105074745
