PrincipalComponent,coi,c1i,a1i,c2i,a2i
1,0.906441733369906,0.9943256581161404,43.140324437934304,1.2689666126600665,215.5086063935578
2,0.0328513627778312,0.016019912542486,32.668744002686566,2.935043237572675e-17,214.91687342775776
