PrincipalComponent,coi,c1i,a1i,c2i,a2i
1,0.7585241710810945,0.5789621796738517,48.59173066572785,0.847113478333083,221.3678049105031
2,0.2289899378164267,0.6291165882937407,64.95320468275114,0.1605956345217219,220.31375846848175
