PrincipalComponent,coi,c1i,a1i,c2i,a2i
1,0.6787583341253469,0.7292166361659749,45.15396621648253,0.5667422065494164,231.546534467068
2,0.2329474175974541,0.819100650834022,91.05086363795373,0.0,225.79069176976208
