PrincipalComponent,coi,c1i,a1i,c2i,a2i
1,0.4568415037857881,0.5044865278002881,41.62554985448535,0.5740444927703588,217.28719464435977
