PrincipalComponent,coi,c1i,a1i,c2i,a2i
1,0.7375897802697605,0.5661220975657623,39.41289450841312,0.9141507934441192,210.47439335175952
2,0.2395521396757371,0.3454153970160297,34.67428706069275,0.428989547294534,211.6791479568526
