PrincipalComponent,coi,c1i,a1i,c2i,a2i
1,0.8753724420168248,0.5828071523723729,35.63761356467346,1.0869119368839195,214.37852556291313
2,0.1149687390389037,0.2069752178098617,33.78795910981456,0.0,213.49837629505265
