PrincipalComponent,coi,c1i,a1i,c2i,a2i
1,0.8640714247332623,0.6960378783610595,37.03994722333598,1.0387804367639926,214.36325988285577
2,0.0981493675627974,0.1501745689479329,31.97823625389557,0.0,213.4207949647411
