PrincipalComponent,coi,c1i,a1i,c2i,a2i
1,0.8982577800762742,0.5932538566966589,49.11895923664158,0.8962994826976364,217.500030478306
2,0.1870484007895197,0.3067527475636798,43.01262682275739,0.0,218.55191687713037
