PrincipalComponent,coi,c1i,a1i,c2i,a2i
1,0.8552496725042027,0.7731609508979612,34.107590344179556,1.0774496758622738,213.62168085451515
2,0.0678350005562588,0.1091904197496244,30.631072328760744,0.0095396035548665,212.3838283078674
