PrincipalComponent,coi,c1i,a1i,c2i,a2i
1,0.8204082592059833,0.8632125296403693,38.2606886598851,1.3256044024391154,250.0
2,0.1058700533329487,0.1082629953937325,40.78550899770336,0.0,223.7405578632857
