PrincipalComponent,coi,c1i,a1i,c2i,a2i
1,0.8401904735082475,0.5188043842687811,38.60856604426608,1.1856896994622572,217.52187508275432
2,0.1885373502649041,0.28477209861401,39.37217933622066,0.0,215.8448974810024
