PrincipalComponent,coi,c1i,a1i,c2i,a2i
1,0.8214632928684749,0.7600472533818915,36.54905815513762,1.216211797734564,250.0
2,0.1502897166495716,0.1640499133783504,45.42387308413869,0.0,224.4108076204799
