PrincipalComponent,coi,c1i,a1i,c2i,a2i
1,0.7885991331166956,0.5449530530346476,54.24571545440736,0.9474856947242272,225.96728918644223
2,0.2836140957336767,0.5186339799684127,64.14438265143897,0.0,224.3506017947324
