PrincipalComponent,coi,c1i,a1i,c2i,a2i
1,0.6594853035765315,0.6486948500672299,44.11095338931699,0.6643637136976204,232.39406775786793
2,0.2684763394170799,0.9332328523206976,87.8078216343256,1.4829320282199934e-17,224.44385985188833
