PrincipalComponent,coi,c1i,a1i,c2i,a2i
1,0.7378163064628264,0.5159858076598427,48.08670440432942,0.9155041269168048,228.6226932374733
2,0.2798094126752347,0.8774526670362759,79.70039111690564,0.0,223.23589942144395
