PrincipalComponent,coi,c1i,a1i,c2i,a2i
1,0.8835184950119419,0.972059947256944,39.07542073783565,1.6137801888471646,249.99999999999991
2,0.0334876999994171,0.0123670795589912,40.298129347378726,2.802957312021264e-18,223.596205009885
