PrincipalComponent,coi,c1i,a1i,c2i,a2i
1,0.8504478308532901,0.5112248106379168,47.544348071787375,1.0147054281496792,220.2862579424055
2,0.2572608956544141,0.4028766106595303,49.5341862503286,0.0,219.92463125496556
