PrincipalComponent,coi,c1i,a1i,c2i,a2i
1,0.742092394318914,0.5393111728516458,48.672727654517,0.8856922150310855,217.4315239795881
2,0.3037521874707319,0.4627878932347339,49.53869236162173,0.4257039466473485,215.11886876816533
