PrincipalComponent,coi,c1i,a1i,c2i,a2i
1,0.8265791616411172,0.6205328474970508,38.75461958473388,1.1654811009860733,216.2099024907491
2,0.1651651387138347,0.225092574558727,34.940384935087856,1.7064971875908498e-18,214.7442580234232
