PrincipalComponent,coi,c1i,a1i,c2i,a2i
1,0.6739865714078561,0.635542795868297,41.34170267017755,0.7394078005965855,229.3708171070331
2,0.2705836478078918,0.914354840426318,82.15996605374436,0.0,223.55952721135876
