PrincipalComponent,coi,c1i,a1i,c2i,a2i
1,0.4806396291931484,0.5342105445369009,45.87167393483008,0.6655146080275554,219.2294642403748
