PrincipalComponent,coi,c1i,a1i,c2i,a2i
1,0.7126313194687817,0.5108575802825598,36.85458252184302,1.001087537733592,232.9371681316535
2,0.3313212885426677,0.6762614182996717,84.9758888125872,8.042396786275006e-19,222.2143456361506
