PrincipalComponent,coi,c1i,a1i,c2i,a2i
1,0.4390267737278446,0.3725500185315133,28.8678811534255,0.9373164685743852,210.4503494515891
