PrincipalComponent,coi,c1i,a1i,c2i,a2i
1,0.8436078539923266,0.8722372448085591,34.643440669029644,1.73362290394063,250.0
2,0.0383500648275732,0.0156253240104826,39.298416067510594,7.044273637716185e-18,222.57333906566095
