PrincipalComponent,coi,c1i,a1i,c2i,a2i
1,0.6165039155895783,0.5835616091824007,41.0176134074071,0.7627646771298153,231.90701249142063
2,0.3036243938462883,0.7481184162187351,83.17079535443473,0.2503505730339287,219.8833000649152
