PrincipalComponent,coi,c1i,a1i,c2i,a2i
1,0.6231925171387527,0.580864687482648,37.05771551676906,0.8299789704895246,232.00646021070463
2,0.3116828774300547,0.84022639885377,87.02512836383964,0.1223646292745245,220.59675662846024
