PrincipalComponent,coi,c1i,a1i,c2i,a2i
1,0.7600241332621913,0.5027644723418367,29.104279828002753,1.3251775265711867,250.0
2,0.2372985627955414,0.2951410783341234,57.42344210241835,0.0123880877860996,225.17904352100405
