PrincipalComponent,coi,c1i,a1i,c2i,a2i
1,0.6222207575399648,0.5067143292904024,29.329902537522976,1.0765739048600804,250.0
2,0.3778076916608309,0.5113500587821691,83.07819432238466,0.2527395447416076,215.95251967803523
