PrincipalComponent,coi,c1i,a1i,c2i,a2i
1,0.763513820132657,0.587905099575091,31.673898326060517,1.3152891530379789,250.0
2,0.2014660621815868,0.2384396721679949,50.2051698914641,0.0142376328345445,224.43118388824908
