PrincipalComponent,coi,c1i,a1i,c2i,a2i
1,0.6254549167267481,0.4664817148468446,28.465856412433084,1.0340222663894247,209.86305210477877
2,0.3088650490747198,0.3242948773738874,28.410991799058316,0.6947366399571204,209.45587197401537
