PrincipalComponent,coi,c1i,a1i,c2i,a2i
1,0.7591377335601636,0.4536698803153695,32.39936269918373,1.164377587274097,237.48574373105376
2,0.3169558977533608,0.4270211857005516,69.15971415907455,1.2465714960219865e-18,223.69947472447777
