PrincipalComponent,coi,c1i,a1i,c2i,a2i
1,0.7569438336821115,0.6826584202117935,29.752088985180613,1.366880566340375,250.0
2,0.15658394920851,0.1736691744112249,40.856945850742186,0.0399987860823121,222.2432295023493
