PrincipalComponent,coi,c1i,a1i,c2i,a2i
1,0.6716288170492098,0.4784654052522269,31.27029188863894,1.1381806861357442,242.55845706121747
2,0.3449380596396385,0.5524940706720373,87.80984401732368,0.0,224.92098544319225
