PrincipalComponent,coi,c1i,a1i,c2i,a2i
1,0.7561824833170305,0.6440843387390859,35.05320370005393,1.1696038376928413,249.99999999999997
2,0.2061170977312117,0.2123560510383224,48.114798440965394,0.0323992516724979,225.0087741292217
