PrincipalComponent,coi,c1i,a1i,c2i,a2i
1,0.7381462515626427,0.5089185679684693,35.98586420554615,1.0283054391742363,235.56902523336248
2,0.332174395817673,0.4116777195048562,70.38566341584632,0.0,224.4787523741088
