PrincipalComponent,coi,c1i,a1i,c2i,a2i
1,0.5990046938241981,0.4896841865811056,28.498943836916325,0.970654785661794,209.96501704838116
2,0.3252828954658586,0.3042569029812011,28.45157534147092,0.5616652927902596,209.5534936789602
