PrincipalComponent,coi,c1i,a1i,c2i,a2i
1,0.602824073280132,0.6523525989311019,44.906308655304336,0.6205792816365926,230.72272354050935
2,0.3012741724764232,0.6307869106412929,71.78007058202309,0.3745519568908408,217.68554069165592
