PrincipalComponent,coi,c1i,a1i,c2i,a2i
1,0.5969649661570972,0.5153160658823485,30.001083931250136,0.9544067615847112,224.29938150832027
2,0.3335421688112442,0.6820763221579359,77.75697754302631,0.2538101731612385,215.81329969009948
