PrincipalComponent,coi,c1i,a1i,c2i,a2i
1,0.7514333971365743,0.7374442270849186,32.395846569547906,1.231111280970676,250.0
2,0.16223303911048,0.1506812930807146,41.547630401524344,0.0431313674241925,222.9910402974361
