PrincipalComponent,coi,c1i,a1i,c2i,a2i
1,0.7663815764894054,0.8272593427973788,33.3591067374413,1.4002425334551152,250.0
2,0.1077290462095043,0.0854578913308822,40.65757492891375,0.0113359118029896,222.79342845841816
