PrincipalComponent,coi,c1i,a1i,c2i,a2i
1,0.7433256237730623,0.4803890517946726,28.730463783039426,1.1970192959865886,210.5189730671718
2,0.2096614214702543,0.2346197198899998,28.662253913839233,0.1226214069421927,210.1133439797313
