PrincipalComponent,coi,c1i,a1i,c2i,a2i
1,0.6538280799363345,0.5233070071528184,35.09760782249709,1.0031770176329555,238.37320470625647
2,0.3584540411151162,0.5096977125507778,84.29816078459517,0.0367538773917913,225.22249739310325
