PrincipalComponent,coi,c1i,a1i,c2i,a2i
1,0.5845608379069789,0.5194861781085943,28.468995490824295,0.9422892943700372,209.86243630684012
2,0.3310118763304636,0.3099452222867755,28.40597181371258,0.6797790303880918,209.4611103777822
