PrincipalComponent,coi,c1i,a1i,c2i,a2i
1,0.447318159872168,0.4255575215258481,36.91165976637783,0.787034101491978,217.17516818241376
