PrincipalComponent,coi,c1i,a1i,c2i,a2i
1,0.6052232453071511,0.6472138970866992,40.46432809176691,0.6908264007415783,227.87733399325617
2,0.3158044594850656,0.7215348878921302,78.36760104180986,0.2431831496151441,221.64243601757383
