PrincipalComponent,coi,c1i,a1i,c2i,a2i
1,0.8145245606639191,0.5260466071431624,28.77821866027744,1.0669513173809084,210.75351658033935
2,0.1525396549264728,0.1883072088305106,28.699388882051192,0.0422722668490117,210.28587812369645
