PrincipalComponent,coi,c1i,a1i,c2i,a2i
1,0.813865015628544,0.6965801665425979,32.31797043833397,1.0528099695117497,250.0
2,0.1462251531868092,0.1214177207345502,43.85383020254584,4.742100535482753e-18,223.5173167005713
