PrincipalComponent,coi,c1i,a1i,c2i,a2i
1,0.6915211013717568,0.7310977990728554,52.5783139845639,0.4377340670056523,225.06597319954068
2,0.253250805734352,0.4741197278138818,50.06100331047724,0.4564785103819945,216.92470817373928
