PrincipalComponent,coi,c1i,a1i,c2i,a2i
1,0.8283766357448087,0.507862273667055,38.912334083348576,0.8816242461950605,214.9515028243277
2,0.2331675541086682,0.2706193404296252,34.98910671872882,0.0987669401410865,214.4161538085009
