PrincipalComponent,coi,c1i,a1i,c2i,a2i
1,0.8239211311327872,0.806658797090988,30.567759554060537,1.0946088143300945,250.0
2,0.0859986720126563,0.0653188295545286,38.66298739805534,0.0008404014578493,222.09567306068297
