PrincipalComponent,coi,c1i,a1i,c2i,a2i
1,0.694272391905939,0.4885802895770629,34.48530222478389,0.8523299629579468,211.15271749885025
2,0.2690211415229457,0.3108330969127868,28.38497331824924,0.4322607944165418,211.23542283748543
