PrincipalComponent,coi,c1i,a1i,c2i,a2i
1,0.7139842368803787,0.539145691359309,42.91732565217688,0.7507798848918951,207.8180783477633
2,0.2362308085190153,0.3262685376399645,20.91694102089156,0.5865733417723763,211.34250315807128
