PrincipalComponent,coi,c1i,a1i,c2i,a2i
1,0.7106022176096002,0.5263739266157346,41.61779545657772,0.7550376161026843,213.28180204696616
2,0.22478031533456,0.4346301668833952,36.408567670625,0.5187552710881074,214.1445452047952
