PrincipalComponent,coi,c1i,a1i,c2i,a2i
1,0.7474300289204588,0.5197439319076459,41.97675996417407,0.8472861162537688,215.25323038431196
2,0.267486587734258,0.2804993646418326,35.800555603624375,0.2329917168969524,215.1246595990418
