PrincipalComponent,coi,c1i,a1i,c2i,a2i
1,0.6803406848465287,0.6797111925067828,49.532874399347,0.4445106282870907,230.33630930790767
2,0.2383539791436856,0.4995537281119066,55.840149717516795,0.4543685291603646,214.12988037707623
