PrincipalComponent,coi,c1i,a1i,c2i,a2i
1,0.4335289421958265,0.4105039931030886,28.779165376693346,0.6206864359838524,210.49443511216109
