PrincipalComponent,coi,c1i,a1i,c2i,a2i
1,0.7197851627264249,0.5731629995514332,27.861356454902257,0.8252383565598321,195.49257029666956
2,0.1130328219906888,0.312091697002365,8.786236399424153,0.5025548411161128,201.3070667677657
