PrincipalComponent,coi,c1i,a1i,c2i,a2i
1,0.7470740698508356,0.5497490276871311,28.5708631926412,0.8626079301994095,210.35026037453736
2,0.2293653324516249,0.2313063500485823,28.515109211517775,0.3205494069702268,209.94314956288517
