PrincipalComponent,coi,c1i,a1i,c2i,a2i
1,0.7685687420349032,0.8043503999748022,54.93701099001424,0.3473403551408433,226.541116928716
2,0.2260780004522108,0.4038860184765935,52.96581892229149,0.3704109493382426,215.19570469508452
