PrincipalComponent,coi,c1i,a1i,c2i,a2i
1,0.833749545537647,0.5997013301038187,42.589429618289145,0.7788167560781003,213.7408120799365
2,0.2211648908624303,0.1831509129830408,32.548541444517824,0.1624001426208048,214.4068538684342
