PrincipalComponent,coi,c1i,a1i,c2i,a2i
1,0.4714241485218979,0.3971151661153945,28.69858847947197,0.4827438556186409,210.52250174844488
