PrincipalComponent,coi,c1i,a1i,c2i,a2i
1,0.7703506045884081,0.5977330288004299,40.9016120834164,0.6966868735207735,211.28079208189172
2,0.1944522411580236,0.338733185265098,32.57829330046608,0.4598651604315279,212.74145133402135
