PrincipalComponent,coi,c1i,a1i,c2i,a2i
1,0.907412361267504,0.5780054984971669,35.84298899006323,0.826640867270563,212.99135388002355
2,0.179149047049454,0.1736874140213185,31.72826228155394,0.0456026697365223,212.82706337051135
