PrincipalComponent,coi,c1i,a1i,c2i,a2i
1,0.906485599831187,0.5964793159362234,28.735988932297374,0.9740373681302464,210.7258271118303
2,0.0996846001039641,0.1014004346902301,28.607527547561286,3.428052109224787e-18,210.2815885962031
