PrincipalComponent,coi,c1i,a1i,c2i,a2i
1,0.7422158686296212,0.7594950546347986,50.38196387528204,0.3569485912924778,237.09314811351632
2,0.2228889788471537,0.4284399191159349,63.35562223184684,0.3638749218751321,208.7345153007871
