PrincipalComponent,coi,c1i,a1i,c2i,a2i
1,0.8357095584370308,0.7184314563045217,55.78037399825835,0.5575922961464912,213.4941244372793
2,0.2055319564579069,0.2611029924479625,37.46894731153481,0.4083431689184881,216.586424293412
