PrincipalComponent,coi,c1i,a1i,c2i,a2i
1,0.9299637215571996,0.7080419487435441,55.47750592492627,0.6361475220609497,216.1012937330647
2,0.1845933058413152,0.1098032737916515,35.451617578986934,0.1439349449339145,218.14300349928504
