PrincipalComponent,coi,c1i,a1i,c2i,a2i
1,0.4977836520698988,0.3540096562374205,28.696086973058016,0.4586397242516292,210.5397358971431
