PrincipalComponent,coi,c1i,a1i,c2i,a2i
1,0.8445630727074092,0.5954303078512606,38.84205162460252,0.7955710309827974,210.71951649240845
2,0.2100034015458331,0.1547361399116082,29.58859720546908,0.2820922647256026,212.08296253415756
