PrincipalComponent,coi,c1i,a1i,c2i,a2i
1,0.7740429475907238,0.8766004423595273,57.76157710093232,0.2607421300759768,250.0
2,0.2274814835029979,0.3721044572692298,77.64326708583772,0.2916507322472628,194.95225459412276
