PrincipalComponent,coi,c1i,a1i,c2i,a2i
1,0.8306723228500755,0.6485178680540907,43.137631812991096,0.7158024173479952,207.64956477412
2,0.2325750163158806,0.1473491163693531,27.40272280876105,0.4125726672493003,211.5421173475727
