PrincipalComponent,coi,c1i,a1i,c2i,a2i
1,0.995699199548417,0.6605730241321311,44.13707481556252,0.7162217030204919,214.23388736921547
2,0.1486709615186676,0.0786269705077657,33.097552137897004,0.0538143458354858,215.0446404037467
