PrincipalComponent,coi,c1i,a1i,c2i,a2i
1,0.9735838618997732,0.634900658138415,28.710742770054868,0.933225254265225,210.68145091868428
2,0.0574327843118441,0.0232068429097866,28.58443489572168,0.0137862702567986,210.27112124871536
