PrincipalComponent,coi,c1i,a1i,c2i,a2i
1,1.118316033422501,0.7121455449071267,59.091752221144006,0.6359150016025248,212.65317345477527
2,0.0961719166907766,0.0520782332822566,35.2067282389817,0.0253287397874195,218.07960107804124
