PrincipalComponent,coi,c1i,a1i,c2i,a2i
1,0.5334516833476954,0.3034648296607732,28.682215393532815,0.4886822475914619,210.5534688128341
