PrincipalComponent,coi,c1i,a1i,c2i,a2i
1,0.9004702362987218,0.8974000571637774,76.98581660030094,0.3940207144967517,206.8240980694946
2,0.2097678129829428,0.2025480058800919,37.0626928082777,0.3538351257766655,218.6330252952211
