PrincipalComponent,coi,c1i,a1i,c2i,a2i
1,0.9435080895018056,0.5912994729945472,51.805712333836,0.8139648268221845,199.7302415040843
2,0.1769566908098536,0.1328062355843659,24.964624396501595,0.2073846938408929,211.04282816906849
