PrincipalComponent,coi,c1i,a1i,c2i,a2i
1,0.8259136171441038,0.8958872114758875,60.21132747996711,0.375512555788731,217.188592934681
2,0.2059841833862413,0.235940918955911,37.125155723661315,0.3563274048430837,219.160192916502
