PrincipalComponent,coi,c1i,a1i,c2i,a2i
1,1.0314724853410089,0.8283515072003919,74.80002499413452,0.5115724470763277,214.70390406131244
2,0.1446795695190266,0.0865840996289968,37.78869629645406,0.0882295689905159,222.1476971811624
