PrincipalComponent,coi,c1i,a1i,c2i,a2i
1,0.807163363956865,0.9649661570684434,64.73579586968775,0.2228785600476098,250.0
2,0.2316751290642278,0.2563330542312633,74.308507062556,0.3255720220836253,194.56002070015305
