PrincipalComponent,coi,c1i,a1i,c2i,a2i
1,0.9473634764222147,0.7050566236627442,71.73021984906083,0.6136051489142883,169.71148875077515
2,0.1311947493469289,0.1868371331828417,8.923923019389132,0.3456355453791979,204.02402828977608
