PrincipalComponent,coi,c1i,a1i,c2i,a2i
1,1.1112613279267494,1.324215188596726,100.0,0.0529374333681973,203.3401230427396
2,0.1315280014381817,0.0851693724943848,39.967578006548,0.0960611631359459,224.6529338034824
