PrincipalComponent,coi,c1i,a1i,c2i,a2i
1,1.1762267459918965,1.3495118873827334,97.71138090604316,0.0,217.78304874030016
2,0.0700585503445755,0.0352293704275652,43.930610497645034,0.0267682711096439,228.6964327576555
