PrincipalComponent,coi,c1i,a1i,c2i,a2i
1,0.8967898445094391,1.160987885867428,72.19530307571237,0.0793325336391003,250.0
2,0.1911695909136569,0.3756901617803159,100.0,0.092747116260659,192.9177159963724
