PrincipalComponent,coi,c1i,a1i,c2i,a2i
1,0.9180690275821096,1.0862288765222197,67.43976198855275,0.264903689384295,218.67656750594767
2,0.1734076908347868,0.2107418942823763,39.35741923662452,0.2526593033559691,221.45998117549937
