PrincipalComponent,coi,c1i,a1i,c2i,a2i
1,1.0715397653698429,1.2666135665070886,95.56263010345717,0.1445452117986497,196.3121564219749
2,0.1705035679127542,0.0909087384666048,36.38707914873163,0.1815362497012739,221.30658144351355
