PrincipalComponent,coi,c1i,a1i,c2i,a2i
1,0.652918099397539,0.6416023614354525,93.10582691103198,2.900455561955504e-17,231.3810458734536
