PrincipalComponent,coi,c1i,a1i,c2i,a2i
1,0.9957899598355504,1.1648047314752952,85.82541330241162,0.2188983278630006,212.5359086800108
2,0.1712398439064184,0.1854536101839266,42.0428800502965,0.2264452692908508,223.75751049399943
