PrincipalComponent,coi,c1i,a1i,c2i,a2i
1,0.9163776340523287,1.2831748158417091,76.20640688003495,0.217650243103171,218.91948629962252
2,0.136414524979039,0.1790424851378015,41.11695628555124,0.2184596078201942,223.6970243063696
