PrincipalComponent,coi,c1i,a1i,c2i,a2i
1,1.0713873127533542,1.4769383496818025,100.0,0.119084691762696,187.09604151417193
2,0.1160512922659323,0.0574530833905692,36.442771642649014,0.1353978930740708,220.08058789246385
