PrincipalComponent,coi,c1i,a1i,c2i,a2i
1,1.1160221058251527,1.4058782848311406,100.0,0.1704534666880253,198.25967649313543
2,0.0725275616489635,0.0578995803191514,39.609599947226144,0.0444424214699362,223.46185867280255
