PrincipalComponent,coi,c1i,a1i,c2i,a2i
1,0.5955701007579141,0.7616436739670607,100.0,0.0,229.7724010004076
