PrincipalComponent,coi,c1i,a1i,c2i,a2i
1,0.8733755296779103,1.2726425255830205,73.75160383202551,0.1477268095549032,250.0
2,0.1593013157389395,0.1801009886726014,77.81598337757295,0.2557450117494378,192.5305701016244
