PrincipalComponent,coi,c1i,a1i,c2i,a2i
1,1.0453386654664616,1.6760437460602882,100.0,0.0723108682704514,182.91382612612648
2,0.0871978802833592,0.0811695414332818,35.816714779471326,0.156009381312169,218.97235255373732
