PrincipalComponent,coi,c1i,a1i,c2i,a2i
1,0.5060879645746889,0.384506017186819,28.7172152286574,0.698860201936137,210.49328828645497
