PrincipalComponent,coi,c1i,a1i,c2i,a2i
1,0.9259212368264026,1.3056472422171337,73.94976338192376,0.3066011624565567,217.1599204525904
2,0.1051157001933998,0.1092935126968616,39.502857608628865,0.2977993468578851,222.62231329758208
