PrincipalComponent,coi,c1i,a1i,c2i,a2i
1,0.6968453652715229,0.6237730212233739,7.428691466342416,1.6698964555237072,127.91743274852078
2,0.0088819526547318,0.0622932136304276,5.0,0.0652896032335651,181.79918695511884
