PrincipalComponent,coi,c1i,a1i,c2i,a2i
1,0.9835913295876216,1.4890956555890325,83.7844010299463,0.1731410825509673,214.31980378268509
2,0.0925600857184207,0.1309766492376953,41.15235885029251,0.1932321669270336,224.0634389390595
