PrincipalComponent,coi,c1i,a1i,c2i,a2i
1,1.0174685759336397,1.7124360789713102,89.45315114596673,0.0970256590184375,210.39588972856913
2,0.0727354162606496,0.0981088802484123,40.69603616921139,0.151471016111549,224.22065414777032
