PrincipalComponent,coi,c1i,a1i,c2i,a2i
1,0.3129789570501229,0.3886759778664979,6.808861347183622,0.914652397390757,130.03357234915035
