PrincipalComponent,coi,c1i,a1i,c2i,a2i
1,0.951220414831922,1.4842385970417755,78.55536152697472,0.2707515559460486,215.5526070232882
2,0.0946088793212297,0.0694862998016682,39.84217305783688,0.2720283089650899,223.217475188553
