PrincipalComponent,coi,c1i,a1i,c2i,a2i
1,1.078425805047388,1.7277693454518632,100.0,0.2116288229015057,155.20180101665073
2,0.0600540922621913,0.0496997111385216,28.654706565217637,0.0889875915307791,211.19434369191555
