PrincipalComponent,coi,c1i,a1i,c2i,a2i
1,0.9445159748446134,1.8209970860835976,84.91100283567931,0.0942256912727742,218.96752646976591
2,0.0522290095863594,0.0629866125470478,42.03795730518274,0.1389595876375984,225.74014517325185
