PrincipalComponent,coi,c1i,a1i,c2i,a2i
1,1.006384574936306,1.992751735796238,89.60581260490761,7.016016941091902e-17,216.69519304550087
2,0.036061652759189,0.0389214341899204,42.24961609525856,0.0690267870171442,226.11923764783143
