PrincipalComponent,coi,c1i,a1i,c2i,a2i
1,0.5492711013059971,1.0559764678810326,100.0,1.900619488812909e-17,213.85663489034107
