PrincipalComponent,coi,c1i,a1i,c2i,a2i
1,0.4961816982367512,1.0324862267213657,81.59339038757098,0.0,230.4772733252728
