PrincipalComponent,coi,c1i,a1i,c2i,a2i
1,0.9314235431811876,1.981032301600246,81.33138299204367,5.1654263331099903e-17,220.9633929401256
2,0.0214629476517875,0.0376986589126891,41.79771106969205,0.0413745508778382,225.48689380081333
