PrincipalComponent,coi,c1i,a1i,c2i,a2i
1,0.4662488268616108,1.0131092753766486,83.23373371149171,0.0,232.2403446036004
