PrincipalComponent,coi,c1i,a1i,c2i,a2i
1,0.6306697174875838,0.931314187701096,38.93985259850325,0.7446775470617095,214.0820502769145
2,0.0597919667605872,0.1062317727674231,31.891821026473576,0.0744268731874561,213.6942158618769
