PrincipalComponent,coi,c1i,a1i,c2i,a2i
1,0.323783517474249,0.5165041106179563,36.86282380900093,0.4709549270156535,214.92412818508356
