PrincipalComponent,coi,c1i,a1i,c2i,a2i
1,0.6137660189259482,0.8154729612512767,39.90920438839176,0.7221561487269834,214.35110737807543
2,0.1064320440229189,0.1913183582185149,32.71844096867034,0.2166585108473156,214.03787953960835
