PrincipalComponent,coi,c1i,a1i,c2i,a2i
1,0.638663100142151,1.0059560978789652,37.26126340627014,0.807302747038272,213.48389650033877
2,0.0216248854594064,0.0386807137648327,31.18828882376238,0.0186314303283451,213.0754335272159
