PrincipalComponent,coi,c1i,a1i,c2i,a2i
1,0.6331313140661201,0.967240049405426,37.89115089731872,0.7732301531509291,213.72812239171995
2,0.0405856757770448,0.0773581361562367,31.453542846271212,0.0402420207695725,213.31427011988865
