PrincipalComponent,coi,c1i,a1i,c2i,a2i
1,0.6191054136347965,0.7727103525484927,40.6067307111561,0.7025895658535246,214.4274204291154
2,0.129262014299889,0.2275182198635763,33.12615448123247,0.2936274819763128,214.16044864924933
