PrincipalComponent,coi,c1i,a1i,c2i,a2i
1,0.6130581421948158,0.8095605817749386,40.63528068735239,0.7050903121746042,214.49789261752008
2,0.1174835960898301,0.2030074327104281,32.978592534051494,0.2474543206583048,214.2182344163544
