PrincipalComponent,coi,c1i,a1i,c2i,a2i
1,0.6184226125810088,0.7008427382538256,36.03305846307421,0.652999612562272,222.96204801355947
2,0.2017685122550685,0.4832023721142513,61.02575184169843,0.2018848480164077,218.918461991638
