PrincipalComponent,coi,c1i,a1i,c2i,a2i
1,0.6255154942582649,0.6933554156608857,36.727624034937634,0.6878998842463412,221.37463994302
2,0.1914646717620097,0.430094875925102,56.722303807309856,0.2396396044676783,218.04163380384432
