PrincipalComponent,coi,c1i,a1i,c2i,a2i
1,0.6422302260916851,1.026306875002024,36.30086367567176,0.8907459347015634,213.43425039025325
2,0.0048262547875626,0.0067691892363186,31.03676845970591,0.0026987774355107,212.8291031607021
