PrincipalComponent,coi,c1i,a1i,c2i,a2i
1,0.6290718019188285,0.7305957465231115,40.04758996551002,0.7135335877747184,214.3128178376919
2,0.139668679504275,0.2679213990794395,33.586514219201966,0.3329638262416924,214.01182267605068
