PrincipalComponent,coi,c1i,a1i,c2i,a2i
1,0.6116759108183578,0.8328438685269041,39.33074662460617,0.7372321724024787,214.2586705390126
2,0.0962549813502507,0.1776868949603267,32.49507347822747,0.1832605430214777,213.87683832669623
