PrincipalComponent,coi,c1i,a1i,c2i,a2i
1,0.6196073727619056,0.8916163240708871,38.99282063974841,0.7417452480210777,214.1546875310828
2,0.0742850727045168,0.1334104777679598,32.0659394054313,0.1110260716365489,213.7457918460646
