PrincipalComponent,coi,c1i,a1i,c2i,a2i
1,0.6055977970294812,0.7048210430090815,35.767713720261476,0.5848148677995185,224.37896526199532
2,0.2096267971213825,0.5300990453691714,64.34404503911473,0.1804769978246085,219.79702948269016
