PrincipalComponent,coi,c1i,a1i,c2i,a2i
1,0.6095173818829654,0.8445407314334024,39.0405988455889,0.7415476526938618,214.17957601405269
2,0.0914375240725182,0.1660429292372739,32.30632001029232,0.168264531530201,213.77598860363713
