PrincipalComponent,coi,c1i,a1i,c2i,a2i
1,0.5886809053448414,0.8042451071464625,39.4464616553382,0.779137038799553,214.26900554868655
2,0.11015834463183,0.1934233823642885,32.652884833087064,0.2078662325983456,213.91571099045652
