PrincipalComponent,coi,c1i,a1i,c2i,a2i
1,0.6138096042452958,0.9269478988756455,38.42748265743775,0.8206707140458763,213.9067452463589
2,0.0586790469860165,0.1053639117591047,31.68213254528829,0.068083339345333,213.4968101105601
