PrincipalComponent,coi,c1i,a1i,c2i,a2i
1,0.5925408902861594,0.6683050213633985,35.66086758874515,0.7035179121607436,224.11403979865497
2,0.2266650097629333,0.5214718414020247,63.364466866877194,0.2067577424605104,219.37693225260676
