PrincipalComponent,coi,c1i,a1i,c2i,a2i
1,0.6284793257634698,0.9958729399802048,36.70290511834334,0.954000100210839,213.41338162802697
2,0.0174313716600835,0.0246086610528432,31.029778567578884,0.0145907063223063,212.8880165584124
