PrincipalComponent,coi,c1i,a1i,c2i,a2i
1,0.5998221409150593,0.6602787284092966,36.44610932081018,0.7344340834394515,222.34179637936776
2,0.2161457200270616,0.4635163236380147,58.69678470945597,0.254636947277212,218.4249525195617
