PrincipalComponent,coi,c1i,a1i,c2i,a2i
1,0.5906602795283978,0.7931290223120947,39.685722734451886,0.774085561237658,214.3325674056358
2,0.1147978879345435,0.2046039299274973,32.859965777003175,0.2238379916521802,213.98447915265209
