PrincipalComponent,coi,c1i,a1i,c2i,a2i
1,0.6207976466929018,0.9680666175877928,37.77221612619272,0.8604977000941665,213.6469310047904
2,0.0384117313128002,0.0644619566879985,31.38725287755313,0.0402043522212714,213.2423350600865
