PrincipalComponent,coi,c1i,a1i,c2i,a2i
1,0.6049068541843553,0.6918363992586019,40.40479191275146,0.7514118604211488,214.57027563262224
2,0.1625207593389389,0.2943883665421289,34.392185577779195,0.3707320000716872,214.2025579821047
