PrincipalComponent,coi,c1i,a1i,c2i,a2i
1,0.5908859920423768,0.7718047832668972,41.02151782647739,0.739371069846469,214.64477564473344
2,0.1372632878704517,0.2282293548907664,33.43082193856419,0.2903509600968604,214.3343792689647
