PrincipalComponent,coi,c1i,a1i,c2i,a2i
1,0.5801565957128172,0.6728594159120215,35.285487578601035,0.6400007749988488,225.64759610850857
2,0.2337097676117306,0.5724403997466676,66.95874000082517,0.175854220259767,220.3132313986017
