PrincipalComponent,coi,c1i,a1i,c2i,a2i
1,0.6112103693988312,0.8905727837709065,39.52534787582774,0.7877009492373457,214.27517365731745
2,0.0779486942182685,0.1348883284661695,32.17389077691153,0.1066257723527426,213.89762304472816
