PrincipalComponent,coi,c1i,a1i,c2i,a2i
1,0.5996706230936011,0.6718377677708388,37.79962991644443,0.7501885071451417,221.43164131932136
2,0.208434782320017,0.4019580928246114,55.676267329595206,0.2799697016420095,217.8850811259011
