PrincipalComponent,coi,c1i,a1i,c2i,a2i
1,0.6375333502708984,1.009056102401791,36.90503597722062,1.0168182799128511,213.6912502022312
2,0.0073783884832619,0.0078417488888074,31.255544043332584,0.0045274131022434,213.03076616381136
