PrincipalComponent,coi,c1i,a1i,c2i,a2i
1,0.59199968880269,0.7771151625600133,40.22469258494977,0.7576556472599748,214.4565767272603
2,0.125301046919937,0.2170484552322151,33.10707403833701,0.2589650847621364,214.1170555607399
