PrincipalComponent,coi,c1i,a1i,c2i,a2i
1,0.5981525879730043,0.8510094939618861,39.416141111402574,0.7833771873419916,214.31191833250745
2,0.0934058140904083,0.1615815290340753,32.355480349076764,0.1463193658798671,213.90276780289972
