PrincipalComponent,coi,c1i,a1i,c2i,a2i
1,0.5939743055576847,0.7353542886366012,40.87640286653052,0.7380857067687547,214.5748730366903
2,0.1512686830670666,0.252659355744511,33.640538008938904,0.3358110493078473,214.2694523137343
