PrincipalComponent,coi,c1i,a1i,c2i,a2i
1,0.3228393257896662,0.5041933745368486,37.51752803205699,0.5461302924368322,215.27687720131604
