PrincipalComponent,coi,c1i,a1i,c2i,a2i
1,0.6389940669220541,0.8214304812658209,40.54678175134862,0.6759316967380121,214.28819017886192
2,0.113953505652296,0.1841897819732793,32.62894242336122,0.260775934832918,214.1049631377009
