PrincipalComponent,coi,c1i,a1i,c2i,a2i
1,0.6516186669493567,1.0314199497416734,36.81047544350338,0.7662972979130822,213.40871390552817
2,0.0101285137144943,0.0160552016952497,30.981531560946426,0.0076867215153991,212.9359442001884
