PrincipalComponent,coi,c1i,a1i,c2i,a2i
1,0.6319962165133538,0.8784800241907311,39.15404957496592,0.7090960897550407,214.09858532600688
2,0.0801252560648806,0.1365766586936491,32.12679822335544,0.1534568602906381,213.7595911721902
