PrincipalComponent,coi,c1i,a1i,c2i,a2i
1,0.6345792685836066,0.8569029347147674,40.57503864615699,0.6781700419875472,214.43438593896784
2,0.10110631821446,0.1606052945539316,32.590712852852455,0.2148604351312243,214.1799987645496
