PrincipalComponent,coi,c1i,a1i,c2i,a2i
1,0.639101015100984,0.9338110709647188,38.7025472965826,0.7095298112299802,213.97681707175937
2,0.0583968140074254,0.0951329131193795,31.802624229002753,0.0868652228210929,213.6081405207829
