PrincipalComponent,coi,c1i,a1i,c2i,a2i
1,0.6500902113654011,1.0012927803087066,37.46143309934333,0.7360408506525846,213.4920171768878
2,0.0258248776069466,0.0461884932009354,31.242092789670043,0.0242034440182907,213.14134451818944
