PrincipalComponent,coi,c1i,a1i,c2i,a2i
1,0.6492433476799856,0.7811723977959844,40.017845324334814,0.6855784382009037,214.092253689472
2,0.1239293266094409,0.2215816041098135,32.82730048323551,0.3030318969893935,213.89175665387063
