PrincipalComponent,coi,c1i,a1i,c2i,a2i
1,0.6341721955100552,0.8620650818457555,39.73126966437451,0.6956335006531666,214.2543613526117
2,0.0902352072995111,0.1494533928776879,32.332449803903174,0.1850590273525603,213.93825551124425
