PrincipalComponent,coi,c1i,a1i,c2i,a2i
1,0.6296917237857275,0.8891916205949522,38.90208001645152,0.712367892537404,214.02936385811353
2,0.0757637709924863,0.1258193526431958,31.99456121566361,0.1392920846668446,213.6764353218266
