PrincipalComponent,coi,c1i,a1i,c2i,a2i
1,0.3243552637382147,0.5193012681415883,36.07646962742351,0.4198090389460399,214.46123448871404
