PrincipalComponent,coi,c1i,a1i,c2i,a2i
1,0.6553504257766051,0.7374093678797679,38.5064218806042,0.6406250328293828,214.22302184213777
2,0.1364421562835997,0.3237374514799184,34.211350176059625,0.3397332685244771,213.71688435139137
