PrincipalComponent,coi,c1i,a1i,c2i,a2i
1,0.652125557139551,0.751041339925193,38.84348887868029,0.6692038742889512,213.96953081773677
2,0.1321637786991199,0.2794169705156349,33.26821797686965,0.3287907958523647,213.62596054198357
