PrincipalComponent,coi,c1i,a1i,c2i,a2i
1,0.6496032676429692,0.9702456241269476,38.62346720800426,0.7097360432341039,213.9165341134864
2,0.044357781699877,0.0707913498657447,31.671934054464604,0.0537336733144489,213.56073258983187
