PrincipalComponent,coi,c1i,a1i,c2i,a2i
1,0.6251091770528893,0.753664284855205,36.334052185678054,0.541220962199214,224.27699100124363
2,0.1925506328397072,0.477701391345067,65.06249481446483,0.1776927555082758,219.4933980903211
