PrincipalComponent,coi,c1i,a1i,c2i,a2i
1,0.6391926050946192,0.7510379634863161,36.66677330398244,0.6129687854096868,222.6604194924359
2,0.1837354235233921,0.4284770295319596,61.271076912764514,0.1962440203496133,218.53951334021585
