PrincipalComponent,coi,c1i,a1i,c2i,a2i
1,0.6975472877051716,0.8447331879441683,40.911281807440666,0.6415249030078222,214.2530550681215
2,0.1074484145584642,0.2043928063826345,32.891287899583936,0.2707221653787033,214.16897560111303
