PrincipalComponent,coi,c1i,a1i,c2i,a2i
1,0.6802103031008097,0.966814988611328,40.91529079467538,0.675088645302804,214.4256561053043
2,0.0475985868635547,0.0680840688004323,32.290041335088084,0.0870777107354027,214.2625686407
