PrincipalComponent,coi,c1i,a1i,c2i,a2i
1,0.6920653037652305,0.8365078203066179,39.80291678477158,0.5668771737975418,214.36191766709808
2,0.1151571190238885,0.2735802305398689,33.66270589850565,0.3015109026666327,213.98212914813917
