PrincipalComponent,coi,c1i,a1i,c2i,a2i
1,0.6686715803035899,0.8453647330684364,38.732461405554034,0.492741885368713,225.35830681211164
2,0.1653476308019337,0.4104484995645839,71.06475202914727,0.1391868407386254,219.98582937677924
