PrincipalComponent,coi,c1i,a1i,c2i,a2i
1,0.685402252578271,0.9442116201607332,41.87440419367952,0.6643062458527986,214.69038682514292
2,0.0617933800591977,0.0884600246556457,32.6113147640554,0.1248206779148528,214.56760275028876
