PrincipalComponent,coi,c1i,a1i,c2i,a2i
1,0.6879356290643912,1.0059264981392608,40.59209955769651,0.6610134302254934,214.3603991873106
2,0.0317328059830996,0.0419353708572308,32.125154811208475,0.0473060597526935,214.16725242231055
