PrincipalComponent,coi,c1i,a1i,c2i,a2i
1,0.6946648766511484,1.0347453209927189,40.31930833512665,0.6546414971168749,214.25892395981177
2,0.0203747778964116,0.0241256158680149,31.98616683632997,0.0234503354660325,214.06764493402895
