PrincipalComponent,coi,c1i,a1i,c2i,a2i
1,0.3397000176780632,0.5320666246973025,38.14082374944835,0.348370325616654,215.34117517091053
