PrincipalComponent,coi,c1i,a1i,c2i,a2i
1,0.6986705733030493,0.8311601826038183,40.18808415793733,0.6133487417797445,214.2305145033922
2,0.110117762384987,0.2454073805492956,33.24701429217251,0.2897602054735248,214.00737714371328
