PrincipalComponent,coi,c1i,a1i,c2i,a2i
1,0.6825219948580501,0.959042818711508,41.26328671428427,0.6726467166659221,214.51989417320337
2,0.0524217065115835,0.0767488607443245,32.41566488718468,0.0987810296062375,214.37616765469988
