PrincipalComponent,coi,c1i,a1i,c2i,a2i
1,0.6900820273385183,0.9108023785605056,42.90862711617065,0.6479151940632945,214.86583024868293
2,0.0862313987040973,0.118479431519462,32.91296171968882,0.1935706905449041,214.84235974376173
