PrincipalComponent,coi,c1i,a1i,c2i,a2i
1,0.6860784424246147,0.9427182387992642,42.828520511256905,0.6470951911620422,214.9250161949287
2,0.0727687114062952,0.0978620447380532,32.88484409860822,0.1515096430936778,214.85555890796303
