PrincipalComponent,coi,c1i,a1i,c2i,a2i
1,0.6988461269659921,0.873387706044851,42.46348674808334,0.6582675855407966,214.62372992564272
2,0.0973602623394605,0.1525223993939701,32.91072677904578,0.2362022761224816,214.6485093971204
