PrincipalComponent,coi,c1i,a1i,c2i,a2i
1,0.7283474056629116,1.0064764631257317,43.13220185738693,0.6728780738081189,214.93184246071093
2,0.0295796859691243,0.0396698121855346,32.78841181233289,0.060677464462379,214.94098489079707
