PrincipalComponent,coi,c1i,a1i,c2i,a2i
1,0.7349431933365416,0.8995897814357874,41.35260939791598,0.5718233994824,214.5875450640817
2,0.0930798431457245,0.2168058284944576,33.3182917712989,0.2665378672701778,214.4009765804867
