PrincipalComponent,coi,c1i,a1i,c2i,a2i
1,0.7268403310747148,1.041893630310636,42.05845469920874,0.6539352114365947,214.78730756244937
2,0.0133572089978886,0.0142248471564147,32.439450801246466,0.0222472922654464,214.6402534864799
