PrincipalComponent,coi,c1i,a1i,c2i,a2i
1,0.7337108205585036,0.9962739947659208,44.850058503935415,0.6526548393687422,215.3512696642161
2,0.0480937221969561,0.057718703801518,33.27631600646035,0.1043095995338332,215.4683700257782
