PrincipalComponent,coi,c1i,a1i,c2i,a2i
1,0.7384820786515315,0.966287267916676,44.88372060617849,0.6591407037901938,215.2757302129695
2,0.0611349896584185,0.074965695629842,33.27801381633337,0.1422009513312382,215.44307300255883
