PrincipalComponent,coi,c1i,a1i,c2i,a2i
1,0.7185519645093547,0.8995808801908273,41.0140080062991,0.4823730455014149,214.7768427800575
2,0.0991550558776104,0.2415704313649111,33.683622556562256,0.3047428881172445,214.37200271386973
