PrincipalComponent,coi,c1i,a1i,c2i,a2i
1,0.3570217641959708,0.5350853803637449,40.08263827659116,0.3270774091496737,216.26286280706745
