PrincipalComponent,coi,c1i,a1i,c2i,a2i
1,0.724435709742248,1.0114034322518477,42.671797300764055,0.6745109818041434,214.80662180418227
2,0.025774064829366,0.033017772513849,32.64808182517304,0.0515411543782956,214.79400900323444
