PrincipalComponent,coi,c1i,a1i,c2i,a2i
1,0.729486634131946,1.062000196093578,41.718476802586885,0.6408562500300129,214.7936306175519
2,0.0058682449981357,0.0039931052391645,32.46790236775493,0.0069699009490536,214.58234201808332
