PrincipalComponent,coi,c1i,a1i,c2i,a2i
1,0.7446560131918872,0.9074648877048272,42.95232515738615,0.6507416490781905,214.7410404449384
2,0.0839251934935354,0.152473366451868,33.03650294262338,0.222533109545873,214.8046434499155
