PrincipalComponent,coi,c1i,a1i,c2i,a2i
1,0.731765100149543,0.9948044702011036,43.83928884242446,0.6675326774092842,215.12804337750748
2,0.0388098518645621,0.049439065276791,33.00094934956183,0.0818199489137532,215.1639825926767
