PrincipalComponent,coi,c1i,a1i,c2i,a2i
1,0.7429109896210727,0.8941098315096913,41.99652178714361,0.6209190204514217,214.5752501190933
2,0.0880659064182225,0.1909585719028946,33.135683009881824,0.2477690019849742,214.55827262169475
