PrincipalComponent,coi,c1i,a1i,c2i,a2i
1,0.747139578142274,0.933457016848702,44.679599782561176,0.668614607113157,215.1039472888065
2,0.0732298584770153,0.1058624810372558,33.263688073687575,0.1828665287262459,215.32520417520007
