PrincipalComponent,coi,c1i,a1i,c2i,a2i
1,0.7772602549165583,0.9455372010806916,44.157487629043594,0.5846791245131576,215.27719716418352
2,0.0778540486375932,0.1782312132155331,33.779719331600525,0.22822079365897,215.2813334812271
