PrincipalComponent,coi,c1i,a1i,c2i,a2i
1,0.7915477609913468,0.9746667189841908,47.68142328943927,0.6887717768992213,215.7038488155277
2,0.0544821364476481,0.0770097754624809,33.96488361270446,0.1328512170009421,216.2252759280996
