PrincipalComponent,coi,c1i,a1i,c2i,a2i
1,0.7592438118724337,0.9469211439538856,43.56266935935072,0.4887586973625172,215.3749061277806
2,0.0842812338429134,0.2000407826184561,33.97167501372241,0.2763030071503402,215.1688452588166
