PrincipalComponent,coi,c1i,a1i,c2i,a2i
1,0.7817108548035752,1.0026446328038656,47.74245771525572,0.6785331436485699,215.8765877118979
2,0.042788322984872,0.0501597664487957,33.97769085440064,0.0948862508836422,216.304542138774
