PrincipalComponent,coi,c1i,a1i,c2i,a2i
1,0.7620129034284686,1.0347489226337658,45.03702082864833,0.6841529582047372,215.44066186590408
2,0.0120349635034698,0.0159623594475046,33.21753178078018,0.0218049446265122,215.544487870901
