PrincipalComponent,coi,c1i,a1i,c2i,a2i
1,0.7589629754025964,1.0559016296913517,44.12192678263138,0.6566963036981139,215.4278399773743
2,0.0038341008593727,0.003668909283713,33.13565896253311,0.0045262500530673,215.34551066348263
