PrincipalComponent,coi,c1i,a1i,c2i,a2i
1,0.7716627741748302,1.023986247441454,46.31375093431304,0.6826274452310818,215.6596139986141
2,0.0221850959072966,0.0289941478403083,33.60721436421023,0.0440433228900801,215.91805775440963
