PrincipalComponent,coi,c1i,a1i,c2i,a2i
1,0.7762987644801963,1.029332161143512,47.552759461284694,0.6684458292249269,215.89840635861117
2,0.0297963838456469,0.0354180811556575,33.930657128236156,0.062238128055862,216.2785146240184
