PrincipalComponent,coi,c1i,a1i,c2i,a2i
1,0.7665897472446613,1.0323602895775017,45.569240569398325,0.683658809524147,215.48668992172844
2,0.0153354880702831,0.0209596337174029,33.368669127501704,0.0283996030244968,215.68454241726937
