PrincipalComponent,coi,c1i,a1i,c2i,a2i
1,0.7883621442086526,0.9504715578420396,45.85230779048841,0.6713406800949226,215.3376341764241
2,0.0667186428507779,0.1188938507354121,33.659676616191966,0.1746486650345737,215.6762924638711
