PrincipalComponent,coi,c1i,a1i,c2i,a2i
1,0.3787961495574736,0.5365793688200184,43.86561084904539,0.3158572408133135,218.04034021667803
