PrincipalComponent,coi,c1i,a1i,c2i,a2i
1,0.7865933662852458,0.9392751060565294,44.89831370497469,0.6383338716395001,215.24327492218336
2,0.0714197738175695,0.154541207562208,33.685846435704526,0.203224022359536,215.4339679953644
