PrincipalComponent,coi,c1i,a1i,c2i,a2i
1,0.7958989172896032,1.041197035702429,48.453700135302356,0.711114805638344,216.0142776439361
2,0.0189710154843178,0.0193445845554925,34.108540036179505,0.0360226268897294,216.52042131897375
