PrincipalComponent,coi,c1i,a1i,c2i,a2i
1,0.7822250962572586,0.9786695167907262,44.66912699211427,0.5203505234986316,215.59766809291904
2,0.0722153369312301,0.1651610224146264,33.95653304715329,0.2570399584805654,215.47994589872815
