PrincipalComponent,coi,c1i,a1i,c2i,a2i
1,0.77641677023576,1.0388952209118072,45.70218841947141,0.7200492839163976,215.66472918544923
2,0.0051815737969578,0.0053349877762895,33.53204588693374,0.0068269582809895,215.78855464473352
