PrincipalComponent,coi,c1i,a1i,c2i,a2i
1,0.8111159200987457,0.9675112596532518,46.11703077725203,0.6806654638004087,215.39346393981907
2,0.0583467798490089,0.1235142525873367,33.80384686852675,0.1721194927092698,215.7594874344188
