PrincipalComponent,coi,c1i,a1i,c2i,a2i
1,0.8037016482062957,1.0181119695581606,48.60691094627442,0.7262436691393049,215.88946067455268
2,0.0289263232519278,0.0312766510905243,34.12920853597298,0.0631495976425102,216.5128696675701
