PrincipalComponent,coi,c1i,a1i,c2i,a2i
1,0.8016743907906203,0.9756618685028352,45.27138361365573,0.6237239952080593,215.41044044132383
2,0.0646646611247912,0.1446559166459846,33.80713228074373,0.2014449823542305,215.56823012916695
