PrincipalComponent,coi,c1i,a1i,c2i,a2i
1,0.8124465939951917,0.9754165785423536,46.953897793108545,0.7177842678133469,215.4487873034586
2,0.0530441565999498,0.091323151399851,33.81598202264747,0.1404579354900161,215.96890165673915
