PrincipalComponent,coi,c1i,a1i,c2i,a2i
1,0.8149428040215061,0.9946319579263784,48.7822370497184,0.7369342565847233,215.8119622138847
2,0.0409551053258365,0.0545441066993026,34.17283619043723,0.0975678326578574,216.51542869850203
