PrincipalComponent,coi,c1i,a1i,c2i,a2i
1,0.7895351897475726,1.0333293568697048,47.0739350680587,0.7234029049697054,215.7875191151932
2,0.0124960858857167,0.0140429061569027,33.71693662876562,0.0222726252006803,216.1182748435235
