PrincipalComponent,coi,c1i,a1i,c2i,a2i
1,0.7821688594338959,1.039507258009143,46.306887412353504,0.720419105955229,215.72573463349153
2,0.0075166143363949,0.0083350639685081,33.6225300272855,0.0110442195511824,215.92872429729735
