PrincipalComponent,coi,c1i,a1i,c2i,a2i
1,0.3849806124535823,0.528531651404728,44.8822398655546,0.3406094864795087,218.45201518040423
