PrincipalComponent,coi,c1i,a1i,c2i,a2i
1,0.8220428763062982,1.0558917525061875,50.17961898835792,0.7619476570494321,216.304477594016
2,0.0079155410546115,0.0060323152633846,34.58799127990875,0.0125828770528146,217.0122665483944
