PrincipalComponent,coi,c1i,a1i,c2i,a2i
1,0.8029880673111331,1.0445933030876318,47.75909566980118,0.7638651429907884,215.9239244420237
2,0.0012391422772789,0.0004462687287897,34.02170809890975,0.0007135778783199,216.34201336367408
