PrincipalComponent,coi,c1i,a1i,c2i,a2i
1,0.8448691580695583,0.9997640682787168,47.86525477103994,0.7419529496514176,215.41833517013464
2,0.0417581194153559,0.0919190681038005,34.04064588880964,0.135980072761186,216.16456779299077
