PrincipalComponent,coi,c1i,a1i,c2i,a2i
1,0.846898495549028,1.005773538861626,48.95497236139076,0.7778734166115069,215.48696278851548
2,0.0370425281760216,0.0623468337345958,34.148929578408755,0.103105354423199,216.43837433044553
