PrincipalComponent,coi,c1i,a1i,c2i,a2i
1,0.8358670483427839,1.0106101819219129,47.145955328164,0.6797796472121888,215.5330798906779
2,0.0487577026369557,0.110737902101334,34.054547247876236,0.168759540559398,216.02992704936145
