PrincipalComponent,coi,c1i,a1i,c2i,a2i
1,0.3980172205948182,0.5232242759135425,47.250887651017656,0.3792997792720319,219.1816445095916
