PrincipalComponent,coi,c1i,a1i,c2i,a2i
1,0.8134206675828479,1.0428136340212328,48.70324383625481,0.7712942995646036,216.06744627634103
2,0.0041276024331207,0.0028413052393047,34.24983310916603,0.0051224513337715,216.60613039243356
