PrincipalComponent,coi,c1i,a1i,c2i,a2i
1,0.8480628559441621,1.0199256104562766,50.756065600974885,0.7965901410877151,215.76567402153768
2,0.0248340288410874,0.031753889013489,34.52167939670171,0.0610194215702721,216.9611193531604
