PrincipalComponent,coi,c1i,a1i,c2i,a2i
1,0.8156609297148539,1.0132427716967756,46.34895441810465,0.5725007197993168,215.76354327015403
2,0.0567139560548646,0.1295548154999369,34.13195986891537,0.2314049893918591,215.91203362933643
