PrincipalComponent,coi,c1i,a1i,c2i,a2i
1,0.8329211476427815,1.036435465124514,50.42528266145642,0.7835504546322561,215.97350703131107
2,0.0160047549520823,0.0137864406480756,34.45793151696539,0.0322215486051101,216.95234073751408
