PrincipalComponent,coi,c1i,a1i,c2i,a2i
1,0.8620555106968951,1.0230390457185148,50.16560439893816,0.7816595568763377,215.64326110924375
2,0.0326384678258994,0.0555361083368569,34.411250707353446,0.0920844995425639,216.7683530507034
