PrincipalComponent,coi,c1i,a1i,c2i,a2i
1,0.8625872190015615,1.0348017326083074,51.982760241165245,0.7998200819491337,215.9201979184008
2,0.0211735155075271,0.0266738339494029,34.798811719769795,0.0513548675567842,217.29460894217593
