PrincipalComponent,coi,c1i,a1i,c2i,a2i
1,0.8602442558072197,1.0168201269362158,49.06433632469748,0.7470483962325769,215.58836028785177
2,0.0379323837247227,0.0834970776475812,34.28524244821035,0.1249762584863825,216.4949737086556
