PrincipalComponent,coi,c1i,a1i,c2i,a2i
1,0.8300770289212319,1.029241831875751,47.28124418986919,0.5788706110121354,215.92273912202856
2,0.0528466859290209,0.1203487139064686,34.2992817176108,0.2226470637924149,216.1705259256485
