PrincipalComponent,coi,c1i,a1i,c2i,a2i
1,0.83464672607779,1.0672885214348176,51.3058671296857,0.7620711812002904,216.50000041099844
2,0.0056415285438528,0.0035338674340762,34.890744019603474,0.0078622419360416,217.35259829778028
