PrincipalComponent,coi,c1i,a1i,c2i,a2i
1,0.4070424143169634,0.5294204702109492,48.89301747199725,0.3798454452251748,219.79105819129504
