PrincipalComponent,coi,c1i,a1i,c2i,a2i
1,0.8244039821960522,1.0531567633837116,49.71241335445968,0.770831015728104,216.24342271501467
2,0.0023755892684866,0.0012519090561544,34.5006748183299,0.0023499648939557,216.89815318836384
