PrincipalComponent,coi,c1i,a1i,c2i,a2i
1,0.8467204291804776,1.0501017602346918,51.61644154975585,0.7850340860401622,216.22462763862669
2,0.0126622588494796,0.0099632483920426,34.720999720200105,0.0248945134466284,217.29955677984557
