PrincipalComponent,coi,c1i,a1i,c2i,a2i
1,0.8503806807720882,1.0276190446750308,48.232466892049125,0.6853039487007841,215.69967288338907
2,0.045142473601612,0.1022559813733511,34.27035050392894,0.158228410718846,216.32862507280703
