PrincipalComponent,coi,c1i,a1i,c2i,a2i
1,0.4204945961956509,0.5333980489497121,51.074115203331544,0.3875684424139661,220.52588039817016
