PrincipalComponent,coi,c1i,a1i,c2i,a2i
1,0.8521219884742353,1.075466248849906,52.55436382258205,0.7724945477020879,216.64900425868063
2,0.0024066953473693,0.0007091187390405,35.180328223500744,0.0021765435521674,217.6846234240794
