PrincipalComponent,coi,c1i,a1i,c2i,a2i
1,0.88444352328843,1.0533181933451163,53.69704981106008,0.8118050910691919,216.11693198270711
2,0.0152557910779288,0.0183152221981272,35.14221354993778,0.036093438828649,217.7477390064588
