PrincipalComponent,coi,c1i,a1i,c2i,a2i
1,0.8840425300943323,1.0385634630582294,50.6815222834398,0.7633015041463752,215.7376983579264
2,0.0313525606807406,0.0695420965491494,34.589791750868685,0.1065438406928388,216.905325014386
