PrincipalComponent,coi,c1i,a1i,c2i,a2i
1,0.8853790065301159,1.0413973774384142,51.650101506111966,0.8001556225322194,215.7256757288228
2,0.0255974958106601,0.0437176405210042,34.70000986034995,0.0741235714710149,217.1351519784507
