PrincipalComponent,coi,c1i,a1i,c2i,a2i
1,0.8532255762970381,1.0536420808256006,48.77878930297848,0.591550986528914,216.15700122440177
2,0.0466942855808713,0.103712171096506,34.548794224984746,0.2080589549386386,216.5843900173591
