PrincipalComponent,coi,c1i,a1i,c2i,a2i
1,0.8661060087442795,1.0617968429419269,52.94655539646379,0.7990100869390675,216.46711906087265
2,0.0077985106598673,0.0050176261198779,35.19469952040464,0.0136617134477299,217.7078437051164
