PrincipalComponent,coi,c1i,a1i,c2i,a2i
1,0.8976520484269154,1.0813082716232068,51.66821919992316,0.707137465772193,216.13117421696367
2,0.0309090715580337,0.0764417963723533,34.92015975429958,0.1234111868832884,217.240387288972
