PrincipalComponent,coi,c1i,a1i,c2i,a2i
1,0.9052266023966355,1.0841376564059173,55.98426780237095,0.8080653087262399,216.46564171700896
2,0.0099170398874053,0.0131142614567103,35.63612107040381,0.0231116334345995,218.3854896921718
