PrincipalComponent,coi,c1i,a1i,c2i,a2i
1,0.8840681411376887,1.0872490046970995,54.9700030656461,0.7947064558826922,216.70639806394792
2,0.0039299538124676,0.0027167558755634,35.669276656100855,0.0056491699756765,218.2550501995316
