PrincipalComponent,coi,c1i,a1i,c2i,a2i
1,0.9080796194317085,1.0721408272424298,53.739754556817815,0.8032225889231285,215.97573892377108
2,0.0184501337728623,0.0359878774325178,35.14588060666222,0.0570718043157923,217.6925259853209
