PrincipalComponent,coi,c1i,a1i,c2i,a2i
1,0.9058103820458284,1.069211815572016,52.521866756274655,0.7697279165115308,215.91352548201053
2,0.02431435854235,0.0604136928439292,34.961688841418805,0.0886651428787912,217.3810548115029
