PrincipalComponent,coi,c1i,a1i,c2i,a2i
1,0.875786323204693,1.084644352571877,50.58710174158186,0.5967564969984116,216.4511013304456
2,0.0398045880472167,0.0924534340091332,34.91140215369568,0.1926325154689681,217.0846108712226
