PrincipalComponent,coi,c1i,a1i,c2i,a2i
1,0.434598454331555,0.554983629659347,54.8865239495554,0.377746640046898,221.8478975831003
