PrincipalComponent,coi,c1i,a1i,c2i,a2i
1,0.935101312025436,1.0738361458670107,53.68946603605768,0.8686137140536939,215.5747536753175
2,0.0112735083365581,0.0213802771792304,34.936309357488845,0.0330033870939329,217.53621366602593
