PrincipalComponent,coi,c1i,a1i,c2i,a2i
1,0.9308960452740672,1.0812382536715184,56.16039026860096,0.8629361028609837,216.12359076060795
2,0.0041768068808182,0.0049762076063896,35.72460491071243,0.0072787798768319,218.33181860440928
