PrincipalComponent,coi,c1i,a1i,c2i,a2i
1,0.9343435304238602,1.076486138908447,52.4774192513481,0.8366506877172797,215.49705655447676
2,0.0159812966924002,0.0410009111009565,34.75083209534308,0.0616042693645933,217.22517248891424
