PrincipalComponent,coi,c1i,a1i,c2i,a2i
1,0.926013236543486,1.092104910366623,51.676371137239094,0.7728809046551246,215.70982259445364
2,0.022621373552641,0.0555211954415313,34.7038341333701,0.0950223548428255,217.09513320595624
