PrincipalComponent,coi,c1i,a1i,c2i,a2i
1,0.4543166292175854,0.5467402354620057,55.7710017347766,0.4142277877135767,221.51466076162953
