PrincipalComponent,coi,c1i,a1i,c2i,a2i
1,0.9044092702793058,1.0999068081801766,50.74435562987572,0.6588091227975252,216.16265363447707
2,0.0322510173826588,0.0681442663822758,34.714716386757864,0.1657775084895941,217.0115393829339
