PrincipalComponent,coi,c1i,a1i,c2i,a2i
1,0.9629708316426928,1.1243098875091562,52.285308502083105,0.8285629798054581,215.5171820893276
2,0.014687662285338,0.0312539889018377,34.63880097840441,0.0664829035740784,217.14758262700528
