PrincipalComponent,coi,c1i,a1i,c2i,a2i
1,0.940548829498766,1.1356819623791043,51.32204727171355,0.7139877931168104,215.98086474118745
2,0.0248257787508224,0.0412751828527883,34.61550880566872,0.1368233670056446,217.05568370626585
