PrincipalComponent,coi,c1i,a1i,c2i,a2i
1,0.4815224185114012,0.5563714020271635,57.55611868443425,0.4422920608921053,221.3194239816132
