PrincipalComponent,coi,c1i,a1i,c2i,a2i
1,0.9688350273770896,1.0940741237802796,54.166819865500145,0.9206439210812388,215.4407940795291
2,0.0051107824280787,0.0072221288901453,35.07492252350694,0.0123437981976603,217.60422128691863
