PrincipalComponent,coi,c1i,a1i,c2i,a2i
1,0.9693092694451676,1.1033506978181506,53.00837142552393,0.8921102267842225,215.25586980135293
2,0.0095458660654154,0.0204798456954665,34.63941793486583,0.0358257719353716,217.2355966959326
