PrincipalComponent,coi,c1i,a1i,c2i,a2i
1,0.9897301453522704,1.173179654367797,51.44515166743798,0.8640774282778291,215.49456745028104
2,0.0070169991657958,0.0111117260513218,34.21731956756127,0.0286611128037453,216.8920806883451
