PrincipalComponent,coi,c1i,a1i,c2i,a2i
1,0.9923891389734508,1.1442648352179263,51.665339867122,0.9247534059818968,215.28093516319177
2,0.003232758016039,0.0046236256740549,34.46134494710071,0.0083740069181685,216.93021752573665
