PrincipalComponent,coi,c1i,a1i,c2i,a2i
1,0.4943092321560902,0.5672283230178515,52.71501974328368,0.4691175612522477,219.70626791516864
