PrincipalComponent,coi,c1i,a1i,c2i,a2i
1,0.9723260826361928,1.1928945757027047,51.02268496150399,0.7524540537754103,215.8197610884892
2,0.0145600679010159,0.0178207070614669,34.38804148089514,0.0864651056709026,216.920751452763
