PrincipalComponent,coi,c1i,a1i,c2i,a2i
1,0.9925281209624616,1.2481601631474162,51.823399847621566,0.7476405505423701,216.10415050051
2,0.0089127525260019,0.0065185689154799,34.4599770042504,0.0478041469446315,217.1699928940381
