PrincipalComponent,coi,c1i,a1i,c2i,a2i
1,0.5031831886353885,0.5975146881362057,51.915324655221625,0.44952984187517,219.74540890090347
