PrincipalComponent,coi,c1i,a1i,c2i,a2i
1,1.005379491855127,1.2207072856636454,51.646493092333785,0.8519024249330444,215.74384390856403
2,0.0027298907690364,0.0025997294801667,34.5228994781829,0.0074843904848831,217.03774682801577
