PrincipalComponent,coi,c1i,a1i,c2i,a2i
1,1.0014921516282125,1.2969828545665432,52.20800986556961,0.7194869620730873,216.5176651190405
2,0.004442038454559,0.0017650840772928,34.80698096320169,0.0203609401519415,217.40517685792113
