PrincipalComponent,coi,c1i,a1i,c2i,a2i
1,0.5063772058839195,0.6377432381330164,52.21490302199165,0.4000128287790215,220.377095202588
