PrincipalComponent,coi,c1i,a1i,c2i,a2i
1,0.500122249646055,0.6705421475906816,52.68516728145016,0.3329742744039705,221.22834733741468
