PrincipalComponent,coi,c1i,a1i,c2i,a2i
1,0.6630485711874585,0.8890995824773357,44.341609098016015,0.6487658943306136,215.76418516252937
2,0.0955194472579408,0.2614654312618253,34.92676845711536,0.1407847846458879,215.64971973765535
