PrincipalComponent,coi,c1i,a1i,c2i,a2i
1,0.639938592369519,0.7933982100308389,37.31147072139595,0.5951212150723081,224.4041349364952
2,0.1804279877077012,0.5745005371597373,66.17129048897853,0.0,221.233739022664
