PrincipalComponent,coi,c1i,a1i,c2i,a2i
1,0.6572204852741689,0.7962645725893762,37.83727291486444,0.6381757819638649,224.37656616648823
2,0.1772823354664231,0.5432683493209675,65.9533598953377,0.0,221.22269981385287
