PrincipalComponent,coi,c1i,a1i,c2i,a2i
1,0.6490045228475605,0.9623831761926668,43.02960816769822,0.6484822643117333,215.3777940725655
2,0.066414268415143,0.182398783864081,33.61014903952297,0.068039285759073,215.1460208691657
