PrincipalComponent,coi,c1i,a1i,c2i,a2i
1,0.6556235225927239,1.008844711043553,42.66617550623699,0.6418317373509136,215.22017605955105
2,0.0534692085530948,0.1491600620215369,33.2157235229313,0.0350464592128898,214.97860213828255
