PrincipalComponent,coi,c1i,a1i,c2i,a2i
1,0.651717180742401,1.1554990710337112,40.44261868837516,0.6633106084181795,214.4100019754196
2,0.017191628585851,0.0276185248889408,32.029070009294756,0.0105243760377659,214.11043257761455
