PrincipalComponent,coi,c1i,a1i,c2i,a2i
1,0.6700828014629712,0.8512130237456705,42.964272182275906,0.6858775590787844,225.6595019646424
2,0.1482987067511855,0.3957454421751346,70.53448226732208,0.0,222.59267440520784
