PrincipalComponent,coi,c1i,a1i,c2i,a2i
1,0.6580101736527459,0.9032581972828312,44.2817220890114,0.6440641248095448,215.7532433813674
2,0.0924588459705587,0.2486249331873663,34.74651955300638,0.1343447968684085,215.61654092568216
