PrincipalComponent,coi,c1i,a1i,c2i,a2i
1,0.6114882351535371,0.8064989630687717,38.124281740861925,0.4449081114375435,226.58966534354815
2,0.1952391910602623,0.6083536438273923,70.77638283590258,0.0,222.54612775586503
