PrincipalComponent,coi,c1i,a1i,c2i,a2i
1,0.6573007169748672,1.1379956774830198,41.22774649137382,0.6234736884368025,214.62307681103096
2,0.0209717415297258,0.0534328187264847,32.30334350484652,0.0071995642189841,214.38249683255535
