PrincipalComponent,coi,c1i,a1i,c2i,a2i
1,0.6502557755319044,0.9348977156316832,43.37371389833523,0.6455652435132615,215.50416433976469
2,0.0774393908312333,0.2121076952695367,34.00875589849697,0.0987708043909766,215.29037221393136
