PrincipalComponent,coi,c1i,a1i,c2i,a2i
1,0.6703129546899084,0.7960241152753812,39.252868195675106,0.6904454788525131,224.78954745748845
2,0.1697462875262146,0.4855206112469182,67.76302011995227,0.0,221.58331622284183
