PrincipalComponent,coi,c1i,a1i,c2i,a2i
1,0.6625701307748215,1.0800808776794804,42.786866266631485,0.6045344868768454,215.19021098346323
2,0.0372259343131253,0.1052364250008719,32.93857810875636,0.0128349207045162,214.95776677807729
