PrincipalComponent,coi,c1i,a1i,c2i,a2i
1,0.6696834994816078,0.822843830946249,41.94064436012179,0.6943838098574892,225.41730152354572
2,0.1578965194550713,0.4394190475812891,69.62866817064271,8.248098072863981e-19,222.3531725429743
