PrincipalComponent,coi,c1i,a1i,c2i,a2i
1,0.6531176712400572,1.1674656328304835,40.803440212540835,0.7223182332257807,214.61214071393235
2,0.0150718598728318,0.0102137526878315,32.10810839995831,0.0175388886741211,214.23311528952712
