PrincipalComponent,coi,c1i,a1i,c2i,a2i
1,0.6351094732973587,0.7999484809719343,38.14863082676422,0.5319130406863046,225.10546820023688
2,0.1858269488823556,0.5917267182449409,67.27625469213245,0.0,221.77888003422663
