PrincipalComponent,coi,c1i,a1i,c2i,a2i
1,0.6626931958504877,0.8747991457913064,43.45277801432463,0.6695497975525957,225.815180247732
2,0.1389132111136579,0.3712657085869321,69.55780574690709,0.0,222.68141516353683
