PrincipalComponent,coi,c1i,a1i,c2i,a2i
1,0.6389655291283588,0.8145895794796754,47.025009039689294,0.7112859636446376,229.38544728862803
2,0.1675797703452598,0.4576517824346689,74.51243176087529,1.1623703716597246e-18,224.87456731728497
