PrincipalComponent,coi,c1i,a1i,c2i,a2i
1,0.654593764309151,1.0520376249466872,45.280726903036374,0.734939189548992,215.82708245642564
2,0.0418340120191969,0.1200744481001952,33.7278506548838,0.0118060995767602,215.73433863648836
