PrincipalComponent,coi,c1i,a1i,c2i,a2i
1,0.6132539836377305,0.7092038766334307,38.98461133825596,0.6157140429363109,227.1305824303548
2,0.2201261553287864,0.6988526587608699,71.7229232546627,1.4902009573385142e-17,223.0069608136554
