PrincipalComponent,coi,c1i,a1i,c2i,a2i
1,0.6297316797302452,0.8627900481682065,46.79530779924722,0.7102067339547011,229.67052983136023
2,0.1432666924219637,0.372594428831585,70.6111799623655,1.0178097042482957e-18,224.7257084938676
