PrincipalComponent,coi,c1i,a1i,c2i,a2i
1,0.5907207400202628,0.7153859132404463,38.92748754095196,0.5381328901357643,228.18299042798557
2,0.2268761138955247,0.7096744144735829,73.90354335067966,0.0,223.5530436686785
