PrincipalComponent,coi,c1i,a1i,c2i,a2i
1,0.6429800528761349,0.7888449520051075,46.53400599637874,0.725764744689042,229.0263231929636
2,0.1763049507245146,0.492047933806335,76.24854066601296,0.0,224.75048604052049
