PrincipalComponent,coi,c1i,a1i,c2i,a2i
1,0.6347141482182606,0.8299708628791982,47.199147275904586,0.7056497568374145,229.6686808961672
2,0.163267324113447,0.4398563978496423,74.4972339894401,0.0,224.99753810438455
