PrincipalComponent,coi,c1i,a1i,c2i,a2i
1,0.6535499374770182,0.9911893747297316,46.926781812018966,0.6982093270321238,216.4437589879172
2,0.0617348583072958,0.1764503997559265,34.689230810176475,0.0368659107681139,216.39003563549315
