PrincipalComponent,coi,c1i,a1i,c2i,a2i
1,0.643622350175747,0.9184096753921104,46.773046665536555,0.7232748652033024,216.56728725247535
2,0.0810297885453985,0.2207081965259318,35.405665629069944,0.0729281905752398,216.4833884755539
