PrincipalComponent,coi,c1i,a1i,c2i,a2i
1,0.617747440774902,0.7031319724458742,38.18847287884583,0.6731053789755463,226.71671204116467
2,0.2164342310392306,0.68483013094925,71.28856512316516,1.4632192811004436e-17,222.588530423236
