PrincipalComponent,coi,c1i,a1i,c2i,a2i
1,0.6299425053799995,0.8901762383578558,46.66867342292074,0.7206710964284571,229.61029951621413
2,0.127131681006304,0.3157010300053728,66.18785726333361,1.0826201968941288e-17,224.43586108803203
