PrincipalComponent,coi,c1i,a1i,c2i,a2i
1,0.6488268111944027,0.7656464620233056,45.8648109001035,0.7421031928260989,228.92619939409755
2,0.1863197175781402,0.5172226949180603,76.9212372967731,0.0,224.62435901201923
