PrincipalComponent,coi,c1i,a1i,c2i,a2i
1,0.6618561267365598,1.103350553618479,44.289457482614694,0.858078922755103,215.4687598318019
2,0.0235929470068308,0.0526995656533978,33.21566712522237,0.0014949327531795,215.32608437079944
