PrincipalComponent,coi,c1i,a1i,c2i,a2i
1,0.6342848356115321,0.7042864571857909,38.73463284961965,0.712405985436517,226.89798759101345
2,0.2140243032658928,0.658799216471721,71.64428962672422,2.6604608743267633e-18,222.7159751109932
