PrincipalComponent,coi,c1i,a1i,c2i,a2i
1,0.6479953506252076,0.7070707832516352,40.92117726229933,0.7543100087639368,227.78182495649892
2,0.2078955982739978,0.6049986009172842,74.18382386479853,1.0931580086797373e-17,223.40851673629896
