PrincipalComponent,coi,c1i,a1i,c2i,a2i
1,0.6479046595961954,0.7351159186841842,44.32348516696467,0.7534088365454205,228.54594030862353
2,0.1957380681126225,0.561521155339592,76.05381106558228,0.0,224.33915976063756
