PrincipalComponent,coi,c1i,a1i,c2i,a2i
1,0.6521855475272043,1.0747595264833096,44.10089245120911,0.7898431436965261,215.411088440914
2,0.0344407780055704,0.0861513526091416,33.24693879698696,0.0039661513377187,215.29590149523213
