PrincipalComponent,coi,c1i,a1i,c2i,a2i
1,0.6363771341679691,0.9517231879987444,39.28722460776584,1.0999437535459484,214.18034382796284
2,0.0296235728677238,0.0498373957690131,31.88214573814656,0.0231548425155587,213.7254254177505
