PrincipalComponent,coi,c1i,a1i,c2i,a2i
1,0.6146653399927021,0.847668891720121,41.788348897381034,0.8804689230692683,214.939673138188
2,0.0843495858856771,0.1611061254414725,33.08501611641945,0.1196840202708345,214.64920202886927
