PrincipalComponent,coi,c1i,a1i,c2i,a2i
1,0.5555028261403537,0.638603796982086,35.32797145260839,0.6415994787296945,233.96393549874705
2,0.2592803215218833,0.7585071294993208,85.7308441269636,2.029288846351761e-18,224.51697814240433
