PrincipalComponent,coi,c1i,a1i,c2i,a2i
1,0.6237143574592277,0.9255955435876148,39.10138118027847,1.010232195764151,214.07925821372297
2,0.0436154155089872,0.0824800506092557,31.872457556298283,0.0448177468651853,213.6750840768696
