PrincipalComponent,coi,c1i,a1i,c2i,a2i
1,0.5759752026659246,0.6355947341561538,35.38963298609399,0.712841234189051,232.6717504894088
2,0.2543504962249125,0.7491768622366992,83.91166753708517,0.0,223.91686310822516
