PrincipalComponent,coi,c1i,a1i,c2i,a2i
1,0.6049236317340704,0.6448870883212027,39.549172663296275,0.8522728385736641,229.3551419663373
2,0.2247071656658251,0.4900591624126333,75.33008920809935,0.1733675643521427,221.17667070962423
