PrincipalComponent,coi,c1i,a1i,c2i,a2i
1,0.5957608259121672,0.6334217956861233,35.226587845955954,0.7974060515527339,231.6938211298092
2,0.2480385520694472,0.6740431515350286,81.35211287769019,0.0520270946447161,222.8349722626425
