PrincipalComponent,coi,c1i,a1i,c2i,a2i
1,0.6062687445480128,0.6293099401086869,36.8271971428267,0.8422268602639559,230.3853118596384
2,0.2392624626626936,0.5613449484720546,77.65505454752095,0.1331709792274576,221.5671064884727
