PrincipalComponent,coi,c1i,a1i,c2i,a2i
1,0.6046044878312157,0.7867540541307048,41.45427974287084,0.8838200661936092,214.9515178587624
2,0.1044956785020174,0.19491151186487,33.54335701641486,0.1743905592892425,214.61816457735048
