PrincipalComponent,coi,c1i,a1i,c2i,a2i
1,0.5984584566307041,0.6897063021353799,41.42385732873794,0.8380592412126857,230.6497066131826
2,0.2063197033633936,0.4361406930644492,77.11237954337312,0.1544562035692234,221.5660836532534
