PrincipalComponent,coi,c1i,a1i,c2i,a2i
1,0.59443528250861,0.7483727760069213,41.839379020491165,0.8638999808926962,215.06705719497796
2,0.1219769340772305,0.2198364354129374,34.05311012157312,0.2329843139697546,214.72677793811903
