PrincipalComponent,coi,c1i,a1i,c2i,a2i
1,0.5930991392014233,0.7283545909880023,42.19683957702362,0.84020420326602,215.1975770703779
2,0.1362633495880262,0.2423910392154792,34.585723945768926,0.2832240085450289,214.8123237824375
