PrincipalComponent,coi,c1i,a1i,c2i,a2i
1,0.6041765063778614,0.6706175965576439,40.80511207172491,0.8492918851331647,230.52277344180277
2,0.2171154784985667,0.459787519167395,78.33099377381029,0.1555978878920041,221.39709334978585
