PrincipalComponent,coi,c1i,a1i,c2i,a2i
1,0.5799608901709775,0.6323348634330377,34.650278712919445,0.7639257533135793,232.5432942208967
2,0.2518319690749788,0.7375565350945155,84.19329597984529,2.1684043449710093e-19,223.5386811005907
