PrincipalComponent,coi,c1i,a1i,c2i,a2i
1,0.6192193089124506,0.902952363102164,40.18202573160429,0.9419089977170382,214.3730045507693
2,0.0586090759325586,0.1132197669368014,32.265928416571356,0.0690966755975836,214.04485879462808
