PrincipalComponent,coi,c1i,a1i,c2i,a2i
1,0.5989240731424423,0.703235000643162,43.0570552132765,0.8200185721727016,215.57885996748735
2,0.153371120763652,0.2727626885877192,35.66209747922584,0.3370601240573972,215.11829964436345
