PrincipalComponent,coi,c1i,a1i,c2i,a2i
1,0.603932184735624,0.6904163582070505,43.11578815966327,0.8205881008174877,215.66089783437192
2,0.1569046903872981,0.284759581370986,35.99097222754237,0.3465384492947762,215.16805877291648
