PrincipalComponent,coi,c1i,a1i,c2i,a2i
1,0.5847963444802623,0.6618437962184687,39.50268820159496,0.8093052913236488,214.376919108937
2,0.1877329579575962,0.2692687011947503,34.44990666866147,0.4001159777691617,213.8631918715971
