PrincipalComponent,coi,c1i,a1i,c2i,a2i
1,0.5856431401838322,0.6248562014234704,35.13393094729444,0.8120309687645777,224.3297525049255
2,0.2554074804008206,0.4355017906364767,63.175474528516695,0.2808787224604722,218.3696583398666
