PrincipalComponent,coi,c1i,a1i,c2i,a2i
1,0.5595590345606648,0.6374145034919563,34.56446517172671,0.6826922277972828,228.10812743645383
2,0.27196197190922,0.6032675719438789,72.44687956850402,0.1592264037096451,221.25979561500532
