PrincipalComponent,coi,c1i,a1i,c2i,a2i
1,0.6121147621864308,0.9132616250036883,36.75252744625206,1.0050348148045072,213.4485169448946
2,0.0565981537589551,0.0642373150172079,31.150388908156547,0.0495189243618682,212.9223656232123
