PrincipalComponent,coi,c1i,a1i,c2i,a2i
1,0.5772278067881208,0.6322536692546034,34.16834895216441,0.7652451659141077,225.66603900201815
2,0.263879132488232,0.5219730624525734,66.61298937503686,0.2267931612263464,219.49750111778545
