PrincipalComponent,coi,c1i,a1i,c2i,a2i
1,0.591656225815811,0.6453077283892165,39.33604773816985,0.8156388729425745,214.42547557777397
2,0.1979128897657953,0.2798140264453589,34.84813731379238,0.4177736781379012,213.84331364970777
