PrincipalComponent,coi,c1i,a1i,c2i,a2i
1,0.5953838551578714,0.8348885512958847,39.10195133125491,0.8650635241615445,214.1737764832057
2,0.1059832967272037,0.1391976605684113,32.118036824022624,0.1382569807856412,213.76126377664545
