PrincipalComponent,coi,c1i,a1i,c2i,a2i
1,0.5618086431473182,0.632214642707047,33.61567967691606,0.7339396221369794,226.8545820333564
2,0.2677375164598347,0.5761767353920453,70.17123391242531,0.1821486478041864,220.28973566324487
