PrincipalComponent,coi,c1i,a1i,c2i,a2i
1,0.5770525759047594,0.6945373361532707,39.96074983781705,0.8017279461175485,214.47075652159987
2,0.1769359271873912,0.2437633457510508,33.899429623135454,0.3623068737738704,214.0004456712572
