PrincipalComponent,coi,c1i,a1i,c2i,a2i
1,0.6072394845397276,0.8935308871130248,37.682856965341216,0.9312402527070188,213.6781748832571
2,0.0722574083628889,0.0903748420249163,31.455884331414488,0.0809365806557394,213.2317827605299
