PrincipalComponent,coi,c1i,a1i,c2i,a2i
1,0.5784353294759728,0.7388373606787835,39.057477127385674,0.8432618005904456,214.1715123364613
2,0.1405911032416309,0.1947474518281559,32.75343185721781,0.2559864741530266,213.75034416602895
