PrincipalComponent,coi,c1i,a1i,c2i,a2i
1,0.5812675994519133,0.6826403616141161,39.89521831131118,0.8017824376042971,214.4826984243111
2,0.1806405302552194,0.254177945275744,34.08209545274809,0.3737815054833266,213.99050192275664
