PrincipalComponent,coi,c1i,a1i,c2i,a2i
1,0.5955855567971218,0.6254750100957602,39.261448330192344,0.8108648372051528,214.75117948510447
2,0.2056058743572975,0.3137844686410033,35.8470215796673,0.4300355194683485,214.02769379912976
