PrincipalComponent,coi,c1i,a1i,c2i,a2i
1,0.5740600150500548,0.7192798894491795,39.280059596313095,0.821062725850206,214.22648724399903
2,0.1574622267236639,0.2158607648597787,33.12570882569569,0.3063989149649431,213.7840759886064
