PrincipalComponent,coi,c1i,a1i,c2i,a2i
1,0.5838238914029629,0.7730436118542173,38.72684240488567,0.8661964051018477,214.10940550694175
2,0.1276565581283349,0.1741611690770656,32.430832410100166,0.1947092417506118,213.68993445002192
