PrincipalComponent,coi,c1i,a1i,c2i,a2i
1,0.5402107106774778,0.6398157451711974,34.4192931345411,0.6121933824456415,229.1309106529716
2,0.2747561489713273,0.6044355462966637,73.40596028826127,0.1700168761298501,221.66728290771636
