PrincipalComponent,coi,c1i,a1i,c2i,a2i
1,0.629668972743677,0.7670584521890271,41.02362134089144,0.6694679645290542,214.44976408097287
2,0.145037418697924,0.238418460029925,32.77589091510905,0.2552877498370124,214.29216980091928
