PrincipalComponent,coi,c1i,a1i,c2i,a2i
1,0.6505851120266263,0.7028901329096278,40.028367878979594,0.6847359810300666,214.17014622457455
2,0.1581473175757905,0.2994063572132344,33.135557948619194,0.3184872231918358,214.02131938117304
