PrincipalComponent,coi,c1i,a1i,c2i,a2i
1,0.6243034467431663,0.8624654275611217,38.13953094763943,0.7270798640037889,213.896769897639
2,0.093693038454796,0.1470973890388064,31.72936351072217,0.0988306742232164,213.47255991281628
