PrincipalComponent,coi,c1i,a1i,c2i,a2i
1,0.6307106313569072,0.9247589591714565,38.0124899214831,0.7221188323792302,213.825822807851
2,0.0750786129801976,0.1090703688068099,31.519715251066778,0.0521067044706213,213.3929509354474
