PrincipalComponent,coi,c1i,a1i,c2i,a2i
1,0.6386649506174397,0.7466619290340809,40.76592171377024,0.6766628445790217,214.2747142341818
2,0.1462545108119562,0.2526983573797866,32.78685348142198,0.2829888076194004,214.17493787740835
