PrincipalComponent,coi,c1i,a1i,c2i,a2i
1,0.6228649166578708,0.7769655425222567,40.79546819623515,0.6711043087730115,214.4141362787198
2,0.1430219302366243,0.2289578848285164,32.71249960083805,0.2445037329723291,214.23391746642815
