PrincipalComponent,coi,c1i,a1i,c2i,a2i
1,0.6316792905717699,0.9873556654626764,36.26121075374011,0.7702460218452459,213.2338785770252
2,0.048715458546057,0.0554193698851316,30.9013172099694,0.0186231716893577,212.76844280835869
