PrincipalComponent,coi,c1i,a1i,c2i,a2i
1,0.6335635624494542,1.00537239224204,35.3383678453537,0.8254405387461481,212.9871583922323
2,0.0348200917520532,0.0314568690812969,30.628272718440947,0.0068656774418473,212.46109463533517
