PrincipalComponent,coi,c1i,a1i,c2i,a2i
1,0.6542321403057038,0.6863325739870427,38.50321631260047,0.6608989990351775,213.95132263765325
2,0.1683151566938779,0.339230266071372,33.29139474990205,0.3319870231342109,213.6584476004483
