PrincipalComponent,coi,c1i,a1i,c2i,a2i
1,0.6483843307051069,0.6960434012974727,38.68392115321399,0.5926063976759793,214.5710969752324
2,0.1752080747684062,0.3922011075351544,34.76834363346241,0.3357293750532521,214.07301444707704
