PrincipalComponent,coi,c1i,a1i,c2i,a2i
1,0.6139131327582954,0.8197522717932348,38.88888931876386,0.7108800949379391,214.0948344873751
2,0.1135355496570144,0.1773642012674492,32.02449426476569,0.1496797216729715,213.72530623011596
