PrincipalComponent,coi,c1i,a1i,c2i,a2i
1,0.6369846899670718,0.6970397438427134,39.030625114460626,0.5451167981364088,215.1333683340546
2,0.1779898446035842,0.4170951439873891,36.10534913271126,0.337170909756117,214.49424949715117
