PrincipalComponent,coi,c1i,a1i,c2i,a2i
1,0.5982065342492106,0.7143168251695897,37.61663896115916,0.4175565345040097,220.4358025033453
2,0.2182037437012527,0.4474067091010346,49.99160843699318,0.2993867840566003,217.95615059123105
