PrincipalComponent,coi,c1i,a1i,c2i,a2i
1,0.6204344231620272,0.7067638762682588,37.809943563408225,0.502298470853329,219.758550040376
2,0.2119426716951154,0.456127483351254,49.34900127775115,0.2691808670494472,217.69945919012855
