PrincipalComponent,coi,c1i,a1i,c2i,a2i
1,0.6139018957151492,0.799042744730059,39.58033271251006,0.690420626852161,214.165582369021
2,0.127872403939932,0.2013902322260418,32.27224332660573,0.1937614009581763,213.9030695404727
