PrincipalComponent,coi,c1i,a1i,c2i,a2i
1,0.6425136423982047,1.0092832777920977,35.42030425561858,0.8975137489471219,213.13530440343655
2,0.0234186512248211,0.0192446873997366,30.65688915701784,0.0064836380713869,212.50722669588973
