PrincipalComponent,coi,c1i,a1i,c2i,a2i
1,0.6499144306541428,0.7275842422007701,40.43722133874489,0.6866418123393919,214.17971849821816
2,0.1504123188647216,0.2642884566451992,32.87765627010034,0.3008167780708539,214.0792770463808
