PrincipalComponent,coi,c1i,a1i,c2i,a2i
1,0.6748129146398176,0.8066247866622545,36.66877589293723,0.4696455371993027,213.7427542780306
2,0.1441255854615289,0.3384742021522774,33.302423395076296,0.2854856784408404,213.17185104154217
