PrincipalComponent,coi,c1i,a1i,c2i,a2i
1,0.6736403167772169,0.8433426880052984,38.714685189837994,0.6175424544233973,213.6544353030616
2,0.1257634968636507,0.1902377517392004,31.82067809968664,0.1980853323682758,213.50680706242196
