PrincipalComponent,coi,c1i,a1i,c2i,a2i
1,0.6679044481536178,0.8637849621181956,38.96071660650115,0.6102386304338233,213.85877329239628
2,0.1215162269447766,0.1756627871102021,31.86871269758675,0.1705214114012631,213.6313052292034
