PrincipalComponent,coi,c1i,a1i,c2i,a2i
1,0.635218733147561,1.015394388758091,34.78348373653568,0.721928698651015,212.8155617336094
2,0.0447068993823955,0.0538185821649775,30.466768439148854,0.031244426435121,212.2910652181192
