PrincipalComponent,coi,c1i,a1i,c2i,a2i
1,0.682709142215282,0.8257871115783176,38.39806981708393,0.6256575161353616,213.5311275665596
2,0.131844769908142,0.2004522053175756,31.807148822179,0.2178943279022371,213.37588324443712
