PrincipalComponent,coi,c1i,a1i,c2i,a2i
1,0.6595886976775099,0.957283558231794,36.679998461896545,0.6376847063503486,213.33420320919475
2,0.0732965717022413,0.0891513849611655,31.091591321892263,0.0407293727451297,212.93944657871288
