PrincipalComponent,coi,c1i,a1i,c2i,a2i
1,0.6881611844220802,0.8069747701694159,37.75662563148535,0.622971433830597,213.3942358682398
2,0.1324813823992223,0.2293497281068315,31.819393029678356,0.2395661356658337,213.17109115729875
