PrincipalComponent,coi,c1i,a1i,c2i,a2i
1,0.6605035566836438,1.0488939333860792,34.88830149297965,0.6441178320054275,212.71665712147092
2,0.03110818704241,0.0318633797574883,30.416864285172988,0.0008895986042712,212.29874885488377
