PrincipalComponent,coi,c1i,a1i,c2i,a2i
1,0.6660273878938471,1.0077201691555913,36.38130064680173,0.6216372696164649,213.2372235858136
2,0.0522498916617052,0.062619426495302,30.920871104089223,0.0086826304766388,212.82916103604907
