PrincipalComponent,coi,c1i,a1i,c2i,a2i
1,0.6527673656319305,1.0498562101842814,34.29680027711688,0.6749096570050046,212.56434973936757
2,0.0277869847242586,0.0265539556542925,30.2536264582946,0.0103688134088871,212.1024859215174
