PrincipalComponent,coi,c1i,a1i,c2i,a2i
1,0.6612580234535573,0.8157089492950974,36.41871445017509,0.4194060008398113,221.17709460218305
2,0.1895409148847454,0.4048494722146485,56.54936249710795,0.1748032474455759,218.0091649034344
