PrincipalComponent,coi,c1i,a1i,c2i,a2i
1,0.6590130155836227,0.8992584653497088,37.663385111052754,0.6246553504961684,213.6093722954932
2,0.0966408411826608,0.1366663913487772,31.479045470923023,0.1148862136852101,213.2625988205951
