PrincipalComponent,coi,c1i,a1i,c2i,a2i
1,0.6634097551802142,0.8741673550954127,38.80530498626982,0.6110387107305275,213.87469334602173
2,0.1174922592002706,0.1658077107913511,31.843166691746607,0.1602177296613481,213.60294125900631
