PrincipalComponent,coi,c1i,a1i,c2i,a2i
1,0.7000021980150058,0.7964718214977737,36.00015793313655,0.5990183805977336,213.00258235244317
2,0.1303717848788811,0.2629485075246137,31.67402144149149,0.2585980112237289,212.65179575822427
