PrincipalComponent,coi,c1i,a1i,c2i,a2i
1,0.6890988542114144,0.8066054940817363,36.236345613794576,0.5239960742781894,213.3776958479832
2,0.1397908046877732,0.3140707807637052,32.53517544909321,0.2738482256204979,212.8881626319939
