PrincipalComponent,coi,c1i,a1i,c2i,a2i
1,0.6370687746588658,0.821121984132798,36.42819346543535,0.3332069775627383,223.69012532191869
2,0.1984558665453197,0.3992611906938722,57.335833195913665,0.2045069506944206,216.66388586933292
