PrincipalComponent,coi,c1i,a1i,c2i,a2i
1,0.6541680937271372,0.9165887622852046,37.115605734739354,0.6378864396392752,213.4736336637744
2,0.0871602463118011,0.1164548580465326,31.28493802679745,0.0774794461258059,213.09224017766232
