PrincipalComponent,coi,c1i,a1i,c2i,a2i
1,0.6892976144259785,1.0312284356284998,39.951105795972744,0.5461245752148787,214.26379187573255
2,0.0607644532908562,0.0395177125111079,31.90427053812126,0.0375073044817007,214.0000802162884
