PrincipalComponent,coi,c1i,a1i,c2i,a2i
1,0.7091770712271664,0.9322656021921162,42.54900787692792,0.5486648200645831,214.77034955644865
2,0.1251149663557919,0.125401039145338,32.65375230853358,0.1885546427329061,214.72677058265344
