PrincipalComponent,coi,c1i,a1i,c2i,a2i
1,0.7092635528389221,0.9127938690663344,42.0559121735686,0.5493817247775816,214.6050657228537
2,0.1316535422503556,0.1543951838919016,32.56844049829537,0.2068411248768821,214.55196922178584
