PrincipalComponent,coi,c1i,a1i,c2i,a2i
1,0.7134420543926556,0.8965983181891386,39.8257968226917,0.5356394924185003,214.031910080072
2,0.1356107672619644,0.1874599827847067,32.1632387227479,0.2253713758973768,213.8474101318349
