PrincipalComponent,coi,c1i,a1i,c2i,a2i
1,0.6854787260112087,0.987398400739567,41.22680605112924,0.5472722970143955,214.5940134185055
2,0.0881365713675386,0.0753222565634049,32.303996913379216,0.0935285245197555,214.40021092433517
