PrincipalComponent,coi,c1i,a1i,c2i,a2i
1,0.6875401533843332,0.9249099315901478,41.0057765065913,0.3302775451604502,214.90270096315837
2,0.1461150821966632,0.2598178114417968,33.41424079660838,0.2816739010298497,214.42719133602884
