PrincipalComponent,coi,c1i,a1i,c2i,a2i
1,0.6574065791786198,0.9288154801658663,40.187256077072085,0.2518331208231016,230.7356040207867
2,0.1897847111452709,0.3171190473034607,62.74324818685337,0.19687951931198,213.47653155301964
