PrincipalComponent,coi,c1i,a1i,c2i,a2i
1,0.7026686670046842,0.9526924636675468,42.81063428942391,0.5367882561316156,214.8819590674296
2,0.1164518812516424,0.1130356556553224,32.69915263385865,0.1715227597186095,214.8253862926585
