PrincipalComponent,coi,c1i,a1i,c2i,a2i
1,0.6895404091113823,1.0675793244360856,39.29529007756544,0.524271508911109,214.05679997967937
2,0.0441702276022643,0.0247185177571794,31.682659579544637,0.0163291088116678,213.78051639516335
