PrincipalComponent,coi,c1i,a1i,c2i,a2i
1,0.7016703203049356,0.9701508323607402,42.8560668696243,0.5290142969930012,214.9993080457997
2,0.1065611607887745,0.1009493967118803,32.73414302198355,0.1460191588980644,214.88891115751588
