PrincipalComponent,coi,c1i,a1i,c2i,a2i
1,0.6982049928822213,0.9777180733963212,42.774902213548025,0.5287835278350708,215.0013743597738
2,0.1019569339513204,0.094079738636533,32.725730136523026,0.1359169766283461,214.8749756554548
