PrincipalComponent,coi,c1i,a1i,c2i,a2i
1,0.6715526892471354,1.0718835302943637,37.437732252836035,0.5477070737983979,213.45992933133556
2,0.0336984603162877,0.0259721023289279,31.139653659515982,0.0161103457539466,213.1476408281875
