PrincipalComponent,coi,c1i,a1i,c2i,a2i
1,0.694507237174818,0.9152376204070748,39.80647677537402,0.4032872600245621,214.37038077386765
2,0.1376740287666454,0.2513411204730813,32.920068954072065,0.265624314663391,213.97567007077373
