PrincipalComponent,coi,c1i,a1i,c2i,a2i
1,0.6490607723588566,1.041667535636527,36.56766156330735,0.5821458262226243,213.28055750328863
2,0.042065467220384,0.0498437502191231,30.946599668815303,0.0285242685236181,212.8810733030565
