PrincipalComponent,coi,c1i,a1i,c2i,a2i
1,0.6873173224966931,1.0012895700797335,40.607696860459654,0.5540210793595023,214.42645501966507
2,0.0718107450743288,0.0577798997118479,32.11540796471709,0.0636591901755534,214.2046096643864
