PrincipalComponent,coi,c1i,a1i,c2i,a2i
1,0.6056156882146936,0.9755463140014482,37.12509458107982,0.6262722773797181,213.5337120438936
2,0.082933133661389,0.1091964275461599,31.198978661675337,0.0543812143041413,213.09422906173708
