PrincipalComponent,coi,c1i,a1i,c2i,a2i
1,0.7140871483224621,0.9146585088450064,39.57606701425429,0.4606200381240373,214.16254300624377
2,0.1305451971852662,0.2281606287949545,32.47672130052051,0.2471752898847493,213.83205505566696
