PrincipalComponent,coi,c1i,a1i,c2i,a2i
1,0.7358831929940557,0.963348617048877,41.08829834833327,0.444377580588198,214.52064174354413
2,0.1259604676260797,0.1971647571826623,32.90916810106979,0.2471836573653735,214.2904507475203
