PrincipalComponent,coi,c1i,a1i,c2i,a2i
1,0.751572597790737,0.991831136626138,45.33615073506042,0.5830217496213801,215.23388857201184
2,0.1017243374783501,0.0781495333448189,33.24824911745521,0.1294185488655352,215.52524575565843
