PrincipalComponent,coi,c1i,a1i,c2i,a2i
1,0.7608809459026911,0.9748800226960536,45.026502042732325,0.5953566724011674,215.08920860882031
2,0.1077381949334089,0.0858923864696909,33.1551447061472,0.1472552932968921,215.39734985771025
