PrincipalComponent,coi,c1i,a1i,c2i,a2i
1,0.7331916717840344,1.0224718603887195,42.775548857618745,0.5878636647289056,214.83571529538705
2,0.0588286616585107,0.0366714914470689,32.611080381503044,0.0406905969902648,214.8377952851571
