PrincipalComponent,coi,c1i,a1i,c2i,a2i
1,0.7538627817168342,0.9590202461282852,44.37953175871181,0.5938760380309228,214.9520826811511
2,0.1210042365369607,0.1102669268588618,33.0097099518776,0.1694658104469912,215.18924784239843
