PrincipalComponent,coi,c1i,a1i,c2i,a2i
1,0.7269660629529596,0.973054454554022,42.27409720705372,0.365396445247843,215.04926392823447
2,0.1359280634568562,0.2063171565691141,33.38100858994488,0.2688933768948979,214.71739874433868
