PrincipalComponent,coi,c1i,a1i,c2i,a2i
1,0.7437410893620529,0.9580939792685532,41.03942130231492,0.5042643950023039,214.3602113255739
2,0.1312471871790271,0.1799893436245278,32.62239522694781,0.2236207690447401,214.23271747657796
