PrincipalComponent,coi,c1i,a1i,c2i,a2i
1,0.6916567937713479,0.946033741296906,39.8956844058192,0.3156196029051723,214.42147094695997
2,0.1408649093185013,0.217779286312384,32.59765266987335,0.3002276280634958,213.95254168003189
