PrincipalComponent,coi,c1i,a1i,c2i,a2i
1,0.7367535525370082,1.0438474713047292,42.00024071712317,0.5722848054243034,214.63784621841785
2,0.045648984421474,0.0255256676512022,32.38426362478238,0.0246828644827618,214.5990770502712
