PrincipalComponent,coi,c1i,a1i,c2i,a2i
1,0.7503897302741659,0.93833844875287,41.47468775123322,0.585710434071934,214.2794697840945
2,0.1299472729551144,0.1417654082761971,32.40530097497111,0.1932775764853458,214.29574764989007
