PrincipalComponent,coi,c1i,a1i,c2i,a2i
1,0.6452630088255704,0.99016389566296,37.42672715806679,0.5878385001755947,213.43381084978463
2,0.0703125574650846,0.090428390449046,31.243494506117493,0.0582540278381882,213.14680091979528
