PrincipalComponent,coi,c1i,a1i,c2i,a2i
1,0.6035859910741861,0.917126655402252,37.92227441430583,0.6256878602147453,213.6809753296569
2,0.1081830268717133,0.1563927629146196,31.551345760393215,0.0923852624504631,213.35927579971832
