PrincipalComponent,coi,c1i,a1i,c2i,a2i
1,0.7414335915189852,1.0094686259003136,45.14566284212965,0.5756608976030801,215.34774373141812
2,0.0916791645648003,0.0655398807775565,33.23530721969215,0.0959813585340378,215.53353987256855
