PrincipalComponent,coi,c1i,a1i,c2i,a2i
1,0.7294243430037993,1.065857165016416,41.105901447040424,0.5428853988491186,214.4063591625506
2,0.0353347914603359,0.0228322730136768,32.125968074678845,0.0155169951776315,214.31695713394828
