PrincipalComponent,coi,c1i,a1i,c2i,a2i
1,0.7445120894851438,1.0043646672687785,45.244785658337385,0.5753363492329748,215.3504958449294
2,0.0969818117620891,0.0700667030264197,33.25484517990737,0.1061324724285512,215.55479490415576
