PrincipalComponent,coi,c1i,a1i,c2i,a2i
1,0.7375935561399493,1.0136616227364033,43.476263448774674,0.5900822445176301,214.95201309813652
2,0.0690328047068116,0.0500544941540555,32.79554835174436,0.060347209517997,215.0311587643996
