PrincipalComponent,coi,c1i,a1i,c2i,a2i
1,0.6896693891143514,1.0429813888993988,38.636198867189144,0.5596338650202991,213.72311017622368
2,0.0425700392412929,0.046694839944262,31.481044614489953,0.0329087362239966,213.51781734286345
