PrincipalComponent,coi,c1i,a1i,c2i,a2i
1,0.7985337390013645,1.068685370215201,47.82693931677136,0.5631820812916392,216.22099368918475
2,0.0380178656401676,0.0325457904133848,33.984519329320484,0.0190048876222299,216.45913539447432
