PrincipalComponent,coi,c1i,a1i,c2i,a2i
1,0.793319821710551,1.0455218363347043,46.34795666910826,0.2998335065123808,216.3867596459455
2,0.1041520672993757,0.1522289279891078,34.207877491913024,0.2847136747648022,216.09775697316215
