PrincipalComponent,coi,c1i,a1i,c2i,a2i
1,0.8183658622652106,1.0459232270917538,47.21339450626932,0.4530419148131108,216.20548491124356
2,0.1044633646545233,0.1476667724423953,34.34061506767838,0.2136381378402947,216.2467782768744
