PrincipalComponent,coi,c1i,a1i,c2i,a2i
1,0.8144400873938507,1.057461283580131,47.75390695360027,0.3746908659660545,216.58507887066605
2,0.1052796046201858,0.1535602173062543,34.645296897161366,0.2416466456162475,216.48636701948277
