PrincipalComponent,coi,c1i,a1i,c2i,a2i
1,0.5974812908935855,0.828216117893701,42.18627709135765,0.5821287313573861,215.1131211238053
2,0.1617208303536741,0.2513419953062101,33.534091667501606,0.1623687694646552,214.86283286771996
