PrincipalComponent,coi,c1i,a1i,c2i,a2i
1,0.6811081141479988,0.9734146076734084,43.23719862382926,0.5248485686508128,215.26045193088123
2,0.1007006741929068,0.1276635713755884,33.06241635838432,0.0843781425703854,215.111320298464
