PrincipalComponent,coi,c1i,a1i,c2i,a2i
1,0.6339006222573654,0.9034597124830896,41.80927590395776,0.5476847387062627,214.936048311142
2,0.131222920078464,0.1835747342088048,32.93521763111488,0.1214557274933708,214.69883048946664
