PrincipalComponent,coi,c1i,a1i,c2i,a2i
1,0.8536465704702868,1.0252849109967408,48.8933428952479,0.6084127811081097,216.034790155379
2,0.091494540061116,0.0971377176889281,34.26166200670125,0.1297099860086039,216.58841801808865
