PrincipalComponent,coi,c1i,a1i,c2i,a2i
1,0.8178791440029375,1.0740410004595895,50.20714321061858,0.5978697720149737,216.5812181116351
2,0.0459102768321892,0.0333940564130118,34.55595437234755,0.0193169342368491,217.1183459185363
