PrincipalComponent,coi,c1i,a1i,c2i,a2i
1,0.8562826295484633,1.0650883890472926,53.52903067788394,0.6032467792624606,216.9819484394755
2,0.0750030704705939,0.0571483993989096,35.32902039119262,0.0780098440723368,217.98294855371003
