PrincipalComponent,coi,c1i,a1i,c2i,a2i
1,0.7671070262030506,1.0566564171237978,46.32609968573118,0.5193455730269853,216.01402090723383
2,0.0495477315016452,0.0555155315586974,33.672430910906634,0.0376108809821135,216.0494281983724
