PrincipalComponent,coi,c1i,a1i,c2i,a2i
1,0.8501689847887827,1.049261835532901,52.303591475191915,0.6095238172927935,216.74785139286004
2,0.0866652200092192,0.0744516374051848,35.05090667940619,0.1019617724252363,217.61404798117917
