PrincipalComponent,coi,c1i,a1i,c2i,a2i
1,0.8465540693531352,1.0802097336441217,53.33014156622183,0.5932443546932763,217.03099655799105
2,0.0675549402619544,0.0484286258016832,35.295517515169266,0.0635418021572677,217.96067723252207
