PrincipalComponent,coi,c1i,a1i,c2i,a2i
1,0.8367458814303459,1.0875961140880492,52.93257211010618,0.584766995725923,217.10515363528364
2,0.0643946178023275,0.0429319857634099,35.23915047032203,0.0455198372445048,217.9008046894566
