PrincipalComponent,coi,c1i,a1i,c2i,a2i
1,0.8075187261722089,1.0676988412788642,49.015493834296706,0.5914356215119374,216.41272639812448
2,0.0401587836500664,0.0284036965671592,34.27227231555868,0.0141890653289513,216.79301960404524
