PrincipalComponent,coi,c1i,a1i,c2i,a2i
1,0.8322264969303335,1.0896818362301453,52.73605462387489,0.584342231029383,217.10740886030536
2,0.0603631305068781,0.0403621046370009,35.20639633674885,0.0376063182774835,217.86248325383957
