PrincipalComponent,coi,c1i,a1i,c2i,a2i
1,0.8342859479412954,1.041390586379793,47.48534768985792,0.5226180717145426,216.05535341120708
2,0.1030959406633925,0.1316117719409328,34.189259367503944,0.1765392484183377,216.27040339725627
