PrincipalComponent,coi,c1i,a1i,c2i,a2i
1,0.6468410435525,0.8466197528856393,45.54831822160195,0.613319294482844,215.79364885978677
2,0.1325123084253792,0.1759484720308168,34.17476570620676,0.1788542418813579,215.84143915933484
