PrincipalComponent,coi,c1i,a1i,c2i,a2i
1,0.7891170258553077,0.9792674768811678,51.406222047269054,0.6931345845122882,216.8298661234479
2,0.0469400357864,0.0561525238613709,35.01925489189462,0.0542782000953014,217.49112652812613
