PrincipalComponent,coi,c1i,a1i,c2i,a2i
1,0.8287676885864597,1.02223734400839,54.79285857804271,0.7425131107492139,217.0926960742896
2,0.037686072686678,0.0317133099566953,35.72696124401704,0.0206739760973863,218.35843822185308
