PrincipalComponent,coi,c1i,a1i,c2i,a2i
1,0.7341890795023088,0.9417301902418114,49.60929943270035,0.6248130796379728,216.71034355225748
2,0.0803680962178823,0.1007088414332793,34.75274178508976,0.1042216038232645,217.04549363918844
