PrincipalComponent,coi,c1i,a1i,c2i,a2i
1,0.8417482776826068,1.065624833943908,52.96125106599108,0.5644536443711755,217.15156211443565
2,0.096064153540262,0.0899871507325492,35.54397732956857,0.2132133166517413,217.85096690534195
