PrincipalComponent,coi,c1i,a1i,c2i,a2i
1,0.8565194702557857,1.0575780469495382,58.152467397810355,0.7329806126591455,217.4341702063203
2,0.0476933245960004,0.0295190377020548,36.47919672802,0.0305896796751511,219.23435141372545
