PrincipalComponent,coi,c1i,a1i,c2i,a2i
1,0.8107728390517284,1.080800475666032,52.82273509095744,0.3741374687944507,217.90672045380023
2,0.1045967059117564,0.0885990983587502,35.690785062572125,0.3058437525731881,218.06245943598833
