PrincipalComponent,coi,c1i,a1i,c2i,a2i
1,0.5697670408946902,0.7046220627454168,43.13263074484822,0.6626989614455405,215.8322028520867
2,0.1862521121833372,0.2901724936014894,35.644374688138754,0.2737199411491676,215.46288071453324
