PrincipalComponent,coi,c1i,a1i,c2i,a2i
1,0.8747338858333066,1.019535323136485,54.42333444777816,0.7544898669893475,216.54716137970007
2,0.0807530662491302,0.0595928131584155,35.517920741609935,0.1069411557632677,218.0287694232639
