PrincipalComponent,coi,c1i,a1i,c2i,a2i
1,0.6024619540113362,0.778064791403275,43.35419738045122,0.6313014812834788,215.38511634160656
2,0.1593696646273668,0.2263838862402274,34.22608075454125,0.2266486609900363,215.21741686401404
