PrincipalComponent,coi,c1i,a1i,c2i,a2i
1,0.8773953517568998,1.041513996160412,58.021001847674896,0.7572587528585483,217.05937806433408
2,0.0660242588956025,0.0442142563094933,36.34660317012494,0.0761358722893936,219.04613483322345
