PrincipalComponent,coi,c1i,a1i,c2i,a2i
1,0.8506032304025284,1.0564785403401036,57.85319408401083,0.7311368685635284,217.45868579388105
2,0.0444652004607925,0.0291495693373094,36.428536660646,0.0260113098076642,219.17724711787488
