PrincipalComponent,coi,c1i,a1i,c2i,a2i
1,0.8670896207857823,1.0586404005960366,59.098172684096824,0.7404401409906111,217.3183876671874
2,0.0514221539493044,0.0321947579909025,36.63822190340652,0.0410405381230009,219.41233887784043
