PrincipalComponent,coi,c1i,a1i,c2i,a2i
1,0.8337781337714872,1.0854289245512538,53.83215203269947,0.4657979817540589,217.75601072384688
2,0.1013340206924136,0.0937942420047432,35.90643560439014,0.2536375321733626,218.2425068476648
