PrincipalComponent,coi,c1i,a1i,c2i,a2i
1,0.8658726411251046,1.0523096633287474,53.05085117030585,0.654197460269317,216.8041562176591
2,0.0853728993708207,0.0795112915472705,35.39817160843241,0.1610190736878954,217.7730873382154
