PrincipalComponent,coi,c1i,a1i,c2i,a2i
1,0.8777078091867322,1.047535730182366,59.304669585242614,0.753185195775455,217.2022038458419
2,0.0573897145209527,0.038141060088099,36.656863161161,0.051770108560235,219.41374603261016
