PrincipalComponent,coi,c1i,a1i,c2i,a2i
1,0.8097534041146486,0.995033095870748,52.767456913893994,0.7372873892834358,216.86787033424787
2,0.0378354789286036,0.0379559376849598,35.281202166581004,0.0296405995893013,217.82099393114996
