PrincipalComponent,coi,c1i,a1i,c2i,a2i
1,0.9097103003592194,1.129687011560527,69.42628547275831,0.7437990898150069,216.23104778893196
2,0.0357190654541877,0.0287825869470245,38.46339798695284,0.0325425073745875,221.52803043078976
