PrincipalComponent,coi,c1i,a1i,c2i,a2i
1,0.901323093152424,1.1101342409864254,59.05061756453773,0.6648966351205979,216.801787054254
2,0.060062361155854,0.0672869462569595,36.52958878818456,0.1660198284262215,219.1463161396709
