PrincipalComponent,coi,c1i,a1i,c2i,a2i
1,0.8810843013023327,1.083155820098494,65.56937782985007,0.7668055153905698,216.5867680947703
2,0.0346839690866502,0.0362755045732089,37.8108678934428,0.0335020182988118,220.73768099049153
