PrincipalComponent,coi,c1i,a1i,c2i,a2i
1,0.5560075205560362,0.6353148221075872,42.952624187312814,0.6719526748243757,215.27320836508585
2,0.2003777215531341,0.3200730807499507,35.50006583985782,0.4214859610522835,214.96415877676932
