PrincipalComponent,coi,c1i,a1i,c2i,a2i
1,0.921842338989616,1.0988879620519223,59.59853775832926,0.7465015255531882,216.18120788600655
2,0.0538190495435648,0.057680331732762,36.41446451693241,0.1168420114430826,219.09587873222208
