PrincipalComponent,coi,c1i,a1i,c2i,a2i
1,0.896021416616253,1.129664373262364,59.7319504765136,0.5718825859975324,217.64363008243836
2,0.0613481149200105,0.0723129270362319,36.92965336309226,0.2018416288882615,219.5617746777362
