PrincipalComponent,coi,c1i,a1i,c2i,a2i
1,0.8375357102636459,1.007650113947394,60.07718271304112,0.7942311887959295,216.36739012254267
2,0.0437937257614989,0.0498465627527786,36.66413334022945,0.0555674174573842,219.38353091848708
