PrincipalComponent,coi,c1i,a1i,c2i,a2i
1,0.6957759233507592,0.8475010451312487,50.55632377455622,0.6761092535663167,216.12660039230187
2,0.1190559604788883,0.1575762539069649,34.92317408464651,0.208401745132088,217.00455691370945
