PrincipalComponent,coi,c1i,a1i,c2i,a2i
1,0.9284599814398043,1.1430358639698537,71.05115522177137,0.7376511368887536,216.1153373862045
2,0.0369757087895755,0.0283480482189984,38.74169196410283,0.0364635938526942,221.86518944440004
