PrincipalComponent,coi,c1i,a1i,c2i,a2i
1,0.9344206769012264,1.0723976389855625,62.22413461850069,0.8243148419993329,215.3647887146288
2,0.0471214146910054,0.0410418506411593,36.692507228265875,0.0709045782058058,219.49620705341127
