PrincipalComponent,coi,c1i,a1i,c2i,a2i
1,0.6200740004475918,0.7565723531659063,45.36207925431743,0.6553756934835542,215.10423314232236
2,0.157353260398662,0.2243869899794178,34.071933006263755,0.2996565893241919,215.36705199019323
