PrincipalComponent,coi,c1i,a1i,c2i,a2i
1,0.751683295767037,0.9029145935651696,53.89745072098795,0.7420121276425475,216.3747339298245
2,0.0894281621251378,0.1065444921081099,35.47720467086993,0.1409484324771806,217.89923727184373
