PrincipalComponent,coi,c1i,a1i,c2i,a2i
1,0.9296167381353488,1.1111227928365328,67.69443239526713,0.7914502126172875,215.77560486358996
2,0.0410694531864581,0.0323842107076373,37.96749612589388,0.0472276408653684,220.94408454816693
