PrincipalComponent,coi,c1i,a1i,c2i,a2i
1,0.5837212480268561,0.6978217547254497,43.20851858285669,0.655906110239696,214.81089311054717
2,0.1774918481879938,0.2667275880496245,34.072581259232585,0.3610057578931456,214.776230827604
