PrincipalComponent,coi,c1i,a1i,c2i,a2i
1,0.8605960174520401,1.099140287067856,57.32787388701239,0.5048756849874403,217.90594797265445
2,0.0728751447276885,0.0751884899837448,36.52616125518933,0.2567651548041708,219.09389312011513
