PrincipalComponent,coi,c1i,a1i,c2i,a2i
1,0.7972337772976107,0.9461019325825688,56.272989398054825,0.7958497774194232,216.26267141297433
2,0.05998887288423,0.070580412056954,35.9171940603104,0.0887263292334999,218.44597851065305
