PrincipalComponent,coi,c1i,a1i,c2i,a2i
1,0.953483700132035,1.160666906361309,60.04780381175122,0.7252016984869613,216.26013552197605
2,0.0546581901568231,0.0286544952908402,36.35727033452782,0.1419621719348901,219.18998712132827
