PrincipalComponent,coi,c1i,a1i,c2i,a2i
1,0.853032010223427,1.004657650999368,62.5725645249669,0.7600240897535528,215.99537419266505
2,0.0731857174670769,0.0674211868088371,37.02097578957146,0.1266521315931194,219.8305917620225
