PrincipalComponent,coi,c1i,a1i,c2i,a2i
1,0.763288784314701,0.8948667350623671,55.52037884019288,0.7003892044975906,216.18481090721295
2,0.1209327580521733,0.1210308919006271,35.5707545698378,0.2311695968009507,218.1781345659268
