PrincipalComponent,coi,c1i,a1i,c2i,a2i
1,0.9442052778031838,1.2007782660177326,61.98129153878062,0.6010712761604307,217.52139443286327
2,0.0642852775855697,0.0292595980194282,37.08373741425714,0.1846200038684739,220.0343092484796
