PrincipalComponent,coi,c1i,a1i,c2i,a2i
1,0.8044782583734051,0.9348464551704528,58.11200755804801,0.7567645646167731,216.0012832486981
2,0.0958145273100588,0.0895447138045715,36.131220006540296,0.1751185938393764,218.77013375648104
