PrincipalComponent,coi,c1i,a1i,c2i,a2i
1,0.6394665569460267,0.747375859109871,45.658903237756846,0.6270966572094286,214.75181628369575
2,0.1771375824803844,0.2308842413431792,33.683355509564066,0.3919765632161389,215.2369306930463
