PrincipalComponent,coi,c1i,a1i,c2i,a2i
1,0.9298027010420372,1.1176863534622723,69.65509351007148,0.7489570000507547,215.6449069064206
2,0.0438004374577458,0.0379535930793483,38.337459972694994,0.0653396381954747,221.3831616574642
