PrincipalComponent,coi,c1i,a1i,c2i,a2i
1,0.913524443835922,1.1754766487339534,59.33960729297478,0.5368970492583008,217.89342924588885
2,0.0706658263359608,0.0251696233180414,36.6854893163105,0.2390095668046515,219.57425111699948
