PrincipalComponent,coi,c1i,a1i,c2i,a2i
1,0.7105185620750973,0.8395313536299474,51.58816732968586,0.639985060741291,215.8628749937889
2,0.146072274109681,0.1673315386006536,34.840381746919526,0.3002446576034162,217.07169887463812
