PrincipalComponent,coi,c1i,a1i,c2i,a2i
1,0.6068297689104302,0.6874525037461449,43.2220297206452,0.6324709653618826,214.36870450803804
2,0.1919888074142873,0.2731683098424856,33.49661585487988,0.4517282391923134,214.540070846679
