PrincipalComponent,coi,c1i,a1i,c2i,a2i
1,0.9818429547064256,1.1567638733174763,70.84365428262106,0.8052429842995327,214.64214991939025
2,0.0379054251831875,0.0190080190409575,38.1949892282684,0.0427429750449135,221.30829907006265
