PrincipalComponent,coi,c1i,a1i,c2i,a2i
1,0.9857092116794188,1.0973608279363856,63.116783564829525,0.8885050874244955,214.34873510903097
2,0.0414619617615552,0.0197953926752675,36.497859184564234,0.0539415860313155,219.36656511056017
