PrincipalComponent,coi,c1i,a1i,c2i,a2i
1,0.5809887444182696,0.6208824488487681,42.25394797396445,0.6622414132091299,214.57893965296915
2,0.2105168130902452,0.3263516208745239,34.701762546769885,0.5065211919579226,214.4531320577977
