PrincipalComponent,coi,c1i,a1i,c2i,a2i
1,0.9776607050347448,1.2032872429922197,76.01535319044329,0.7099723884269158,214.92767422328973
2,0.0387506724946084,0.0240617194113283,39.35799651453631,0.0442180052588028,222.64829793341465
