PrincipalComponent,coi,c1i,a1i,c2i,a2i
1,0.9154519238931288,1.1041425417213142,68.90854306197608,0.7423179814498228,215.85388412242975
2,0.0476021462112135,0.0434077519720581,38.25586866777219,0.0755758441452168,221.2767730272112
