PrincipalComponent,coi,c1i,a1i,c2i,a2i
1,0.9541657588034402,1.172406624116563,73.73312191466333,0.7226450332930701,215.09523051480144
2,0.0405698376242446,0.0299637318277609,38.973758564043905,0.0498717527954911,222.17370064008017
