PrincipalComponent,coi,c1i,a1i,c2i,a2i
1,0.9714495050611592,1.1339990025596318,59.98216641634171,0.8172186907521268,215.42085451501464
2,0.0490918554274724,0.0249562155406157,36.11949628999852,0.0960130693045385,218.92284225260315
