PrincipalComponent,coi,c1i,a1i,c2i,a2i
1,0.6344152188759465,0.6653821211381779,38.14747109514799,0.7178405208676274,213.7544663495949
2,0.1410180940286436,0.3325549262245836,34.71874093185732,0.3886882717416088,213.530637866909
