PrincipalComponent,coi,c1i,a1i,c2i,a2i
1,0.9248714524175412,1.1013785790388304,48.233325838578416,0.9760085229327562,214.51819062394807
2,0.0331770606536094,0.0275169634440769,33.538293055543,0.0858196411945421,215.86765870803904
