PrincipalComponent,coi,c1i,a1i,c2i,a2i
1,0.8560219958449041,0.9102043720494064,50.595495788493785,0.9672329252929844,214.05538564882508
2,0.052871799526607,0.1056764791012306,34.4091160215313,0.1549092566601699,216.3995667152286
