PrincipalComponent,coi,c1i,a1i,c2i,a2i
1,0.9057007758764064,0.9346148999013598,50.59379838831256,1.0697215715920978,213.2731067630067
2,0.0357126963130756,0.0699909131948898,33.983342926375045,0.1018954967644649,216.12695290196217
