PrincipalComponent,coi,c1i,a1i,c2i,a2i
1,0.5744677654155256,0.5477633931401916,33.00898053282086,0.7974033709962544,218.38176856240665
2,0.2039222839993286,0.4863135413788028,51.459691389629,0.3472146192454099,216.02957688237703
