PrincipalComponent,coi,c1i,a1i,c2i,a2i
1,0.9399152309679264,0.9920296280074394,46.90915784652952,1.14074856351715,213.16002520166077
2,0.0244144918609878,0.0334790030725759,32.956365135326955,0.0506310810035191,215.1713682099893
