PrincipalComponent,coi,c1i,a1i,c2i,a2i
1,0.8432767304453012,0.9049379060216844,50.93679877893749,0.9368742801392372,214.29214836720087
2,0.0579400862671924,0.1139252882520044,34.58218261049327,0.1722308907356196,216.55985888305423
