PrincipalComponent,coi,c1i,a1i,c2i,a2i
1,0.878654486215119,0.9233866332637948,50.61842824187289,1.0245600672335031,213.49275223347192
2,0.0443008860486327,0.0867912957217871,34.15601265319591,0.1260984369740686,216.21861584118585
