PrincipalComponent,coi,c1i,a1i,c2i,a2i
1,0.7585406219140753,0.8052656498180116,45.4132997123562,0.8579563218765541,214.1652762171745
2,0.0864384717392982,0.172815831475669,33.92666781354637,0.258812481231522,215.28856631843033
