PrincipalComponent,coi,c1i,a1i,c2i,a2i
1,0.7928676176147755,0.8497467538309234,47.60068042284009,0.8922392154273556,214.19802656673187
2,0.0737375897562223,0.1447214678368414,34.12426665950245,0.2224339964990237,215.78650746079543
