PrincipalComponent,coi,c1i,a1i,c2i,a2i
1,0.93967237513532,1.0691096234031303,47.54959832057814,1.0571262466652127,213.97657947948724
2,0.0279653550196921,0.0282362900125765,33.24059050688201,0.0561699811801432,215.5437525782044
