PrincipalComponent,coi,c1i,a1i,c2i,a2i
1,0.8899798568237745,1.1346889233620696,49.31292143848498,0.7708345839944691,215.81888980713725
2,0.0511278041001335,0.0199894937620049,34.122349857461224,0.173347300596663,216.54148791440633
