PrincipalComponent,coi,c1i,a1i,c2i,a2i
1,0.6883004472421239,0.736061928698873,41.519682115381805,0.7333440715135773,214.1028246070233
2,0.1180661942579448,0.2598963520505482,34.02195841024565,0.342698959593758,214.32929923521272
