PrincipalComponent,coi,c1i,a1i,c2i,a2i
1,0.920210580192494,1.1359017413647263,50.095024185105615,0.8666956571191773,215.34193816340124
2,0.0407572786468073,0.0243750159661828,34.14240675772904,0.1210630589869619,216.55761695160763
