PrincipalComponent,coi,c1i,a1i,c2i,a2i
1,0.728479451849353,0.772839083622149,43.6624684392127,0.8013206949064301,214.14303299765015
2,0.101144627162993,0.2099311110676617,33.83373800842158,0.2983132140192126,214.8477246120161
