PrincipalComponent,coi,c1i,a1i,c2i,a2i
1,0.9223448433901256,0.9610740087000604,49.03536119120154,1.124615500972559,213.18487977848915
2,0.0268108236410759,0.0476151091982714,33.51162872274338,0.0708623467016464,215.70269213996863
