PrincipalComponent,coi,c1i,a1i,c2i,a2i
1,0.6136491747155671,0.6091053482996647,37.24261188606671,0.7287211996991757,214.3233142602271
2,0.1558656879550066,0.3869897883920214,36.7514268780534,0.4093396271495739,213.7398269088736
