PrincipalComponent,coi,c1i,a1i,c2i,a2i
1,0.8600252533133356,0.9697830150843484,47.81431130540707,0.8206823987065291,214.7908286306589
2,0.0632738909339295,0.1121464335310122,34.039051916601395,0.200580623647395,215.90585276526983
