PrincipalComponent,coi,c1i,a1i,c2i,a2i
1,0.751758489584229,0.8551489458955898,43.320520177649776,0.679823600140028,214.72933609880755
2,0.0953846935270806,0.1983400521942117,34.02400807029332,0.2992333186611872,214.91718973303492
