PrincipalComponent,coi,c1i,a1i,c2i,a2i
1,0.9607337428271324,1.1616583840257886,48.031971482599175,0.8902788229703262,214.90934113803644
2,0.0222185870820795,0.0304344227277776,33.51730406840572,0.0449364516693262,215.93560624774452
