PrincipalComponent,coi,c1i,a1i,c2i,a2i
1,0.9452362389484732,1.0674827594318588,46.3862919719566,0.946766738794658,214.21027496189285
2,0.0287674982455319,0.044320189536562,33.127094880105034,0.0851212331251882,215.3573911558048
