PrincipalComponent,coi,c1i,a1i,c2i,a2i
1,0.954647201495474,1.202251019399212,49.32218429499405,0.826093934765672,215.33791698137415
2,0.0222193783341639,0.0267172539814733,33.87216031737671,0.0460533269606113,216.366084763775
