PrincipalComponent,coi,c1i,a1i,c2i,a2i
1,0.7831151769983762,0.893831076520323,44.7858205460123,0.7117733700031968,214.83342074872715
2,0.0840649216533422,0.1699656095771011,34.030714575369146,0.2748908070323323,215.27864921328256
