PrincipalComponent,coi,c1i,a1i,c2i,a2i
1,0.8846564473113301,0.9805760970439592,47.97103379334354,0.8609386942216193,214.6748227372943
2,0.0576255262884002,0.0971700200928354,33.903005140906245,0.1792359788269871,215.89228422337376
