PrincipalComponent,coi,c1i,a1i,c2i,a2i
1,0.6271539783033363,0.7270886278160118,35.99234559245021,0.586806798016994,221.87008171322225
2,0.1866622118610648,0.4380137670874925,61.15003800664227,0.2315134089827909,217.93267352557183
