PrincipalComponent,coi,c1i,a1i,c2i,a2i
1,0.7232826401215522,0.8252544937567184,41.86701255887298,0.6309141382841925,214.65170085095207
2,0.1097054044896179,0.2340479443721967,34.06113580218916,0.327979045778222,214.54084854820388
