PrincipalComponent,coi,c1i,a1i,c2i,a2i
1,0.6021009285520978,0.6730290528068885,34.26983864641383,0.6122550639178586,221.4714638136195
2,0.1986874967666252,0.4810882624711932,58.22616009964597,0.2571718153511281,217.58966370699093
