PrincipalComponent,coi,c1i,a1i,c2i,a2i
1,0.6878078958161477,0.7903218931636068,40.39468565405773,0.5739164607185202,214.65492684330843
2,0.1243793801468559,0.2864325082339888,34.547791216019434,0.3529064836302237,214.24146299108227
