PrincipalComponent,coi,c1i,a1i,c2i,a2i
1,0.9260690666524104,1.235236323281418,50.60380212375773,0.6532803504515421,216.37331287024745
2,0.0351773306688873,0.0212874797411206,34.44667939447113,0.0963377947889806,217.0176890673445
