PrincipalComponent,coi,c1i,a1i,c2i,a2i
1,0.5786265808199794,0.6168076622800589,33.37852352661062,0.6593816687508897,222.08054382670187
2,0.2187083238977893,0.5403488859918301,58.341669650588344,0.2704511212320532,217.95799205240297
