PrincipalComponent,coi,c1i,a1i,c2i,a2i
1,0.8402444158147789,0.955097657734715,47.58461506280231,0.7716672563555658,215.07883732490473
2,0.0689731333176719,0.1292051086244367,34.2181767743268,0.2246491838606017,215.959097993771
