PrincipalComponent,coi,c1i,a1i,c2i,a2i
1,0.8284495069529173,0.9470550018542888,47.55383034184437,0.7479618748906937,215.19459313741996
2,0.0721164311909021,0.1375952600731984,34.330375850414455,0.2393699785404271,215.9967714881047
