PrincipalComponent,coi,c1i,a1i,c2i,a2i
1,0.9101918198336342,1.0181152336115786,47.48397551862431,0.9125147648500684,214.5304997880045
2,0.0440266802286362,0.0702993397815284,33.5906872390473,0.1381536162596466,215.7207257039504
