PrincipalComponent,coi,c1i,a1i,c2i,a2i
1,0.9535871320055652,1.2372819988111157,51.090832155521106,0.7352553476287119,216.08906057315076
2,0.0260910958412531,0.0238771150551677,34.42304911215037,0.061424655742344,217.01380240023323
