PrincipalComponent,coi,c1i,a1i,c2i,a2i
1,0.9350781546074064,1.2617814574946853,51.20673131296422,0.7321915566882271,216.1325252755745
2,0.0171092565187245,0.0312854297862403,34.478326340998976,0.0521316880666579,217.04961895795728
