PrincipalComponent,coi,c1i,a1i,c2i,a2i
1,0.8703636654372667,1.0492523601465154,48.06947263908142,0.7509535267700519,215.38199540718747
2,0.0514315611889089,0.088525599946175,34.085400835621854,0.2406506832874681,216.07027456525805
