PrincipalComponent,coi,c1i,a1i,c2i,a2i
1,0.7535939078619937,0.919637443136732,44.950323346488,0.5865972960160792,215.38173252609957
2,0.0804795137599837,0.1874811362085578,34.58683536826537,0.3487043896424159,215.4050364086251
