PrincipalComponent,coi,c1i,a1i,c2i,a2i
1,0.7244455875544716,0.8779183287558505,43.35559073195684,0.5671096135783235,215.22714328848215
2,0.0893154412770262,0.2172872653462182,34.67305117533553,0.3628101398559744,215.00959507643256
