PrincipalComponent,coi,c1i,a1i,c2i,a2i
1,0.6906644356688737,0.8576318056993013,40.90350048562937,0.5378958195834588,227.46920375793908
2,0.1390932576007641,0.3990719358765353,80.85098871933383,0.1574583286114829,220.36644873014137
