PrincipalComponent,coi,c1i,a1i,c2i,a2i
1,0.9380817588479764,1.2963932699615026,53.0242496501565,0.6640215536833103,216.77018752751525
2,0.0165842995113354,0.0311990572469908,34.99700764521054,0.0420376033343658,217.67254363248787
