PrincipalComponent,coi,c1i,a1i,c2i,a2i
1,0.8061289737649251,0.9825726234091876,47.60732580709458,0.6319355099536192,215.7333184876813
2,0.069177407986533,0.1455126745137565,34.65960536837821,0.313606303164876,216.10365051735937
