PrincipalComponent,coi,c1i,a1i,c2i,a2i
1,0.6517520189371832,0.8180542266073084,38.51482890288048,0.5087205943097325,228.80072123653943
2,0.1608586687229881,0.4955252176592865,83.07004951830241,0.1037018107958349,221.25447290942907
