PrincipalComponent,coi,c1i,a1i,c2i,a2i
1,0.9332743268637764,1.2141783560174615,49.4977259116712,0.7698925220031566,215.64210054870017
2,0.0228303358136331,0.0362748952883172,34.066424019441,0.0874743901700534,216.50024281528815
