PrincipalComponent,coi,c1i,a1i,c2i,a2i
1,0.5491192286436813,0.6434076184462858,32.67215873642314,0.6147407236347058,226.844791382886
2,0.2226439388219911,0.6522457669351215,71.45861547071817,0.1433735238249161,220.3825639018035
