PrincipalComponent,coi,c1i,a1i,c2i,a2i
1,0.5986202110072746,0.7504939535002257,35.34183118111263,0.5278254519101888,227.58735992050111
2,0.189030006488919,0.5648115216928474,77.56892768792203,0.1064505146367988,220.7464496093705
