PrincipalComponent,coi,c1i,a1i,c2i,a2i
1,0.8479852348675928,1.010510470050296,48.26691979846588,0.7069542153700334,215.51397426224275
2,0.0614159736789673,0.1131985124300166,34.378962817075376,0.2790149473112132,216.15054713676923
