PrincipalComponent,coi,c1i,a1i,c2i,a2i
1,0.9070036944092232,1.1036321985945805,47.53407702641118,0.7902742332099217,215.15341490516604
2,0.0371598993876862,0.0620587480774871,33.70381440738225,0.1738575630768304,215.89475562895308
