PrincipalComponent,coi,c1i,a1i,c2i,a2i
1,0.7953621621810032,0.9759537006243252,47.61080194479528,0.6096169920431287,215.80252590464204
2,0.0715434817483886,0.1527034680738206,34.76668313198423,0.3262833947680607,216.13509618615652
