PrincipalComponent,coi,c1i,a1i,c2i,a2i
1,0.5723920006584066,0.6995540802115542,33.57981616424348,0.560345994017881,226.76011692353433
2,0.2030260079804843,0.5962913813005509,73.19195739078584,0.133663804208187,220.2804390408372
