PrincipalComponent,coi,c1i,a1i,c2i,a2i
1,0.8251451047155601,0.9962125783831304,47.849858441949955,0.6760104502213665,215.54148444217097
2,0.0648577248442803,0.1287111089359486,34.48491375159447,0.2950659981026705,216.0765195833353
