PrincipalComponent,coi,c1i,a1i,c2i,a2i
1,0.9155890084512228,1.285339549274655,52.31818661739491,0.6173426776288925,216.92194518069127
2,0.0193283872639393,0.0336635904147635,34.92844562117132,0.0479822641722233,217.5815220560847
