PrincipalComponent,coi,c1i,a1i,c2i,a2i
1,0.8458506582363957,0.6141968718180132,35.20062108186598,0.9838906383035474,211.81089915828403
2,0.1363305143121712,0.1988305314027636,31.24257563620171,0.3333080696992936,211.81830771094775
