PrincipalComponent,coi,c1i,a1i,c2i,a2i
1,0.8457932479894557,0.73860807171541,45.06460331806414,0.6842067030753712,215.02872525039672
2,0.1495067279118082,0.2698699567036717,35.94775111213143,0.4167055145917288,215.11303973784905
