PrincipalComponent,coi,c1i,a1i,c2i,a2i
1,0.8711922499106874,0.6072494565103881,32.75126152726122,1.1529312824808002,213.0847532527474
2,0.0828462016796939,0.0886469139774394,30.4308628460214,0.107658553875711,211.89154077500328
