PrincipalComponent,coi,c1i,a1i,c2i,a2i
1,0.852242572359533,0.6584891427988885,38.952131870316734,0.8655904553280818,212.79051891374303
2,0.1418836269255424,0.2385850238732483,33.15857689753842,0.3671728510085635,212.9711400688677
