PrincipalComponent,coi,c1i,a1i,c2i,a2i
1,0.852712462817893,0.6044604766841117,33.47730859773083,1.045813974752469,211.66306999345156
2,0.1282986686227429,0.1558673273895116,30.32418512641444,0.2677697428097929,211.50196659167088
