PrincipalComponent,coi,c1i,a1i,c2i,a2i
1,0.8608951951768872,0.609158579868497,32.79327382538986,1.1126391456874425,212.62581541494905
2,0.1016881050345562,0.1080040745160772,30.325836115704657,0.1554512065106598,211.73827736629067
