PrincipalComponent,coi,c1i,a1i,c2i,a2i
1,0.8850026333725912,0.6230265874343854,28.7802723073598,1.266971784341944,210.62360464214188
2,0.0330725938765909,0.0383411795672987,28.66797253048762,0.0231706724810483,210.2127822866913
