PrincipalComponent,coi,c1i,a1i,c2i,a2i
1,0.868886346030086,0.6048496904764196,28.819351123326825,1.2314036554659595,210.6507890894566
2,0.0598118991572521,0.0655205168042004,28.70311496123755,0.0622576806777881,210.2331832171378
