PrincipalComponent,coi,c1i,a1i,c2i,a2i
1,0.7802902564327925,0.7928937786082932,47.36212102518943,0.4529856807403957,237.9175516352788
2,0.2050667442196359,0.2932819205265104,64.4486686380866,0.4525725342736068,207.28627783942335
