PrincipalComponent,coi,c1i,a1i,c2i,a2i
1,0.4320697591088718,0.3519313285658716,28.804029621619826,0.6789999789718202,210.48872287151417
