PrincipalComponent,coi,c1i,a1i,c2i,a2i
1,0.8533947692825917,0.6136316296191625,33.34042103281745,1.0563762606453573,212.11578105804512
2,0.1235678492086374,0.1413895811269686,30.279768507172,0.2307873231022397,211.65097134612353
