PrincipalComponent,coi,c1i,a1i,c2i,a2i
1,0.8557731301542173,0.6010058680185051,33.97869964986679,1.0310370127619943,211.52207378154355
2,0.1354319747899021,0.1662444193930632,30.56520204419779,0.2974226574466347,211.5114466600751
