PrincipalComponent,coi,c1i,a1i,c2i,a2i
1,0.8794940493832069,0.6687919520040503,28.77517752121089,1.324993463961356,210.6967658742083
2,0.0069563645147551,0.0072956039567689,28.737035975824657,0.0034973202357844,210.23419739008935
