PrincipalComponent,coi,c1i,a1i,c2i,a2i
1,0.8068285368610923,0.7826892114977607,47.08125374539919,0.5303498953164713,226.1570566198818
2,0.1964059935934,0.3752041213000742,72.22712095812983,0.3258737996072993,219.78944215397573
