PrincipalComponent,coi,c1i,a1i,c2i,a2i
1,0.8503211507109372,0.6183465411061895,33.312352982215984,1.063772951204086,212.2301081187454
2,0.1205919069165324,0.1324334156382128,30.311010404284517,0.2158643243237328,211.69467908777793
