PrincipalComponent,coi,c1i,a1i,c2i,a2i
1,0.8265462846075802,0.7698414474784679,47.9910693989369,0.5805932616564762,216.30253016986
2,0.1534472684806397,0.2838640947428934,37.540882606287134,0.4519364691792785,216.24773897760016
