PrincipalComponent,coi,c1i,a1i,c2i,a2i
1,0.8060179454042686,0.5879366844618888,34.002273964079485,1.064347205487671,213.07103172924064
2,0.1536182812650951,0.2133326496363018,31.74153251577673,0.2580236577803078,212.12915525906453
