PrincipalComponent,coi,c1i,a1i,c2i,a2i
1,0.802737244948211,0.5938898462177643,34.02627871552423,1.0716760958846774,213.18879261582865
2,0.1510643057051585,0.2031604825693027,31.75138518816296,0.2428850787054432,212.1995039788737
