PrincipalComponent,coi,c1i,a1i,c2i,a2i
1,0.7940556547302297,0.6343584349639515,37.10692818443352,0.892508502999462,221.96108074481072
2,0.2123239769275342,0.4188810863052834,67.29164964939453,0.2167826670977779,217.2820874754625
