PrincipalComponent,coi,c1i,a1i,c2i,a2i
1,0.807005173459998,0.5771380684916304,34.20891379797314,1.05269056350102,212.79318720781905
2,0.1575749851592494,0.2302891740504922,32.14470136248313,0.294205953178917,212.0362080450445
