PrincipalComponent,coi,c1i,a1i,c2i,a2i
1,0.8244237751223704,0.5921069144754527,33.80279163927352,1.1636048833115544,214.49501095074024
2,0.1138074915230871,0.15122587017785,31.94605701245172,0.1299021826823966,212.66650119631228
