PrincipalComponent,coi,c1i,a1i,c2i,a2i
1,0.8032484947020101,0.5859438656681784,36.14406356573181,0.9866864297198032,213.23747292559523
2,0.1653256202881742,0.27703932848336,33.95040615656087,0.357088733569312,212.5779660690527
