PrincipalComponent,coi,c1i,a1i,c2i,a2i
1,0.7786488833337057,0.6946936948828765,40.81394796224242,0.7422751083882134,224.47822343039184
2,0.220800612684815,0.4789702088974133,70.05317942605558,0.2332107372023915,219.94114800926567
