PrincipalComponent,coi,c1i,a1i,c2i,a2i
1,0.7502840038503086,0.7195341336360418,43.212003240177395,0.5994542255641654,226.6632547498713
2,0.2262484012947132,0.4925996593515801,70.91909913952084,0.2954261655175193,221.531309282823
