PrincipalComponent,coi,c1i,a1i,c2i,a2i
1,0.8428382415543115,0.7644788632801268,32.2145531024231,1.3489910216483982,250.0
2,0.0286502582937467,0.038464903196885,39.511149343337486,0.0049258862878589,222.44779875275896
