PrincipalComponent,coi,c1i,a1i,c2i,a2i
1,0.8449721152022188,0.6015481741615307,33.843900334285266,1.2176898081709284,215.45672630641616
2,0.0903258348313049,0.1248668128641778,32.09170002533546,0.0767553366293409,212.977028365176
