PrincipalComponent,coi,c1i,a1i,c2i,a2i
1,0.8391495969710592,0.8178533398829433,32.48789327156885,1.383876374686422,250.0
2,0.0112148563530998,0.0137864587125303,39.21576245647728,8.380063287494354e-05,222.4041117348411
