PrincipalComponent,coi,c1i,a1i,c2i,a2i
1,0.848173940354607,0.697417057288705,33.44508735851927,1.273946696204096,250.0
2,0.0653554207598426,0.0954999251875323,43.62144531176802,0.0167717095232787,223.4117102467096
