PrincipalComponent,coi,c1i,a1i,c2i,a2i
1,0.7586675988259154,0.7116560750961216,42.33739960579023,0.6613183470444403,225.549838230254
2,0.2210443444112367,0.5054556921168016,71.15897366708488,0.2526100208302958,221.0773154151633
