PrincipalComponent,coi,c1i,a1i,c2i,a2i
1,0.8136353235887258,0.5902329848321437,33.76763760167515,1.1204418727039456,213.8400996686827
2,0.1328479749377332,0.1740599652110476,31.798605046127577,0.1808000525189675,212.42551574711575
