PrincipalComponent,coi,c1i,a1i,c2i,a2i
1,0.8108149127186297,0.573746441418578,34.743951616206324,1.036686222056707,212.75503808719105
2,0.1644802658894278,0.2415859924657354,32.670466378479865,0.3233569976820496,212.104037503804
