PrincipalComponent,coi,c1i,a1i,c2i,a2i
1,0.4293264948986387,0.4015355849107185,34.33879793668259,0.6963083953924017,216.1168504147483
