PrincipalComponent,coi,c1i,a1i,c2i,a2i
1,0.7278553903230938,0.7230260696695863,43.47716341315785,0.5304003742090118,231.45118140613968
2,0.2316480346099975,0.4283444621350636,66.3433690416345,0.400842619305951,215.80218182784756
