PrincipalComponent,coi,c1i,a1i,c2i,a2i
1,0.9088522700009768,0.6277052469883346,34.63650333757477,1.0603986648026598,211.61535183172865
2,0.0973793793905437,0.0996498754808156,30.1327261619958,0.1864300292511063,211.8169658746355
