PrincipalComponent,coi,c1i,a1i,c2i,a2i
1,0.8644588781173366,0.8401769998482275,52.30628072801034,0.4749165955768499,216.98063788552037
2,0.1443289164833168,0.2116331123057533,36.6611823829558,0.458205894428071,217.35873598191577
