PrincipalComponent,coi,c1i,a1i,c2i,a2i
1,0.8799508738961593,0.8360329134649658,52.56703028037506,0.5311350287859834,216.52821992539992
2,0.1356065316603424,0.220919553787311,37.077206338400885,0.4163014297634457,217.25878619699537
