PrincipalComponent,coi,c1i,a1i,c2i,a2i
1,0.8993864661653254,0.7936431587897169,49.32575374925036,0.6478246576489968,215.13090580086623
2,0.1322385369187249,0.2109471687302437,35.653090527567706,0.3756008624038356,216.05668880171507
