PrincipalComponent,coi,c1i,a1i,c2i,a2i
1,0.9088760614278784,0.6209694182339383,35.173568048840075,1.0490352070213895,211.10895479065127
2,0.1032976570210245,0.1121662363285772,30.170769717234386,0.2211078592158512,211.74212338734228
