PrincipalComponent,coi,c1i,a1i,c2i,a2i
1,0.9365341950674858,0.6121046585137415,32.66409495691101,1.1952700392157158,212.60488505588887
2,0.0368983661275113,0.0347445028561251,30.007325944844208,0.0381268980506675,211.73107947689908
