PrincipalComponent,coi,c1i,a1i,c2i,a2i
1,0.9004319212621329,0.6386343090654345,37.40156942877231,0.9845324297567338,211.29272534313935
2,0.114466491584391,0.1494641968342428,30.99246148626337,0.2845981256098513,212.22926522427863
