PrincipalComponent,coi,c1i,a1i,c2i,a2i
1,0.9151432786821646,0.6166362205212409,33.59109466890354,1.1154451590239045,212.0432757676014
2,0.0740501969453212,0.0718058121586826,30.095101981280596,0.1168373565492543,211.7597515929499
