PrincipalComponent,coi,c1i,a1i,c2i,a2i
1,0.9069138384507928,0.6932701698350973,42.14186317732413,0.8528962344871016,212.44231565562976
2,0.1224705414499,0.1858135712442048,32.91236627130943,0.320346268023645,213.61519169680363
