PrincipalComponent,coi,c1i,a1i,c2i,a2i
1,0.9258671747180024,0.6191408427215382,28.7876883096932,1.2508143890494088,210.70319004853812
2,0.0151098315824747,0.0136329260466432,28.611480701323973,0.0097653992901089,210.23069773065643
