PrincipalComponent,coi,c1i,a1i,c2i,a2i
1,0.9131691981094912,0.6194622470870745,35.965730536909405,1.033263450451517,210.9336533390225
2,0.110310754254718,0.1213354626109052,30.381014258298507,0.2493609802048033,211.82602490688623
