PrincipalComponent,coi,c1i,a1i,c2i,a2i
1,0.4545993010706187,0.323718432073722,28.78402735551201,0.6492291864202272,210.50217142426473
