PrincipalComponent,coi,c1i,a1i,c2i,a2i
1,0.8314490983636839,0.8569360241628768,51.829625889960354,0.3989335569521758,243.58769801782904
2,0.1844647075465744,0.210371353283632,65.05323673634759,0.4497024306463986,199.6205154577489
