PrincipalComponent,coi,c1i,a1i,c2i,a2i
1,0.906502776130694,0.6311689492518373,34.61605811688044,1.0668213652053191,211.73134510308057
2,0.0937306820816071,0.0919440859502685,30.17243578021582,0.1724017734714505,211.8612749244687
