PrincipalComponent,coi,c1i,a1i,c2i,a2i
1,0.923304503430305,0.6128156148839423,33.3319553839515,1.1500225270932003,212.32230603496885
2,0.0563288343035608,0.0535171922247409,30.103394361223295,0.0766936990601625,211.79920723609945
