PrincipalComponent,coi,c1i,a1i,c2i,a2i
1,1.0285892363418871,0.7609820817700425,54.04905328804568,0.8546356278476732,211.55587469550167
2,0.0767752866404818,0.0950881667412659,34.03250330057822,0.1991771894186776,216.26837567951895
