PrincipalComponent,coi,c1i,a1i,c2i,a2i
1,1.0444279505792324,0.7215489372513006,51.92018583024432,0.9181148774341896,210.57044276681512
2,0.068764264475651,0.0716962779649498,33.200916216555875,0.1679104392266197,215.5374780074216
