PrincipalComponent,coi,c1i,a1i,c2i,a2i
1,1.0360695329586316,0.8822144906596984,62.55013723017869,0.6482340096445026,214.07737274222583
2,0.0868206986709281,0.1277861357283379,36.91635183029647,0.232234401271705,218.93797563505015
