PrincipalComponent,coi,c1i,a1i,c2i,a2i
1,1.0218080290164568,0.6620369277659574,41.344864975102674,1.063235021373058,212.10495116800007
2,0.0333500584120946,0.032244749589872,31.53616059160664,0.0602094238446334,213.64480836143417
