PrincipalComponent,coi,c1i,a1i,c2i,a2i
1,1.021172621210708,0.6500883254061764,40.18155409340547,1.0950434765319597,212.43871877803448
2,0.0203352099246556,0.0187660904562951,31.378214581958265,0.0322460119527475,213.4761755265129
