PrincipalComponent,coi,c1i,a1i,c2i,a2i
1,0.901520639532071,0.8606227296753882,49.7849861677243,0.4633999352106418,216.21568406021385
2,0.1163532624012509,0.1384649902237114,34.582079625398954,0.4457998585309268,216.6908414022921
