PrincipalComponent,coi,c1i,a1i,c2i,a2i
1,1.0254343118286964,0.6938603087430432,44.68910427967223,0.9958655870847408,211.68882224003607
2,0.055486817490061,0.0515728250384932,32.01415866777715,0.1160008187378244,214.26430834244672
