PrincipalComponent,coi,c1i,a1i,c2i,a2i
1,0.4861187876829567,0.3091960867276076,28.767742972249163,0.6110057307603182,210.52187771837137
