PrincipalComponent,coi,c1i,a1i,c2i,a2i
1,0.977695554278852,1.0258235204984325,65.68286638945203,0.3563475268303094,218.6320445436076
2,0.1033334917491117,0.1561525823537847,39.22554037808917,0.3409760310284485,220.99657069981143
