PrincipalComponent,coi,c1i,a1i,c2i,a2i
1,0.9498245919343214,0.9570302091269776,59.00169262907397,0.4012765283445804,217.91404714013453
2,0.1085872290116451,0.150865072723812,37.302440556244534,0.3838476704048522,219.25209586001327
