PrincipalComponent,coi,c1i,a1i,c2i,a2i
1,1.0104587636353182,1.012890463243293,66.87676825839465,0.4264606233012982,217.74828379360864
2,0.1001819867419376,0.1475180052829867,39.10017314324982,0.2935282598493739,220.99890905660033
