PrincipalComponent,coi,c1i,a1i,c2i,a2i
1,1.02159803788433,0.6940808707839558,44.234408870543085,1.004149406902038,211.86009730961587
2,0.0512755629120993,0.045888433048947,31.996745208140258,0.1042095728784074,214.22247935293004
