PrincipalComponent,coi,c1i,a1i,c2i,a2i
1,1.0226016169320264,0.6360336090575313,38.190956193635905,1.1378433769069942,212.64598319731647
2,0.0078215903923282,0.007587791246033,31.09823489710623,0.0094083270013929,213.07877521913323
