PrincipalComponent,coi,c1i,a1i,c2i,a2i
1,1.033514783307094,0.7040481393660065,48.22069028603082,0.96026383707428,210.86717007145512
2,0.0614819896051246,0.0630990251642347,32.500473526637144,0.1444553723085955,214.81207823319104
