PrincipalComponent,coi,c1i,a1i,c2i,a2i
1,1.0839647335009877,0.7394613774689666,50.9254930256375,1.0015443466078937,211.9376495109978
2,0.0145110700465262,0.0114196489533877,33.34421735678374,0.0234693259148759,215.86758974668945
