PrincipalComponent,coi,c1i,a1i,c2i,a2i
1,1.1224988091520265,0.9246468508687772,71.19830194733736,0.729056708391161,209.26169018837348
2,0.0386405625519238,0.0349939005663184,36.71200846704709,0.0862830871334393,219.82315506888776
