PrincipalComponent,coi,c1i,a1i,c2i,a2i
1,1.1199645063039003,1.1129383671078876,83.2459484358657,0.4833431090212923,210.5907307704339
2,0.0545655551544016,0.0647155788826477,39.59219514502403,0.1314851234427095,222.93397452629225
