PrincipalComponent,coi,c1i,a1i,c2i,a2i
1,1.0959065637480867,0.8129861409979455,57.955848938123815,0.8975278705710684,211.40010323563828
2,0.029658877034133,0.0210616560018595,34.628012683268246,0.054999448133873,217.3606603395349
