PrincipalComponent,coi,c1i,a1i,c2i,a2i
1,1.1195163121531695,1.3341532839079433,91.29016065249526,0.181641419887845,215.1001887664829
2,0.0651481715655335,0.0937321068472342,42.75591839333367,0.1625359357536145,226.06850496589135
