PrincipalComponent,coi,c1i,a1i,c2i,a2i
1,0.950561505795292,0.9732788514019068,55.62379063830218,0.414887919059435,217.3860523047122
2,0.0982908513925989,0.0960611837178232,35.857905073302014,0.3969326556710483,218.46279369884184
