PrincipalComponent,coi,c1i,a1i,c2i,a2i
1,0.4965124018773627,0.3180200970584755,28.766393810232437,0.6150179972144405,210.52539446634864
