PrincipalComponent,coi,c1i,a1i,c2i,a2i
1,1.0721161166297248,1.261782703942194,80.01358536861945,0.2206222514993375,218.99477785734967
2,0.0759908632849413,0.1111320982939435,41.60361483155004,0.2275621619782639,224.5183281730968
