PrincipalComponent,coi,c1i,a1i,c2i,a2i
1,0.998303457153228,1.0856393620125828,64.8977695386373,0.3418909713240407,218.7566155827007
2,0.0874333253516381,0.1120607730417735,38.29697878838497,0.3272017716419753,220.9420415720953
