PrincipalComponent,coi,c1i,a1i,c2i,a2i
1,1.0727655697373435,0.7081992053288316,47.77401155732156,1.0462169968003303,212.4476514843392
2,0.0059570523144067,0.0038168615136295,32.97590696656412,0.0071939863744426,215.30287292699688
