PrincipalComponent,coi,c1i,a1i,c2i,a2i
1,1.026220313643042,1.167748817622603,71.55754856448641,0.2882605668699441,219.10007524931268
2,0.0799150517246767,0.1180557767616798,39.93396689913577,0.2796339291014433,222.581522884791
