PrincipalComponent,coi,c1i,a1i,c2i,a2i
1,1.1015181011603783,0.8214482704497128,59.21117394081591,0.8810372189877524,211.0439162330414
2,0.0331983913742807,0.0258282881223249,34.7764385759284,0.0640175314970013,217.5420181694377
