PrincipalComponent,coi,c1i,a1i,c2i,a2i
1,1.138622472983019,1.0462233263260683,81.63016608925821,0.5679366432360515,208.303658548536
2,0.0447128366573062,0.0441932235104495,38.56875206154079,0.1042435224676957,221.95384563070004
