PrincipalComponent,coi,c1i,a1i,c2i,a2i
1,1.0601177725520483,1.2860728346860906,75.38891149477799,0.230923692703455,219.218714520221
2,0.0616550711945193,0.0929840112409767,40.50779044759705,0.2305619249498022,223.5705851978838
