PrincipalComponent,coi,c1i,a1i,c2i,a2i
1,1.1148249667038297,0.8066451941070415,56.573581281750414,0.9463352508253884,211.42756763911385
2,0.0045137809313015,0.0030125225308281,34.46939986612053,0.0048572855157685,217.07841850109497
