PrincipalComponent,coi,c1i,a1i,c2i,a2i
1,1.106591581668968,1.3881808433875402,83.61180911111252,0.1557530828137787,218.6328139866937
2,0.0558889114327399,0.087528126710486,42.01498012634599,0.1774448177639078,225.3277737035749
