PrincipalComponent,coi,c1i,a1i,c2i,a2i
1,1.1440400097730885,0.941224871323072,68.40676587214327,0.7762360825270328,209.64787917404217
2,0.0172776505100893,0.012567711441144,36.24331265263121,0.0310689177961084,219.30857342034733
