PrincipalComponent,coi,c1i,a1i,c2i,a2i
1,1.1662171039297071,1.4807665086209243,100.0,0.1243517335421721,208.1229456562207
2,0.0358768707613508,0.0455552447528606,42.40971440754901,0.085521169818298,226.2614397663836
