PrincipalComponent,coi,c1i,a1i,c2i,a2i
1,1.0320774511513806,1.1966891053490707,68.86522120080143,0.2905115682882898,219.15556873531787
2,0.0705699288001792,0.0856652674147752,39.03844201143127,0.2802014044825821,222.03048852560968
