PrincipalComponent,coi,c1i,a1i,c2i,a2i
1,1.1694444616576372,1.1768219679716811,87.06109744010755,0.4776626102437265,206.45197142435808
2,0.0224265983568534,0.0200062548982466,39.23355282646434,0.047775811841598,222.79026016674547
