PrincipalComponent,coi,c1i,a1i,c2i,a2i
1,1.1369364413597254,0.922739323123684,66.55762313337888,0.8016634271907506,210.34845971364976
2,0.0142276602784245,0.0093638234021252,36.03511684885753,0.0243589858054992,219.0813128005949
