PrincipalComponent,coi,c1i,a1i,c2i,a2i
1,1.1557254118781652,1.5420336395605685,97.8646973783401,0.020961522242085,213.91831861353464
2,0.0453418139971182,0.0717846855184574,43.680310134898775,0.1142105506206278,227.36899731558617
