PrincipalComponent,coi,c1i,a1i,c2i,a2i
1,0.9843808369058727,1.072990035690211,59.945756120452835,0.3702011637795696,218.1918268937173
2,0.0838106919084855,0.0696355403027314,36.85713378811249,0.3534843856364044,219.73467640641897
