PrincipalComponent,coi,c1i,a1i,c2i,a2i
1,0.4989328163885655,0.3372851544977617,28.759119153917773,0.6142903732568107,210.52390516570225
