PrincipalComponent,coi,c1i,a1i,c2i,a2i
1,1.1840801149312248,1.4175884464951438,100.0,0.1972785996153831,204.72441618244656
2,0.0275427231691002,0.0284016391504818,41.45316028592902,0.06193393641069,225.32568065785335
