PrincipalComponent,coi,c1i,a1i,c2i,a2i
1,1.1848479952473123,1.6272884860360186,98.00789031323583,0.0,212.03326654262355
2,0.0318674268970109,0.0492693018508469,42.9690503913089,0.085658481659766,226.8663299635176
