PrincipalComponent,coi,c1i,a1i,c2i,a2i
1,1.137895402723499,1.4955562915125953,85.75580348363674,0.1087704616483894,217.95631706739115
2,0.0426617402390061,0.0670963450570257,41.99974882295586,0.1429833825418854,225.63024258408828
