PrincipalComponent,coi,c1i,a1i,c2i,a2i
1,0.5743941663742012,0.4589562179710709,64.86739855659067,0.4184596182766129,217.11482234457205
