PrincipalComponent,coi,c1i,a1i,c2i,a2i
1,1.177480443896161,1.0782231169427816,77.3190615800575,0.6450202767003109,208.21658037112024
2,0.0057314184053333,0.0033071940674677,37.79318654662806,0.0074594889920981,221.02507951609752
