PrincipalComponent,coi,c1i,a1i,c2i,a2i
1,1.0629889380276742,1.2918816764212824,71.37736394040112,0.2543768336786854,219.1755285775487
2,0.0596985549823751,0.0630545723314264,39.3533442683946,0.2482960094294407,222.64599262153985
