PrincipalComponent,coi,c1i,a1i,c2i,a2i
1,1.2078046977030006,1.4758444157489592,100.0,0.185446410079202,202.31050068971575
2,0.0115385964729188,0.0104489647506078,40.70964341263,0.023584354931743,224.64882688201683
