PrincipalComponent,coi,c1i,a1i,c2i,a2i
1,1.0147794152594998,1.160188653535467,62.64783713851073,0.3398563469596748,218.5112935703124
2,0.0743053845530389,0.0464562060629758,37.41093496974975,0.3245260063171404,220.48308863060183
