PrincipalComponent,coi,c1i,a1i,c2i,a2i
1,1.2092519400327817,1.4906915648469932,100.0,0.1782335994377892,201.511858580708
2,0.0154672274771085,0.0165495700204248,40.51945573068527,0.0349144137146088,224.38775907543973
