PrincipalComponent,coi,c1i,a1i,c2i,a2i
1,1.191815053930649,1.562186445232884,100.0,0.1028374622488475,205.38293174524753
2,0.0236633337924743,0.0299687227069895,41.58934043526925,0.0555059799761141,225.4799639419547
