PrincipalComponent,coi,c1i,a1i,c2i,a2i
1,1.1872398526165455,1.125804068266833,80.72652154025738,0.588310062258518,207.17066558331305
2,0.0078649708718303,0.0051857735689897,38.20911910745328,0.0119274825692067,221.52138447020533
