PrincipalComponent,coi,c1i,a1i,c2i,a2i
1,0.6114778784556714,0.7695433345221835,99.67741117289752,0.0749479848932005,217.4931867814116
