PrincipalComponent,coi,c1i,a1i,c2i,a2i
1,1.1706282374687196,1.628944342092728,88.15624516252682,0.051610303857053,217.09406004046213
2,0.0276848344827555,0.0496732227312672,42.04919611895388,0.1036641173709478,225.911255314472
