PrincipalComponent,coi,c1i,a1i,c2i,a2i
1,1.2291483920275288,1.5452985485873894,100.0,0.1491070567971745,202.67154291792977
2,0.0013795319016031,0.0002996766717205,40.93962699284762,0.0007100797556703,224.75873831867443
