PrincipalComponent,coi,c1i,a1i,c2i,a2i
1,1.2113720730678006,1.7098884852416398,97.48362317761986,1.3757500354761207e-17,210.1862676623156
2,0.0195767668238519,0.0317615828859972,42.17219248667792,0.0524739333974219,226.17139644652235
