PrincipalComponent,coi,c1i,a1i,c2i,a2i
1,1.0949875962547544,1.4119027055608409,74.25169346689381,0.2098301422864377,219.09855504389728
2,0.0469462391026281,0.0436998507082117,39.778591647398706,0.210679475224228,223.2858461916265
