PrincipalComponent,coi,c1i,a1i,c2i,a2i
1,1.2166399590172756,1.6628409462958451,100.0,0.0749626116203464,202.91283406386168
2,0.0116872528776974,0.0167099531854576,40.76091907006115,0.0259878749395265,224.7180527740174
