PrincipalComponent,coi,c1i,a1i,c2i,a2i
1,1.2274529392350608,1.5673390600458628,100.0,0.1514998584669465,199.17808327193544
2,0.0038033119200975,0.0030477567262751,40.084240458811315,0.0050296861143119,223.7377248308159
