PrincipalComponent,coi,c1i,a1i,c2i,a2i
1,1.23093985436361,1.584188739543561,100.0,0.1490581351017663,198.7528475259269
2,0.0061753009616891,0.0072244667674812,39.95790513741916,0.0109888087007062,223.59107916541765
