PrincipalComponent,coi,c1i,a1i,c2i,a2i
1,1.0474839769188304,1.2727506371927833,66.01844973080193,0.3005164308225546,218.83074886950513
2,0.0627026932993822,0.0267622433296077,38.12281212574541,0.2881934039039799,221.4033514092884
