PrincipalComponent,coi,c1i,a1i,c2i,a2i
1,1.1227265063089436,1.5140482978228196,80.3875155383491,0.1398477678377075,218.6048721432333
2,0.0364620375802836,0.0524493486736286,40.90220684557607,0.1579687719741652,224.54266267780528
