PrincipalComponent,coi,c1i,a1i,c2i,a2i
1,1.1082261464499872,1.4466258407946742,75.55853893458975,0.1940900333388671,219.04707336019783
2,0.0439896868522076,0.038944976730115,39.99244974416729,0.1982876834781678,223.5628509630512
