PrincipalComponent,coi,c1i,a1i,c2i,a2i
1,1.1833451081484594,1.667350007802073,89.26576262416329,0.0324715175464866,216.61860552867185
2,0.0243234113980755,0.0450440956024526,42.12230756460404,0.0922560893910365,226.0312831520316
