PrincipalComponent,coi,c1i,a1i,c2i,a2i
1,1.2262743985285858,1.6799599464662909,100.0,0.0763291153256236,201.79537845017123
2,0.0094027156472391,0.0129911016171068,40.491251132839096,0.0195417704911103,224.3957901843187
