PrincipalComponent,coi,c1i,a1i,c2i,a2i
1,1.239806196317761,1.5980283091640206,100.0,0.1506730127383782,197.1929143732498
2,0.0043970587215309,0.0048661309140379,39.570819950801685,0.006669823251142,223.13672948644313
