PrincipalComponent,coi,c1i,a1i,c2i,a2i
1,1.0607070832485472,1.3048211905060498,67.43854427284083,0.2867995821791754,218.91943771986809
2,0.0601441801792751,0.0220844281815393,38.41244185704474,0.2760231970850306,221.7644210498739
