PrincipalComponent,coi,c1i,a1i,c2i,a2i
1,1.2221766725705792,1.7308758166000848,97.66337375820537,0.0,209.40787818069757
2,0.0166448673796784,0.0268319864039689,41.94397768396223,0.0441816075474664,225.97788500983685
