PrincipalComponent,coi,c1i,a1i,c2i,a2i
1,0.618438213184317,0.7827963332126249,100.0,0.0707114996691275,214.42634435034316
