PrincipalComponent,coi,c1i,a1i,c2i,a2i
1,1.1359458793451265,1.5510623711524292,81.67174538652,0.1219950723966751,218.42478130100395
2,0.0332524759143199,0.0479828793402691,41.07035674273054,0.1454220852906985,224.77552665667437
