PrincipalComponent,coi,c1i,a1i,c2i,a2i
1,1.2360753327565277,1.5785267342505829,100.0,0.1537047326255495,197.5394504090425
2,0.0023409085950172,0.0014128394141369,39.67101729269128,0.0023728047557073,223.25589580500665
