PrincipalComponent,coi,c1i,a1i,c2i,a2i
1,1.1506000136405206,1.6315452954864464,84.36612630304867,0.0864800179161611,217.72154405051563
2,0.0274690847094203,0.0405898020244682,41.37236354425326,0.1225404978176233,225.19275429579304
