PrincipalComponent,coi,c1i,a1i,c2i,a2i
1,0.6195547699873509,0.810768958742683,100.0,0.0729295739695125,206.18162065687963
