PrincipalComponent,coi,c1i,a1i,c2i,a2i
1,1.2317161839065889,1.7181008691465385,100.0,0.082417971398418,199.03028143297087
2,0.0062248978859382,0.007045080092115,40.00014163803869,0.0097899066797511,223.6161399693817
