PrincipalComponent,coi,c1i,a1i,c2i,a2i
1,1.0772461257795134,1.3725357866584171,70.57923184739434,0.260449009697041,218.9960147960426
2,0.055469068565044,0.0147882108329916,39.03958362117386,0.2538260634531354,222.54233571851248
