PrincipalComponent,coi,c1i,a1i,c2i,a2i
1,1.2443177170204829,1.6295411625164342,100.0,0.1565239643077899,193.6473321429226
2,0.0020344718163869,0.0014247766560963,38.705094648215784,0.0015660366319084,222.1058051875172
