PrincipalComponent,coi,c1i,a1i,c2i,a2i
1,1.1231363386592967,1.5216219309083456,78.4166963139572,0.1628274793101191,218.79507855339403
2,0.0389883508571812,0.0316779080991647,40.459709674239576,0.1754611550991631,224.13717030644597
