PrincipalComponent,coi,c1i,a1i,c2i,a2i
1,1.2316591832591444,1.7794015886704744,98.29399476837963,3.3834183213226726e-17,207.44015078366203
2,0.0124892560094559,0.0176287179143611,41.43421773773852,0.0306522628612762,225.52365659212617
