PrincipalComponent,coi,c1i,a1i,c2i,a2i
1,1.1948453706200213,1.746633638943479,91.33975922169692,2.119545042486244e-17,215.47408096962147
2,0.0211339873566011,0.0327591283683721,42.14018385974622,0.0759843289796821,226.16472577815887
