PrincipalComponent,coi,c1i,a1i,c2i,a2i
1,1.0955521456014503,1.4290675067584542,72.73664125680322,0.2383262149507005,219.13631993463275
2,0.050262307874571,0.008230504990128,39.48111575796892,0.2360262437224384,223.07663696034228
