PrincipalComponent,coi,c1i,a1i,c2i,a2i
1,1.2410720920239156,1.7517255352790566,100.0,0.0800342907451102,198.9492719176266
2,0.0038928444610969,0.0028173805306295,39.95787176908367,0.004320663366564,223.57131096886064
