PrincipalComponent,coi,c1i,a1i,c2i,a2i
1,1.243722455445866,1.8157658068979043,98.52719700190936,0.0,207.47315753452443
2,0.0093009815689108,0.0108290622841757,41.53409047858642,0.0210276217594932,225.56252764370888
