PrincipalComponent,coi,c1i,a1i,c2i,a2i
1,1.1398612252639513,1.5820246810354162,80.2547713192067,0.138583510046254,218.74769861539232
2,0.0341314443458664,0.0241824905674151,40.771362367606145,0.1583777688641217,224.55639045173152
