PrincipalComponent,coi,c1i,a1i,c2i,a2i
1,1.2068558712599824,1.7876007178092634,91.62386529973644,1.1465977017971535e-16,215.1190746684743
2,0.0204067263091566,0.0156631504774254,42.02792194185255,0.0714548199944308,226.10232785894027
