PrincipalComponent,coi,c1i,a1i,c2i,a2i
1,0.6261352407917729,0.8355151337317281,100.0,0.0712140944273821,205.94355348749647
