PrincipalComponent,coi,c1i,a1i,c2i,a2i
1,1.166767005185278,1.695166240549691,86.06243112649254,0.0592194299872281,217.58606384704817
2,0.0223237034637635,0.0336906289732033,41.61391153050149,0.105510744004109,225.53451631485777
