PrincipalComponent,coi,c1i,a1i,c2i,a2i
1,1.2408573481726777,1.866351687155968,96.83689910633233,0.0,210.0186961798152
2,0.0044145515475023,0.0039772130264297,41.93004935304838,0.0072826213334968,225.90098974144647
