PrincipalComponent,coi,c1i,a1i,c2i,a2i
1,1.101106934989496,1.5332519981252444,74.85642131349293,0.1924765115496938,219.53209134462332
2,0.0403098776118605,0.0050989492955205,39.971878003095846,0.1975299150382889,223.63243717763123
