PrincipalComponent,coi,c1i,a1i,c2i,a2i
1,1.206892381429706,1.849818885930648,90.56116421228708,0.0,216.08824234963672
2,0.0122395080780829,0.0081492680780166,41.882567002392186,0.0459476637494475,226.09143385489435
