PrincipalComponent,coi,c1i,a1i,c2i,a2i
1,0.6187386846124566,0.9280459296078606,100.0,0.0033444628625552,216.35820863525697
