PrincipalComponent,coi,c1i,a1i,c2i,a2i
1,1.1447208007003713,1.6865249183864186,81.61306564540875,0.0940022584310067,219.03995274236897
2,0.0240023462264373,0.0182465680626091,41.108707402433865,0.1231405406764193,224.94227575054256
