PrincipalComponent,coi,c1i,a1i,c2i,a2i
1,1.1690361474433713,1.7962140353343248,86.82973268974165,0.0173278712868187,218.05885057376983
2,0.0140143476812013,0.0270254885952695,41.82343614379855,0.0736643488019136,225.82975027087372
