PrincipalComponent,coi,c1i,a1i,c2i,a2i
1,1.1759697406186007,1.8725916425411488,84.42557988517014,0.0,219.10561169026033
2,0.011510100010752,0.004268782500461,41.37956702577472,0.0503366325143151,225.51277034479477
