PrincipalComponent,coi,c1i,a1i,c2i,a2i
1,1.157837605687054,1.7991337589294625,81.48075218904376,0.0353603169279856,219.7856487997144
2,0.0128313575319828,0.0193527033799129,41.12501708698652,0.0705638286961969,225.0652983463568
