PrincipalComponent,coi,c1i,a1i,c2i,a2i
1,1.2124514831417108,1.900935416905006,87.2725730561432,0.0,218.04163462893231
2,0.0054289415002909,0.0026784849955378,41.89586171460297,0.0175720554124208,225.88063186115232
