PrincipalComponent,coi,c1i,a1i,c2i,a2i
1,1.118659141656157,1.658375304341508,76.01506146579655,0.1230929807690983,220.03108588221477
2,0.0264786295373648,0.0087370893187428,40.244263539222274,0.1359627037323961,223.9649018184277
