PrincipalComponent,coi,c1i,a1i,c2i,a2i
1,0.622040481487923,0.9481949132559996,92.51081044025396,0.0,226.34662771883072
