PrincipalComponent,coi,c1i,a1i,c2i,a2i
1,1.1454124987944756,1.8979036419954232,80.02056426314321,0.0,220.9106050547607
2,0.0077451050819579,6.231268107865298e-19,41.15825907113608,0.0344584278785483,225.0212703461937
