PrincipalComponent,coi,c1i,a1i,c2i,a2i
1,1.1155712539990257,1.8035627695278016,77.47100419926979,0.0377377945963303,221.0371095136892
2,0.0120528064458994,0.0149931472179957,40.66262245039236,0.0606752398544135,224.52736791552456
