PrincipalComponent,coi,c1i,a1i,c2i,a2i
1,0.5966804799247627,0.9702471220644808,83.40961720941894,0.0,230.09481404152567
