PrincipalComponent,coi,c1i,a1i,c2i,a2i
1,1.1601720309005394,1.930934048577666,81.4415298229971,0.0,220.49357058585477
2,0.0042672050003401,4.641668634747832e-05,41.380868114949365,0.0117147661437874,225.22850917493335
