PrincipalComponent,coi,c1i,a1i,c2i,a2i
1,1.1246665206079989,1.9175070725310293,79.39301480362947,7.047753646594392e-17,221.3700307190645
2,0.0029421385273399,8.554252962918396e-19,41.26484219637065,0.0080362821388649,225.05295067195885
