PrincipalComponent,coi,c1i,a1i,c2i,a2i
1,0.5680811223300407,0.970367114821838,80.2260549966523,3.1527853553923805e-17,230.5650199565506
