PrincipalComponent,coi,c1i,a1i,c2i,a2i
1,1.1003307121478916,1.8640465246394895,78.4943771032112,2.4562686038392998e-17,221.60035311749988
2,0.0066307732907829,0.0070672028524811,41.07256370524561,0.0285392500299248,224.92180942088487
