PrincipalComponent,coi,c1i,a1i,c2i,a2i
1,0.5601686142988747,0.9533118266311486,79.10205101735772,0.0,231.0727705315979
