PrincipalComponent,coi,c1i,a1i,c2i,a2i
1,1.0987657753290108,1.8638143486275305,78.7270729642238,1.0262104364351667e-16,222.17801971658727
2,0.0044647966334428,0.0,41.41331597242677,0.0138480966510332,225.20266403061564
