PrincipalComponent,coi,c1i,a1i,c2i,a2i
1,0.5442725206878797,0.9208100695946192,79.23764269576425,4.317451880784863e-18,232.06349300261172
