PrincipalComponent,coi,c1i,a1i,c2i,a2i
1,0.6778664546351856,0.7645863861960805,54.52770726292538,0.5980074271746411,219.77179922888507
2,0.1624385379201775,0.3790228554944462,42.62236098661344,0.1475309998739628,219.9442584899287
