PrincipalComponent,coi,c1i,a1i,c2i,a2i
1,0.6681561258451119,0.8874359563655262,52.209587261539504,0.514230919666735,218.40136625289952
2,0.1358394582244065,0.2949404821633264,38.45017462995287,0.1549911999663944,218.4848935617114
