PrincipalComponent,coi,c1i,a1i,c2i,a2i
1,0.6446520377611902,0.7490786342459922,44.743657900055624,0.4945666872321647,225.83899007423335
2,0.1983427726215549,0.5173532505196137,65.49805514952105,0.0,223.37449163095985
