PrincipalComponent,coi,c1i,a1i,c2i,a2i
1,0.6896064646809864,0.7365143760537927,51.10628951549717,0.5402816740795237,226.7256673245116
2,0.1996211287144678,0.5225051649105551,66.225937378209,4.393039319063388e-18,225.1631924870265
