PrincipalComponent,coi,c1i,a1i,c2i,a2i
1,0.6701282020705761,0.9842897161013956,51.21947665199197,0.4507034890291419,217.8404078079553
2,0.1210189905584671,0.2187341968245988,36.467960755381014,0.1772201487486505,217.8641217296949
