PrincipalComponent,coi,c1i,a1i,c2i,a2i
1,0.6691222720470408,0.8432539845800578,53.07786141828277,0.5454794964983427,218.84489076107897
2,0.1453120750774105,0.3272084192651885,39.7425282760271,0.1505109619134876,218.97355491502975
