PrincipalComponent,coi,c1i,a1i,c2i,a2i
1,0.6544458755091461,0.7040316351668335,48.2450741674681,0.6764718956102685,226.6010428506961
2,0.2056025990571763,0.5153588264698981,69.95067221557409,0.0079100733964789,224.65775638569625
