PrincipalComponent,coi,c1i,a1i,c2i,a2i
1,0.6348474815935617,0.7379202960789445,42.86647799779493,0.5824140002518007,224.39337268907343
2,0.1843237597487054,0.5264854481163659,63.14611160858887,1.0240289942347983e-17,222.3243956869196
