PrincipalComponent,coi,c1i,a1i,c2i,a2i
1,0.6761409767209621,1.011423489934792,51.07890116056275,0.4361435306235754,217.76491650398785
2,0.1158912804738515,0.1932523950232563,36.09186293921752,0.1813463993379299,217.77075361143864
