PrincipalComponent,coi,c1i,a1i,c2i,a2i
1,0.6561242783410458,0.6990372102234759,48.618561748598005,0.6811177314816962,226.79870562416556
2,0.2083015808035681,0.5031993995337466,69.54507553219979,0.008274210213273,224.7436955058697
