PrincipalComponent,coi,c1i,a1i,c2i,a2i
1,0.6958742416562499,0.7625250713939429,53.98230333443164,0.533668873331828,220.11625817873897
2,0.1625939162264304,0.4229454724195193,43.569321477929506,0.1853658490100065,219.99979358495668
