PrincipalComponent,coi,c1i,a1i,c2i,a2i
1,0.661010303820313,0.7102693747558414,49.1566693678635,0.6718708011044402,226.85170767479076
2,0.2076378603280186,0.490462585399176,68.61014884097214,0.0050188671117866,224.8078886971103
