PrincipalComponent,coi,c1i,a1i,c2i,a2i
1,0.6699517810304871,0.953731446331898,51.42606498036862,0.4703675090648311,217.96381804488897
2,0.1247714187337836,0.2441878616222018,36.96033731373683,0.1699363096121358,217.99830745532816
