PrincipalComponent,coi,c1i,a1i,c2i,a2i
1,0.6707591872530491,0.7971476082564344,53.71262248384258,0.5772127327375717,219.2516268860332
2,0.1560192923449594,0.3523485340265145,41.05609599712861,0.1512897664529947,219.4074514397526
