PrincipalComponent,coi,c1i,a1i,c2i,a2i
1,0.6315394586392342,0.7431532919456538,45.5970972980729,0.6508346309188745,225.88869164038985
2,0.1965794725941716,0.5337016121155744,70.20352516213559,0.0071894909748596,223.7753289933695
