PrincipalComponent,coi,c1i,a1i,c2i,a2i
1,0.6839465230392223,0.7269626290925314,48.985744515712526,0.5008010183775614,226.22086802711215
2,0.1997083314637223,0.5075099391951885,64.80687840215029,4.2642736476757794e-18,224.3653071993719
