PrincipalComponent,coi,c1i,a1i,c2i,a2i
1,0.663464249642832,0.7185603989130839,49.60342519752762,0.6629380751606968,226.66725929502064
2,0.2051058826549473,0.4853317777692781,67.65422817517012,0.0037123288078041,224.77195051193007
