PrincipalComponent,coi,c1i,a1i,c2i,a2i
1,0.6295688373780531,0.6301286171927606,51.807720130728775,0.7230464968860644,230.68706959745688
2,0.245948800422102,0.6337903858052388,78.64157297142508,9.618566091453124e-18,227.51609324574335
