PrincipalComponent,coi,c1i,a1i,c2i,a2i
1,0.6551859407720693,0.643656023252257,51.65369307672657,0.585614653552936,228.48260699093663
2,0.2372524985235524,0.610330815544129,69.76007331419635,5.3455961985847225e-17,226.2214366499959
