PrincipalComponent,coi,c1i,a1i,c2i,a2i
1,0.6474414537747086,0.9197961350331112,57.57583952285597,0.4768141240650401,220.0677318109663
2,0.1579116898909002,0.2947686982779368,40.53074255329716,0.236459535121235,220.22430622607484
