PrincipalComponent,coi,c1i,a1i,c2i,a2i
1,0.6323425516585107,0.7659430360299163,55.09820166028693,0.6132163017803229,230.56210330540017
2,0.2204459338460495,0.536707225517492,75.186382833479,2.780128914573562e-18,227.92784389817987
