PrincipalComponent,coi,c1i,a1i,c2i,a2i
1,0.609586439344192,0.6470940794542888,44.57835307396612,0.6683237373003595,226.71995382427028
2,0.2214212288029413,0.6327480229975602,68.1629545327079,0.0,223.96977184251085
