PrincipalComponent,coi,c1i,a1i,c2i,a2i
1,0.6171847036859879,0.6626125008036261,46.82095724316899,0.5795824695776962,228.048849018377
2,0.2364918025678659,0.6209274832760356,70.20201688815192,0.0,225.09922692062648
