PrincipalComponent,coi,c1i,a1i,c2i,a2i
1,0.6316135804815766,0.7192135369188738,54.81260452614039,0.6495263802844701,230.5528182260761
2,0.2305542767024876,0.5628633631494155,75.41428171092852,0.0,227.9490993029303
