PrincipalComponent,coi,c1i,a1i,c2i,a2i
1,0.6296507745542376,0.6336155493487632,51.49474783236084,0.7189517779460094,230.3767903789844
2,0.2419560587179203,0.646084495404092,78.58032695061101,0.0,227.3347520538926
