PrincipalComponent,coi,c1i,a1i,c2i,a2i
1,0.6360844641206042,0.6488881132261625,53.230749790047845,0.7039800766702037,230.4720241298751
2,0.244562965006083,0.6121929008039421,76.50913737675147,1.0529020832960694e-17,227.6678124272479
