PrincipalComponent,coi,c1i,a1i,c2i,a2i
1,0.6798729569886672,0.7231255200084603,63.32778707265965,0.5352795132856768,225.453062677397
2,0.2096691767524278,0.5337035870192895,55.740552221545954,0.1774132334492597,224.86751306356632
