PrincipalComponent,coi,c1i,a1i,c2i,a2i
1,0.6375703034925855,0.8836421699101112,55.32024325514087,0.5242747446389153,231.0564506117912
2,0.1976172687607568,0.442042796864438,75.65494074441308,0.0354503899573353,227.5716228530058
