PrincipalComponent,coi,c1i,a1i,c2i,a2i
1,0.6104279365358981,0.6649547587942429,48.367654269170465,0.7001352687603463,229.36808225468025
2,0.2307809485016755,0.6638349845917974,77.70091006081535,0.0,226.1678568401711
