PrincipalComponent,coi,c1i,a1i,c2i,a2i
1,0.6581206427300277,0.7278162008038767,64.03126519485414,0.5880876151380466,224.7895621394298
2,0.2099094211944968,0.4802386121526946,54.01006558137532,0.1640757536473558,224.71631417431027
