PrincipalComponent,coi,c1i,a1i,c2i,a2i
1,0.6334128966820226,0.810995345168738,55.043539722338494,0.5788469735369041,230.84581974788068
2,0.2107835345257286,0.5076751661071005,75.85213757855523,8.369291414489283e-19,227.95787722774125
