PrincipalComponent,coi,c1i,a1i,c2i,a2i
1,0.6340551022585601,0.6412491177392791,52.64284515970144,0.7123085721812454,230.71167825324983
2,0.2465679472165979,0.6186113112510643,77.60187720749136,0.0,227.6691558007652
