PrincipalComponent,coi,c1i,a1i,c2i,a2i
1,0.6591829061689283,0.6500547077858231,53.38829741783603,0.6246398546937204,229.05324889552008
2,0.237667138978179,0.6308774976230574,71.60620659765469,0.0,226.95288306509863
