PrincipalComponent,coi,c1i,a1i,c2i,a2i
1,0.6522452774903785,0.9456357876499836,56.99808108255213,0.4671915896518578,219.67268533675784
2,0.1521647409268472,0.2660015661973627,39.51002544597876,0.2433189846595941,219.8531759287251
