PrincipalComponent,coi,c1i,a1i,c2i,a2i
1,0.6097899974294242,0.5550110724619688,45.51564813730587,0.7061672887240689,233.54598666484577
2,0.2776045502782545,0.6392041820847966,82.79765400334927,0.0236749435293489,226.99462869395657
