PrincipalComponent,coi,c1i,a1i,c2i,a2i
1,0.6008371155214101,0.65388091355056,52.94255813007002,0.700474183605442,219.5224735913333
2,0.2180500383095364,0.3426694103569897,42.90745578120066,0.3719329800342767,219.2111006213879
