PrincipalComponent,coi,c1i,a1i,c2i,a2i
1,0.599857759636014,0.6893480838270718,52.03869848202696,0.6795935674498249,218.84511797203615
2,0.2069998302291816,0.317289408926549,41.009551817820565,0.3697079117519631,218.649947945323
