PrincipalComponent,coi,c1i,a1i,c2i,a2i
1,0.60065059821427,0.7462424448517748,51.13968609372888,0.647751789078357,218.03877823565537
2,0.194766833639081,0.2719955623405977,38.53305281502427,0.3796113362217997,217.97323124044283
