PrincipalComponent,coi,c1i,a1i,c2i,a2i
1,0.5667456096661416,0.5699314914380317,39.46782608925509,0.7686641548158527,230.8152329697361
2,0.2574962637722977,0.6437297563111885,78.1677049710028,0.050828540778885,224.267849242982
