PrincipalComponent,coi,c1i,a1i,c2i,a2i
1,0.6104941097657716,0.5579338276402841,53.73681221412039,0.7571185708446844,221.47845528684735
2,0.2481770192351886,0.4001390285833943,49.32943242068417,0.3926201866092471,220.2727589529755
