PrincipalComponent,coi,c1i,a1i,c2i,a2i
1,0.5834288680212371,0.5386463291520193,44.808894947906296,0.8223590931800283,230.51652795971407
2,0.2765807870483169,0.5333834481585177,77.42987223946955,0.2118983123730802,223.70331176105117
