PrincipalComponent,coi,c1i,a1i,c2i,a2i
1,0.6075192188289766,0.7972682332363552,50.703951034267554,0.6243408314926497,217.56006721957212
2,0.1833568602339953,0.2251390651275664,37.00059270250697,0.3853512877211225,217.57683809715644
