PrincipalComponent,coi,c1i,a1i,c2i,a2i
1,0.6152761584647795,0.5569095027414396,46.833133707632314,0.7410424897049961,231.9332527030673
2,0.2729295765964745,0.6163135394311839,79.60752496340282,0.0880772359595958,226.3672750197611
