PrincipalComponent,coi,c1i,a1i,c2i,a2i
1,0.6111457555973109,0.5726939194306658,45.998156036021335,0.7481917734728095,228.81103650444896
2,0.2635448835375159,0.5456843716678577,72.91731900100818,0.2149918340847106,223.4490965500922
