PrincipalComponent,coi,c1i,a1i,c2i,a2i
1,0.5732734584498157,0.5840305551295916,41.53670268758188,0.6872450056436649,234.10090225753436
2,0.2757308617414768,0.6705632946354646,85.26753228008535,9.470113487956276e-18,226.24817182039837
