PrincipalComponent,coi,c1i,a1i,c2i,a2i
1,0.6115680471334446,0.5635659347726155,53.97810612327682,0.7521778282412569,221.46590831456365
2,0.2465108919397544,0.4018206773041793,49.12285719333389,0.3834432484094499,220.37794016543893
