PrincipalComponent,coi,c1i,a1i,c2i,a2i
1,0.5896904655015789,0.5788277120175241,47.55342542003736,0.7882486172834954,229.68517942094428
2,0.2667639449459905,0.4900934027528698,72.49470800586107,0.2127768234196352,224.1672033987196
