PrincipalComponent,coi,c1i,a1i,c2i,a2i
1,0.583478636679856,0.5421239253947152,44.432672248182485,0.8194354623578719,230.08187125176133
2,0.2721702563772386,0.5482482225573171,77.68371992679532,0.2079270973911281,223.53698282856723
