PrincipalComponent,coi,c1i,a1i,c2i,a2i
1,0.58598186567437,0.6100319123403869,48.16073212431449,0.7644971178804362,229.14856362701585
2,0.259516633322206,0.4577975413093579,70.52721554923025,0.2235279454552052,223.98278145094343
