PrincipalComponent,coi,c1i,a1i,c2i,a2i
1,0.5648486843986404,0.5790098245426658,42.16234456875903,0.7954077597956041,228.7636388140724
2,0.2600478339635446,0.5663533077028597,76.67199876100626,0.2051655826221063,222.34718995860544
