PrincipalComponent,coi,c1i,a1i,c2i,a2i
1,0.5750382493021691,0.6716655636276836,47.66927576356783,0.6641666616697763,217.22683972559105
2,0.2335849158888825,0.2787190561348964,38.06266870699627,0.4144048006885368,216.9796912623533
