PrincipalComponent,coi,c1i,a1i,c2i,a2i
1,0.5845906558416016,0.7772783270633622,46.85985781460634,0.6093495975423705,216.39461316892604
2,0.2101177048818204,0.19388957375823,35.29507490350998,0.4214275975494483,216.2913141278028
