PrincipalComponent,coi,c1i,a1i,c2i,a2i
1,0.5864114855598235,0.5468666396295253,48.46631208442851,0.7405045563598598,218.6972915693304
2,0.2685432699086104,0.3460158471449133,43.246691793141714,0.4485887975051094,217.92043824895777
