PrincipalComponent,coi,c1i,a1i,c2i,a2i
1,0.6034935143972453,0.5796496327915596,48.323332138583694,0.6786332108305723,218.4965155310769
2,0.2575856453492226,0.3693670001000586,42.52495977271293,0.4576840509812466,217.79017094004396
