PrincipalComponent,coi,c1i,a1i,c2i,a2i
1,0.5852303801102103,0.5411177253288013,48.187332811737626,0.7463449129941098,218.6524659128664
2,0.270043996722729,0.3442839040773557,43.33729631200856,0.4572776131762131,217.80725311088847
