PrincipalComponent,coi,c1i,a1i,c2i,a2i
1,0.553250932797583,0.5908089708603848,40.1836997972872,0.6431340122604934,229.9381714361108
2,0.2979232496578546,0.5334918659229969,75.24776460965063,0.156564405876008,223.2823874117598
