PrincipalComponent,coi,c1i,a1i,c2i,a2i
1,0.57564055061518,0.6364320100017445,48.26788190295031,0.6859415284833595,217.6676193998978
2,0.2441059777245648,0.3004398904416338,39.357175753122426,0.4206862804303212,217.35314105060445
