PrincipalComponent,coi,c1i,a1i,c2i,a2i
1,0.578096941925061,0.7521599208678136,46.96417521728555,0.6186951246801506,216.54739391185365
2,0.2159538685227493,0.218199015021827,35.8063753871604,0.4212718440334858,216.40425323966303
