PrincipalComponent,coi,c1i,a1i,c2i,a2i
1,0.6167023808282578,0.5726927454332051,52.19685715008781,0.6492971430801245,221.43279858430012
2,0.2693313993959253,0.4063179276783254,48.684233634590385,0.3674154883310316,220.31622100666016
