PrincipalComponent,coi,c1i,a1i,c2i,a2i
1,0.5420635113926167,0.5785393624287584,39.756590903513995,0.7611064234853401,223.79621422826455
2,0.2800258477369743,0.4472572768112725,65.32749375493641,0.3442343876746155,219.33495423871776
