PrincipalComponent,coi,c1i,a1i,c2i,a2i
1,0.5827923464639441,0.5720108134776036,48.733417068051246,0.7265743414991104,218.42332545564477
2,0.260802467805412,0.3340062248082389,41.94837332818919,0.4370469715536431,217.85031572861013
