PrincipalComponent,coi,c1i,a1i,c2i,a2i
1,0.588285997240977,0.5581353519585706,43.4414586169963,0.6700389750887326,229.07373594889592
2,0.3001440061360287,0.5070343300253644,72.42832534019645,0.1727794285098377,223.82380249790003
