PrincipalComponent,coi,c1i,a1i,c2i,a2i
1,0.5449501732344503,0.577799873060891,38.01197859127971,0.7276641907412177,226.1391691385258
2,0.2787183531803083,0.5108790744980541,67.33438908956978,0.2014898191022887,221.2533992755341
