PrincipalComponent,coi,c1i,a1i,c2i,a2i
1,0.5766535331627596,0.5980421185945479,48.34414229406278,0.7109623607812265,217.97715129241095
2,0.2541793367869958,0.3161772133696687,40.511134633370936,0.4317231225067969,217.54429967496833
