PrincipalComponent,coi,c1i,a1i,c2i,a2i
1,0.5823418583812375,0.534857010810082,47.77805289054695,0.7516046137298769,218.61246596773844
2,0.2687800041713606,0.3472378564506031,43.76557148072363,0.4697507091257709,217.66043032616193
