PrincipalComponent,coi,c1i,a1i,c2i,a2i
1,0.5774548719354643,0.7269482285544631,47.217962163555974,0.6315774274327899,216.7484397852547
2,0.2209961546809294,0.2400161435655348,36.43340074659845,0.4176703553188496,216.58750024960892
