PrincipalComponent,coi,c1i,a1i,c2i,a2i
1,0.656848832563486,0.6633457184202908,49.774031389720626,0.5152602192532947,217.43016924608537
2,0.2111106776077795,0.3476511606505681,37.30363143506676,0.3838291935256187,217.71833389508913
