PrincipalComponent,coi,c1i,a1i,c2i,a2i
1,0.6272309767969779,0.6749048835417691,48.89969103831635,0.5818963969990878,217.12966104019097
2,0.2118604237841777,0.3017711227160584,36.80168760331366,0.3211884913500854,217.35019721427193
