PrincipalComponent,coi,c1i,a1i,c2i,a2i
1,0.6206559950509769,0.6639736724133364,44.617266800095805,0.5069409001838746,216.6365895866195
2,0.1963273045874614,0.3768963638627652,37.30956386148568,0.3245751828921319,216.37770999174433
