PrincipalComponent,coi,c1i,a1i,c2i,a2i
1,0.623753964773891,0.761265782697106,48.188679229943375,0.5263443155452108,216.8408433975728
2,0.196613260146636,0.2553879344827733,35.64743883154857,0.3042374876414677,216.93205550985252
