PrincipalComponent,coi,c1i,a1i,c2i,a2i
1,0.662438532868719,0.6526832630820523,50.45347789591953,0.437014028471538,218.63666480831995
2,0.2198585281919144,0.3571342658344335,39.43940581296196,0.315218250265766,218.48613579907007
