PrincipalComponent,coi,c1i,a1i,c2i,a2i
1,0.630903097669911,0.6114772534690227,48.4471359844086,0.6152575010515309,216.93367515457095
2,0.2196670390242296,0.3391534732856008,37.6289954518681,0.3801857237962071,217.28569667250767
