PrincipalComponent,coi,c1i,a1i,c2i,a2i
1,0.6097511452195057,0.6568269166415797,45.86426977494226,0.5838123434620699,216.0820890084713
2,0.2049452669311837,0.3461032161256794,36.20842165148043,0.3963603635628085,216.27008839768575
