PrincipalComponent,coi,c1i,a1i,c2i,a2i
1,0.6337012273543293,0.8780375736882108,47.31066979175442,0.4575861426321894,216.48580792540983
2,0.1763179560119166,0.1627263770029695,34.35966316197304,0.3171111952521296,216.46952222002545
