PrincipalComponent,coi,c1i,a1i,c2i,a2i
1,0.6332139045417025,0.6465543832964177,49.41357884939725,0.5985387756984665,217.2799217041464
2,0.2171643837171119,0.3194922853162547,37.33569293418705,0.3299476188701528,217.5830024807706
