PrincipalComponent,coi,c1i,a1i,c2i,a2i
1,0.6352229929454444,0.619521845756321,49.051800865865786,0.6123454229526175,217.18477960704843
2,0.2243213584894394,0.3290121006853634,37.55822153695719,0.3494476175944746,217.50605506122537
