PrincipalComponent,coi,c1i,a1i,c2i,a2i
1,0.6273097176448865,0.8283392555087689,47.76664875950421,0.4831925672879513,216.65954842782523
2,0.1852712100188167,0.207902837621404,34.864961515331984,0.3116093920608283,216.67814757816433
