PrincipalComponent,coi,c1i,a1i,c2i,a2i
1,0.634239854368146,0.6124044866556095,48.864928308933955,0.6182594562223855,217.09779705799016
2,0.2255048079700814,0.3284817075835013,37.49170154781095,0.3584216188440388,217.4283871466582
