PrincipalComponent,coi,c1i,a1i,c2i,a2i
1,0.6282127268483887,0.8563872536490086,47.58017203224646,0.4663369040024883,216.5853761215814
2,0.1811052763289121,0.1847548757944783,34.5921908354981,0.3160103203208034,216.57777885613277
