PrincipalComponent,coi,c1i,a1i,c2i,a2i
1,0.6270930465673122,0.6793352013066591,46.236113271364545,0.4180396494141201,217.36783682421432
2,0.2125623367249341,0.3548755794699905,37.63316772007624,0.3381000296849326,216.9232058161312
