PrincipalComponent,coi,c1i,a1i,c2i,a2i
1,0.6814928686647437,0.9595007165469892,44.79187416421037,0.4183205710748269,215.79701087837444
2,0.1459415322044019,0.1085303203613108,33.45219697928374,0.2235917219514611,215.62238810473676
