PrincipalComponent,coi,c1i,a1i,c2i,a2i
1,0.6771881071955449,0.7711012138815831,45.74220324675624,0.5484502645301798,215.87861113982476
2,0.177810704167813,0.2309960037746267,34.53442174550305,0.2179964940401875,215.92071811905544
