PrincipalComponent,coi,c1i,a1i,c2i,a2i
1,0.6656466944467422,0.7658134138064955,41.61806134008446,0.439118390639493,215.1326780415675
2,0.1603777221617464,0.3013509813234164,34.40713267908661,0.2638552915244002,214.8117332312243
