PrincipalComponent,coi,c1i,a1i,c2i,a2i
1,0.719216510636252,0.7642804382791256,49.507368766274695,0.3963502765912638,217.52517320105449
2,0.1848187687170997,0.2807100599126281,36.704509019957136,0.2762139482809261,217.4593403549027
