PrincipalComponent,coi,c1i,a1i,c2i,a2i
1,0.6863421504950039,0.7011756263964138,45.526563885756055,0.5846677423288394,215.72864801315777
2,0.1876757536013943,0.2640232398682292,34.84213866354797,0.2585384178120494,215.8326546521426
