PrincipalComponent,coi,c1i,a1i,c2i,a2i
1,0.6551384596165875,0.7504255138001497,42.871989902212384,0.5415092147155973,214.8735028680412
2,0.1717795077214709,0.279937489484079,33.918773855885846,0.3044867832397184,214.87261678011797
