PrincipalComponent,coi,c1i,a1i,c2i,a2i
1,0.68324913981405,0.7421083801505749,45.980701833711834,0.5657543641894551,215.91394575387835
2,0.1821233177447212,0.2477715348267674,34.82099454461452,0.2289968746908939,216.00522235262147
