PrincipalComponent,coi,c1i,a1i,c2i,a2i
1,0.6776229048481046,0.7710139065617851,43.49302294368594,0.3596415064767294,215.93903173496187
2,0.1745410282825749,0.2897188169203473,35.05371607586951,0.2632715648200713,215.5071340134342
