PrincipalComponent,coi,c1i,a1i,c2i,a2i
1,0.6815273712446134,0.9364333279533392,44.86160487070258,0.4340096186191318,215.7777917494872
2,0.1490988295059963,0.1263947529477744,33.543712911453305,0.2207086090176012,215.63941147457123
