PrincipalComponent,coi,c1i,a1i,c2i,a2i
1,0.7057702906990888,0.7532036776468258,46.198782520989376,0.4675408572766892,216.0648948122592
2,0.1759070677126463,0.2805639247446571,34.86034286994822,0.3007179578456885,216.07339673295556
