PrincipalComponent,coi,c1i,a1i,c2i,a2i
1,0.679965099633019,0.7014227163635376,45.10966213663445,0.5775393395053966,215.5418132674381
2,0.1838170868011534,0.2736420502709107,34.83365463158913,0.2855927803895613,215.6640247487733
