PrincipalComponent,coi,c1i,a1i,c2i,a2i
1,0.675381546073125,0.8205097546762259,45.62499920705573,0.5161739015806515,215.87230925687044
2,0.1701132176892604,0.2065755302163508,34.26278868265523,0.2097819609221906,215.8725050494802
