PrincipalComponent,coi,c1i,a1i,c2i,a2i
1,0.6816457095778636,0.6918113273908694,45.34347894046898,0.5889667753517984,215.60688777927265
2,0.1872726690936536,0.2700244466781979,34.80760754232853,0.2731925686697831,215.74103276443705
