PrincipalComponent,coi,c1i,a1i,c2i,a2i
1,0.6868051101403434,0.7110295387964762,45.720604844481315,0.5782759241948069,215.80259673185628
2,0.1870989810279713,0.2619182105038706,34.87750855606553,0.2497971629116288,215.90859643261567
