PrincipalComponent,coi,c1i,a1i,c2i,a2i
1,0.6858421999558437,0.974980545241916,44.79557349650681,0.4092841148782304,215.83171667246953
2,0.1425597158735186,0.0944217480990883,33.409474085573066,0.2226271958346756,215.63478017620284
