PrincipalComponent,coi,c1i,a1i,c2i,a2i
1,0.6786051039663948,0.870502957988903,45.21459851781306,0.4779146856586234,215.80408043786565
2,0.1591268174430926,0.173087800281772,33.90444485832532,0.2126488483980305,215.7407740280589
