PrincipalComponent,coi,c1i,a1i,c2i,a2i
1,0.7168435750995331,0.7399358675651708,46.877100950007936,0.3740536509122386,216.95106971225215
2,0.1781905665067975,0.2903734863055698,36.3011415642892,0.2514022516353554,216.68510562725095
