PrincipalComponent,coi,c1i,a1i,c2i,a2i
1,0.724208722467384,1.0813596756726924,48.68780693555683,0.3315286658200643,217.0364954341005
2,0.119252083599173,0.0324574891162469,34.44640483868054,0.1832625799017071,216.93600235810865
