PrincipalComponent,coi,c1i,a1i,c2i,a2i
1,0.7297696691322412,0.8896351566636832,50.69178931048645,0.3753237252023888,217.23165622325027
2,0.166725637528982,0.191144229085873,35.18598289035796,0.2732257122717469,217.36813267239535
