PrincipalComponent,coi,c1i,a1i,c2i,a2i
1,0.7212683993908943,1.0731238328932022,48.73645272990736,0.3370727631537307,217.037083389254
2,0.1219054976921582,0.0398894625353934,34.46105767384124,0.1861553733950213,216.93974002991283
