PrincipalComponent,coi,c1i,a1i,c2i,a2i
1,0.69647662607818,0.888417847035536,46.52429254636677,0.3452291463237961,216.34517564019896
2,0.1469558227165983,0.2194561666557818,34.496822253964645,0.242320754988364,216.19238750906223
