PrincipalComponent,coi,c1i,a1i,c2i,a2i
1,0.7166529177376256,0.84155420745246,50.6910682484973,0.4980981502137849,216.99424355512184
2,0.1718025015677393,0.1796702022415232,35.20316782705169,0.2091995557528315,217.33353525849873
