PrincipalComponent,coi,c1i,a1i,c2i,a2i
1,0.7107438903855199,0.8228646848347468,50.38651446550391,0.5094227215813018,216.7989588554153
2,0.1732308322872549,0.1856521009300926,35.10405280022259,0.233498995797608,217.17460050381192
