PrincipalComponent,coi,c1i,a1i,c2i,a2i
1,0.7161864220765027,0.831516619864954,50.51463432897165,0.5050717806195161,216.915011513839
2,0.1722657003717258,0.1814826045338132,35.15753829313062,0.2181440070306043,217.25765824109249
