PrincipalComponent,coi,c1i,a1i,c2i,a2i
1,0.7137545184396241,0.9081668333885063,50.38844251682598,0.4569994704285249,217.1163731160576
2,0.156952786951161,0.1423251075413459,35.03983664843426,0.1868918411841532,217.3437747841569
