PrincipalComponent,coi,c1i,a1i,c2i,a2i
1,0.7092753625257516,0.8339363454691116,50.567040237161386,0.4940675009259122,216.8389026223682
2,0.1712024393948018,0.1904184281434783,35.17355387072995,0.2446300889610371,217.22180912036723
