PrincipalComponent,coi,c1i,a1i,c2i,a2i
1,0.7085650359900435,0.89247030138632,47.68604849369028,0.2666711877159267,216.93314103271376
2,0.1566719310507331,0.2080660955631766,34.95471742671497,0.2471280014609681,216.6478898044209
