PrincipalComponent,coi,c1i,a1i,c2i,a2i
1,0.7427343026084049,0.8771126888152805,51.65352052229792,0.2686376205718175,218.01746099322145
2,0.1656988641825585,0.2014778585939899,36.053275900715946,0.2369763117994286,217.9356917565888
