PrincipalComponent,coi,c1i,a1i,c2i,a2i
1,0.685502108687114,0.8790256325840172,48.4989935825186,0.4562399119840012,216.3144618150396
2,0.1617455566828505,0.1992088890375299,34.444708492129095,0.2624681850094333,216.5406569744985
