PrincipalComponent,coi,c1i,a1i,c2i,a2i
1,0.7164892789080445,0.9612162785403238,50.03589780654168,0.4190658204413685,217.1799772175474
2,0.1454646456118531,0.1145377999241711,34.895922289752974,0.1828976355306659,217.27714096380936
