PrincipalComponent,coi,c1i,a1i,c2i,a2i
1,0.7210366135779583,1.0060963130299376,49.45503794855618,0.3830922403533183,217.10995749324965
2,0.1331226927290658,0.0853362284458589,34.672348198053626,0.1844135456362373,217.11865670997057
