PrincipalComponent,coi,c1i,a1i,c2i,a2i
1,0.7223676449048358,1.0580578470166146,48.90357721134244,0.3478624675536806,217.0568662789413
2,0.1245200351199332,0.0507413024486928,34.5086678395002,0.1863080749932713,216.98100841072932
