PrincipalComponent,coi,c1i,a1i,c2i,a2i
1,0.7471943258199926,0.9057639932546364,54.417515401213194,0.2869862637836286,218.6719365920563
2,0.1697008858384148,0.1954557688073817,36.6955483207979,0.2567160022487912,218.77950857585327
