PrincipalComponent,coi,c1i,a1i,c2i,a2i
1,0.7158455171529939,0.8751057658254889,50.903688786968175,0.4798734691344228,217.13653937754995
2,0.1648791331628288,0.1640924735793852,35.23827662724289,0.1917397592546016,217.4606835506328
