PrincipalComponent,coi,c1i,a1i,c2i,a2i
1,0.7342929076954829,0.9550192148302388,52.243425884386525,0.4751154075683533,216.8581544844068
2,0.1500693757112942,0.1429754407082437,35.11211180491927,0.2252941830987168,217.59348251371148
