PrincipalComponent,coi,c1i,a1i,c2i,a2i
1,0.7820879427975553,0.9651896328368572,54.9499161809732,0.3839562426897012,217.94925016706227
2,0.1509682521125679,0.1426273192904897,35.94926232595181,0.2382682019327354,218.57311425594543
