PrincipalComponent,coi,c1i,a1i,c2i,a2i
1,0.7998291452876138,0.9562657513805716,56.247553312120154,0.2559711016671306,218.93834085539936
2,0.144227304730024,0.1546871759603221,36.75844589480231,0.217761458302793,219.24431121150553
