PrincipalComponent,coi,c1i,a1i,c2i,a2i
1,0.7630001825627551,0.9563932223554396,51.071524550110354,0.2769677858411464,217.62453520068843
2,0.1369070757981382,0.1607609718771406,35.43434662764959,0.2253062115293515,217.61529881187084
