PrincipalComponent,coi,c1i,a1i,c2i,a2i
1,0.7880936901312214,1.0732705314803506,53.55330201160092,0.3995990763309609,217.9228889184934
2,0.1032024074581418,0.0450387832113765,35.616381473605735,0.1408833692629795,218.3352698096488
