PrincipalComponent,coi,c1i,a1i,c2i,a2i
1,0.7500598007827874,0.9571771192582098,49.82305980954093,0.3537422129392085,216.96649317665032
2,0.1289457997786128,0.1653353597808622,34.95647572672993,0.2235559644943265,217.1275167596696
