PrincipalComponent,coi,c1i,a1i,c2i,a2i
1,0.7647512751144447,0.8937365573209457,54.94210045833725,0.5281501666893099,217.44198313607993
2,0.1553965294992974,0.141289281235322,35.85878179943606,0.1895993306545292,218.42495031676603
