PrincipalComponent,coi,c1i,a1i,c2i,a2i
1,0.785371470723396,1.1167692067540052,52.43095485904505,0.3687203381702134,217.77339795574764
2,0.0929101069470891,0.0181895404926196,35.3437844002379,0.1360558384074691,218.04148093697137
