PrincipalComponent,coi,c1i,a1i,c2i,a2i
1,0.7877396222662686,1.109006135098883,52.71556626485096,0.3742465528265032,217.8237661693806
2,0.0949720855635595,0.0235041802817565,35.42177139296793,0.1383573341885959,218.1243156225612
