PrincipalComponent,coi,c1i,a1i,c2i,a2i
1,0.8026184464986578,0.9970741412794748,59.429026472018435,0.2682067255206261,219.603198560641
2,0.1505661469942643,0.1452237901073465,37.47775119284891,0.2325015141231413,220.18809966415415
