PrincipalComponent,coi,c1i,a1i,c2i,a2i
1,0.7870250213877006,1.1183309052570634,52.285456783077805,0.3671727490270317,217.7412897470845
2,0.0907788354207393,0.0163570522138265,35.30237571605083,0.1314127494239906,218.00073278015483
