PrincipalComponent,coi,c1i,a1i,c2i,a2i
1,0.7723542338924185,0.8990006066663356,55.03174992633394,0.5271375337502943,217.60325234434697
2,0.1521245261668848,0.1397890658761994,35.911849655006186,0.1720767562466599,218.5060927167201
