PrincipalComponent,coi,c1i,a1i,c2i,a2i
1,0.7746462347371456,0.9104060326978038,55.276139519321255,0.5183678711560754,217.73138493171083
2,0.1499288819243893,0.1378902217402503,35.97366689091661,0.1632706407092378,218.60928873427017
