PrincipalComponent,coi,c1i,a1i,c2i,a2i
1,0.7811868271615074,0.9870189032169782,54.755552100961424,0.4676294875641062,217.92848702052552
2,0.1266678629323711,0.0921784735143214,35.87367752691866,0.1470796039956169,218.5887462447292
