PrincipalComponent,coi,c1i,a1i,c2i,a2i
1,0.7855108704239573,1.037210863596035,54.33131033365833,0.4295555895655186,217.9856705714321
2,0.114149720228217,0.0673026695105943,35.79493860007534,0.1423923010094512,218.52285208497472
