PrincipalComponent,coi,c1i,a1i,c2i,a2i
1,0.7627053194423786,0.9088618894428194,54.96018808099765,0.5092134226762218,217.43944791296005
2,0.1537342872695795,0.1419167392117803,35.884736317363725,0.2046201644649397,218.4214995960362
