PrincipalComponent,coi,c1i,a1i,c2i,a2i
1,0.7794452433189314,0.950556450311584,55.34344759635112,0.4949515834700445,217.90136033394623
2,0.1376492194596557,0.1168597488541432,35.98710707038622,0.1491592221229787,218.7044831079151
