PrincipalComponent,coi,c1i,a1i,c2i,a2i
1,0.8963430588409926,1.182088737630816,62.17066675820338,0.403480128363243,219.77524508344547
2,0.0467492227911495,0.026924767500658,37.80061488946711,0.05423533351983,220.92588464296904
