PrincipalComponent,coi,c1i,a1i,c2i,a2i
1,0.9113783454167708,1.1564918560127555,69.05204365051289,0.2136261181696278,221.87109935522153
2,0.092666565745244,0.1018582618204984,39.850330054639386,0.1763403497273854,223.16608732323007
