PrincipalComponent,coi,c1i,a1i,c2i,a2i
1,0.8824505233748589,1.1833904793041865,60.319084871664245,0.4015737645099969,219.46129278151903
2,0.0444293829806436,0.0289558500123114,37.34802537766229,0.0404956507043578,220.3968492717836
