PrincipalComponent,coi,c1i,a1i,c2i,a2i
1,0.9019911382102604,1.1689064171435497,63.28849823406981,0.4182692728349898,219.8672188506774
2,0.0504756177813668,0.0330469837034623,38.050249591803805,0.0616272826055872,221.21042484752832
