PrincipalComponent,coi,c1i,a1i,c2i,a2i
1,0.9043626552380138,1.135906647069833,64.01304004755109,0.4485970325127695,219.83066264750056
2,0.0576974865780525,0.0434559305487052,38.18602527528114,0.0692874803724026,221.3610254069706
