PrincipalComponent,coi,c1i,a1i,c2i,a2i
1,0.8958098398743746,1.1131581218184647,64.27252562788901,0.3519910375870426,220.1109649381344
2,0.0919571609142757,0.0945757285068387,38.39109779282002,0.1734817061174448,221.46068669419765
