PrincipalComponent,coi,c1i,a1i,c2i,a2i
1,0.8733614446039372,1.0755680160910317,67.1976563836113,0.4674360330926577,219.88374796749
2,0.1015696925614216,0.102713602182409,38.90474735578863,0.1121657723422262,222.09932511687185
