PrincipalComponent,coi,c1i,a1i,c2i,a2i
1,0.8877202489945912,1.1867544217402743,60.78781054733768,0.3994981448535472,219.5365753002799
2,0.0445667424276563,0.0263848732192479,37.454834991437586,0.0453450680223757,220.526439565981
