PrincipalComponent,coi,c1i,a1i,c2i,a2i
1,0.9084535671537274,1.103182349433674,65.00002655205877,0.2040606031887007,221.14087066478712
2,0.0868692865127285,0.1044636519978811,38.91959381237159,0.1807227616677207,221.9880530471149
