PrincipalComponent,coi,c1i,a1i,c2i,a2i
1,0.9002876412007071,1.082259295560536,65.8447757166046,0.4819469582406177,219.84621454984529
2,0.0809112364767368,0.0788291641515394,38.572165498168914,0.0850108586280598,221.7768230896799
