PrincipalComponent,coi,c1i,a1i,c2i,a2i
1,0.8956260302334728,1.0697065647942297,65.96380579924039,0.4912869202243649,219.8004912695168
2,0.0860730563581118,0.0830668364124481,38.59993356401879,0.0912729505843955,221.79447993300585
