PrincipalComponent,coi,c1i,a1i,c2i,a2i
1,0.880714770004153,1.1747214371576509,59.99122173284107,0.4061858225498747,219.38962624659817
2,0.0446737824468304,0.0338411976319971,37.26427277889361,0.0352620950633475,220.2992419793916
