PrincipalComponent,coi,c1i,a1i,c2i,a2i
1,0.9066453551189698,1.1174673413100418,65.24946030385406,0.4612766087853569,219.94208584586855
2,0.0661769749238453,0.0585112208568191,38.45891508453158,0.0742065831186534,221.67646568488647
