PrincipalComponent,coi,c1i,a1i,c2i,a2i
1,0.8516701406644831,1.0731521097846564,56.43364959642362,0.345648477026599,218.69132338047396
2,0.080706996340293,0.1075521987263653,36.61415659585725,0.1861032147165076,219.21001478102903
