PrincipalComponent,coi,c1i,a1i,c2i,a2i
1,0.8702052503290439,1.0775050095239809,58.23907580608754,0.2603491003533356,219.50361686395283
2,0.0823865769190496,0.1067140469508848,37.21404457953596,0.1863426627643405,219.89111810323377
