PrincipalComponent,coi,c1i,a1i,c2i,a2i
1,0.8357050545308231,1.0898864558644097,61.86643538667043,0.467088910691694,218.93980256506023
2,0.1065317746733333,0.1013726855833651,37.653273190031335,0.1404744255323506,220.54928034567413
