PrincipalComponent,coi,c1i,a1i,c2i,a2i
1,0.8820834736439414,1.065399901369062,66.93124609757643,0.4853705131665828,219.8242504161792
2,0.0964606404641405,0.0936176949684497,38.79652969405062,0.1025262586946795,222.0214566490776
