PrincipalComponent,coi,c1i,a1i,c2i,a2i
1,0.9350101871188428,1.160741470586806,73.17953600936495,0.571646212472784,220.1627660759248
2,0.0385821997469624,0.0209196267430636,40.24064030163476,0.0435285372563627,223.6282334174464
