PrincipalComponent,coi,c1i,a1i,c2i,a2i
1,0.9156751942856908,1.154201676596323,75.780624166998,0.5527170670545849,219.94850882058623
2,0.0621801898351887,0.0433936588742739,40.765371761971934,0.0880058236909206,224.1693862104225
