PrincipalComponent,coi,c1i,a1i,c2i,a2i
1,0.94141413613766,1.229228216764207,77.09948689604349,0.2826524411675638,222.56263550535945
2,0.0622041391689591,0.0516304347810865,41.70328968789147,0.1699212771515047,225.27420703012223
