PrincipalComponent,coi,c1i,a1i,c2i,a2i
1,0.8834080917922094,1.1209687668170645,65.77930731696746,0.5751625109543191,219.74497887890837
2,0.0366470647737911,0.0532895511760456,38.691465405305145,0.0007746159844172,221.7797183149744
