PrincipalComponent,coi,c1i,a1i,c2i,a2i
1,0.8745101808759088,1.1093307251471407,62.647224603654614,0.4518871972632251,219.45292783379583
2,0.0638543400025194,0.0517246097371166,37.993509482799794,0.1815019140958265,220.89842644200309
