PrincipalComponent,coi,c1i,a1i,c2i,a2i
1,0.925907992967934,1.157626628197512,71.51943275212658,0.5736756613710302,220.130075686916
2,0.0356687696977024,0.018753070540514,39.89186136746607,0.03563101748615,223.23146348411555
