PrincipalComponent,coi,c1i,a1i,c2i,a2i
1,0.9270891139853472,1.177328865189734,73.3733712335891,0.2585905831113396,222.19788923014048
2,0.0711380628171495,0.0503982516374359,40.82438016536304,0.1864129859312018,224.2979450251738
