PrincipalComponent,coi,c1i,a1i,c2i,a2i
1,0.8929191162791037,1.1401458613811548,65.79089670274145,0.3230505060435708,220.72134245010892
2,0.0673092263841763,0.0454857417357739,38.91725907869297,0.1983155683850561,222.04459483947727
