PrincipalComponent,coi,c1i,a1i,c2i,a2i
1,0.8687613586107981,1.146115905925919,69.78475105895508,0.5646806389564554,219.31480447116283
2,0.0790478987338591,0.0494617881031875,39.4316197750507,0.1173029538560846,222.53796864935777
