PrincipalComponent,coi,c1i,a1i,c2i,a2i
1,0.9074648966345896,1.1721825761208922,73.00728268522306,0.4358567016466256,220.7706220500528
2,0.0840439152509644,0.0534146820016588,40.39770617034057,0.1513397840272433,223.7421631028789
