PrincipalComponent,coi,c1i,a1i,c2i,a2i
1,0.9251982565187812,1.1358763585542058,75.17167319483853,0.5811336627769111,219.79737266314788
2,0.0551685541018151,0.0366100940712249,40.602633811524434,0.0757188808861204,223.98818802690835
