PrincipalComponent,coi,c1i,a1i,c2i,a2i
1,0.916955963916861,1.1727201528838165,70.55748583271613,0.5515746670604427,220.23279502390355
2,0.0341749027841548,0.0212331472435862,39.71778731479606,0.0268971274235499,223.03655779666812
