PrincipalComponent,coi,c1i,a1i,c2i,a2i
1,0.9355347389906152,1.1346714769564208,74.22173864951777,0.5902319529295892,219.8735714638755
2,0.0479781312931887,0.0304742190074109,40.39531983651551,0.0624473413473687,223.78242975188272
