PrincipalComponent,coi,c1i,a1i,c2i,a2i
1,0.8867235857720341,1.1404329755701132,66.57561975320813,0.5620058447155977,219.96593682088988
2,0.0357468827098307,0.0450170384339836,38.87914035614298,0.004766854682959,222.03367081100555
