PrincipalComponent,coi,c1i,a1i,c2i,a2i
1,0.8937673056320189,1.1495181649012145,67.16221386482967,0.5564640957612423,219.9865095815685
2,0.0348889935678821,0.0386604568585779,38.988163025416675,0.0097762151663187,222.16853430489743
