PrincipalComponent,coi,c1i,a1i,c2i,a2i
1,0.9377830021230708,1.143627232734703,74.01923454897835,0.582602777951289,219.97860184878084
2,0.0451926850118963,0.0283635262833493,40.36857644350753,0.0563779640114526,223.7669341051751
