PrincipalComponent,coi,c1i,a1i,c2i,a2i
1,0.976902738648484,1.3896457194306064,93.43334504547911,0.4371014260216946,217.25447369947923
2,0.0302221651899127,0.0195665713408779,43.695072586304015,0.0250758137853447,227.57702287336392
