PrincipalComponent,coi,c1i,a1i,c2i,a2i
1,0.9272837233375724,1.207166952902464,73.97870505509442,0.3929767454732967,220.2940600881006
2,0.0510348770624125,0.0392841294135017,40.485174092889885,0.1455469195888906,223.7987805834399
