PrincipalComponent,coi,c1i,a1i,c2i,a2i
1,0.9203321400336748,1.248804953156493,81.97406827972739,0.5467199223098268,219.04427567580424
2,0.0473630747262319,0.046163579152872,41.91289876092543,0.0047316825906022,225.410293450149
