PrincipalComponent,coi,c1i,a1i,c2i,a2i
1,0.976879086706958,1.3674608564122186,91.95870637941591,0.4561551939546472,217.73816012286895
2,0.0324358782827304,0.0197776223263354,43.49336809804513,0.019211996361739,227.3629673200164
