PrincipalComponent,coi,c1i,a1i,c2i,a2i
1,0.9760330328669587,1.4264951523538267,94.26967597731276,0.3981113359433917,217.33113338190805
2,0.0291248524491644,0.022194087124864,43.877389495917846,0.0308551364214031,227.79046245863603
