PrincipalComponent,coi,c1i,a1i,c2i,a2i
1,0.909117965476774,1.1773342039574646,71.32781832542376,0.5141413719320838,218.896366253079
2,0.0503077373953376,0.0450166443796647,39.605247597129335,0.1308790165301546,222.75032391177015
