PrincipalComponent,coi,c1i,a1i,c2i,a2i
1,0.9571404992520084,1.323832041662215,88.30511405119432,0.4913634827762941,218.51010147204667
2,0.0381450982478923,0.0277577553954321,42.978085945806775,0.0112596493000258,226.73415522964385
