PrincipalComponent,coi,c1i,a1i,c2i,a2i
1,0.8756450170451675,1.0939116918635323,72.55206310607232,0.6634797094121274,218.7370211208953
2,0.0583924544478327,0.0883889882839266,40.336955878649334,0.0,223.1563365121221
