PrincipalComponent,coi,c1i,a1i,c2i,a2i
1,0.9446856407838032,1.3477891804227458,85.00575267053655,0.4982309047845783,217.1352965360044
2,0.032061785800825,0.0265811827364476,41.93233345847732,0.0488351874562895,225.50288449812396
