PrincipalComponent,coi,c1i,a1i,c2i,a2i
1,0.9599815851289758,1.3928255460936885,90.11972439263626,0.2489948573081362,221.65778435942792
2,0.0626745993004714,0.0476691105183284,44.23577183470337,0.1086996928279033,228.0445516522854
