PrincipalComponent,coi,c1i,a1i,c2i,a2i
1,0.9048169173880776,1.2098542927734264,79.06638665660188,0.5695072694912366,219.12891872650192
2,0.0504850554029035,0.0589918012915621,41.412289070055834,0.0021242609091848,224.7549471069125
