PrincipalComponent,coi,c1i,a1i,c2i,a2i
1,0.8808219316358872,1.128323868548505,74.15585058672629,0.6342516558843525,218.9293543636468
2,0.0559611707724184,0.0811504793156182,40.59028419899543,0.0,223.574031331183
