PrincipalComponent,coi,c1i,a1i,c2i,a2i
1,0.9740687717052976,1.3243667360747604,84.80445270048611,0.2426947096128935,221.6150786291127
2,0.0444167792555906,0.0315331063484052,43.02518657226901,0.1403130850443699,226.781247096978
