PrincipalComponent,coi,c1i,a1i,c2i,a2i
1,0.9716040586217882,1.3622621422364702,87.20962490872392,0.3924035718475478,219.21440290719468
2,0.0447893871859846,0.0338587435796526,42.90607496258373,0.0772569763222594,226.62153575347887
