PrincipalComponent,coi,c1i,a1i,c2i,a2i
1,0.9741861291084472,1.3597919550321935,91.0351968801874,0.461644004067873,218.01974751658165
2,0.0335889459009464,0.0208729121651895,43.373678631228536,0.0167611568481967,227.22811331006133
