PrincipalComponent,coi,c1i,a1i,c2i,a2i
1,0.937827168478468,1.270097360650493,84.56889272535969,0.5392319826112856,218.7181394400056
2,0.0425970148607322,0.0351031042005744,42.30924630428839,0.0079156972530488,225.91717847588305
