PrincipalComponent,coi,c1i,a1i,c2i,a2i
1,0.8874695371741199,1.1513585147266554,75.31076457310617,0.6173512070785759,219.08304688584732
2,0.05474545387077,0.0749192186330957,40.7772270792318,8.396834822547282e-19,223.87413651437512
