PrincipalComponent,coi,c1i,a1i,c2i,a2i
1,0.925606460181458,1.2820040151155296,86.09294913433484,0.4824471087460327,218.6385502478674
2,0.0792679507257304,0.0765235721347204,42.84007117732945,0.035236321033256,226.232034104978
