PrincipalComponent,coi,c1i,a1i,c2i,a2i
1,1.0070902329796692,1.502852358720108,100.0,0.3613619310366848,214.6139996885342
2,0.0463642489931921,0.0229191334981762,44.29867483660728,0.0219362042700301,228.31174908959093
