PrincipalComponent,coi,c1i,a1i,c2i,a2i
1,1.0142311526431596,1.615630279792403,99.64282459547974,0.1048324059471229,221.19901715505503
2,0.0638247153786751,0.0218514326760526,45.818791284804355,0.0711769885531586,230.11181138338495
