PrincipalComponent,coi,c1i,a1i,c2i,a2i
1,0.9063524715268269,1.186715856086855,80.3273770364571,0.5690084675174938,218.5916961975487
2,0.0814355567061933,0.09783010585995,41.8674229532513,0.0335058572408168,224.87976355963772
