PrincipalComponent,coi,c1i,a1i,c2i,a2i
1,0.9841114642607864,1.5169833423283352,100.0,0.290061748443885,217.3738501862247
2,0.0636072766976808,0.0393850833888762,45.102560209848995,0.0276374140842559,229.1350452178179
