PrincipalComponent,coi,c1i,a1i,c2i,a2i
1,0.9411225540785793,1.236870139447214,75.11292929009363,0.5332012261704403,218.29702287676616
2,0.0680263990898746,0.0318106525250448,40.036364828702894,0.1051600091357938,223.42604623528663
