PrincipalComponent,coi,c1i,a1i,c2i,a2i
1,0.8944957320353445,1.1206512359196548,77.07187248860767,0.6227459500128641,218.3758489765844
2,0.0828157857414109,0.1163911159138563,41.409952734083525,0.0308797033405085,224.08843681674404
