PrincipalComponent,coi,c1i,a1i,c2i,a2i
1,0.9645785916806486,1.4428482981158608,96.29995720974276,0.3492684501199973,217.98092975630067
2,0.0695847945937983,0.049971160242211,44.57699212042962,0.029264852733255,228.4489757214694
