PrincipalComponent,coi,c1i,a1i,c2i,a2i
1,1.001628913100261,1.5091228285264702,100.0,0.3267995163601079,216.03180299392488
2,0.0550998959415534,0.0293797080249963,44.68018150600015,0.0235814107249381,228.72752116107188
