PrincipalComponent,coi,c1i,a1i,c2i,a2i
1,0.9431206401707408,1.360971493581691,90.8856064105194,0.4190907969568772,218.48066062204205
2,0.0757219723397978,0.0626429725566541,43.657325943063725,0.0326156190014055,227.31115509249116
