PrincipalComponent,coi,c1i,a1i,c2i,a2i
1,1.009575546664627,1.529779144832148,100.0,0.3447721694435133,214.73799066998183
2,0.0416972322311737,0.0223479658532311,44.30483193078436,0.0205647547952449,228.33568118061845
