PrincipalComponent,coi,c1i,a1i,c2i,a2i
1,0.9992637586847384,1.4816656212528283,93.08025060665724,0.1342745326728423,221.70465268758304
2,0.0719761974270476,0.0208013838124776,44.56321559746543,0.1263077472234219,228.7265040192016
