PrincipalComponent,coi,c1i,a1i,c2i,a2i
1,0.9700507377546342,1.3048079039054905,78.96992377463641,0.3690295152132062,220.11766882685208
2,0.0602276488177848,0.0162275531214931,41.28095077528324,0.1274387748170452,224.907368981368
