PrincipalComponent,coi,c1i,a1i,c2i,a2i
1,0.9001264918361075,1.1610691120542287,79.13417605467362,0.5872285815604261,218.542660309182
2,0.0812288388272959,0.1078246788717306,41.74580731923365,0.0311071672476155,224.6078803853714
