PrincipalComponent,coi,c1i,a1i,c2i,a2i
1,1.0308490963662416,1.60016352661767,98.73303015953286,0.2192687045904288,218.0741896271549
2,0.0425765056044117,0.0193019042012709,44.78994434492008,0.0364857029267684,228.9609480481417
