PrincipalComponent,coi,c1i,a1i,c2i,a2i
1,1.0047572935509204,1.5024248937574218,100.0,0.3437056362706223,215.59189777351767
2,0.0524381734937599,0.0263834872962799,44.56544173307877,0.023370601191709,228.59694132552593
