PrincipalComponent,coi,c1i,a1i,c2i,a2i
1,0.9977993996307672,1.5653325044509625,96.74505810881708,0.321015530292812,215.58747209528252
2,0.035880560909329,0.0222068253004156,43.80232997293459,0.0237042492960825,227.7847963499393
