PrincipalComponent,coi,c1i,a1i,c2i,a2i
1,0.877728384941573,0.9633012017851376,63.41942690966565,0.8530269303858546,216.449535301588
2,0.0864105061540645,0.1207942585522688,38.07592911006319,0.1204658918155565,220.17567819120657
