PrincipalComponent,coi,c1i,a1i,c2i,a2i
1,0.8379398558416388,0.8745330704454123,56.08031106764951,0.8785042070378568,216.2651059802495
2,0.0846222619377013,0.1792308469290272,37.42317266704656,0.1206380479180049,218.5169376444782
