PrincipalComponent,coi,c1i,a1i,c2i,a2i
1,0.8475453104418996,0.907303550326064,58.09660350054638,0.8623305102424598,216.4211545854726
2,0.0854484012211205,0.1607653410131806,37.535046051349866,0.1236778372136693,218.9873805043455
