PrincipalComponent,coi,c1i,a1i,c2i,a2i
1,0.8629018731428876,0.9406327553750936,61.064961182453494,0.8494900527388511,216.49466434437943
2,0.0867788331124226,0.137766817304902,37.8436823879397,0.1241035666420373,219.66932148638804
