PrincipalComponent,coi,c1i,a1i,c2i,a2i
1,0.9406633282272002,1.0113054335801548,69.24417194062717,0.9370290317183156,214.7051444889205
2,0.0653216071379106,0.0680572362513818,38.27309142509167,0.073745037085057,220.97676805839663
