PrincipalComponent,coi,c1i,a1i,c2i,a2i
1,0.8946749361814124,0.9679669960750756,65.03680885889649,0.8767272706032296,216.15012439760025
2,0.0832232174515637,0.1058595135204356,38.15860190906561,0.1136354927857119,220.4531919594077
