PrincipalComponent,coi,c1i,a1i,c2i,a2i
1,0.9635581247303172,1.0526955796036306,63.41501926178322,0.9508004752172734,215.47952290441256
2,0.047077891435179,0.0496275673020005,37.034291731259664,0.0348838833228035,219.7776769549001
