PrincipalComponent,coi,c1i,a1i,c2i,a2i
1,0.9143393527411066,0.9962347978021834,67.64600334922665,0.87214474886723,216.02202583594465
2,0.079711713545461,0.0929275079475679,38.49542054180948,0.105870372734079,221.01428761207947
