PrincipalComponent,coi,c1i,a1i,c2i,a2i
1,0.944601231710121,1.0385421580231695,69.59830140414557,0.9320616210711968,214.70236956315736
2,0.0594661613219283,0.0639411139935561,38.25976850050644,0.0635289566422035,221.04771434501973
