PrincipalComponent,coi,c1i,a1i,c2i,a2i
1,0.9208887156448696,1.044471707600342,62.524396591432826,0.9918446858256964,214.321054933052
2,0.0480098893702878,0.0576178058698777,36.60991251634063,0.0500992165383035,219.2381353284689
