PrincipalComponent,coi,c1i,a1i,c2i,a2i
1,0.9087506701010076,1.058718857728258,60.584806430633606,0.7522441816393234,217.17378949406904
2,0.0735613887006114,0.0660330574695537,36.86703182973396,0.0937995384822163,219.63175657704056
