PrincipalComponent,coi,c1i,a1i,c2i,a2i
1,0.9544339906164496,1.0603182185844735,65.11691951714978,0.7581467239724008,217.37945760103003
2,0.0656178949953522,0.0579646299465365,37.89144673161519,0.0685766786104204,220.76920624602985
