PrincipalComponent,coi,c1i,a1i,c2i,a2i
1,0.8423357034784059,0.8925031079127007,57.274263245301555,0.8681038902777043,216.37699585390868
2,0.0839947625530823,0.1716642799664933,37.559504494252735,0.1207291687299402,218.81336516737383
