PrincipalComponent,coi,c1i,a1i,c2i,a2i
1,0.969980918372376,1.082250570512284,66.62263545259123,0.8513443658179484,217.04753294570145
2,0.0539490399759054,0.0514217219021484,38.16204205808816,0.0278174558469853,221.02107591159088
