PrincipalComponent,coi,c1i,a1i,c2i,a2i
1,0.9004690274188543,1.0223015171940142,55.14540072737405,0.9390536721695106,215.34635320055335
2,0.0523001568007959,0.0611375199229189,35.33083891951698,0.0470824518996902,217.8056720374817
