PrincipalComponent,coi,c1i,a1i,c2i,a2i
1,0.934220012707468,1.0128480945982288,69.31714033144915,0.8901371882018005,215.54564314558124
2,0.0739165848128784,0.078648784089403,38.53747520488304,0.0903964727071225,221.2503857926621
