PrincipalComponent,coi,c1i,a1i,c2i,a2i
1,0.9651631655154196,1.1321091268807906,63.16866834903862,0.7161351000864103,218.00441296139223
2,0.0665711800328999,0.0646439505202185,37.68118882782267,0.0312043090414383,220.49503693891413
