PrincipalComponent,coi,c1i,a1i,c2i,a2i
1,0.9217199740443736,1.0202450701421308,61.914840859638254,0.8053375582315682,216.61092456646205
2,0.0835325604938028,0.0868234170618538,37.274807360793574,0.1290511965659222,219.77912476726505
