PrincipalComponent,coi,c1i,a1i,c2i,a2i
1,0.964778400251182,1.1310027626083503,63.53774681676034,0.6376718104918584,218.24774565880332
2,0.0670862457570012,0.0719819017752751,37.81175578692253,0.0254017299596953,220.6911313440216
