PrincipalComponent,coi,c1i,a1i,c2i,a2i
1,0.909150028863736,1.084745062107736,58.81009491733246,0.8247216996088946,216.12320894666132
2,0.063199378589963,0.0805949782884894,36.34034848102907,0.0934891270731671,218.8822501968048
