PrincipalComponent,coi,c1i,a1i,c2i,a2i
1,0.8458461593910894,0.9670338094930064,55.3300291498424,0.6955867358646198,217.1577434558197
2,0.1033271194507686,0.1539081168363142,36.93036146420048,0.182617638503304,218.47094563176364
