PrincipalComponent,coi,c1i,a1i,c2i,a2i
1,0.8597644581586734,0.9821704800177312,56.9989424785383,0.7075425584400088,217.23310708829024
2,0.1034721181656449,0.1370983800751766,37.06633676503249,0.1798690800937331,218.8578274410264
