PrincipalComponent,coi,c1i,a1i,c2i,a2i
1,0.8229308435452319,0.9166473542459608,51.688101758860384,0.7081654070545009,216.82660358817395
2,0.1003739746572879,0.1943143440074695,36.74568034386746,0.1765939636169494,217.6049532246541
