PrincipalComponent,coi,c1i,a1i,c2i,a2i
1,0.8763904604522363,0.9850054542195464,58.382278057604815,0.7320252812525503,217.17220927704187
2,0.1007666276284612,0.1227899554244743,37.160503318770154,0.1736046814159183,219.1518743562081
