PrincipalComponent,coi,c1i,a1i,c2i,a2i
1,0.826742911367568,0.9305114963302952,52.552944394441234,0.7019874598258121,216.9519220584882
2,0.0998219666374517,0.1875911639037337,36.845683796110926,0.1769286682613014,217.8337452599127
