PrincipalComponent,coi,c1i,a1i,c2i,a2i
1,0.9261383151609108,1.0452273626198123,62.33982190169272,0.8052074670308981,216.60036997518267
2,0.0771293495155117,0.083610129598163,37.30662112113398,0.1156589392589874,219.87001778286583
