PrincipalComponent,coi,c1i,a1i,c2i,a2i
1,0.9182879207979492,1.0152803881233652,61.71597259268323,0.7780528364894294,216.92960728574505
2,0.0900081371175495,0.0919494799860215,37.37266849811974,0.1443432286356773,219.83436763617723
