PrincipalComponent,coi,c1i,a1i,c2i,a2i
1,0.9540257531839637,1.0963673504996432,59.94292285110981,0.7948460778652241,216.80037064427913
2,0.0622514199562153,0.0691849932246316,36.670350617261185,0.0631929662885614,219.34502309654917
