PrincipalComponent,coi,c1i,a1i,c2i,a2i
1,0.9151438304952296,1.0179668321847832,61.695536701278634,0.7599612225783677,217.07706305434547
2,0.0920623085860261,0.0962866239667368,37.43917236047334,0.1495862083267592,219.87601200458585
