PrincipalComponent,coi,c1i,a1i,c2i,a2i
1,0.8948875454560136,1.0014398473627812,60.07979471682509,0.7422276565132587,217.18095624130484
2,0.0976427263680155,0.1102203658830966,37.33214169567132,0.1657468716374346,219.53745549086216
