PrincipalComponent,coi,c1i,a1i,c2i,a2i
1,0.9122254336197324,1.1118428926941804,55.93386015383726,0.7700530565296885,216.54530122125092
2,0.05777241482053,0.0737222999757108,35.75945238057,0.0263666736325605,218.35942794255604
