PrincipalComponent,coi,c1i,a1i,c2i,a2i
1,0.9220608402178576,1.1409060723251778,60.26382504489663,0.6188808543239637,218.00398911577744
2,0.0751208414694577,0.0781233552464349,37.010270820426776,0.0484472907496504,219.83261609224272
