PrincipalComponent,coi,c1i,a1i,c2i,a2i
1,0.8314519417151217,0.9430558084755546,53.13158775076457,0.6987261673507933,216.99445358733408
2,0.1016206382412659,0.1758705036975316,36.78117093014309,0.1814063241445091,217.95154813173392
