PrincipalComponent,coi,c1i,a1i,c2i,a2i
1,0.9386848572788687,1.1846387540347003,65.17006009742127,0.5345935941290949,219.2670110055475
2,0.0642374553345596,0.0879073071581489,38.55005199059616,0.0398420522954501,221.4057189165304
