PrincipalComponent,coi,c1i,a1i,c2i,a2i
1,0.8746734235286912,1.1357364431533123,60.19012732812821,0.6633124714900787,217.46196952900797
2,0.068280142458246,0.0948849774824481,37.08238272386738,0.1730865391009388,219.5966497352381
