PrincipalComponent,coi,c1i,a1i,c2i,a2i
1,0.9343008444651424,1.1834249048040189,64.3406644047165,0.5831902290837002,219.1231162302033
2,0.0668212780814029,0.0795038727513928,38.36256099544559,0.0818616690276542,221.1155934436039
