PrincipalComponent,coi,c1i,a1i,c2i,a2i
1,0.8921173654634484,1.0946656882707335,63.41110090159223,0.642521629889732,218.0694715816897
2,0.0806903095657292,0.0977567862660543,38.02817879281265,0.2003122410169456,220.53985335606873
