PrincipalComponent,coi,c1i,a1i,c2i,a2i
1,0.8294231410074253,1.0135027695851684,57.04699429412817,0.5674838596033334,218.0660434742443
2,0.1003793118556429,0.1538813559248109,37.58102449420937,0.263104650550629,219.07746045621923
