PrincipalComponent,coi,c1i,a1i,c2i,a2i
1,0.8165728488760446,0.9982460100124664,55.43511340011195,0.5573626391340956,217.898472960678
2,0.0994914112790542,0.1704402280195168,37.443147286217275,0.2638856739127892,218.6735350948161
