PrincipalComponent,coi,c1i,a1i,c2i,a2i
1,0.8879505743845,1.066882585580463,62.71840139601499,0.6451662364467603,218.00609667317457
2,0.0856841159723528,0.101341356115468,37.93664394544423,0.215291901827748,220.35997424239
