PrincipalComponent,coi,c1i,a1i,c2i,a2i
1,0.8831380340418598,1.058378567877179,62.17060177980274,0.6051868142790104,218.29682863706827
2,0.091828404253105,0.1119932190152008,38.0211518248524,0.2369502983197724,220.32085287402396
