PrincipalComponent,coi,c1i,a1i,c2i,a2i
1,0.8030461365807641,0.9750038268744786,53.31556459608799,0.5619883017094499,217.62330761200857
2,0.097681980180541,0.1906899103895138,37.25861034950522,0.2612714620965952,218.12449466120924
