PrincipalComponent,coi,c1i,a1i,c2i,a2i
1,0.8457861290756263,1.016711021554973,58.40653711514132,0.589271180306032,218.10176867478367
2,0.0980154169916808,0.1394190901195018,37.65350441530821,0.2593737642649631,219.39267817696935
