PrincipalComponent,coi,c1i,a1i,c2i,a2i
1,0.7984756905599881,0.9619944377223676,52.66193927709701,0.5670482638502129,217.54562631914425
2,0.0955217565736392,0.2019438197663726,37.32114580533368,0.2564920200314254,217.97656385907388
