PrincipalComponent,coi,c1i,a1i,c2i,a2i
1,0.7948542222184576,0.9501916329309872,51.92900560967756,0.5723518765077068,217.43225682956407
2,0.096469976057995,0.2074012263125071,37.23970550659348,0.2552975779807255,217.77757491030775
