PrincipalComponent,coi,c1i,a1i,c2i,a2i
1,0.919364005230432,1.1427391744566566,60.98222387775581,0.6485051007154059,217.98056710511648
2,0.0659215836572562,0.0850458025283343,37.35522464365669,0.1329838024782872,219.94297700082197
