PrincipalComponent,coi,c1i,a1i,c2i,a2i
1,0.8861819295333068,1.058413737449956,62.39660862111876,0.6200805735821416,218.22051594089413
2,0.0903161697028689,0.1075295080058663,38.00898187760232,0.2313823203874494,220.35361944595184
