PrincipalComponent,coi,c1i,a1i,c2i,a2i
1,0.8636462604882418,1.037586226544888,60.35135902593471,0.5932660816334914,218.2573901773276
2,0.0963923933437096,0.1263549274780704,37.88364128111975,0.2520027740571796,219.88478261262637
