PrincipalComponent,coi,c1i,a1i,c2i,a2i
1,0.8857853331654434,1.1614703143857097,57.699516745579565,0.6536882540503555,217.55676512504184
2,0.0558031443607266,0.0911140382793227,36.53961911216147,0.0563787715593091,219.10139285535152
