PrincipalComponent,coi,c1i,a1i,c2i,a2i
1,0.903809447779652,1.1974236617452827,62.2918260231185,0.5302698810508477,218.8498413439768
2,0.0655877631888589,0.094463367324526,37.80376851602746,0.0423163817604076,220.60049952863588
